p,seed,task,group,bits,q_train_acc,q_test_acc,d_ff,tag
97,0,addition,embedding,2,0.0055806539021432,0.0065533118322491,341,E1_addition
97,0,addition,embedding,3,0.3927717208862304,0.3620262145996094,341,E1_addition
97,0,addition,embedding,4,0.9957481026649476,0.9814027547836304,341,E1_addition
97,0,addition,embedding,5,1.0,0.9863620400428772,341,E1_addition
97,0,addition,embedding,6,1.0,0.988133192062378,341,E1_addition
97,0,addition,embedding,8,1.0,0.988133192062378,341,E1_addition
97,0,addition,embedding,10,1.0,0.988133192062378,341,E1_addition
97,0,addition,embedding,12,1.0,0.988133192062378,341,E1_addition
97,0,addition,embedding,16,1.0,0.988133192062378,341,E1_addition
97,0,addition,embedding,23,1.0,0.988133192062378,341,E1_addition
97,0,addition,attention,2,0.0074408715590834,0.0053134961053729,341,E1_addition
97,0,addition,attention,3,0.0037204357795417,0.0023025150876492,341,E1_addition
97,0,addition,attention,4,0.376029759645462,0.3498051762580871,341,E1_addition
97,0,addition,attention,5,0.8642041087150574,0.8390010595321655,341,E1_addition
97,0,addition,attention,6,1.0,0.988133192062378,341,E1_addition
97,0,addition,attention,8,1.0,0.988133192062378,341,E1_addition
97,0,addition,attention,10,1.0,0.988133192062378,341,E1_addition
97,0,addition,attention,12,1.0,0.988133192062378,341,E1_addition
97,0,addition,attention,16,1.0,0.988133192062378,341,E1_addition
97,0,addition,attention,23,1.0,0.988133192062378,341,E1_addition
97,0,addition,mlp,2,0.1004517674446106,0.1130003556609153,341,E1_addition
97,0,addition,mlp,3,0.3119851052761078,0.2961388528347015,341,E1_addition
97,0,addition,mlp,4,0.868987500667572,0.8421891331672668,341,E1_addition
97,0,addition,mlp,5,1.0,0.9872475862503052,341,E1_addition
97,0,addition,mlp,6,1.0,0.9877789616584778,341,E1_addition
97,0,addition,mlp,8,1.0,0.988133192062378,341,E1_addition
97,0,addition,mlp,10,1.0,0.988133192062378,341,E1_addition
97,0,addition,mlp,12,1.0,0.988133192062378,341,E1_addition
97,0,addition,mlp,16,1.0,0.988133192062378,341,E1_addition
97,0,addition,mlp,23,1.0,0.988133192062378,341,E1_addition
97,0,addition,unembed,2,0.112676054239273,0.1062699258327484,341,E1_addition
97,0,addition,unembed,3,0.8211533427238464,0.794899046421051,341,E1_addition
97,0,addition,unembed,4,0.9989370107650756,0.9876018166542052,341,E1_addition
97,0,addition,unembed,5,1.0,0.9876018166542052,341,E1_addition
97,0,addition,unembed,6,1.0,0.9877789616584778,341,E1_addition
97,0,addition,unembed,8,1.0,0.988133192062378,341,E1_addition
97,0,addition,unembed,10,1.0,0.988133192062378,341,E1_addition
97,0,addition,unembed,12,1.0,0.988133192062378,341,E1_addition
97,0,addition,unembed,16,1.0,0.988133192062378,341,E1_addition
97,0,addition,unembed,23,1.0,0.988133192062378,341,E1_addition
97,1,addition,embedding,2,0.0066436352208256,0.0079702446237206,341,E1_addition
97,1,addition,embedding,3,0.3980866372585296,0.3967410624027252,341,E1_addition
97,1,addition,embedding,4,0.9970768094062804,0.9801629185676576,341,E1_addition
97,1,addition,embedding,5,0.9992027878761292,0.9833510518074036,341,E1_addition
97,1,addition,embedding,6,1.0,0.9849450588226318,341,E1_addition
97,1,addition,embedding,8,1.0,0.9849450588226318,341,E1_addition
97,1,addition,embedding,10,1.0,0.9849450588226318,341,E1_addition
97,1,addition,embedding,12,1.0,0.9849450588226318,341,E1_addition
97,1,addition,embedding,16,1.0,0.9849450588226318,341,E1_addition
97,1,addition,embedding,23,1.0,0.9849450588226318,341,E1_addition
97,1,addition,attention,2,0.0085038533434271,0.0102727590128779,341,E1_addition
97,1,addition,attention,3,0.0279032681137323,0.0249734316021204,341,E1_addition
97,1,addition,attention,4,0.1121445670723915,0.0954658165574073,341,E1_addition
97,1,addition,attention,5,1.0,0.9842365980148317,341,E1_addition
97,1,addition,attention,6,1.0,0.9849450588226318,341,E1_addition
97,1,addition,attention,8,1.0,0.9849450588226318,341,E1_addition
97,1,addition,attention,10,1.0,0.9849450588226318,341,E1_addition
97,1,addition,attention,12,1.0,0.9849450588226318,341,E1_addition
97,1,addition,attention,16,1.0,0.9849450588226318,341,E1_addition
97,1,addition,attention,23,1.0,0.9849450588226318,341,E1_addition
97,1,addition,mlp,2,0.0114270532503724,0.0086787100881338,341,E1_addition
97,1,addition,mlp,3,0.0701567903161048,0.0687212198972702,341,E1_addition
97,1,addition,mlp,4,0.4204092621803283,0.3985122144222259,341,E1_addition
97,1,addition,mlp,5,0.9675790667533876,0.9447396397590636,341,E1_addition
97,1,addition,mlp,6,1.0,0.986007809638977,341,E1_addition
97,1,addition,mlp,8,1.0,0.9849450588226318,341,E1_addition
97,1,addition,mlp,10,1.0,0.9849450588226318,341,E1_addition
97,1,addition,mlp,12,1.0,0.9849450588226318,341,E1_addition
97,1,addition,mlp,16,1.0,0.9849450588226318,341,E1_addition
97,1,addition,mlp,23,1.0,0.9849450588226318,341,E1_addition
97,1,addition,unembed,2,0.155726820230484,0.1512575298547744,341,E1_addition
97,1,addition,unembed,3,0.8562317490577698,0.8561813831329346,341,E1_addition
97,1,addition,unembed,4,0.9938878417015076,0.9771519303321838,341,E1_addition
97,1,addition,unembed,5,0.9997342824935912,0.9833510518074036,341,E1_addition
97,1,addition,unembed,6,1.0,0.9849450588226318,341,E1_addition
97,1,addition,unembed,8,1.0,0.9849450588226318,341,E1_addition
97,1,addition,unembed,10,1.0,0.9849450588226318,341,E1_addition
97,1,addition,unembed,12,1.0,0.9849450588226318,341,E1_addition
97,1,addition,unembed,16,1.0,0.9849450588226318,341,E1_addition
97,1,addition,unembed,23,1.0,0.9849450588226318,341,E1_addition
97,2,addition,embedding,2,0.0108955623582005,0.0092100603505969,341,E1_addition
97,2,addition,embedding,3,0.0188679248094558,0.0212539844214916,341,E1_addition
97,2,addition,embedding,4,0.1780494302511215,0.1558625549077987,341,E1_addition
97,2,addition,embedding,5,0.4658517241477966,0.4528869986534118,341,E1_addition
97,2,addition,embedding,6,0.915758728981018,0.8967410326004028,341,E1_addition
97,2,addition,embedding,8,1.0,0.9822883605957032,341,E1_addition
97,2,addition,embedding,10,1.0,0.982819676399231,341,E1_addition
97,2,addition,embedding,12,1.0,0.982819676399231,341,E1_addition
97,2,addition,embedding,16,1.0,0.982819676399231,341,E1_addition
97,2,addition,embedding,23,1.0,0.982819676399231,341,E1_addition
97,2,addition,attention,2,0.0122242895886302,0.0115125747397542,341,E1_addition
97,2,addition,attention,3,0.0108955623582005,0.0125752743333578,341,E1_addition
97,2,addition,attention,4,0.0356098860502243,0.0306411609053611,341,E1_addition
97,2,addition,attention,5,0.2532553970813751,0.2399929165840149,341,E1_addition
97,2,addition,attention,6,0.0135530158877372,0.0063761956989765,341,E1_addition
97,2,addition,attention,8,1.0,0.9822883605957032,341,E1_addition
97,2,addition,attention,10,1.0,0.982819676399231,341,E1_addition
97,2,addition,attention,12,1.0,0.982819676399231,341,E1_addition
97,2,addition,attention,16,1.0,0.982819676399231,341,E1_addition
97,2,addition,attention,23,1.0,0.982819676399231,341,E1_addition
97,2,addition,mlp,2,0.0154132340103387,0.017711654305458,341,E1_addition
97,2,addition,mlp,3,0.0600584633648395,0.0756287649273872,341,E1_addition
97,2,addition,mlp,4,0.0193994157016277,0.0187743529677391,341,E1_addition
97,2,addition,mlp,5,0.0645761340856552,0.0533120781183242,341,E1_addition
97,2,addition,mlp,6,0.4520329535007477,0.4364151656627655,341,E1_addition
97,2,addition,mlp,8,0.9997342824935912,0.9822883605957032,341,E1_addition
97,2,addition,mlp,10,1.0,0.982819676399231,341,E1_addition
97,2,addition,mlp,12,1.0,0.982819676399231,341,E1_addition
97,2,addition,mlp,16,1.0,0.982819676399231,341,E1_addition
97,2,addition,mlp,23,1.0,0.982819676399231,341,E1_addition
97,2,addition,unembed,2,0.0536805726587772,0.0522493794560432,341,E1_addition
97,2,addition,unembed,3,0.2484719604253769,0.2472546845674514,341,E1_addition
97,2,addition,unembed,4,0.443794846534729,0.4284449219703674,341,E1_addition
97,2,addition,unembed,5,0.8256710171699524,0.8115479946136475,341,E1_addition
97,2,addition,unembed,6,0.98777574300766,0.969713032245636,341,E1_addition
97,2,addition,unembed,8,0.9994685053825378,0.9822883605957032,341,E1_addition
97,2,addition,unembed,10,1.0,0.982819676399231,341,E1_addition
97,2,addition,unembed,12,1.0,0.982819676399231,341,E1_addition
97,2,addition,unembed,16,1.0,0.982819676399231,341,E1_addition
97,2,addition,unembed,23,1.0,0.982819676399231,341,E1_addition
97,3,addition,embedding,2,0.0111613078042864,0.0081473607569932,341,E1_addition
97,3,addition,embedding,3,0.6234387755393982,0.580410897731781,341,E1_addition
97,3,addition,embedding,4,0.9875099658966064,0.970421552658081,341,E1_addition
97,3,addition,embedding,5,0.9997342824935912,0.988133192062378,341,E1_addition
97,3,addition,embedding,6,1.0,0.9879560470581056,341,E1_addition
97,3,addition,embedding,8,1.0,0.9883102774620056,341,E1_addition
97,3,addition,embedding,10,1.0,0.988487422466278,341,E1_addition
97,3,addition,embedding,12,1.0,0.9886645078659058,341,E1_addition
97,3,addition,embedding,16,1.0,0.9886645078659058,341,E1_addition
97,3,addition,embedding,23,1.0,0.9886645078659058,341,E1_addition
97,3,addition,attention,2,0.0095668351277709,0.0111583424732089,341,E1_addition
97,3,addition,attention,3,0.662769079208374,0.6298264265060425,341,E1_addition
97,3,addition,attention,4,0.9981397986412048,0.9872475862503052,341,E1_addition
97,3,addition,attention,5,1.0,0.988133192062378,341,E1_addition
97,3,addition,attention,6,1.0,0.9886645078659058,341,E1_addition
97,3,addition,attention,8,1.0,0.9886645078659058,341,E1_addition
97,3,addition,attention,10,1.0,0.9886645078659058,341,E1_addition
97,3,addition,attention,12,1.0,0.9886645078659058,341,E1_addition
97,3,addition,attention,16,1.0,0.9886645078659058,341,E1_addition
97,3,addition,attention,23,1.0,0.9886645078659058,341,E1_addition
97,3,addition,mlp,2,0.0114270532503724,0.010804109275341,341,E1_addition
97,3,addition,mlp,3,0.0249800700694322,0.0232022665441036,341,E1_addition
97,3,addition,mlp,4,0.6112144589424133,0.5967056155204773,341,E1_addition
97,3,addition,mlp,5,0.9992027878761292,0.984059512615204,341,E1_addition
97,3,addition,mlp,6,1.0,0.989018738269806,341,E1_addition
97,3,addition,mlp,8,1.0,0.9883102774620056,341,E1_addition
97,3,addition,mlp,10,1.0,0.9886645078659058,341,E1_addition
97,3,addition,mlp,12,1.0,0.9886645078659058,341,E1_addition
97,3,addition,mlp,16,1.0,0.9886645078659058,341,E1_addition
97,3,addition,mlp,23,1.0,0.9886645078659058,341,E1_addition
97,3,addition,unembed,2,0.1700770705938339,0.1696776449680328,341,E1_addition
97,3,addition,unembed,3,0.9500398635864258,0.9289762377738952,341,E1_addition
97,3,addition,unembed,4,0.9984055161476136,0.9835281372070312,341,E1_addition
97,3,addition,unembed,5,1.0,0.988487422466278,341,E1_addition
97,3,addition,unembed,6,1.0,0.9886645078659058,341,E1_addition
97,3,addition,unembed,8,1.0,0.9883102774620056,341,E1_addition
97,3,addition,unembed,10,1.0,0.9883102774620056,341,E1_addition
97,3,addition,unembed,12,1.0,0.9886645078659058,341,E1_addition
97,3,addition,unembed,16,1.0,0.9886645078659058,341,E1_addition
97,3,addition,unembed,23,1.0,0.9886645078659058,341,E1_addition
97,4,addition,embedding,2,0.0693595558404922,0.0575628764927387,341,E1_addition
97,4,addition,embedding,3,0.2014350295066833,0.1992561072111129,341,E1_addition
97,4,addition,embedding,4,0.7634865641593933,0.7513283491134644,341,E1_addition
97,4,addition,embedding,5,0.9526973366737366,0.9449167251586914,341,E1_addition
97,4,addition,embedding,6,1.0,0.9923839569091796,341,E1_addition
97,4,addition,embedding,8,1.0,0.992561101913452,341,E1_addition
97,4,addition,embedding,10,1.0,0.9927381873130798,341,E1_addition
97,4,addition,embedding,12,1.0,0.9927381873130798,341,E1_addition
97,4,addition,embedding,16,1.0,0.9927381873130798,341,E1_addition
97,4,addition,embedding,23,1.0,0.9927381873130798,341,E1_addition
97,4,addition,attention,2,0.062450174242258,0.0566772930324077,341,E1_addition
97,4,addition,attention,3,0.3558331131935119,0.3388239443302154,341,E1_addition
97,4,addition,attention,4,0.8841350078582764,0.8602550625801086,341,E1_addition
97,4,addition,attention,5,0.9208078980445862,0.9091392159461976,341,E1_addition
97,4,addition,attention,6,1.0,0.9927381873130798,341,E1_addition
97,4,addition,attention,8,1.0,0.9927381873130798,341,E1_addition
97,4,addition,attention,10,1.0,0.9927381873130798,341,E1_addition
97,4,addition,attention,12,1.0,0.9927381873130798,341,E1_addition
97,4,addition,attention,16,1.0,0.9927381873130798,341,E1_addition
97,4,addition,attention,23,1.0,0.9927381873130798,341,E1_addition
97,4,addition,mlp,2,0.0050491630099713,0.0038965637795627,341,E1_addition
97,4,addition,mlp,3,0.1328727155923843,0.1268154382705688,341,E1_addition
97,4,addition,mlp,4,0.3696518838405609,0.3526390194892883,341,E1_addition
97,4,addition,mlp,5,0.7246877551078796,0.6996103525161743,341,E1_addition
97,4,addition,mlp,6,0.9558862447738647,0.9319872260093688,341,E1_addition
97,4,addition,mlp,8,1.0,0.99344664812088,341,E1_addition
97,4,addition,mlp,10,1.0,0.99309241771698,341,E1_addition
97,4,addition,mlp,12,1.0,0.9927381873130798,341,E1_addition
97,4,addition,mlp,16,1.0,0.9927381873130798,341,E1_addition
97,4,addition,mlp,23,1.0,0.9927381873130798,341,E1_addition
97,4,addition,unembed,2,0.0374701023101806,0.0379029400646686,341,E1_addition
97,4,addition,unembed,3,0.1846930682659149,0.1829613894224167,341,E1_addition
97,4,addition,unembed,4,0.3433430790901184,0.3391781747341156,341,E1_addition
97,4,addition,unembed,5,0.8442732095718384,0.8186326622962952,341,E1_addition
97,4,addition,unembed,6,0.9981397986412048,0.9904357194900512,341,E1_addition
97,4,addition,unembed,8,1.0,0.9939780235290528,341,E1_addition
97,4,addition,unembed,10,1.0,0.992561101913452,341,E1_addition
97,4,addition,unembed,12,1.0,0.9927381873130798,341,E1_addition
97,4,addition,unembed,16,1.0,0.9927381873130798,341,E1_addition
97,4,addition,unembed,23,1.0,0.9927381873130798,341,E1_addition
97,5,addition,embedding,2,0.2341217100620269,0.2341480702161789,341,E1_addition
97,5,addition,embedding,3,0.6978474855422974,0.6836698651313782,341,E1_addition
97,5,addition,embedding,4,1.0,0.9998228549957277,341,E1_addition
97,5,addition,embedding,5,1.0,1.0,341,E1_addition
97,5,addition,embedding,6,1.0,1.0,341,E1_addition
97,5,addition,embedding,8,1.0,1.0,341,E1_addition
97,5,addition,embedding,10,1.0,1.0,341,E1_addition
97,5,addition,embedding,12,1.0,1.0,341,E1_addition
97,5,addition,embedding,16,1.0,1.0,341,E1_addition
97,5,addition,embedding,23,1.0,1.0,341,E1_addition
97,5,addition,attention,2,0.0116927986964583,0.0123981582000851,341,E1_addition
97,5,addition,attention,3,0.0465054474771022,0.0526036135852336,341,E1_addition
97,5,addition,attention,4,0.6896093487739563,0.6617074012756348,341,E1_addition
97,5,addition,attention,5,1.0,1.0,341,E1_addition
97,5,addition,attention,6,1.0,1.0,341,E1_addition
97,5,addition,attention,8,1.0,1.0,341,E1_addition
97,5,addition,attention,10,1.0,1.0,341,E1_addition
97,5,addition,attention,12,1.0,1.0,341,E1_addition
97,5,addition,attention,16,1.0,1.0,341,E1_addition
97,5,addition,attention,23,1.0,1.0,341,E1_addition
97,5,addition,mlp,2,0.0911506786942482,0.0899752005934715,341,E1_addition
97,5,addition,mlp,3,0.2285410612821579,0.2298972755670547,341,E1_addition
97,5,addition,mlp,4,0.4366197288036346,0.4183492660522461,341,E1_addition
97,5,addition,mlp,5,0.5484985113143921,0.5462273955345154,341,E1_addition
97,5,addition,mlp,6,1.0,1.0,341,E1_addition
97,5,addition,mlp,8,1.0,1.0,341,E1_addition
97,5,addition,mlp,10,1.0,1.0,341,E1_addition
97,5,addition,mlp,12,1.0,1.0,341,E1_addition
97,5,addition,mlp,16,1.0,1.0,341,E1_addition
97,5,addition,mlp,23,1.0,1.0,341,E1_addition
97,5,addition,unembed,2,0.0409247949719429,0.0488841645419597,341,E1_addition
97,5,addition,unembed,3,0.4057932496070862,0.3910733163356781,341,E1_addition
97,5,addition,unembed,4,0.9606696963310242,0.9472192525863647,341,E1_addition
97,5,addition,unembed,5,1.0,1.0,341,E1_addition
97,5,addition,unembed,6,1.0,1.0,341,E1_addition
97,5,addition,unembed,8,1.0,1.0,341,E1_addition
97,5,addition,unembed,10,1.0,1.0,341,E1_addition
97,5,addition,unembed,12,1.0,1.0,341,E1_addition
97,5,addition,unembed,16,1.0,1.0,341,E1_addition
97,5,addition,unembed,23,1.0,1.0,341,E1_addition
97,6,addition,embedding,2,0.0372043587267398,0.0299326945096254,341,E1_addition
97,6,addition,embedding,3,0.8110550045967102,0.7961388230323792,341,E1_addition
97,6,addition,embedding,4,0.9997342824935912,0.993800938129425,341,E1_addition
97,6,addition,embedding,5,1.0,0.9980517029762268,341,E1_addition
97,6,addition,embedding,6,1.0,0.9982288479804992,341,E1_addition
97,6,addition,embedding,8,1.0,0.9982288479804992,341,E1_addition
97,6,addition,embedding,10,1.0,0.9982288479804992,341,E1_addition
97,6,addition,embedding,12,1.0,0.9982288479804992,341,E1_addition
97,6,addition,embedding,16,1.0,0.9982288479804992,341,E1_addition
97,6,addition,embedding,23,1.0,0.9982288479804992,341,E1_addition
97,6,addition,attention,2,0.0111613078042864,0.0106269922107458,341,E1_addition
97,6,addition,attention,3,0.009035344235599,0.0046050301752984,341,E1_addition
97,6,addition,attention,4,0.3911772668361664,0.368933767080307,341,E1_addition
97,6,addition,attention,5,0.9997342824935912,0.997166097164154,341,E1_addition
97,6,addition,attention,6,1.0,0.9982288479804992,341,E1_addition
97,6,addition,attention,8,1.0,0.9980517029762268,341,E1_addition
97,6,addition,attention,10,1.0,0.9982288479804992,341,E1_addition
97,6,addition,attention,12,1.0,0.9982288479804992,341,E1_addition
97,6,addition,attention,16,1.0,0.9982288479804992,341,E1_addition
97,6,addition,attention,23,1.0,0.9982288479804992,341,E1_addition
97,6,addition,mlp,2,0.0515546090900898,0.0538434274494648,341,E1_addition
97,6,addition,mlp,3,0.0419877767562866,0.0451647192239761,341,E1_addition
97,6,addition,mlp,4,0.2513951659202575,0.232554018497467,341,E1_addition
97,6,addition,mlp,5,0.5285676121711731,0.4923839867115021,341,E1_addition
97,6,addition,mlp,6,0.9798033237457277,0.961919903755188,341,E1_addition
97,6,addition,mlp,8,1.0,0.9980517029762268,341,E1_addition
97,6,addition,mlp,10,1.0,0.9982288479804992,341,E1_addition
97,6,addition,mlp,12,1.0,0.9982288479804992,341,E1_addition
97,6,addition,mlp,16,1.0,0.9982288479804992,341,E1_addition
97,6,addition,mlp,23,1.0,0.9982288479804992,341,E1_addition
97,6,addition,unembed,2,0.0890247151255607,0.0736804828047752,341,E1_addition
97,6,addition,unembed,3,0.8538400530815125,0.8533474802970886,341,E1_addition
97,6,addition,unembed,4,0.9938878417015076,0.985653519630432,341,E1_addition
97,6,addition,unembed,5,1.0,0.9980517029762268,341,E1_addition
97,6,addition,unembed,6,1.0,0.9978746175765992,341,E1_addition
97,6,addition,unembed,8,1.0,0.9982288479804992,341,E1_addition
97,6,addition,unembed,10,1.0,0.9982288479804992,341,E1_addition
97,6,addition,unembed,12,1.0,0.9982288479804992,341,E1_addition
97,6,addition,unembed,16,1.0,0.9982288479804992,341,E1_addition
97,6,addition,unembed,23,1.0,0.9982288479804992,341,E1_addition
97,7,addition,embedding,2,0.0374701023101806,0.0368402414023876,341,E1_addition
97,7,addition,embedding,3,0.1466914713382721,0.140807643532753,341,E1_addition
97,7,addition,embedding,4,0.7871379256248474,0.7773644924163818,341,E1_addition
97,7,addition,embedding,5,0.9997342824935912,0.9900814890861512,341,E1_addition
97,7,addition,embedding,6,1.0,0.992206871509552,341,E1_addition
97,7,addition,embedding,8,1.0,0.992206871509552,341,E1_addition
97,7,addition,embedding,10,1.0,0.992206871509552,341,E1_addition
97,7,addition,embedding,12,1.0,0.992206871509552,341,E1_addition
97,7,addition,embedding,16,1.0,0.992206871509552,341,E1_addition
97,7,addition,embedding,23,1.0,0.992206871509552,341,E1_addition
97,7,addition,attention,2,0.0007972362218424,0.0012398157268762,341,E1_addition
97,7,addition,attention,3,0.1047036945819854,0.1009564250707626,341,E1_addition
97,7,addition,attention,4,0.5729471445083618,0.5715550780296326,341,E1_addition
97,7,addition,attention,5,0.779697060585022,0.7633723020553589,341,E1_addition
97,7,addition,attention,6,1.0,0.9929153323173524,341,E1_addition
97,7,addition,attention,8,1.0,0.992206871509552,341,E1_addition
97,7,addition,attention,10,1.0,0.992206871509552,341,E1_addition
97,7,addition,attention,12,1.0,0.992206871509552,341,E1_addition
97,7,addition,attention,16,1.0,0.992206871509552,341,E1_addition
97,7,addition,attention,23,1.0,0.992206871509552,341,E1_addition
97,7,addition,mlp,2,0.014350252225995,0.0132837407290935,341,E1_addition
97,7,addition,mlp,3,0.1615732163190841,0.1586964130401611,341,E1_addition
97,7,addition,mlp,4,1.0,0.989727258682251,341,E1_addition
97,7,addition,mlp,5,1.0,0.992206871509552,341,E1_addition
97,7,addition,mlp,6,1.0,0.9929153323173524,341,E1_addition
97,7,addition,mlp,8,1.0,0.992206871509552,341,E1_addition
97,7,addition,mlp,10,1.0,0.992206871509552,341,E1_addition
97,7,addition,mlp,12,1.0,0.992206871509552,341,E1_addition
97,7,addition,mlp,16,1.0,0.992206871509552,341,E1_addition
97,7,addition,mlp,23,1.0,0.992206871509552,341,E1_addition
97,7,addition,unembed,2,0.0773319154977798,0.0828905403614044,341,E1_addition
97,7,addition,unembed,3,0.7228275537490845,0.7213956713676453,341,E1_addition
97,7,addition,unembed,4,0.9790061116218568,0.9682961106300354,341,E1_addition
97,7,addition,unembed,5,0.9997342824935912,0.992206871509552,341,E1_addition
97,7,addition,unembed,6,1.0,0.992206871509552,341,E1_addition
97,7,addition,unembed,8,1.0,0.992206871509552,341,E1_addition
97,7,addition,unembed,10,1.0,0.992206871509552,341,E1_addition
97,7,addition,unembed,12,1.0,0.992206871509552,341,E1_addition
97,7,addition,unembed,16,1.0,0.992206871509552,341,E1_addition
97,7,addition,unembed,23,1.0,0.992206871509552,341,E1_addition
97,8,addition,embedding,2,0.0385330840945243,0.0368402414023876,341,E1_addition
97,8,addition,embedding,3,0.2583045363426208,0.2451292872428894,341,E1_addition
97,8,addition,embedding,4,0.6218442916870117,0.6342543363571167,341,E1_addition
97,8,addition,embedding,5,0.9731597304344176,0.9589089751243592,341,E1_addition
97,8,addition,embedding,6,1.0,0.9907899498939514,341,E1_addition
97,8,addition,embedding,8,1.0,0.9909670352935792,341,E1_addition
97,8,addition,embedding,10,1.0,0.9909670352935792,341,E1_addition
97,8,addition,embedding,12,1.0,0.9909670352935792,341,E1_addition
97,8,addition,embedding,16,1.0,0.9909670352935792,341,E1_addition
97,8,addition,embedding,23,1.0,0.9909670352935792,341,E1_addition
97,8,addition,attention,2,0.018070688471198,0.0194828193634748,341,E1_addition
97,8,addition,attention,3,0.0276375226676464,0.0276301801204681,341,E1_addition
97,8,addition,attention,4,0.6819027662277222,0.6861494779586792,341,E1_addition
97,8,addition,attention,5,0.9635928869247437,0.9388948082923888,341,E1_addition
97,8,addition,attention,6,1.0,0.990612804889679,341,E1_addition
97,8,addition,attention,8,1.0,0.9909670352935792,341,E1_addition
97,8,addition,attention,10,1.0,0.9909670352935792,341,E1_addition
97,8,addition,attention,12,1.0,0.9909670352935792,341,E1_addition
97,8,addition,attention,16,1.0,0.9909670352935792,341,E1_addition
97,8,addition,attention,23,1.0,0.9909670352935792,341,E1_addition
97,8,addition,mlp,2,0.0321551971137523,0.0294013451784849,341,E1_addition
97,8,addition,mlp,3,0.0480999201536178,0.0499468632042408,341,E1_addition
97,8,addition,mlp,4,0.1219771429896354,0.1239815801382064,341,E1_addition
97,8,addition,mlp,5,0.8724421858787537,0.8636202812194824,341,E1_addition
97,8,addition,mlp,6,0.9978740215301514,0.9891958832740784,341,E1_addition
97,8,addition,mlp,8,1.0,0.9909670352935792,341,E1_addition
97,8,addition,mlp,10,1.0,0.9909670352935792,341,E1_addition
97,8,addition,mlp,12,1.0,0.9909670352935792,341,E1_addition
97,8,addition,mlp,16,1.0,0.9909670352935792,341,E1_addition
97,8,addition,mlp,23,1.0,0.9909670352935792,341,E1_addition
97,8,addition,unembed,2,0.0305607225745916,0.0311725102365016,341,E1_addition
97,8,addition,unembed,3,0.1387191116809845,0.1415161192417144,341,E1_addition
97,8,addition,unembed,4,0.4323678016662597,0.4378320872783661,341,E1_addition
97,8,addition,unembed,5,0.8339090943336487,0.8055260181427002,341,E1_addition
97,8,addition,unembed,6,0.9936221241950988,0.9837052822113036,341,E1_addition
97,8,addition,unembed,8,1.0,0.9909670352935792,341,E1_addition
97,8,addition,unembed,10,1.0,0.9909670352935792,341,E1_addition
97,8,addition,unembed,12,1.0,0.9909670352935792,341,E1_addition
97,8,addition,unembed,16,1.0,0.9909670352935792,341,E1_addition
97,8,addition,unembed,23,1.0,0.9909670352935792,341,E1_addition
97,9,addition,embedding,2,0.0050491630099713,0.0026567480526864,341,E1_addition
97,9,addition,embedding,3,0.7818230390548706,0.7640807628631592,341,E1_addition
97,9,addition,embedding,4,0.9952166080474854,0.9796316027641296,341,E1_addition
97,9,addition,embedding,5,1.0,0.9895501136779784,341,E1_addition
97,9,addition,embedding,6,1.0,0.989372968673706,341,E1_addition
97,9,addition,embedding,8,1.0,0.989727258682251,341,E1_addition
97,9,addition,embedding,10,1.0,0.989727258682251,341,E1_addition
97,9,addition,embedding,12,1.0,0.989727258682251,341,E1_addition
97,9,addition,embedding,16,1.0,0.989727258682251,341,E1_addition
97,9,addition,embedding,23,1.0,0.989727258682251,341,E1_addition
97,9,addition,attention,2,0.0042519266717135,0.0065533118322491,341,E1_addition
97,9,addition,attention,3,0.0010629816679283,0.0012398157268762,341,E1_addition
97,9,addition,attention,4,0.1695455759763717,0.1808359920978546,341,E1_addition
97,9,addition,attention,5,0.308264672756195,0.308891236782074,341,E1_addition
97,9,addition,attention,6,0.9667818546295166,0.9509387016296388,341,E1_addition
97,9,addition,attention,8,1.0,0.9900814890861512,341,E1_addition
97,9,addition,attention,10,1.0,0.989727258682251,341,E1_addition
97,9,addition,attention,12,1.0,0.989727258682251,341,E1_addition
97,9,addition,attention,16,1.0,0.989727258682251,341,E1_addition
97,9,addition,attention,23,1.0,0.989727258682251,341,E1_addition
97,9,addition,mlp,2,0.0098325805738568,0.0143464393913745,341,E1_addition
97,9,addition,mlp,3,0.5232527256011963,0.520899772644043,341,E1_addition
97,9,addition,mlp,4,0.9920276403427124,0.9769748449325562,341,E1_addition
97,9,addition,mlp,5,1.0,0.9886645078659058,341,E1_addition
97,9,addition,mlp,6,1.0,0.989372968673706,341,E1_addition
97,9,addition,mlp,8,1.0,0.989727258682251,341,E1_addition
97,9,addition,mlp,10,1.0,0.989727258682251,341,E1_addition
97,9,addition,mlp,12,1.0,0.989727258682251,341,E1_addition
97,9,addition,mlp,16,1.0,0.989727258682251,341,E1_addition
97,9,addition,mlp,23,1.0,0.989727258682251,341,E1_addition
97,9,addition,unembed,2,0.0473026856780052,0.0518951453268528,341,E1_addition
97,9,addition,unembed,3,0.4796704649925232,0.4930924475193023,341,E1_addition
97,9,addition,unembed,4,0.9731597304344176,0.9624512791633606,341,E1_addition
97,9,addition,unembed,5,0.9997342824935912,0.990612804889679,341,E1_addition
97,9,addition,unembed,6,1.0,0.9904357194900512,341,E1_addition
97,9,addition,unembed,8,1.0,0.989727258682251,341,E1_addition
97,9,addition,unembed,10,1.0,0.989727258682251,341,E1_addition
97,9,addition,unembed,12,1.0,0.989727258682251,341,E1_addition
97,9,addition,unembed,16,1.0,0.989727258682251,341,E1_addition
97,9,addition,unembed,23,1.0,0.989727258682251,341,E1_addition
97,10,addition,embedding,2,0.1161307469010353,0.1069783940911293,341,E1_addition
97,10,addition,embedding,3,0.8110550045967102,0.803577721118927,341,E1_addition
97,10,addition,embedding,4,1.0,0.9969890117645264,341,E1_addition
97,10,addition,embedding,5,1.0,0.9980517029762268,341,E1_addition
97,10,addition,embedding,6,1.0,0.9980517029762268,341,E1_addition
97,10,addition,embedding,8,1.0,0.9980517029762268,341,E1_addition
97,10,addition,embedding,10,1.0,0.9980517029762268,341,E1_addition
97,10,addition,embedding,12,1.0,0.9980517029762268,341,E1_addition
97,10,addition,embedding,16,1.0,0.9980517029762268,341,E1_addition
97,10,addition,embedding,23,1.0,0.9980517029762268,341,E1_addition
97,10,addition,attention,2,0.0079723624512553,0.006907545030117,341,E1_addition
97,10,addition,attention,3,0.1009832620620727,0.1043216437101364,341,E1_addition
97,10,addition,attention,4,0.9710337519645692,0.9566064476966858,341,E1_addition
97,10,addition,attention,5,0.8982195258140564,0.8820403814315796,341,E1_addition
97,10,addition,attention,6,1.0,0.9980517029762268,341,E1_addition
97,10,addition,attention,8,1.0,0.9980517029762268,341,E1_addition
97,10,addition,attention,10,1.0,0.9980517029762268,341,E1_addition
97,10,addition,attention,12,1.0,0.9980517029762268,341,E1_addition
97,10,addition,attention,16,1.0,0.9980517029762268,341,E1_addition
97,10,addition,attention,23,1.0,0.9980517029762268,341,E1_addition
97,10,addition,mlp,2,0.0140845067799091,0.011866807937622,341,E1_addition
97,10,addition,mlp,3,0.063247412443161,0.0559688284993171,341,E1_addition
97,10,addition,mlp,4,0.1942598968744278,0.1942968517541885,341,E1_addition
97,10,addition,mlp,5,0.9925591349601746,0.9888416528701782,341,E1_addition
97,10,addition,mlp,6,1.0,0.9980517029762268,341,E1_addition
97,10,addition,mlp,8,1.0,0.9980517029762268,341,E1_addition
97,10,addition,mlp,10,1.0,0.9980517029762268,341,E1_addition
97,10,addition,mlp,12,1.0,0.9980517029762268,341,E1_addition
97,10,addition,mlp,16,1.0,0.9980517029762268,341,E1_addition
97,10,addition,mlp,23,1.0,0.9980517029762268,341,E1_addition
97,10,addition,unembed,2,0.0821153372526168,0.0754516497254371,341,E1_addition
97,10,addition,unembed,3,0.8990167379379272,0.888416588306427,341,E1_addition
97,10,addition,unembed,4,0.9938878417015076,0.9900814890861512,341,E1_addition
97,10,addition,unembed,5,1.0,0.9976974725723268,341,E1_addition
97,10,addition,unembed,6,1.0,0.9980517029762268,341,E1_addition
97,10,addition,unembed,8,1.0,0.9980517029762268,341,E1_addition
97,10,addition,unembed,10,1.0,0.9980517029762268,341,E1_addition
97,10,addition,unembed,12,1.0,0.9980517029762268,341,E1_addition
97,10,addition,unembed,16,1.0,0.9980517029762268,341,E1_addition
97,10,addition,unembed,23,1.0,0.9980517029762268,341,E1_addition
97,11,addition,embedding,2,0.0111613078042864,0.0116896918043494,341,E1_addition
97,11,addition,embedding,3,0.2925857007503509,0.2872830331325531,341,E1_addition
97,11,addition,embedding,4,0.317300021648407,0.3196953535079956,341,E1_addition
97,11,addition,embedding,5,0.9997342824935912,0.9950407147407532,341,E1_addition
97,11,addition,embedding,6,1.0,0.9952178597450256,341,E1_addition
97,11,addition,embedding,8,1.0,0.995926320552826,341,E1_addition
97,11,addition,embedding,10,1.0,0.995926320552826,341,E1_addition
97,11,addition,embedding,12,1.0,0.995926320552826,341,E1_addition
97,11,addition,embedding,16,1.0,0.995926320552826,341,E1_addition
97,11,addition,embedding,23,1.0,0.995926320552826,341,E1_addition
97,11,addition,attention,2,0.0010629816679283,0.000708466162905,341,E1_addition
97,11,addition,attention,3,0.0544778108596801,0.0619907900691032,341,E1_addition
97,11,addition,attention,4,0.1023119837045669,0.1094580218195915,341,E1_addition
97,11,addition,attention,5,0.8083975315093994,0.7970244288444519,341,E1_addition
97,11,addition,attention,6,1.0,0.9955720901489258,341,E1_addition
97,11,addition,attention,8,1.0,0.995926320552826,341,E1_addition
97,11,addition,attention,10,1.0,0.995926320552826,341,E1_addition
97,11,addition,attention,12,1.0,0.995926320552826,341,E1_addition
97,11,addition,attention,16,1.0,0.995926320552826,341,E1_addition
97,11,addition,attention,23,1.0,0.995926320552826,341,E1_addition
97,11,addition,mlp,2,0.0007972362218424,0.0,341,E1_addition
97,11,addition,mlp,3,0.0387988314032554,0.0503010973334312,341,E1_addition
97,11,addition,mlp,4,0.3818761706352234,0.3641515970230102,341,E1_addition
97,11,addition,mlp,5,0.493223488330841,0.4865391254425049,341,E1_addition
97,11,addition,mlp,6,0.9712994694709778,0.9640453457832336,341,E1_addition
97,11,addition,mlp,8,1.0,0.9955720901489258,341,E1_addition
97,11,addition,mlp,10,1.0,0.995926320552826,341,E1_addition
97,11,addition,mlp,12,1.0,0.995926320552826,341,E1_addition
97,11,addition,mlp,16,1.0,0.995926320552826,341,E1_addition
97,11,addition,mlp,23,1.0,0.995926320552826,341,E1_addition
97,11,addition,unembed,2,0.0736114829778671,0.0650017708539962,341,E1_addition
97,11,addition,unembed,3,0.6994419097900391,0.6865037083625793,341,E1_addition
97,11,addition,unembed,4,0.9457879662513732,0.9396032691001892,341,E1_addition
97,11,addition,unembed,5,0.9431304931640624,0.9334041476249696,341,E1_addition
97,11,addition,unembed,6,0.9994685053825378,0.9950407147407532,341,E1_addition
97,11,addition,unembed,8,1.0,0.995926320552826,341,E1_addition
97,11,addition,unembed,10,1.0,0.9955720901489258,341,E1_addition
97,11,addition,unembed,12,1.0,0.995926320552826,341,E1_addition
97,11,addition,unembed,16,1.0,0.995926320552826,341,E1_addition
97,11,addition,unembed,23,1.0,0.995926320552826,341,E1_addition
97,12,addition,embedding,2,0.0566037744283676,0.0568544082343578,341,E1_addition
97,12,addition,embedding,3,0.2091416418552398,0.2114771455526352,341,E1_addition
97,12,addition,embedding,4,0.9487111568450928,0.935175359249115,341,E1_addition
97,12,addition,embedding,5,0.9997342824935912,0.9945093989372252,341,E1_addition
97,12,addition,embedding,6,1.0,0.9964576363563538,341,E1_addition
97,12,addition,embedding,8,1.0,0.9964576363563538,341,E1_addition
97,12,addition,embedding,10,1.0,0.9964576363563538,341,E1_addition
97,12,addition,embedding,12,1.0,0.9964576363563538,341,E1_addition
97,12,addition,embedding,16,1.0,0.9964576363563538,341,E1_addition
97,12,addition,embedding,23,1.0,0.9964576363563538,341,E1_addition
97,12,addition,attention,2,0.0061121447943151,0.0065533118322491,341,E1_addition
97,12,addition,attention,3,0.1490831822156906,0.1482465416193008,341,E1_addition
97,12,addition,attention,4,0.6877491474151611,0.6684378385543823,341,E1_addition
97,12,addition,attention,5,1.0,0.995926320552826,341,E1_addition
97,12,addition,attention,6,1.0,0.9961034059524536,341,E1_addition
97,12,addition,attention,8,1.0,0.9964576363563538,341,E1_addition
97,12,addition,attention,10,1.0,0.9964576363563538,341,E1_addition
97,12,addition,attention,12,1.0,0.9964576363563538,341,E1_addition
97,12,addition,attention,16,1.0,0.9964576363563538,341,E1_addition
97,12,addition,attention,23,1.0,0.9964576363563538,341,E1_addition
97,12,addition,mlp,2,0.0613871924579143,0.0561459437012672,341,E1_addition
97,12,addition,mlp,3,0.9109752774238586,0.8926673531532288,341,E1_addition
97,12,addition,mlp,4,1.0,0.9961034059524536,341,E1_addition
97,12,addition,mlp,5,1.0,0.996280550956726,341,E1_addition
97,12,addition,mlp,6,1.0,0.9964576363563538,341,E1_addition
97,12,addition,mlp,8,1.0,0.9964576363563538,341,E1_addition
97,12,addition,mlp,10,1.0,0.9964576363563538,341,E1_addition
97,12,addition,mlp,12,1.0,0.9964576363563538,341,E1_addition
97,12,addition,mlp,16,1.0,0.9964576363563538,341,E1_addition
97,12,addition,mlp,23,1.0,0.9964576363563538,341,E1_addition
97,12,addition,unembed,2,0.2147222906351089,0.2088204026222229,341,E1_addition
97,12,addition,unembed,3,0.6316768527030945,0.6259298324584961,341,E1_addition
97,12,addition,unembed,4,0.9885729551315308,0.979100227355957,341,E1_addition
97,12,addition,unembed,5,0.9997342824935912,0.9948636293411256,341,E1_addition
97,12,addition,unembed,6,1.0,0.9964576363563538,341,E1_addition
97,12,addition,unembed,8,1.0,0.9964576363563538,341,E1_addition
97,12,addition,unembed,10,1.0,0.9964576363563538,341,E1_addition
97,12,addition,unembed,12,1.0,0.9964576363563538,341,E1_addition
97,12,addition,unembed,16,1.0,0.9964576363563538,341,E1_addition
97,12,addition,unembed,23,1.0,0.9964576363563538,341,E1_addition
97,13,addition,embedding,2,0.1068296581506729,0.0979454442858696,341,E1_addition
97,13,addition,embedding,3,0.6694127321243286,0.6533828973770142,341,E1_addition
97,13,addition,embedding,4,0.981397807598114,0.9744952321052552,341,E1_addition
97,13,addition,embedding,5,1.0,0.9964576363563538,341,E1_addition
97,13,addition,embedding,6,1.0,0.9961034059524536,341,E1_addition
97,13,addition,embedding,8,1.0,0.9961034059524536,341,E1_addition
97,13,addition,embedding,10,1.0,0.9961034059524536,341,E1_addition
97,13,addition,embedding,12,1.0,0.9961034059524536,341,E1_addition
97,13,addition,embedding,16,1.0,0.9961034059524536,341,E1_addition
97,13,addition,embedding,23,1.0,0.9961034059524536,341,E1_addition
97,13,addition,attention,2,0.0098325805738568,0.0102727590128779,341,E1_addition
97,13,addition,attention,3,0.0956683531403541,0.0876726880669593,341,E1_addition
97,13,addition,attention,4,0.7794312834739685,0.7731137275695801,341,E1_addition
97,13,addition,attention,5,0.9848524928092957,0.9693588018417358,341,E1_addition
97,13,addition,attention,6,1.0,0.995926320552826,341,E1_addition
97,13,addition,attention,8,1.0,0.9964576363563538,341,E1_addition
97,13,addition,attention,10,1.0,0.9961034059524536,341,E1_addition
97,13,addition,attention,12,1.0,0.9961034059524536,341,E1_addition
97,13,addition,attention,16,1.0,0.9961034059524536,341,E1_addition
97,13,addition,attention,23,1.0,0.9961034059524536,341,E1_addition
97,13,addition,mlp,2,0.022056870162487,0.0193057022988796,341,E1_addition
97,13,addition,mlp,3,0.2426255643367767,0.2376904040575027,341,E1_addition
97,13,addition,mlp,4,0.4166887998580932,0.4128586649894714,341,E1_addition
97,13,addition,mlp,5,0.6869518756866455,0.6710945963859558,341,E1_addition
97,13,addition,mlp,6,0.913366973400116,0.9052426218986512,341,E1_addition
97,13,addition,mlp,8,1.0,0.9964576363563538,341,E1_addition
97,13,addition,mlp,10,1.0,0.9961034059524536,341,E1_addition
97,13,addition,mlp,12,1.0,0.9961034059524536,341,E1_addition
97,13,addition,mlp,16,1.0,0.9961034059524536,341,E1_addition
97,13,addition,mlp,23,1.0,0.9961034059524536,341,E1_addition
97,13,addition,unembed,2,0.0422535203397274,0.0389656387269496,341,E1_addition
97,13,addition,unembed,3,0.0,0.0,341,E1_addition
97,13,addition,unembed,4,0.2604305148124695,0.2444208264350891,341,E1_addition
97,13,addition,unembed,5,0.7068828344345093,0.7059865593910217,341,E1_addition
97,13,addition,unembed,6,0.9973425269126892,0.9929153323173524,341,E1_addition
97,13,addition,unembed,8,1.0,0.9964576363563538,341,E1_addition
97,13,addition,unembed,10,1.0,0.9961034059524536,341,E1_addition
97,13,addition,unembed,12,1.0,0.9961034059524536,341,E1_addition
97,13,addition,unembed,16,1.0,0.9961034059524536,341,E1_addition
97,13,addition,unembed,23,1.0,0.9961034059524536,341,E1_addition
97,14,addition,embedding,2,0.0465054474771022,0.0371944718062877,341,E1_addition
97,14,addition,embedding,3,0.6808397769927979,0.6572794914245605,341,E1_addition
97,14,addition,embedding,4,0.9936221241950988,0.9904357194900512,341,E1_addition
97,14,addition,embedding,5,1.0,1.0,341,E1_addition
97,14,addition,embedding,6,1.0,1.0,341,E1_addition
97,14,addition,embedding,8,1.0,1.0,341,E1_addition
97,14,addition,embedding,10,1.0,1.0,341,E1_addition
97,14,addition,embedding,12,1.0,1.0,341,E1_addition
97,14,addition,embedding,16,1.0,1.0,341,E1_addition
97,14,addition,embedding,23,1.0,1.0,341,E1_addition
97,14,addition,attention,2,0.0103640714660286,0.0092100603505969,341,E1_addition
97,14,addition,attention,3,0.0135530158877372,0.0113354586064815,341,E1_addition
97,14,addition,attention,4,0.5057135224342346,0.4872476160526275,341,E1_addition
97,14,addition,attention,5,0.9973425269126892,0.9943322539329528,341,E1_addition
97,14,addition,attention,6,1.0,1.0,341,E1_addition
97,14,addition,attention,8,1.0,1.0,341,E1_addition
97,14,addition,attention,10,1.0,1.0,341,E1_addition
97,14,addition,attention,12,1.0,1.0,341,E1_addition
97,14,addition,attention,16,1.0,1.0,341,E1_addition
97,14,addition,attention,23,1.0,1.0,341,E1_addition
97,14,addition,mlp,2,0.0175391975790262,0.0207226350903511,341,E1_addition
97,14,addition,mlp,3,0.1809726357460022,0.1732199788093567,341,E1_addition
97,14,addition,mlp,4,0.2314642518758773,0.2405242621898651,341,E1_addition
97,14,addition,mlp,5,0.3119851052761078,0.3034006357192993,341,E1_addition
97,14,addition,mlp,6,0.7249534726142883,0.7074034810066223,341,E1_addition
97,14,addition,mlp,8,1.0,1.0,341,E1_addition
97,14,addition,mlp,10,1.0,1.0,341,E1_addition
97,14,addition,mlp,12,1.0,1.0,341,E1_addition
97,14,addition,mlp,16,1.0,1.0,341,E1_addition
97,14,addition,mlp,23,1.0,1.0,341,E1_addition
97,14,addition,unembed,2,0.1514748930931091,0.1464753746986389,341,E1_addition
97,14,addition,unembed,3,0.7331916093826294,0.7226355075836182,341,E1_addition
97,14,addition,unembed,4,0.9888386726379396,0.989727258682251,341,E1_addition
97,14,addition,unembed,5,1.0,1.0,341,E1_addition
97,14,addition,unembed,6,1.0,1.0,341,E1_addition
97,14,addition,unembed,8,1.0,1.0,341,E1_addition
97,14,addition,unembed,10,1.0,1.0,341,E1_addition
97,14,addition,unembed,12,1.0,1.0,341,E1_addition
97,14,addition,unembed,16,1.0,1.0,341,E1_addition
97,14,addition,unembed,23,1.0,1.0,341,E1_addition
97,15,addition,embedding,2,0.0148817431181669,0.0162947215139865,341,E1_addition
97,15,addition,embedding,3,0.2022322565317154,0.1942968517541885,341,E1_addition
97,15,addition,embedding,4,0.5461068153381348,0.5283386707305908,341,E1_addition
97,15,addition,embedding,5,0.9965453147888184,0.9808713793754578,341,E1_addition
97,15,addition,embedding,6,1.0,0.9876018166542052,341,E1_addition
97,15,addition,embedding,8,1.0,0.9876018166542052,341,E1_addition
97,15,addition,embedding,10,1.0,0.9876018166542052,341,E1_addition
97,15,addition,embedding,12,1.0,0.9876018166542052,341,E1_addition
97,15,addition,embedding,16,1.0,0.9876018166542052,341,E1_addition
97,15,addition,embedding,23,1.0,0.9876018166542052,341,E1_addition
97,15,addition,attention,2,0.1023119837045669,0.1000708490610122,341,E1_addition
97,15,addition,attention,3,0.0252458155155181,0.0217853337526321,341,E1_addition
97,15,addition,attention,4,0.5354770421981812,0.5108041167259216,341,E1_addition
97,15,addition,attention,5,0.9784746170043944,0.9636911153793336,341,E1_addition
97,15,addition,attention,6,1.0,0.9876018166542052,341,E1_addition
97,15,addition,attention,8,1.0,0.9876018166542052,341,E1_addition
97,15,addition,attention,10,1.0,0.9876018166542052,341,E1_addition
97,15,addition,attention,12,1.0,0.9876018166542052,341,E1_addition
97,15,addition,attention,16,1.0,0.9876018166542052,341,E1_addition
97,15,addition,attention,23,1.0,0.9876018166542052,341,E1_addition
97,15,addition,mlp,2,0.0135530158877372,0.0132837407290935,341,E1_addition
97,15,addition,mlp,3,0.0568695180118083,0.0518951453268528,341,E1_addition
97,15,addition,mlp,4,0.1517406404018402,0.1517888754606247,341,E1_addition
97,15,addition,mlp,5,0.3180972635746002,0.3191640079021454,341,E1_addition
97,15,addition,mlp,6,0.9819293022155762,0.970421552658081,341,E1_addition
97,15,addition,mlp,8,1.0,0.9872475862503052,341,E1_addition
97,15,addition,mlp,10,1.0,0.9876018166542052,341,E1_addition
97,15,addition,mlp,12,1.0,0.9876018166542052,341,E1_addition
97,15,addition,mlp,16,1.0,0.9876018166542052,341,E1_addition
97,15,addition,mlp,23,1.0,0.9876018166542052,341,E1_addition
97,15,addition,unembed,2,0.0916821658611297,0.0924548357725143,341,E1_addition
97,15,addition,unembed,3,0.482593685388565,0.4746723175048828,341,E1_addition
97,15,addition,unembed,4,0.8796173334121704,0.8682252764701843,341,E1_addition
97,15,addition,unembed,5,0.9853839874267578,0.9718384742736816,341,E1_addition
97,15,addition,unembed,6,0.9989370107650756,0.9845908284187316,341,E1_addition
97,15,addition,unembed,8,1.0,0.9876018166542052,341,E1_addition
97,15,addition,unembed,10,1.0,0.9876018166542052,341,E1_addition
97,15,addition,unembed,12,1.0,0.9876018166542052,341,E1_addition
97,15,addition,unembed,16,1.0,0.9876018166542052,341,E1_addition
97,15,addition,unembed,23,1.0,0.9876018166542052,341,E1_addition
97,16,addition,embedding,2,0.0252458155155181,0.0240878500044345,341,E1_addition
97,16,addition,embedding,3,0.6407122015953064,0.6075097322463989,341,E1_addition
97,16,addition,embedding,4,0.9311719536781312,0.9140984416007996,341,E1_addition
97,16,addition,embedding,5,0.9981397986412048,0.9876018166542052,341,E1_addition
97,16,addition,embedding,6,1.0,0.989727258682251,341,E1_addition
97,16,addition,embedding,8,1.0,0.989727258682251,341,E1_addition
97,16,addition,embedding,10,1.0,0.989727258682251,341,E1_addition
97,16,addition,embedding,12,1.0,0.989727258682251,341,E1_addition
97,16,addition,embedding,16,1.0,0.989727258682251,341,E1_addition
97,16,addition,embedding,23,1.0,0.989727258682251,341,E1_addition
97,16,addition,attention,2,0.0100983260199427,0.0086787100881338,341,E1_addition
97,16,addition,attention,3,0.0122242895886302,0.0150549057871103,341,E1_addition
97,16,addition,attention,4,0.2117991000413894,0.211122915148735,341,E1_addition
97,16,addition,attention,5,0.1761892139911651,0.1686149537563324,341,E1_addition
97,16,addition,attention,6,1.0,0.986893355846405,341,E1_addition
97,16,addition,attention,8,1.0,0.989727258682251,341,E1_addition
97,16,addition,attention,10,1.0,0.989727258682251,341,E1_addition
97,16,addition,attention,12,1.0,0.989727258682251,341,E1_addition
97,16,addition,attention,16,1.0,0.989727258682251,341,E1_addition
97,16,addition,attention,23,1.0,0.989727258682251,341,E1_addition
97,16,addition,mlp,2,0.0207281429320573,0.0212539844214916,341,E1_addition
97,16,addition,mlp,3,0.3013553023338318,0.283209353685379,341,E1_addition
97,16,addition,mlp,4,0.370183378458023,0.3528161346912384,341,E1_addition
97,16,addition,mlp,5,0.4289131164550781,0.4126815497875213,341,E1_addition
97,16,addition,mlp,6,0.6425724029541016,0.6147714853286743,341,E1_addition
97,16,addition,mlp,8,1.0,0.989727258682251,341,E1_addition
97,16,addition,mlp,10,1.0,0.989727258682251,341,E1_addition
97,16,addition,mlp,12,1.0,0.989727258682251,341,E1_addition
97,16,addition,mlp,16,1.0,0.989727258682251,341,E1_addition
97,16,addition,mlp,23,1.0,0.989727258682251,341,E1_addition
97,16,addition,unembed,2,0.0077066170051693,0.0113354586064815,341,E1_addition
97,16,addition,unembed,3,0.1355301588773727,0.1298264265060424,341,E1_addition
97,16,addition,unembed,4,0.7422269582748413,0.7245837450027466,341,E1_addition
97,16,addition,unembed,5,0.9938878417015076,0.9838823676109314,341,E1_addition
97,16,addition,unembed,6,1.0,0.989372968673706,341,E1_addition
97,16,addition,unembed,8,1.0,0.989727258682251,341,E1_addition
97,16,addition,unembed,10,1.0,0.989727258682251,341,E1_addition
97,16,addition,unembed,12,1.0,0.989727258682251,341,E1_addition
97,16,addition,unembed,16,1.0,0.989727258682251,341,E1_addition
97,16,addition,unembed,23,1.0,0.989727258682251,341,E1_addition
97,17,addition,embedding,2,0.0486314110457897,0.0425079688429832,341,E1_addition
97,17,addition,embedding,3,0.2947116792201996,0.2839178144931793,341,E1_addition
97,17,addition,embedding,4,0.5423864126205444,0.5240878462791443,341,E1_addition
97,17,addition,embedding,5,0.9883071780204772,0.9798086881637572,341,E1_addition
97,17,addition,embedding,6,1.0,0.996811866760254,341,E1_addition
97,17,addition,embedding,8,1.0,0.996811866760254,341,E1_addition
97,17,addition,embedding,10,1.0,0.996811866760254,341,E1_addition
97,17,addition,embedding,12,1.0,0.996811866760254,341,E1_addition
97,17,addition,embedding,16,1.0,0.996811866760254,341,E1_addition
97,17,addition,embedding,23,1.0,0.996811866760254,341,E1_addition
97,17,addition,attention,2,0.0061121447943151,0.0053134961053729,341,E1_addition
97,17,addition,attention,3,0.1179909631609916,0.1186680793762207,341,E1_addition
97,17,addition,attention,4,0.2444857805967331,0.2437123656272888,341,E1_addition
97,17,addition,attention,5,0.9853839874267578,0.9736096262931824,341,E1_addition
97,17,addition,attention,6,1.0,0.996811866760254,341,E1_addition
97,17,addition,attention,8,1.0,0.996811866760254,341,E1_addition
97,17,addition,attention,10,1.0,0.996811866760254,341,E1_addition
97,17,addition,attention,12,1.0,0.996811866760254,341,E1_addition
97,17,addition,attention,16,1.0,0.996811866760254,341,E1_addition
97,17,addition,attention,23,1.0,0.996811866760254,341,E1_addition
97,17,addition,mlp,2,0.0244485791772604,0.0228480342775583,341,E1_addition
97,17,addition,mlp,3,0.0799893736839294,0.0735033676028251,341,E1_addition
97,17,addition,mlp,4,0.1629019379615783,0.1679064780473709,341,E1_addition
97,17,addition,mlp,5,0.3962264060974121,0.4045341908931732,341,E1_addition
97,17,addition,mlp,6,0.9194791316986084,0.9082536101341248,341,E1_addition
97,17,addition,mlp,8,1.0,0.996811866760254,341,E1_addition
97,17,addition,mlp,10,1.0,0.996811866760254,341,E1_addition
97,17,addition,mlp,12,1.0,0.996811866760254,341,E1_addition
97,17,addition,mlp,16,1.0,0.996811866760254,341,E1_addition
97,17,addition,mlp,23,1.0,0.996811866760254,341,E1_addition
97,17,addition,unembed,2,0.0725485011935234,0.0690754503011703,341,E1_addition
97,17,addition,unembed,3,0.516343355178833,0.5157633423805237,341,E1_addition
97,17,addition,unembed,4,0.7047568559646606,0.6946510672569275,341,E1_addition
97,17,addition,unembed,5,0.8878554105758667,0.8827488422393799,341,E1_addition
97,17,addition,unembed,6,0.995482325553894,0.990612804889679,341,E1_addition
97,17,addition,unembed,8,1.0,0.996811866760254,341,E1_addition
97,17,addition,unembed,10,1.0,0.996811866760254,341,E1_addition
97,17,addition,unembed,12,1.0,0.996811866760254,341,E1_addition
97,17,addition,unembed,16,1.0,0.996811866760254,341,E1_addition
97,17,addition,unembed,23,1.0,0.996811866760254,341,E1_addition
97,18,addition,embedding,2,0.1437682658433914,0.1445270925760269,341,E1_addition
97,18,addition,embedding,3,0.4057932496070862,0.4156925082206726,341,E1_addition
97,18,addition,embedding,4,0.9186819195747375,0.9077222943305968,341,E1_addition
97,18,addition,embedding,5,1.0,1.0,341,E1_addition
97,18,addition,embedding,6,1.0,1.0,341,E1_addition
97,18,addition,embedding,8,1.0,1.0,341,E1_addition
97,18,addition,embedding,10,1.0,1.0,341,E1_addition
97,18,addition,embedding,12,1.0,1.0,341,E1_addition
97,18,addition,embedding,16,1.0,1.0,341,E1_addition
97,18,addition,embedding,23,1.0,1.0,341,E1_addition
97,18,addition,attention,2,0.0193994157016277,0.0184201207011938,341,E1_addition
97,18,addition,attention,3,0.1155992597341537,0.1161884516477584,341,E1_addition
97,18,addition,attention,4,0.1469572186470031,0.1457669138908386,341,E1_addition
97,18,addition,attention,5,0.6481530666351318,0.6321289539337158,341,E1_addition
97,18,addition,attention,6,0.8033484220504761,0.8019837141036987,341,E1_addition
97,18,addition,attention,8,1.0,1.0,341,E1_addition
97,18,addition,attention,10,1.0,1.0,341,E1_addition
97,18,addition,attention,12,1.0,1.0,341,E1_addition
97,18,addition,attention,16,1.0,1.0,341,E1_addition
97,18,addition,attention,23,1.0,1.0,341,E1_addition
97,18,addition,mlp,2,0.1286207884550094,0.1284094899892807,341,E1_addition
97,18,addition,mlp,3,0.6372575163841248,0.6447042226791382,341,E1_addition
97,18,addition,mlp,4,0.9938878417015076,0.9945093989372252,341,E1_addition
97,18,addition,mlp,5,1.0,1.0,341,E1_addition
97,18,addition,mlp,6,1.0,1.0,341,E1_addition
97,18,addition,mlp,8,1.0,1.0,341,E1_addition
97,18,addition,mlp,10,1.0,1.0,341,E1_addition
97,18,addition,mlp,12,1.0,1.0,341,E1_addition
97,18,addition,mlp,16,1.0,1.0,341,E1_addition
97,18,addition,mlp,23,1.0,1.0,341,E1_addition
97,18,addition,unembed,2,0.0257773045450449,0.0301098115742206,341,E1_addition
97,18,addition,unembed,3,0.3337762355804443,0.3214665353298187,341,E1_addition
97,18,addition,unembed,4,0.9000797271728516,0.8958554863929749,341,E1_addition
97,18,addition,unembed,5,0.9997342824935912,0.9996457695961,341,E1_addition
97,18,addition,unembed,6,1.0,1.0,341,E1_addition
97,18,addition,unembed,8,1.0,1.0,341,E1_addition
97,18,addition,unembed,10,1.0,1.0,341,E1_addition
97,18,addition,unembed,12,1.0,1.0,341,E1_addition
97,18,addition,unembed,16,1.0,1.0,341,E1_addition
97,18,addition,unembed,23,1.0,1.0,341,E1_addition
97,19,addition,embedding,2,0.0300292316824197,0.0228480342775583,341,E1_addition
97,19,addition,embedding,3,0.1631676852703094,0.1659581959247589,341,E1_addition
97,19,addition,embedding,4,0.995482325553894,0.9831739068031312,341,E1_addition
97,19,addition,embedding,5,1.0,0.9900814890861512,341,E1_addition
97,19,addition,embedding,6,1.0,0.9907899498939514,341,E1_addition
97,19,addition,embedding,8,1.0,0.9907899498939514,341,E1_addition
97,19,addition,embedding,10,1.0,0.9909670352935792,341,E1_addition
97,19,addition,embedding,12,1.0,0.9911441802978516,341,E1_addition
97,19,addition,embedding,16,1.0,0.9911441802978516,341,E1_addition
97,19,addition,embedding,23,1.0,0.9911441802978516,341,E1_addition
97,19,addition,attention,2,0.0100983260199427,0.0081473607569932,341,E1_addition
97,19,addition,attention,3,0.0340154133737087,0.0294013451784849,341,E1_addition
97,19,addition,attention,4,0.488440066576004,0.4608572423458099,341,E1_addition
97,19,addition,attention,5,0.630082368850708,0.6138859391212463,341,E1_addition
97,19,addition,attention,6,0.9612011909484864,0.9399574995040894,341,E1_addition
97,19,addition,attention,8,1.0,0.9911441802978516,341,E1_addition
97,19,addition,attention,10,1.0,0.9907899498939514,341,E1_addition
97,19,addition,attention,12,1.0,0.9907899498939514,341,E1_addition
97,19,addition,attention,16,1.0,0.9911441802978516,341,E1_addition
97,19,addition,attention,23,1.0,0.9911441802978516,341,E1_addition
97,19,addition,mlp,2,0.0457082130014896,0.0462274178862571,341,E1_addition
97,19,addition,mlp,3,0.1158649995923042,0.1241586953401565,341,E1_addition
97,19,addition,mlp,4,0.8639383316040039,0.8466170430183411,341,E1_addition
97,19,addition,mlp,5,1.0,0.9895501136779784,341,E1_addition
97,19,addition,mlp,6,1.0,0.9911441802978516,341,E1_addition
97,19,addition,mlp,8,1.0,0.9911441802978516,341,E1_addition
97,19,addition,mlp,10,1.0,0.9911441802978516,341,E1_addition
97,19,addition,mlp,12,1.0,0.9911441802978516,341,E1_addition
97,19,addition,mlp,16,1.0,0.9911441802978516,341,E1_addition
97,19,addition,mlp,23,1.0,0.9911441802978516,341,E1_addition
97,19,addition,unembed,2,0.0611214451491832,0.0603967420756816,341,E1_addition
97,19,addition,unembed,3,0.6776508092880249,0.6663123965263367,341,E1_addition
97,19,addition,unembed,4,0.9707680344581604,0.9537725448608398,341,E1_addition
97,19,addition,unembed,5,1.0,0.989727258682251,341,E1_addition
97,19,addition,unembed,6,1.0,0.9911441802978516,341,E1_addition
97,19,addition,unembed,8,1.0,0.9911441802978516,341,E1_addition
97,19,addition,unembed,10,1.0,0.9911441802978516,341,E1_addition
97,19,addition,unembed,12,1.0,0.9911441802978516,341,E1_addition
97,19,addition,unembed,16,1.0,0.9911441802978516,341,E1_addition
97,19,addition,unembed,23,1.0,0.9911441802978516,341,E1_addition
97,20,addition,embedding,2,0.1639649271965026,0.1478923112154007,341,E1_addition
97,20,addition,embedding,3,0.4105766713619232,0.4071909189224243,341,E1_addition
97,20,addition,embedding,4,0.9885729551315308,0.9835281372070312,341,E1_addition
97,20,addition,embedding,5,1.0,0.9982288479804992,341,E1_addition
97,20,addition,embedding,6,1.0,0.9982288479804992,341,E1_addition
97,20,addition,embedding,8,1.0,0.9982288479804992,341,E1_addition
97,20,addition,embedding,10,1.0,0.9982288479804992,341,E1_addition
97,20,addition,embedding,12,1.0,0.9982288479804992,341,E1_addition
97,20,addition,embedding,16,1.0,0.9982288479804992,341,E1_addition
97,20,addition,embedding,23,1.0,0.9982288479804992,341,E1_addition
97,20,addition,attention,2,0.0098325805738568,0.0116896918043494,341,E1_addition
97,20,addition,attention,3,0.044113740324974,0.0417995043098926,341,E1_addition
97,20,addition,attention,4,0.3813446760177612,0.3871767520904541,341,E1_addition
97,20,addition,attention,5,0.9888386726379396,0.9808713793754578,341,E1_addition
97,20,addition,attention,6,1.0,0.9982288479804992,341,E1_addition
97,20,addition,attention,8,1.0,0.9982288479804992,341,E1_addition
97,20,addition,attention,10,1.0,0.9982288479804992,341,E1_addition
97,20,addition,attention,12,1.0,0.9982288479804992,341,E1_addition
97,20,addition,attention,16,1.0,0.9982288479804992,341,E1_addition
97,20,addition,attention,23,1.0,0.9982288479804992,341,E1_addition
97,20,addition,mlp,2,0.0055806539021432,0.0046050301752984,341,E1_addition
97,20,addition,mlp,3,0.3515811860561371,0.3537017405033111,341,E1_addition
97,20,addition,mlp,4,0.5710868835449219,0.5625221133232117,341,E1_addition
97,20,addition,mlp,5,0.9734254479408264,0.9583775997161864,341,E1_addition
97,20,addition,mlp,6,0.9989370107650756,0.995926320552826,341,E1_addition
97,20,addition,mlp,8,1.0,0.9982288479804992,341,E1_addition
97,20,addition,mlp,10,1.0,0.9982288479804992,341,E1_addition
97,20,addition,mlp,12,1.0,0.9982288479804992,341,E1_addition
97,20,addition,mlp,16,1.0,0.9982288479804992,341,E1_addition
97,20,addition,mlp,23,1.0,0.9982288479804992,341,E1_addition
97,20,addition,unembed,2,0.0427850112318992,0.0495926328003406,341,E1_addition
97,20,addition,unembed,3,0.1846930682659149,0.1879206448793411,341,E1_addition
97,20,addition,unembed,4,0.6914695501327515,0.6808359622955322,341,E1_addition
97,20,addition,unembed,5,0.969173550605774,0.9670563340187072,341,E1_addition
97,20,addition,unembed,6,1.0,0.9975203275680542,341,E1_addition
97,20,addition,unembed,8,1.0,0.9982288479804992,341,E1_addition
97,20,addition,unembed,10,1.0,0.9982288479804992,341,E1_addition
97,20,addition,unembed,12,1.0,0.9982288479804992,341,E1_addition
97,20,addition,unembed,16,1.0,0.9982288479804992,341,E1_addition
97,20,addition,unembed,23,1.0,0.9982288479804992,341,E1_addition
97,21,addition,embedding,2,0.0186021793633699,0.021608218550682,341,E1_addition
97,21,addition,embedding,3,0.5248472094535828,0.498583048582077,341,E1_addition
97,21,addition,embedding,4,0.9957481026649476,0.9929153323173524,341,E1_addition
97,21,addition,embedding,5,1.0,0.9987601637840272,341,E1_addition
97,21,addition,embedding,6,1.0,0.9987601637840272,341,E1_addition
97,21,addition,embedding,8,1.0,0.9987601637840272,341,E1_addition
97,21,addition,embedding,10,1.0,0.9987601637840272,341,E1_addition
97,21,addition,embedding,12,1.0,0.9987601637840272,341,E1_addition
97,21,addition,embedding,16,1.0,0.9987601637840272,341,E1_addition
97,21,addition,embedding,23,1.0,0.9987601637840272,341,E1_addition
97,21,addition,attention,2,0.0026574542280286,0.0012398157268762,341,E1_addition
97,21,addition,attention,3,0.0082381078973412,0.0095642935484647,341,E1_addition
97,21,addition,attention,4,0.2317299991846084,0.2203329801559448,341,E1_addition
97,21,addition,attention,5,0.9851182699203492,0.9759121537208556,341,E1_addition
97,21,addition,attention,6,1.0,0.9987601637840272,341,E1_addition
97,21,addition,attention,8,1.0,0.9987601637840272,341,E1_addition
97,21,addition,attention,10,1.0,0.9987601637840272,341,E1_addition
97,21,addition,attention,12,1.0,0.9987601637840272,341,E1_addition
97,21,addition,attention,16,1.0,0.9987601637840272,341,E1_addition
97,21,addition,attention,23,1.0,0.9987601637840272,341,E1_addition
97,21,addition,mlp,2,0.0162104703485965,0.0164718385785818,341,E1_addition
97,21,addition,mlp,3,0.0409247949719429,0.0442791357636451,341,E1_addition
97,21,addition,mlp,4,0.1458942294120788,0.1631243377923965,341,E1_addition
97,21,addition,mlp,5,0.5168748497962952,0.5221395492553711,341,E1_addition
97,21,addition,mlp,6,0.849056601524353,0.8296138644218445,341,E1_addition
97,21,addition,mlp,8,1.0,0.998405933380127,341,E1_addition
97,21,addition,mlp,10,1.0,0.9987601637840272,341,E1_addition
97,21,addition,mlp,12,1.0,0.9987601637840272,341,E1_addition
97,21,addition,mlp,16,1.0,0.9987601637840272,341,E1_addition
97,21,addition,mlp,23,1.0,0.9987601637840272,341,E1_addition
97,21,addition,unembed,2,0.137124627828598,0.1342543363571167,341,E1_addition
97,21,addition,unembed,3,0.7990964651107788,0.7856889963150024,341,E1_addition
97,21,addition,unembed,4,0.9957481026649476,0.9955720901489258,341,E1_addition
97,21,addition,unembed,5,1.0,0.9987601637840272,341,E1_addition
97,21,addition,unembed,6,1.0,0.998405933380127,341,E1_addition
97,21,addition,unembed,8,1.0,0.9987601637840272,341,E1_addition
97,21,addition,unembed,10,1.0,0.9987601637840272,341,E1_addition
97,21,addition,unembed,12,1.0,0.9987601637840272,341,E1_addition
97,21,addition,unembed,16,1.0,0.9987601637840272,341,E1_addition
97,21,addition,unembed,23,1.0,0.9987601637840272,341,E1_addition
97,22,addition,embedding,2,0.1092213690280914,0.1007793098688125,341,E1_addition
97,22,addition,embedding,3,0.3279298543930053,0.3177470862865448,341,E1_addition
97,22,addition,embedding,4,0.9569492340087892,0.9374778270721436,341,E1_addition
97,22,addition,embedding,5,0.9492426514625548,0.9293304681777954,341,E1_addition
97,22,addition,embedding,6,0.9327664375305176,0.911795973777771,341,E1_addition
97,22,addition,embedding,8,0.9529630541801452,0.9296846985816956,341,E1_addition
97,22,addition,embedding,10,0.9524315595626832,0.9293304681777954,341,E1_addition
97,22,addition,embedding,12,0.9526973366737366,0.929861843585968,341,E1_addition
97,22,addition,embedding,16,0.9526973366737366,0.9300389289855956,341,E1_addition
97,22,addition,embedding,23,0.9526973366737366,0.9300389289855956,341,E1_addition
97,22,addition,attention,2,0.0119585441425442,0.0104498760774731,341,E1_addition
97,22,addition,attention,3,0.2761094868183136,0.2587672770023346,341,E1_addition
97,22,addition,attention,4,0.5325537919998169,0.5148777961730957,341,E1_addition
97,22,addition,attention,5,0.8602179288864136,0.8297910094261169,341,E1_addition
97,22,addition,attention,6,0.964655876159668,0.9468650221824646,341,E1_addition
97,22,addition,attention,8,0.947382390499115,0.9259652495384216,341,E1_addition
97,22,addition,attention,10,0.9529630541801452,0.929507613182068,341,E1_addition
97,22,addition,attention,12,0.9526973366737366,0.9291533827781676,341,E1_addition
97,22,addition,attention,16,0.9526973366737366,0.9302160739898682,341,E1_addition
97,22,addition,attention,23,0.9526973366737366,0.9300389289855956,341,E1_addition
97,22,addition,mlp,2,0.0023917087819427,0.0026567480526864,341,E1_addition
97,22,addition,mlp,3,0.0574010089039802,0.0536663122475147,341,E1_addition
97,22,addition,mlp,4,0.4507042169570923,0.4303931891918182,341,E1_addition
97,22,addition,mlp,5,0.6066967844963074,0.5641161799430847,341,E1_addition
97,22,addition,mlp,6,0.9577465057373048,0.940134584903717,341,E1_addition
97,22,addition,mlp,8,0.9457879662513732,0.9215373396873474,341,E1_addition
97,22,addition,mlp,10,0.9503056406974792,0.9268508553504944,341,E1_addition
97,22,addition,mlp,12,0.9529630541801452,0.929861843585968,341,E1_addition
97,22,addition,mlp,16,0.9526973366737366,0.9300389289855956,341,E1_addition
97,22,addition,mlp,23,0.9526973366737366,0.9300389289855956,341,E1_addition
97,22,addition,unembed,2,0.0215253792703151,0.0221395678818225,341,E1_addition
97,22,addition,unembed,3,0.0922136604785919,0.0878498032689094,341,E1_addition
97,22,addition,unembed,4,0.3933032155036926,0.3799149692058563,341,E1_addition
97,22,addition,unembed,5,0.7807600498199463,0.7642578482627869,341,E1_addition
97,22,addition,unembed,6,0.929311752319336,0.9073680639266968,341,E1_addition
97,22,addition,unembed,8,0.9489768743515016,0.9284449219703674,341,E1_addition
97,22,addition,unembed,10,0.9508370757102966,0.9284449219703674,341,E1_addition
97,22,addition,unembed,12,0.9534945487976074,0.9296846985816956,341,E1_addition
97,22,addition,unembed,16,0.9526973366737366,0.929861843585968,341,E1_addition
97,22,addition,unembed,23,0.9526973366737366,0.9300389289855956,341,E1_addition
97,23,addition,embedding,2,0.0249800700694322,0.0233793836086988,341,E1_addition
97,23,addition,embedding,3,0.574807345867157,0.5667729377746582,341,E1_addition
97,23,addition,embedding,4,0.9593409299850464,0.9488133192062378,341,E1_addition
97,23,addition,embedding,5,0.994153618812561,0.991852641105652,341,E1_addition
97,23,addition,embedding,6,1.0,0.9975203275680542,341,E1_addition
97,23,addition,embedding,8,1.0,0.9975203275680542,341,E1_addition
97,23,addition,embedding,10,1.0,0.9975203275680542,341,E1_addition
97,23,addition,embedding,12,1.0,0.9975203275680542,341,E1_addition
97,23,addition,embedding,16,1.0,0.9975203275680542,341,E1_addition
97,23,addition,embedding,23,1.0,0.9975203275680542,341,E1_addition
97,23,addition,attention,2,0.0108955623582005,0.0111583424732089,341,E1_addition
97,23,addition,attention,3,0.040393304079771,0.0396741032600402,341,E1_addition
97,23,addition,attention,4,0.1836300790309906,0.1824300438165664,341,E1_addition
97,23,addition,attention,5,0.8602179288864136,0.8609635233879089,341,E1_addition
97,23,addition,attention,6,1.0,0.9975203275680542,341,E1_addition
97,23,addition,attention,8,1.0,0.9975203275680542,341,E1_addition
97,23,addition,attention,10,1.0,0.9975203275680542,341,E1_addition
97,23,addition,attention,12,1.0,0.9975203275680542,341,E1_addition
97,23,addition,attention,16,1.0,0.9975203275680542,341,E1_addition
97,23,addition,attention,23,1.0,0.9975203275680542,341,E1_addition
97,23,addition,mlp,2,0.0473026856780052,0.0474672317504882,341,E1_addition
97,23,addition,mlp,3,0.0324209406971931,0.0341834910213947,341,E1_addition
97,23,addition,mlp,4,0.1884135007858276,0.2008501589298248,341,E1_addition
97,23,addition,mlp,5,0.5588626265525818,0.5543747544288635,341,E1_addition
97,23,addition,mlp,6,0.9989370107650756,0.994686484336853,341,E1_addition
97,23,addition,mlp,8,1.0,0.9975203275680542,341,E1_addition
97,23,addition,mlp,10,1.0,0.9975203275680542,341,E1_addition
97,23,addition,mlp,12,1.0,0.9975203275680542,341,E1_addition
97,23,addition,mlp,16,1.0,0.9975203275680542,341,E1_addition
97,23,addition,mlp,23,1.0,0.9975203275680542,341,E1_addition
97,23,addition,unembed,2,0.0826468244194984,0.0913921371102333,341,E1_addition
97,23,addition,unembed,3,0.5402604341506958,0.5175345540046692,341,E1_addition
97,23,addition,unembed,4,0.8065373301506042,0.7961388230323792,341,E1_addition
97,23,addition,unembed,5,0.9189476370811462,0.9091392159461976,341,E1_addition
97,23,addition,unembed,6,1.0,0.997166097164154,341,E1_addition
97,23,addition,unembed,8,1.0,0.9975203275680542,341,E1_addition
97,23,addition,unembed,10,1.0,0.9975203275680542,341,E1_addition
97,23,addition,unembed,12,1.0,0.9975203275680542,341,E1_addition
97,23,addition,unembed,16,1.0,0.9975203275680542,341,E1_addition
97,23,addition,unembed,23,1.0,0.9975203275680542,341,E1_addition
97,24,addition,embedding,2,0.0148817431181669,0.0219624508172273,341,E1_addition
97,24,addition,embedding,3,0.3157055675983429,0.3179242014884949,341,E1_addition
97,24,addition,embedding,4,0.9123040437698364,0.9123272895812988,341,E1_addition
97,24,addition,embedding,5,0.9997342824935912,0.9966347813606262,341,E1_addition
97,24,addition,embedding,6,1.0,0.9966347813606262,341,E1_addition
97,24,addition,embedding,8,1.0,0.9976974725723268,341,E1_addition
97,24,addition,embedding,10,1.0,0.9976974725723268,341,E1_addition
97,24,addition,embedding,12,1.0,0.9976974725723268,341,E1_addition
97,24,addition,embedding,16,1.0,0.9976974725723268,341,E1_addition
97,24,addition,embedding,23,1.0,0.9976974725723268,341,E1_addition
97,24,addition,attention,2,0.0058463993482291,0.0053134961053729,341,E1_addition
97,24,addition,attention,3,0.3300558030605316,0.320758044719696,341,E1_addition
97,24,addition,attention,4,0.775179386138916,0.7663832902908325,341,E1_addition
97,24,addition,attention,5,0.9829922914505004,0.9752036929130554,341,E1_addition
97,24,addition,attention,6,1.0,0.9976974725723268,341,E1_addition
97,24,addition,attention,8,1.0,0.9976974725723268,341,E1_addition
97,24,addition,attention,10,1.0,0.9976974725723268,341,E1_addition
97,24,addition,attention,12,1.0,0.9976974725723268,341,E1_addition
97,24,addition,attention,16,1.0,0.9976974725723268,341,E1_addition
97,24,addition,attention,23,1.0,0.9976974725723268,341,E1_addition
97,24,addition,mlp,2,0.0382673405110836,0.0348919592797756,341,E1_addition
97,24,addition,mlp,3,0.1931969225406646,0.1824300438165664,341,E1_addition
97,24,addition,mlp,4,0.2981663644313812,0.3039319813251495,341,E1_addition
97,24,addition,mlp,5,0.8570289611816406,0.8446688055992126,341,E1_addition
97,24,addition,mlp,6,0.998671293258667,0.9929153323173524,341,E1_addition
97,24,addition,mlp,8,1.0,0.9976974725723268,341,E1_addition
97,24,addition,mlp,10,1.0,0.9976974725723268,341,E1_addition
97,24,addition,mlp,12,1.0,0.9976974725723268,341,E1_addition
97,24,addition,mlp,16,1.0,0.9976974725723268,341,E1_addition
97,24,addition,mlp,23,1.0,0.9976974725723268,341,E1_addition
97,24,addition,unembed,2,0.0438479930162429,0.0412681549787521,341,E1_addition
97,24,addition,unembed,3,0.2792984247207641,0.2849805057048797,341,E1_addition
97,24,addition,unembed,4,0.6625033020973206,0.6624158620834351,341,E1_addition
97,24,addition,unembed,5,0.9418017864227296,0.9252567887306212,341,E1_addition
97,24,addition,unembed,6,0.9914961457252502,0.9865391254425048,341,E1_addition
97,24,addition,unembed,8,0.9997342824935912,0.9975203275680542,341,E1_addition
97,24,addition,unembed,10,1.0,0.9976974725723268,341,E1_addition
97,24,addition,unembed,12,1.0,0.9976974725723268,341,E1_addition
97,24,addition,unembed,16,1.0,0.9976974725723268,341,E1_addition
97,24,addition,unembed,23,1.0,0.9976974725723268,341,E1_addition
97,25,addition,embedding,2,0.0058463993482291,0.0065533118322491,341,E1_addition
97,25,addition,embedding,3,0.0656391158699989,0.0621679052710533,341,E1_addition
97,25,addition,embedding,4,0.3390911519527435,0.3156216740608215,341,E1_addition
97,25,addition,embedding,5,0.4746213257312774,0.4226000607013702,341,E1_addition
97,25,addition,embedding,6,0.9997342824935912,0.9787459969520568,341,E1_addition
97,25,addition,embedding,8,1.0,0.9810485243797302,341,E1_addition
97,25,addition,embedding,10,1.0,0.981579840183258,341,E1_addition
97,25,addition,embedding,12,1.0,0.981579840183258,341,E1_addition
97,25,addition,embedding,16,1.0,0.981579840183258,341,E1_addition
97,25,addition,embedding,23,1.0,0.981579840183258,341,E1_addition
97,25,addition,attention,2,0.0055806539021432,0.0021253984887152,341,E1_addition
97,25,addition,attention,3,0.0021259633358567,0.0024796314537525,341,E1_addition
97,25,addition,attention,4,0.7092745304107666,0.6898689270019531,341,E1_addition
97,25,addition,attention,5,0.7629550695419312,0.7433581352233887,341,E1_addition
97,25,addition,attention,6,1.0,0.9799858331680298,341,E1_addition
97,25,addition,attention,8,1.0,0.9810485243797302,341,E1_addition
97,25,addition,attention,10,1.0,0.981579840183258,341,E1_addition
97,25,addition,attention,12,1.0,0.981579840183258,341,E1_addition
97,25,addition,attention,16,1.0,0.981579840183258,341,E1_addition
97,25,addition,attention,23,1.0,0.981579840183258,341,E1_addition
97,25,addition,mlp,2,0.0127557795494794,0.0122210411354899,341,E1_addition
97,25,addition,mlp,3,0.1841615736484527,0.1879206448793411,341,E1_addition
97,25,addition,mlp,4,0.7746478915214539,0.7532766461372375,341,E1_addition
97,25,addition,mlp,5,0.9970768094062804,0.9780375361442566,341,E1_addition
97,25,addition,mlp,6,1.0,0.9798086881637572,341,E1_addition
97,25,addition,mlp,8,1.0,0.981579840183258,341,E1_addition
97,25,addition,mlp,10,1.0,0.981579840183258,341,E1_addition
97,25,addition,mlp,12,1.0,0.981579840183258,341,E1_addition
97,25,addition,mlp,16,1.0,0.981579840183258,341,E1_addition
97,25,addition,mlp,23,1.0,0.981579840183258,341,E1_addition
97,25,addition,unembed,2,0.126494824886322,0.1230959966778755,341,E1_addition
97,25,addition,unembed,3,0.6590486168861389,0.6418703198432922,341,E1_addition
97,25,addition,unembed,4,0.92479407787323,0.9153382778167723,341,E1_addition
97,25,addition,unembed,5,0.9994685053825378,0.9796316027641296,341,E1_addition
97,25,addition,unembed,6,1.0,0.98069429397583,341,E1_addition
97,25,addition,unembed,8,1.0,0.9808713793754578,341,E1_addition
97,25,addition,unembed,10,1.0,0.9810485243797302,341,E1_addition
97,25,addition,unembed,12,1.0,0.981579840183258,341,E1_addition
97,25,addition,unembed,16,1.0,0.981579840183258,341,E1_addition
97,25,addition,unembed,23,1.0,0.981579840183258,341,E1_addition
97,26,addition,embedding,2,0.0186021793633699,0.0171803049743175,341,E1_addition
97,26,addition,embedding,3,0.8947648406028748,0.8749557137489319,341,E1_addition
97,26,addition,embedding,4,0.9973425269126892,0.9939780235290528,341,E1_addition
97,26,addition,embedding,5,1.0,0.996280550956726,341,E1_addition
97,26,addition,embedding,6,1.0,0.9966347813606262,341,E1_addition
97,26,addition,embedding,8,1.0,0.9966347813606262,341,E1_addition
97,26,addition,embedding,10,1.0,0.9966347813606262,341,E1_addition
97,26,addition,embedding,12,1.0,0.9966347813606262,341,E1_addition
97,26,addition,embedding,16,1.0,0.9966347813606262,341,E1_addition
97,26,addition,embedding,23,1.0,0.9966347813606262,341,E1_addition
97,26,addition,attention,2,0.0087695987895131,0.0083244778215885,341,E1_addition
97,26,addition,attention,3,0.099920280277729,0.0910378992557525,341,E1_addition
97,26,addition,attention,4,0.976348638534546,0.967233419418335,341,E1_addition
97,26,addition,attention,5,0.9997342824935912,0.9964576363563538,341,E1_addition
97,26,addition,attention,6,1.0,0.9966347813606262,341,E1_addition
97,26,addition,attention,8,1.0,0.9966347813606262,341,E1_addition
97,26,addition,attention,10,1.0,0.9966347813606262,341,E1_addition
97,26,addition,attention,12,1.0,0.9966347813606262,341,E1_addition
97,26,addition,attention,16,1.0,0.9966347813606262,341,E1_addition
97,26,addition,attention,23,1.0,0.9966347813606262,341,E1_addition
97,26,addition,mlp,2,0.0114270532503724,0.0086787100881338,341,E1_addition
97,26,addition,mlp,3,0.047834176570177,0.0437477864325046,341,E1_addition
97,26,addition,mlp,4,0.1368588954210281,0.1307120025157928,341,E1_addition
97,26,addition,mlp,5,0.7387722730636597,0.7251151204109192,341,E1_addition
97,26,addition,mlp,6,0.996811032295227,0.9858306646347046,341,E1_addition
97,26,addition,mlp,8,1.0,0.9969890117645264,341,E1_addition
97,26,addition,mlp,10,1.0,0.9966347813606262,341,E1_addition
97,26,addition,mlp,12,1.0,0.9966347813606262,341,E1_addition
97,26,addition,mlp,16,1.0,0.9966347813606262,341,E1_addition
97,26,addition,mlp,23,1.0,0.9966347813606262,341,E1_addition
97,26,addition,unembed,2,0.1153335124254226,0.1232731118798255,341,E1_addition
97,26,addition,unembed,3,0.853574275970459,0.8453772664070129,341,E1_addition
97,26,addition,unembed,4,0.9776774048805236,0.9668791890144348,341,E1_addition
97,26,addition,unembed,5,0.998671293258667,0.9953949451446532,341,E1_addition
97,26,addition,unembed,6,0.9997342824935912,0.9957491755485536,341,E1_addition
97,26,addition,unembed,8,1.0,0.9966347813606262,341,E1_addition
97,26,addition,unembed,10,1.0,0.9966347813606262,341,E1_addition
97,26,addition,unembed,12,1.0,0.9966347813606262,341,E1_addition
97,26,addition,unembed,16,1.0,0.9966347813606262,341,E1_addition
97,26,addition,unembed,23,1.0,0.9966347813606262,341,E1_addition
97,27,addition,embedding,2,0.0417220294475555,0.0449876002967357,341,E1_addition
97,27,addition,embedding,3,0.3058729767799377,0.3057031631469726,341,E1_addition
97,27,addition,embedding,4,0.941536009311676,0.9302160739898682,341,E1_addition
97,27,addition,embedding,5,1.0,0.9943322539329528,341,E1_addition
97,27,addition,embedding,6,1.0,0.9943322539329528,341,E1_addition
97,27,addition,embedding,8,1.0,0.9943322539329528,341,E1_addition
97,27,addition,embedding,10,1.0,0.9943322539329528,341,E1_addition
97,27,addition,embedding,12,1.0,0.9943322539329528,341,E1_addition
97,27,addition,embedding,16,1.0,0.9943322539329528,341,E1_addition
97,27,addition,embedding,23,1.0,0.9943322539329528,341,E1_addition
97,27,addition,attention,2,0.0066436352208256,0.004959262907505,341,E1_addition
97,27,addition,attention,3,0.0223226156085729,0.0203684028238058,341,E1_addition
97,27,addition,attention,4,0.1583842635154724,0.1594048887491226,341,E1_addition
97,27,addition,attention,5,0.2723890542984009,0.2667375206947326,341,E1_addition
97,27,addition,attention,6,0.996811032295227,0.9883102774620056,341,E1_addition
97,27,addition,attention,8,1.0,0.9943322539329528,341,E1_addition
97,27,addition,attention,10,1.0,0.9943322539329528,341,E1_addition
97,27,addition,attention,12,1.0,0.9943322539329528,341,E1_addition
97,27,addition,attention,16,1.0,0.9943322539329528,341,E1_addition
97,27,addition,attention,23,1.0,0.9943322539329528,341,E1_addition
97,27,addition,mlp,2,0.0345469042658805,0.0304640457034111,341,E1_addition
97,27,addition,mlp,3,0.5298963785171509,0.5185972452163696,341,E1_addition
97,27,addition,mlp,4,0.9978740215301514,0.9861848950386048,341,E1_addition
97,27,addition,mlp,5,1.0,0.9943322539329528,341,E1_addition
97,27,addition,mlp,6,1.0,0.9943322539329528,341,E1_addition
97,27,addition,mlp,8,1.0,0.9943322539329528,341,E1_addition
97,27,addition,mlp,10,1.0,0.9943322539329528,341,E1_addition
97,27,addition,mlp,12,1.0,0.9943322539329528,341,E1_addition
97,27,addition,mlp,16,1.0,0.9943322539329528,341,E1_addition
97,27,addition,mlp,23,1.0,0.9943322539329528,341,E1_addition
97,27,addition,unembed,2,0.0775976628065109,0.0885582715272903,341,E1_addition
97,27,addition,unembed,3,0.3816104233264923,0.3629117906093597,341,E1_addition
97,27,addition,unembed,4,0.8434759378433228,0.8390010595321655,341,E1_addition
97,27,addition,unembed,5,1.0,0.9941551685333252,341,E1_addition
97,27,addition,unembed,6,1.0,0.9943322539329528,341,E1_addition
97,27,addition,unembed,8,1.0,0.9943322539329528,341,E1_addition
97,27,addition,unembed,10,1.0,0.9943322539329528,341,E1_addition
97,27,addition,unembed,12,1.0,0.9943322539329528,341,E1_addition
97,27,addition,unembed,16,1.0,0.9943322539329528,341,E1_addition
97,27,addition,unembed,23,1.0,0.9943322539329528,341,E1_addition
97,28,addition,embedding,2,0.2814244031906128,0.2724052369594574,341,E1_addition
97,28,addition,embedding,3,0.9051288962364196,0.8960325717926025,341,E1_addition
97,28,addition,embedding,4,1.0,1.0,341,E1_addition
97,28,addition,embedding,5,1.0,1.0,341,E1_addition
97,28,addition,embedding,6,1.0,1.0,341,E1_addition
97,28,addition,embedding,8,1.0,1.0,341,E1_addition
97,28,addition,embedding,10,1.0,1.0,341,E1_addition
97,28,addition,embedding,12,1.0,1.0,341,E1_addition
97,28,addition,embedding,16,1.0,1.0,341,E1_addition
97,28,addition,embedding,23,1.0,1.0,341,E1_addition
97,28,addition,attention,2,0.009035344235599,0.0115125747397542,341,E1_addition
97,28,addition,attention,3,0.3980866372585296,0.3648600876331329,341,E1_addition
97,28,addition,attention,4,0.6537337303161621,0.6259298324584961,341,E1_addition
97,28,addition,attention,5,1.0,0.9996457695961,341,E1_addition
97,28,addition,attention,6,1.0,1.0,341,E1_addition
97,28,addition,attention,8,1.0,1.0,341,E1_addition
97,28,addition,attention,10,1.0,1.0,341,E1_addition
97,28,addition,attention,12,1.0,1.0,341,E1_addition
97,28,addition,attention,16,1.0,1.0,341,E1_addition
97,28,addition,attention,23,1.0,1.0,341,E1_addition
97,28,addition,mlp,2,0.0584639906883239,0.0630534887313842,341,E1_addition
97,28,addition,mlp,3,0.520861029624939,0.4991144239902496,341,E1_addition
97,28,addition,mlp,4,0.796438992023468,0.7825008630752563,341,E1_addition
97,28,addition,mlp,5,0.9144299626350404,0.9082536101341248,341,E1_addition
97,28,addition,mlp,6,1.0,0.9996457695961,341,E1_addition
97,28,addition,mlp,8,1.0,1.0,341,E1_addition
97,28,addition,mlp,10,1.0,1.0,341,E1_addition
97,28,addition,mlp,12,1.0,1.0,341,E1_addition
97,28,addition,mlp,16,1.0,1.0,341,E1_addition
97,28,addition,mlp,23,1.0,1.0,341,E1_addition
97,28,addition,unembed,2,0.0300292316824197,0.0325894430279731,341,E1_addition
97,28,addition,unembed,3,0.127292051911354,0.1248671635985374,341,E1_addition
97,28,addition,unembed,4,0.7977677583694458,0.7872830033302307,341,E1_addition
97,28,addition,unembed,5,0.931969165802002,0.9107332229614258,341,E1_addition
97,28,addition,unembed,6,1.0,0.9996457695961,341,E1_addition
97,28,addition,unembed,8,1.0,1.0,341,E1_addition
97,28,addition,unembed,10,1.0,1.0,341,E1_addition
97,28,addition,unembed,12,1.0,1.0,341,E1_addition
97,28,addition,unembed,16,1.0,1.0,341,E1_addition
97,28,addition,unembed,23,1.0,1.0,341,E1_addition
97,29,addition,embedding,2,0.0534148290753364,0.0526036135852336,341,E1_addition
97,29,addition,embedding,3,0.7504650354385376,0.7539851069450378,341,E1_addition
97,29,addition,embedding,4,0.9965453147888184,0.991852641105652,341,E1_addition
97,29,addition,embedding,5,1.0,0.9966347813606262,341,E1_addition
97,29,addition,embedding,6,1.0,0.9966347813606262,341,E1_addition
97,29,addition,embedding,8,1.0,0.9966347813606262,341,E1_addition
97,29,addition,embedding,10,1.0,0.9966347813606262,341,E1_addition
97,29,addition,embedding,12,1.0,0.9966347813606262,341,E1_addition
97,29,addition,embedding,16,1.0,0.9966347813606262,341,E1_addition
97,29,addition,embedding,23,1.0,0.9966347813606262,341,E1_addition
97,29,addition,attention,2,0.0119585441425442,0.0109812254086136,341,E1_addition
97,29,addition,attention,3,0.0674993395805358,0.0724406614899635,341,E1_addition
97,29,addition,attention,4,0.7921870946884155,0.7823237776756287,341,E1_addition
97,29,addition,attention,5,0.9989370107650756,0.992206871509552,341,E1_addition
97,29,addition,attention,6,1.0,0.9964576363563538,341,E1_addition
97,29,addition,attention,8,1.0,0.9966347813606262,341,E1_addition
97,29,addition,attention,10,1.0,0.9966347813606262,341,E1_addition
97,29,addition,attention,12,1.0,0.9966347813606262,341,E1_addition
97,29,addition,attention,16,1.0,0.9966347813606262,341,E1_addition
97,29,addition,attention,23,1.0,0.9966347813606262,341,E1_addition
97,29,addition,mlp,2,0.0167419612407684,0.0171803049743175,341,E1_addition
97,29,addition,mlp,3,0.195057138800621,0.1987247616052627,341,E1_addition
97,29,addition,mlp,4,0.2094073891639709,0.2098830938339233,341,E1_addition
97,29,addition,mlp,5,0.6152006387710571,0.6167197823524475,341,E1_addition
97,29,addition,mlp,6,0.98777574300766,0.9851222038269044,341,E1_addition
97,29,addition,mlp,8,1.0,0.9966347813606262,341,E1_addition
97,29,addition,mlp,10,1.0,0.9966347813606262,341,E1_addition
97,29,addition,mlp,12,1.0,0.9966347813606262,341,E1_addition
97,29,addition,mlp,16,1.0,0.9966347813606262,341,E1_addition
97,29,addition,mlp,23,1.0,0.9966347813606262,341,E1_addition
97,29,addition,unembed,2,0.0730799883604049,0.0742118284106254,341,E1_addition
97,29,addition,unembed,3,0.6593143939971924,0.6470067501068115,341,E1_addition
97,29,addition,unembed,4,0.9553547501564026,0.9535954594612122,341,E1_addition
97,29,addition,unembed,5,0.9989370107650756,0.9953949451446532,341,E1_addition
97,29,addition,unembed,6,1.0,0.9966347813606262,341,E1_addition
97,29,addition,unembed,8,1.0,0.9966347813606262,341,E1_addition
97,29,addition,unembed,10,1.0,0.9966347813606262,341,E1_addition
97,29,addition,unembed,12,1.0,0.9966347813606262,341,E1_addition
97,29,addition,unembed,16,1.0,0.9966347813606262,341,E1_addition
97,29,addition,unembed,23,1.0,0.9966347813606262,341,E1_addition
97,30,addition,embedding,2,0.0382673405110836,0.0363088920712471,341,E1_addition
97,30,addition,embedding,3,0.3324475288391113,0.3202266991138458,341,E1_addition
97,30,addition,embedding,4,0.716715395450592,0.7084661722183228,341,E1_addition
97,30,addition,embedding,5,1.0,0.9982288479804992,341,E1_addition
97,30,addition,embedding,6,1.0,0.9982288479804992,341,E1_addition
97,30,addition,embedding,8,1.0,0.9982288479804992,341,E1_addition
97,30,addition,embedding,10,1.0,0.9982288479804992,341,E1_addition
97,30,addition,embedding,12,1.0,0.9982288479804992,341,E1_addition
97,30,addition,embedding,16,1.0,0.9982288479804992,341,E1_addition
97,30,addition,embedding,23,1.0,0.9982288479804992,341,E1_addition
97,30,addition,attention,2,0.0151474885642528,0.0129295075312256,341,E1_addition
97,30,addition,attention,3,0.0919479131698608,0.0860786363482475,341,E1_addition
97,30,addition,attention,4,0.7725219130516052,0.7530995607376099,341,E1_addition
97,30,addition,attention,5,0.9997342824935912,0.9976974725723268,341,E1_addition
97,30,addition,attention,6,1.0,0.9985830783843994,341,E1_addition
97,30,addition,attention,8,1.0,0.9982288479804992,341,E1_addition
97,30,addition,attention,10,1.0,0.9982288479804992,341,E1_addition
97,30,addition,attention,12,1.0,0.9982288479804992,341,E1_addition
97,30,addition,attention,16,1.0,0.9982288479804992,341,E1_addition
97,30,addition,attention,23,1.0,0.9982288479804992,341,E1_addition
97,30,addition,mlp,2,0.0457082130014896,0.0490612834692001,341,E1_addition
97,30,addition,mlp,3,0.1687483340501785,0.1671980172395706,341,E1_addition
97,30,addition,mlp,4,0.1916024386882782,0.1781792342662811,341,E1_addition
97,30,addition,mlp,5,0.5785277485847473,0.5635848045349121,341,E1_addition
97,30,addition,mlp,6,0.9997342824935912,0.9978746175765992,341,E1_addition
97,30,addition,mlp,8,1.0,0.9982288479804992,341,E1_addition
97,30,addition,mlp,10,1.0,0.9982288479804992,341,E1_addition
97,30,addition,mlp,12,1.0,0.9982288479804992,341,E1_addition
97,30,addition,mlp,16,1.0,0.9982288479804992,341,E1_addition
97,30,addition,mlp,23,1.0,0.9982288479804992,341,E1_addition
97,30,addition,unembed,2,0.0600584633648395,0.0582713410258293,341,E1_addition
97,30,addition,unembed,3,0.2383736371994018,0.236450582742691,341,E1_addition
97,30,addition,unembed,4,0.7544512152671814,0.7460148930549622,341,E1_addition
97,30,addition,unembed,5,0.932500660419464,0.9252567887306212,341,E1_addition
97,30,addition,unembed,6,0.9997342824935912,0.9975203275680542,341,E1_addition
97,30,addition,unembed,8,1.0,0.9982288479804992,341,E1_addition
97,30,addition,unembed,10,1.0,0.9982288479804992,341,E1_addition
97,30,addition,unembed,12,1.0,0.9982288479804992,341,E1_addition
97,30,addition,unembed,16,1.0,0.9982288479804992,341,E1_addition
97,30,addition,unembed,23,1.0,0.9982288479804992,341,E1_addition
97,31,addition,embedding,2,0.1009832620620727,0.0885582715272903,341,E1_addition
97,31,addition,embedding,3,0.7483391165733337,0.732554018497467,341,E1_addition
97,31,addition,embedding,4,0.9992027878761292,0.989727258682251,341,E1_addition
97,31,addition,embedding,5,1.0,0.9945093989372252,341,E1_addition
97,31,addition,embedding,6,1.0,0.9948636293411256,341,E1_addition
97,31,addition,embedding,8,1.0,0.9948636293411256,341,E1_addition
97,31,addition,embedding,10,1.0,0.9948636293411256,341,E1_addition
97,31,addition,embedding,12,1.0,0.9948636293411256,341,E1_addition
97,31,addition,embedding,16,1.0,0.9948636293411256,341,E1_addition
97,31,addition,embedding,23,1.0,0.9948636293411256,341,E1_addition
97,31,addition,attention,2,0.0093010896816849,0.0109812254086136,341,E1_addition
97,31,addition,attention,3,0.0502258837223053,0.0417995043098926,341,E1_addition
97,31,addition,attention,4,0.7262822389602661,0.7038611173629761,341,E1_addition
97,31,addition,attention,5,0.9978740215301514,0.988487422466278,341,E1_addition
97,31,addition,attention,6,1.0,0.9945093989372252,341,E1_addition
97,31,addition,attention,8,1.0,0.9948636293411256,341,E1_addition
97,31,addition,attention,10,1.0,0.9948636293411256,341,E1_addition
97,31,addition,attention,12,1.0,0.9948636293411256,341,E1_addition
97,31,addition,attention,16,1.0,0.9948636293411256,341,E1_addition
97,31,addition,attention,23,1.0,0.9948636293411256,341,E1_addition
97,31,addition,mlp,2,0.0228541065007448,0.0223166849464178,341,E1_addition
97,31,addition,mlp,3,0.0390645749866962,0.0414452701807022,341,E1_addition
97,31,addition,mlp,4,0.06590486317873,0.0701381489634513,341,E1_addition
97,31,addition,mlp,5,0.1514748930931091,0.1445270925760269,341,E1_addition
97,31,addition,mlp,6,0.9710337519645692,0.9415515065193176,341,E1_addition
97,31,addition,mlp,8,1.0,0.9945093989372252,341,E1_addition
97,31,addition,mlp,10,1.0,0.9948636293411256,341,E1_addition
97,31,addition,mlp,12,1.0,0.9948636293411256,341,E1_addition
97,31,addition,mlp,16,1.0,0.9948636293411256,341,E1_addition
97,31,addition,mlp,23,1.0,0.9948636293411256,341,E1_addition
97,31,addition,unembed,2,0.1230401247739791,0.1271696835756302,341,E1_addition
97,31,addition,unembed,3,0.7887324094772339,0.7784271836280823,341,E1_addition
97,31,addition,unembed,4,0.9946851134300232,0.988487422466278,341,E1_addition
97,31,addition,unembed,5,1.0,0.9952178597450256,341,E1_addition
97,31,addition,unembed,6,1.0,0.9948636293411256,341,E1_addition
97,31,addition,unembed,8,1.0,0.9948636293411256,341,E1_addition
97,31,addition,unembed,10,1.0,0.994686484336853,341,E1_addition
97,31,addition,unembed,12,1.0,0.9948636293411256,341,E1_addition
97,31,addition,unembed,16,1.0,0.9948636293411256,341,E1_addition
97,31,addition,unembed,23,1.0,0.9948636293411256,341,E1_addition
97,32,addition,embedding,2,0.0087695987895131,0.00991852581501,341,E1_addition
97,32,addition,embedding,3,0.8049428462982178,0.7970244288444519,341,E1_addition
97,32,addition,embedding,4,0.9856497645378112,0.9714842438697816,341,E1_addition
97,32,addition,embedding,5,0.9997342824935912,0.9913212656974792,341,E1_addition
97,32,addition,embedding,6,1.0,0.992206871509552,341,E1_addition
97,32,addition,embedding,8,1.0,0.991852641105652,341,E1_addition
97,32,addition,embedding,10,1.0,0.9920297265052797,341,E1_addition
97,32,addition,embedding,12,1.0,0.9920297265052797,341,E1_addition
97,32,addition,embedding,16,1.0,0.9920297265052797,341,E1_addition
97,32,addition,embedding,23,1.0,0.9920297265052797,341,E1_addition
97,32,addition,attention,2,0.0037204357795417,0.0024796314537525,341,E1_addition
97,32,addition,attention,3,0.0263087954372167,0.025504782795906,341,E1_addition
97,32,addition,attention,4,0.3297900557518005,0.3294367790222168,341,E1_addition
97,32,addition,attention,5,0.9992027878761292,0.988133192062378,341,E1_addition
97,32,addition,attention,6,1.0,0.991852641105652,341,E1_addition
97,32,addition,attention,8,1.0,0.991852641105652,341,E1_addition
97,32,addition,attention,10,1.0,0.9920297265052797,341,E1_addition
97,32,addition,attention,12,1.0,0.9920297265052797,341,E1_addition
97,32,addition,attention,16,1.0,0.9920297265052797,341,E1_addition
97,32,addition,attention,23,1.0,0.9920297265052797,341,E1_addition
97,32,addition,mlp,2,0.0045176721177995,0.0051363795064389,341,E1_addition
97,32,addition,mlp,3,0.2147222906351089,0.2027984410524368,341,E1_addition
97,32,addition,mlp,4,0.8493223786354065,0.8257173299789429,341,E1_addition
97,32,addition,mlp,5,0.9994685053825378,0.9895501136779784,341,E1_addition
97,32,addition,mlp,6,1.0,0.992561101913452,341,E1_addition
97,32,addition,mlp,8,1.0,0.991852641105652,341,E1_addition
97,32,addition,mlp,10,1.0,0.9920297265052797,341,E1_addition
97,32,addition,mlp,12,1.0,0.9920297265052797,341,E1_addition
97,32,addition,mlp,16,1.0,0.9920297265052797,341,E1_addition
97,32,addition,mlp,23,1.0,0.9920297265052797,341,E1_addition
97,32,addition,unembed,2,0.0576667562127113,0.0503010973334312,341,E1_addition
97,32,addition,unembed,3,0.6513420343399048,0.6514346599578857,341,E1_addition
97,32,addition,unembed,4,0.9694392681121826,0.9620970487594604,341,E1_addition
97,32,addition,unembed,5,0.9992027878761292,0.9895501136779784,341,E1_addition
97,32,addition,unembed,6,0.9994685053825378,0.9923839569091796,341,E1_addition
97,32,addition,unembed,8,1.0,0.992206871509552,341,E1_addition
97,32,addition,unembed,10,1.0,0.991852641105652,341,E1_addition
97,32,addition,unembed,12,1.0,0.9920297265052797,341,E1_addition
97,32,addition,unembed,16,1.0,0.9920297265052797,341,E1_addition
97,32,addition,unembed,23,1.0,0.9920297265052797,341,E1_addition
97,33,addition,embedding,2,0.0228541065007448,0.0201912857592105,341,E1_addition
97,33,addition,embedding,3,0.6888121366500854,0.6562168002128601,341,E1_addition
97,33,addition,embedding,4,0.9994685053825378,0.9992915391921996,341,E1_addition
97,33,addition,embedding,5,1.0,0.9996457695961,341,E1_addition
97,33,addition,embedding,6,1.0,0.9994686245918274,341,E1_addition
97,33,addition,embedding,8,1.0,0.9996457695961,341,E1_addition
97,33,addition,embedding,10,1.0,0.9996457695961,341,E1_addition
97,33,addition,embedding,12,1.0,0.9996457695961,341,E1_addition
97,33,addition,embedding,16,1.0,0.9996457695961,341,E1_addition
97,33,addition,embedding,23,1.0,0.9996457695961,341,E1_addition
97,33,addition,attention,2,0.0116927986964583,0.0093871764838695,341,E1_addition
97,33,addition,attention,3,0.0725485011935234,0.0651788860559463,341,E1_addition
97,33,addition,attention,4,0.9965453147888184,0.9927381873130798,341,E1_addition
97,33,addition,attention,5,1.0,0.9996457695961,341,E1_addition
97,33,addition,attention,6,1.0,0.9996457695961,341,E1_addition
97,33,addition,attention,8,1.0,0.9996457695961,341,E1_addition
97,33,addition,attention,10,1.0,0.9996457695961,341,E1_addition
97,33,addition,attention,12,1.0,0.9996457695961,341,E1_addition
97,33,addition,attention,16,1.0,0.9996457695961,341,E1_addition
97,33,addition,attention,23,1.0,0.9996457695961,341,E1_addition
97,33,addition,mlp,2,0.0377358496189117,0.0274530630558729,341,E1_addition
97,33,addition,mlp,3,0.1474887132644653,0.1315975934267044,341,E1_addition
97,33,addition,mlp,4,0.2920542061328888,0.2752391099929809,341,E1_addition
97,33,addition,mlp,5,0.2668083906173706,0.2467233389616012,341,E1_addition
97,33,addition,mlp,6,0.9994685053825378,0.998405933380127,341,E1_addition
97,33,addition,mlp,8,1.0,1.0,341,E1_addition
97,33,addition,mlp,10,1.0,0.9996457695961,341,E1_addition
97,33,addition,mlp,12,1.0,0.9996457695961,341,E1_addition
97,33,addition,mlp,16,1.0,0.9996457695961,341,E1_addition
97,33,addition,mlp,23,1.0,0.9996457695961,341,E1_addition
97,33,addition,unembed,2,0.2314642518758773,0.2444208264350891,341,E1_addition
97,33,addition,unembed,3,0.9513685703277588,0.9381862878799438,341,E1_addition
97,33,addition,unembed,4,1.0,0.998405933380127,341,E1_addition
97,33,addition,unembed,5,1.0,0.9996457695961,341,E1_addition
97,33,addition,unembed,6,1.0,0.9994686245918274,341,E1_addition
97,33,addition,unembed,8,1.0,0.9994686245918274,341,E1_addition
97,33,addition,unembed,10,1.0,0.9996457695961,341,E1_addition
97,33,addition,unembed,12,1.0,0.9996457695961,341,E1_addition
97,33,addition,unembed,16,1.0,0.9996457695961,341,E1_addition
97,33,addition,unembed,23,1.0,0.9996457695961,341,E1_addition
97,34,addition,embedding,2,0.0093010896816849,0.0072617782279849,341,E1_addition
97,34,addition,embedding,3,0.1889449954032898,0.1695005297660827,341,E1_addition
97,34,addition,embedding,4,0.0353441387414932,0.0302869286388158,341,E1_addition
97,34,addition,embedding,5,0.9771459102630616,0.943854033946991,341,E1_addition
97,34,addition,embedding,6,1.0,0.978214681148529,341,E1_addition
97,34,addition,embedding,8,1.0,0.9796316027641296,341,E1_addition
97,34,addition,embedding,10,1.0,0.9796316027641296,341,E1_addition
97,34,addition,embedding,12,1.0,0.9796316027641296,341,E1_addition
97,34,addition,embedding,16,1.0,0.9796316027641296,341,E1_addition
97,34,addition,embedding,23,1.0,0.9796316027641296,341,E1_addition
97,34,addition,attention,2,0.0069093806669116,0.0054906127043068,341,E1_addition
97,34,addition,attention,3,0.3040127456188202,0.2819695472717285,341,E1_addition
97,34,addition,attention,4,0.2777039706707001,0.2569960951805115,341,E1_addition
97,34,addition,attention,5,0.9731597304344176,0.9465107917785645,341,E1_addition
97,34,addition,attention,6,1.0,0.9799858331680298,341,E1_addition
97,34,addition,attention,8,1.0,0.9796316027641296,341,E1_addition
97,34,addition,attention,10,1.0,0.9796316027641296,341,E1_addition
97,34,addition,attention,12,1.0,0.9796316027641296,341,E1_addition
97,34,addition,attention,16,1.0,0.9796316027641296,341,E1_addition
97,34,addition,attention,23,1.0,0.9796316027641296,341,E1_addition
97,34,addition,mlp,2,0.0074408715590834,0.0092100603505969,341,E1_addition
97,34,addition,mlp,3,0.0871644988656044,0.0933404192328453,341,E1_addition
97,34,addition,mlp,4,0.6167951226234436,0.5908607840538025,341,E1_addition
97,34,addition,mlp,5,0.955089032649994,0.9241940975189208,341,E1_addition
97,34,addition,mlp,6,1.0,0.9799858331680298,341,E1_addition
97,34,addition,mlp,8,1.0,0.9796316027641296,341,E1_addition
97,34,addition,mlp,10,1.0,0.9796316027641296,341,E1_addition
97,34,addition,mlp,12,1.0,0.9796316027641296,341,E1_addition
97,34,addition,mlp,16,1.0,0.9796316027641296,341,E1_addition
97,34,addition,mlp,23,1.0,0.9796316027641296,341,E1_addition
97,34,addition,unembed,2,0.2226946651935577,0.2206872105598449,341,E1_addition
97,34,addition,unembed,3,0.9032686948776244,0.8861140608787537,341,E1_addition
97,34,addition,unembed,4,0.9914961457252502,0.97343248128891,341,E1_addition
97,34,addition,unembed,5,1.0,0.9776833057403564,341,E1_addition
97,34,addition,unembed,6,1.0,0.9792773723602296,341,E1_addition
97,34,addition,unembed,8,1.0,0.9798086881637572,341,E1_addition
97,34,addition,unembed,10,1.0,0.9796316027641296,341,E1_addition
97,34,addition,unembed,12,1.0,0.9796316027641296,341,E1_addition
97,34,addition,unembed,16,1.0,0.9796316027641296,341,E1_addition
97,34,addition,unembed,23,1.0,0.9796316027641296,341,E1_addition
97,35,addition,embedding,2,0.0244485791772604,0.0208997521549463,341,E1_addition
97,35,addition,embedding,3,0.6765878200531006,0.6542685031890869,341,E1_addition
97,35,addition,embedding,4,0.9896359443664552,0.9831739068031312,341,E1_addition
97,35,addition,embedding,5,1.0,0.9980517029762268,341,E1_addition
97,35,addition,embedding,6,1.0,0.9985830783843994,341,E1_addition
97,35,addition,embedding,8,1.0,0.9987601637840272,341,E1_addition
97,35,addition,embedding,10,1.0,0.9987601637840272,341,E1_addition
97,35,addition,embedding,12,1.0,0.9987601637840272,341,E1_addition
97,35,addition,embedding,16,1.0,0.9987601637840272,341,E1_addition
97,35,addition,embedding,23,1.0,0.9987601637840272,341,E1_addition
97,35,addition,attention,2,0.0116927986964583,0.0102727590128779,341,E1_addition
97,35,addition,attention,3,0.0116927986964583,0.0095642935484647,341,E1_addition
97,35,addition,attention,4,0.2062184363603592,0.2027984410524368,341,E1_addition
97,35,addition,attention,5,0.7238905429840088,0.7027984261512756,341,E1_addition
97,35,addition,attention,6,0.9994685053825378,0.9978746175765992,341,E1_addition
97,35,addition,attention,8,1.0,0.9989373087882996,341,E1_addition
97,35,addition,attention,10,1.0,0.9987601637840272,341,E1_addition
97,35,addition,attention,12,1.0,0.9987601637840272,341,E1_addition
97,35,addition,attention,16,1.0,0.9987601637840272,341,E1_addition
97,35,addition,attention,23,1.0,0.9987601637840272,341,E1_addition
97,35,addition,mlp,2,0.0414562858641147,0.0405596867203712,341,E1_addition
97,35,addition,mlp,3,0.1347329318523407,0.1346085667610168,341,E1_addition
97,35,addition,mlp,4,0.3119851052761078,0.2915338277816772,341,E1_addition
97,35,addition,mlp,5,0.3465320169925689,0.3159759044647217,341,E1_addition
97,35,addition,mlp,6,0.9867127537727356,0.9752036929130554,341,E1_addition
97,35,addition,mlp,8,1.0,0.9989373087882996,341,E1_addition
97,35,addition,mlp,10,1.0,0.9987601637840272,341,E1_addition
97,35,addition,mlp,12,1.0,0.9987601637840272,341,E1_addition
97,35,addition,mlp,16,1.0,0.9987601637840272,341,E1_addition
97,35,addition,mlp,23,1.0,0.9987601637840272,341,E1_addition
97,35,addition,unembed,2,0.040393304079771,0.0441020168364048,341,E1_addition
97,35,addition,unembed,3,0.634600043296814,0.6186680793762207,341,E1_addition
97,35,addition,unembed,4,0.9758171439170836,0.9654622673988342,341,E1_addition
97,35,addition,unembed,5,0.9984055161476136,0.997166097164154,341,E1_addition
97,35,addition,unembed,6,1.0,0.998405933380127,341,E1_addition
97,35,addition,unembed,8,1.0,0.9987601637840272,341,E1_addition
97,35,addition,unembed,10,1.0,0.9987601637840272,341,E1_addition
97,35,addition,unembed,12,1.0,0.9987601637840272,341,E1_addition
97,35,addition,unembed,16,1.0,0.9987601637840272,341,E1_addition
97,35,addition,unembed,23,1.0,0.9987601637840272,341,E1_addition
97,36,addition,embedding,2,0.0217911247164011,0.0171803049743175,341,E1_addition
97,36,addition,embedding,3,0.459208071231842,0.4489904344081878,341,E1_addition
97,36,addition,embedding,4,0.9944193363189696,0.9872475862503052,341,E1_addition
97,36,addition,embedding,5,0.9992027878761292,0.996280550956726,341,E1_addition
97,36,addition,embedding,6,1.0,0.9966347813606262,341,E1_addition
97,36,addition,embedding,8,1.0,0.9966347813606262,341,E1_addition
97,36,addition,embedding,10,1.0,0.9966347813606262,341,E1_addition
97,36,addition,embedding,12,1.0,0.9966347813606262,341,E1_addition
97,36,addition,embedding,16,1.0,0.9966347813606262,341,E1_addition
97,36,addition,embedding,23,1.0,0.9966347813606262,341,E1_addition
97,36,addition,attention,2,0.0132872704416513,0.0131066236644983,341,E1_addition
97,36,addition,attention,3,0.1028434783220291,0.1025504767894744,341,E1_addition
97,36,addition,attention,4,0.6643635630607605,0.6409847736358643,341,E1_addition
97,36,addition,attention,5,0.9978740215301514,0.993800938129425,341,E1_addition
97,36,addition,attention,6,0.9992027878761292,0.9955720901489258,341,E1_addition
97,36,addition,attention,8,1.0,0.996280550956726,341,E1_addition
97,36,addition,attention,10,1.0,0.9966347813606262,341,E1_addition
97,36,addition,attention,12,1.0,0.9966347813606262,341,E1_addition
97,36,addition,attention,16,1.0,0.9966347813606262,341,E1_addition
97,36,addition,attention,23,1.0,0.9966347813606262,341,E1_addition
97,36,addition,mlp,2,0.0592612288892269,0.0572086423635482,341,E1_addition
97,36,addition,mlp,3,0.1554610729217529,0.1641870290040969,341,E1_addition
97,36,addition,mlp,4,0.9829922914505004,0.97343248128891,341,E1_addition
97,36,addition,mlp,5,1.0,0.9966347813606262,341,E1_addition
97,36,addition,mlp,6,1.0,0.9966347813606262,341,E1_addition
97,36,addition,mlp,8,1.0,0.9966347813606262,341,E1_addition
97,36,addition,mlp,10,1.0,0.9966347813606262,341,E1_addition
97,36,addition,mlp,12,1.0,0.9966347813606262,341,E1_addition
97,36,addition,mlp,16,1.0,0.9966347813606262,341,E1_addition
97,36,addition,mlp,23,1.0,0.9966347813606262,341,E1_addition
97,36,addition,unembed,2,0.0736114829778671,0.0811193734407424,341,E1_addition
97,36,addition,unembed,3,0.6965187191963196,0.6923485398292542,341,E1_addition
97,36,addition,unembed,4,0.967313289642334,0.9645766615867616,341,E1_addition
97,36,addition,unembed,5,0.9981397986412048,0.9948636293411256,341,E1_addition
97,36,addition,unembed,6,0.9997342824935912,0.9957491755485536,341,E1_addition
97,36,addition,unembed,8,1.0,0.996280550956726,341,E1_addition
97,36,addition,unembed,10,1.0,0.9966347813606262,341,E1_addition
97,36,addition,unembed,12,1.0,0.9966347813606262,341,E1_addition
97,36,addition,unembed,16,1.0,0.9966347813606262,341,E1_addition
97,36,addition,unembed,23,1.0,0.9966347813606262,341,E1_addition
97,37,addition,embedding,2,0.0079723624512553,0.0092100603505969,341,E1_addition
97,37,addition,embedding,3,0.4467180371284485,0.4284449219703674,341,E1_addition
97,37,addition,embedding,4,0.9356896281242372,0.9241940975189208,341,E1_addition
97,37,addition,embedding,5,1.0,0.9877789616584778,341,E1_addition
97,37,addition,embedding,6,1.0,0.9877789616584778,341,E1_addition
97,37,addition,embedding,8,1.0,0.9877789616584778,341,E1_addition
97,37,addition,embedding,10,1.0,0.9877789616584778,341,E1_addition
97,37,addition,embedding,12,1.0,0.9877789616584778,341,E1_addition
97,37,addition,embedding,16,1.0,0.9877789616584778,341,E1_addition
97,37,addition,embedding,23,1.0,0.9877789616584778,341,E1_addition
97,37,addition,attention,2,0.0077066170051693,0.008855827152729,341,E1_addition
97,37,addition,attention,3,0.0029231996741145,0.0017711654072627,341,E1_addition
97,37,addition,attention,4,0.0539463199675083,0.0453418344259262,341,E1_addition
97,37,addition,attention,5,0.9992027878761292,0.9870705008506776,341,E1_addition
97,37,addition,attention,6,1.0,0.9877789616584778,341,E1_addition
97,37,addition,attention,8,1.0,0.9877789616584778,341,E1_addition
97,37,addition,attention,10,1.0,0.9877789616584778,341,E1_addition
97,37,addition,attention,12,1.0,0.9877789616584778,341,E1_addition
97,37,addition,attention,16,1.0,0.9877789616584778,341,E1_addition
97,37,addition,attention,23,1.0,0.9877789616584778,341,E1_addition
97,37,addition,mlp,2,0.0098325805738568,0.008855827152729,341,E1_addition
97,37,addition,mlp,3,0.5373372435569763,0.5306411385536194,341,E1_addition
97,37,addition,mlp,4,0.9997342824935912,0.986007809638977,341,E1_addition
97,37,addition,mlp,5,1.0,0.9870705008506776,341,E1_addition
97,37,addition,mlp,6,1.0,0.9877789616584778,341,E1_addition
97,37,addition,mlp,8,1.0,0.9877789616584778,341,E1_addition
97,37,addition,mlp,10,1.0,0.9877789616584778,341,E1_addition
97,37,addition,mlp,12,1.0,0.9877789616584778,341,E1_addition
97,37,addition,mlp,16,1.0,0.9877789616584778,341,E1_addition
97,37,addition,mlp,23,1.0,0.9877789616584778,341,E1_addition
97,37,addition,unembed,2,0.2556470930576324,0.2594757378101349,341,E1_addition
97,37,addition,unembed,3,0.8235450387001038,0.795784592628479,341,E1_addition
97,37,addition,unembed,4,0.9914961457252502,0.975026547908783,341,E1_addition
97,37,addition,unembed,5,1.0,0.9865391254425048,341,E1_addition
97,37,addition,unembed,6,1.0,0.9877789616584778,341,E1_addition
97,37,addition,unembed,8,1.0,0.9877789616584778,341,E1_addition
97,37,addition,unembed,10,1.0,0.9877789616584778,341,E1_addition
97,37,addition,unembed,12,1.0,0.9877789616584778,341,E1_addition
97,37,addition,unembed,16,1.0,0.9877789616584778,341,E1_addition
97,37,addition,unembed,23,1.0,0.9877789616584778,341,E1_addition
97,38,addition,embedding,2,0.1942598968744278,0.1942968517541885,341,E1_addition
97,38,addition,embedding,3,0.8139781951904297,0.8235918879508972,341,E1_addition
97,38,addition,embedding,4,1.0,1.0,341,E1_addition
97,38,addition,embedding,5,1.0,1.0,341,E1_addition
97,38,addition,embedding,6,1.0,1.0,341,E1_addition
97,38,addition,embedding,8,1.0,1.0,341,E1_addition
97,38,addition,embedding,10,1.0,1.0,341,E1_addition
97,38,addition,embedding,12,1.0,1.0,341,E1_addition
97,38,addition,embedding,16,1.0,1.0,341,E1_addition
97,38,addition,embedding,23,1.0,1.0,341,E1_addition
97,38,addition,attention,2,0.0193994157016277,0.0159404892474412,341,E1_addition
97,38,addition,attention,3,0.331384539604187,0.322174996137619,341,E1_addition
97,38,addition,attention,4,0.9154929518699646,0.901168942451477,341,E1_addition
97,38,addition,attention,5,0.998671293258667,0.9969890117645264,341,E1_addition
97,38,addition,attention,6,1.0,1.0,341,E1_addition
97,38,addition,attention,8,1.0,1.0,341,E1_addition
97,38,addition,attention,10,1.0,1.0,341,E1_addition
97,38,addition,attention,12,1.0,1.0,341,E1_addition
97,38,addition,attention,16,1.0,1.0,341,E1_addition
97,38,addition,attention,23,1.0,1.0,341,E1_addition
97,38,addition,mlp,2,0.205155462026596,0.2026213258504867,341,E1_addition
97,38,addition,mlp,3,0.6404464840888977,0.6106978058815002,341,E1_addition
97,38,addition,mlp,4,1.0,1.0,341,E1_addition
97,38,addition,mlp,5,1.0,1.0,341,E1_addition
97,38,addition,mlp,6,1.0,1.0,341,E1_addition
97,38,addition,mlp,8,1.0,1.0,341,E1_addition
97,38,addition,mlp,10,1.0,1.0,341,E1_addition
97,38,addition,mlp,12,1.0,1.0,341,E1_addition
97,38,addition,mlp,16,1.0,1.0,341,E1_addition
97,38,addition,mlp,23,1.0,1.0,341,E1_addition
97,38,addition,unembed,2,0.0308264680206775,0.0301098115742206,341,E1_addition
97,38,addition,unembed,3,0.2521924078464508,0.2555791735649109,341,E1_addition
97,38,addition,unembed,4,0.946053683757782,0.9383634328842164,341,E1_addition
97,38,addition,unembed,5,1.0,1.0,341,E1_addition
97,38,addition,unembed,6,1.0,1.0,341,E1_addition
97,38,addition,unembed,8,1.0,1.0,341,E1_addition
97,38,addition,unembed,10,1.0,1.0,341,E1_addition
97,38,addition,unembed,12,1.0,1.0,341,E1_addition
97,38,addition,unembed,16,1.0,1.0,341,E1_addition
97,38,addition,unembed,23,1.0,1.0,341,E1_addition
97,39,addition,embedding,2,0.0961998403072357,0.0897980853915214,341,E1_addition
97,39,addition,embedding,3,0.8681902885437012,0.8368756771087646,341,E1_addition
97,39,addition,embedding,4,1.0,0.9994686245918274,341,E1_addition
97,39,addition,embedding,5,0.9997342824935912,0.9985830783843994,341,E1_addition
97,39,addition,embedding,6,1.0,0.9992915391921996,341,E1_addition
97,39,addition,embedding,8,1.0,1.0,341,E1_addition
97,39,addition,embedding,10,1.0,1.0,341,E1_addition
97,39,addition,embedding,12,1.0,1.0,341,E1_addition
97,39,addition,embedding,16,1.0,1.0,341,E1_addition
97,39,addition,embedding,23,1.0,1.0,341,E1_addition
97,39,addition,attention,2,0.009035344235599,0.0111583424732089,341,E1_addition
97,39,addition,attention,3,0.0563380271196365,0.0674813985824585,341,E1_addition
97,39,addition,attention,4,0.8538400530815125,0.8287283182144165,341,E1_addition
97,39,addition,attention,5,0.9992027878761292,0.9966347813606262,341,E1_addition
97,39,addition,attention,6,0.9994685053825378,0.9998228549957277,341,E1_addition
97,39,addition,attention,8,1.0,1.0,341,E1_addition
97,39,addition,attention,10,1.0,1.0,341,E1_addition
97,39,addition,attention,12,1.0,1.0,341,E1_addition
97,39,addition,attention,16,1.0,1.0,341,E1_addition
97,39,addition,attention,23,1.0,1.0,341,E1_addition
97,39,addition,mlp,2,0.0127557795494794,0.0134608568623662,341,E1_addition
97,39,addition,mlp,3,0.1288865208625793,0.1220332980155944,341,E1_addition
97,39,addition,mlp,4,0.3797501921653747,0.3627346754074096,341,E1_addition
97,39,addition,mlp,5,0.922402322292328,0.9054197669029236,341,E1_addition
97,39,addition,mlp,6,0.9994685053825378,0.9980517029762268,341,E1_addition
97,39,addition,mlp,8,1.0,1.0,341,E1_addition
97,39,addition,mlp,10,1.0,1.0,341,E1_addition
97,39,addition,mlp,12,1.0,1.0,341,E1_addition
97,39,addition,mlp,16,1.0,1.0,341,E1_addition
97,39,addition,mlp,23,1.0,1.0,341,E1_addition
97,39,addition,unembed,2,0.473026841878891,0.4597945511341095,341,E1_addition
97,39,addition,unembed,3,0.9992027878761292,0.996811866760254,341,E1_addition
97,39,addition,unembed,4,0.9997342824935912,0.998405933380127,341,E1_addition
97,39,addition,unembed,5,1.0,0.9996457695961,341,E1_addition
97,39,addition,unembed,6,1.0,1.0,341,E1_addition
97,39,addition,unembed,8,1.0,1.0,341,E1_addition
97,39,addition,unembed,10,1.0,1.0,341,E1_addition
97,39,addition,unembed,12,1.0,1.0,341,E1_addition
97,39,addition,unembed,16,1.0,1.0,341,E1_addition
97,39,addition,unembed,23,1.0,1.0,341,E1_addition
59,0,addition,embedding,2,0.0172413792461156,0.016275729984045,341,E1_addition
59,0,addition,embedding,3,0.3441092073917389,0.3130684494972229,341,E1_addition
59,0,addition,embedding,4,0.7241379022598267,0.695069432258606,341,E1_addition
59,0,addition,embedding,5,1.0,0.9684059619903564,341,E1_addition
59,0,addition,embedding,6,1.0,0.9684059619903564,341,E1_addition
59,0,addition,embedding,8,1.0,0.9679272174835204,341,E1_addition
59,0,addition,embedding,10,1.0,0.9679272174835204,341,E1_addition
59,0,addition,embedding,12,1.0,0.9679272174835204,341,E1_addition
59,0,addition,embedding,16,1.0,0.9679272174835204,341,E1_addition
59,0,addition,embedding,23,1.0,0.9679272174835204,341,E1_addition
59,0,addition,attention,2,0.0193965509533882,0.0248922929167747,341,E1_addition
59,0,addition,attention,3,0.0028735632076859,0.0019147917628288,341,E1_addition
59,0,addition,attention,4,0.9978448152542114,0.9463858008384703,341,E1_addition
59,0,addition,attention,5,1.0,0.9684059619903564,341,E1_addition
59,0,addition,attention,6,1.0,0.9684059619903564,341,E1_addition
59,0,addition,attention,8,1.0,0.9679272174835204,341,E1_addition
59,0,addition,attention,10,1.0,0.9679272174835204,341,E1_addition
59,0,addition,attention,12,1.0,0.9679272174835204,341,E1_addition
59,0,addition,attention,16,1.0,0.9679272174835204,341,E1_addition
59,0,addition,attention,23,1.0,0.9679272174835204,341,E1_addition
59,0,addition,mlp,2,0.036637932062149,0.0244135949760675,341,E1_addition
59,0,addition,mlp,3,0.5272988677024841,0.5035902261734009,341,E1_addition
59,0,addition,mlp,4,0.9992815852165222,0.96984201669693,341,E1_addition
59,0,addition,mlp,5,1.0,0.9669698476791382,341,E1_addition
59,0,addition,mlp,6,1.0,0.9679272174835204,341,E1_addition
59,0,addition,mlp,8,1.0,0.9679272174835204,341,E1_addition
59,0,addition,mlp,10,1.0,0.9679272174835204,341,E1_addition
59,0,addition,mlp,12,1.0,0.9679272174835204,341,E1_addition
59,0,addition,mlp,16,1.0,0.9679272174835204,341,E1_addition
59,0,addition,mlp,23,1.0,0.9679272174835204,341,E1_addition
59,0,addition,unembed,2,0.0955459773540496,0.0885591208934784,341,E1_addition
59,0,addition,unembed,3,0.625,0.610339879989624,341,E1_addition
59,0,addition,unembed,4,0.8807471394538879,0.8425083756446838,341,E1_addition
59,0,addition,unembed,5,0.9906609058380128,0.9573959112167358,341,E1_addition
59,0,addition,unembed,6,0.9992815852165222,0.9669698476791382,341,E1_addition
59,0,addition,unembed,8,1.0,0.9684059619903564,341,E1_addition
59,0,addition,unembed,10,1.0,0.9679272174835204,341,E1_addition
59,0,addition,unembed,12,1.0,0.9684059619903564,341,E1_addition
59,0,addition,unembed,16,1.0,0.9679272174835204,341,E1_addition
59,0,addition,unembed,23,1.0,0.9679272174835204,341,E1_addition
59,1,addition,embedding,2,0.0215517245233058,0.0181905217468738,341,E1_addition
59,1,addition,embedding,3,0.1379310339689254,0.1096218302845954,341,E1_addition
59,1,addition,embedding,4,0.6767241358757019,0.6764001846313477,341,E1_addition
59,1,addition,embedding,5,0.9971264600753784,0.9688846468925476,341,E1_addition
59,1,addition,embedding,6,1.0,0.9746289849281312,341,E1_addition
59,1,addition,embedding,8,1.0,0.9746289849281312,341,E1_addition
59,1,addition,embedding,10,1.0,0.9746289849281312,341,E1_addition
59,1,addition,embedding,12,1.0,0.9746289849281312,341,E1_addition
59,1,addition,embedding,16,1.0,0.9746289849281312,341,E1_addition
59,1,addition,embedding,23,1.0,0.9746289849281312,341,E1_addition
59,1,addition,attention,2,0.0043103448115289,0.0057443752884864,341,E1_addition
59,1,addition,attention,3,0.0035919540096074,0.0052656773477792,341,E1_addition
59,1,addition,attention,4,0.0100574716925621,0.0095739588141441,341,E1_addition
59,1,addition,attention,5,0.0107758622616529,0.0052656773477792,341,E1_addition
59,1,addition,attention,6,0.9992815852165222,0.9640976786613464,341,E1_addition
59,1,addition,attention,8,1.0,0.9746289849281312,341,E1_addition
59,1,addition,attention,10,1.0,0.9746289849281312,341,E1_addition
59,1,addition,attention,12,1.0,0.9746289849281312,341,E1_addition
59,1,addition,attention,16,1.0,0.9746289849281312,341,E1_addition
59,1,addition,attention,23,1.0,0.9746289849281312,341,E1_addition
59,1,addition,mlp,2,0.0538793094456195,0.0636668279767036,341,E1_addition
59,1,addition,mlp,3,0.5531609058380127,0.5251316428184509,341,E1_addition
59,1,addition,mlp,4,0.994252860546112,0.9722355008125304,341,E1_addition
59,1,addition,mlp,5,1.0,0.9746289849281312,341,E1_addition
59,1,addition,mlp,6,1.0,0.9736716151237488,341,E1_addition
59,1,addition,mlp,8,1.0,0.9746289849281312,341,E1_addition
59,1,addition,mlp,10,1.0,0.9746289849281312,341,E1_addition
59,1,addition,mlp,12,1.0,0.9746289849281312,341,E1_addition
59,1,addition,mlp,16,1.0,0.9746289849281312,341,E1_addition
59,1,addition,mlp,23,1.0,0.9746289849281312,341,E1_addition
59,1,addition,unembed,2,0.2198275923728943,0.2067975103855133,341,E1_addition
59,1,addition,unembed,3,0.7492815852165222,0.6878889203071594,341,E1_addition
59,1,addition,unembed,4,0.9583333134651184,0.9171852469444276,341,E1_addition
59,1,addition,unembed,5,1.0,0.9679272174835204,341,E1_addition
59,1,addition,unembed,6,1.0,0.9746289849281312,341,E1_addition
59,1,addition,unembed,8,1.0,0.9746289849281312,341,E1_addition
59,1,addition,unembed,10,1.0,0.9746289849281312,341,E1_addition
59,1,addition,unembed,12,1.0,0.9746289849281312,341,E1_addition
59,1,addition,unembed,16,1.0,0.9746289849281312,341,E1_addition
59,1,addition,unembed,23,1.0,0.9746289849281312,341,E1_addition
59,2,addition,embedding,2,0.1422413736581802,0.1258975565433502,341,E1_addition
59,2,addition,embedding,3,0.8699712753295898,0.8405935764312744,341,E1_addition
59,2,addition,embedding,4,0.9949712753295898,0.9818094968795776,341,E1_addition
59,2,addition,embedding,5,1.0,0.9851603507995604,341,E1_addition
59,2,addition,embedding,6,1.0,0.9861177802085876,341,E1_addition
59,2,addition,embedding,8,1.0,0.9861177802085876,341,E1_addition
59,2,addition,embedding,10,1.0,0.9861177802085876,341,E1_addition
59,2,addition,embedding,12,1.0,0.9861177802085876,341,E1_addition
59,2,addition,embedding,16,1.0,0.9861177802085876,341,E1_addition
59,2,addition,embedding,23,1.0,0.9861177802085876,341,E1_addition
59,2,addition,attention,2,0.0431034490466117,0.0493058860301971,341,E1_addition
59,2,addition,attention,3,0.0603448264300823,0.0641455203294754,341,E1_addition
59,2,addition,attention,4,0.4260057508945465,0.3987553715705871,341,E1_addition
59,2,addition,attention,5,0.6954023241996765,0.6854954361915588,341,E1_addition
59,2,addition,attention,6,0.9418103694915771,0.902345597743988,341,E1_addition
59,2,addition,attention,8,0.9863505959510804,0.9602680802345276,341,E1_addition
59,2,addition,attention,10,1.0,0.9861177802085876,341,E1_addition
59,2,addition,attention,12,1.0,0.9861177802085876,341,E1_addition
59,2,addition,attention,16,1.0,0.9861177802085876,341,E1_addition
59,2,addition,attention,23,1.0,0.9861177802085876,341,E1_addition
59,2,addition,mlp,2,0.0387931019067764,0.0330301597714424,341,E1_addition
59,2,addition,mlp,3,0.3239942491054535,0.3049305975437164,341,E1_addition
59,2,addition,mlp,4,1.0,0.9851603507995604,341,E1_addition
59,2,addition,mlp,5,1.0,0.9861177802085876,341,E1_addition
59,2,addition,mlp,6,1.0,0.9865964651107788,341,E1_addition
59,2,addition,mlp,8,1.0,0.9861177802085876,341,E1_addition
59,2,addition,mlp,10,1.0,0.9861177802085876,341,E1_addition
59,2,addition,mlp,12,1.0,0.9861177802085876,341,E1_addition
59,2,addition,mlp,16,1.0,0.9861177802085876,341,E1_addition
59,2,addition,mlp,23,1.0,0.9861177802085876,341,E1_addition
59,2,addition,unembed,2,0.3110632300376892,0.3049305975437164,341,E1_addition
59,2,addition,unembed,3,0.8958333134651184,0.8788894414901733,341,E1_addition
59,2,addition,unembed,4,1.0,0.9846816658973694,341,E1_addition
59,2,addition,unembed,5,1.0,0.9856390357017516,341,E1_addition
59,2,addition,unembed,6,1.0,0.9861177802085876,341,E1_addition
59,2,addition,unembed,8,1.0,0.9861177802085876,341,E1_addition
59,2,addition,unembed,10,1.0,0.9861177802085876,341,E1_addition
59,2,addition,unembed,12,1.0,0.9861177802085876,341,E1_addition
59,2,addition,unembed,16,1.0,0.9861177802085876,341,E1_addition
59,2,addition,unembed,23,1.0,0.9861177802085876,341,E1_addition
59,3,addition,embedding,2,0.0179597698152065,0.0157970320433378,341,E1_addition
59,3,addition,embedding,3,0.3125,0.2781234979629516,341,E1_addition
59,3,addition,embedding,4,0.6005747318267822,0.5461943745613098,341,E1_addition
59,3,addition,embedding,5,0.9985632300376892,0.9636189341545104,341,E1_addition
59,3,addition,embedding,6,1.0,0.9660124182701112,341,E1_addition
59,3,addition,embedding,8,1.0,0.9650550484657288,341,E1_addition
59,3,addition,embedding,10,1.0,0.9650550484657288,341,E1_addition
59,3,addition,embedding,12,1.0,0.9650550484657288,341,E1_addition
59,3,addition,embedding,16,1.0,0.9650550484657288,341,E1_addition
59,3,addition,embedding,23,1.0,0.9650550484657288,341,E1_addition
59,3,addition,attention,2,0.0021551724057644,0.0028721876442432,341,E1_addition
59,3,addition,attention,3,0.0402298867702484,0.0277644805610179,341,E1_addition
59,3,addition,attention,4,0.1321839094161987,0.1110579222440719,341,E1_addition
59,3,addition,attention,5,1.0,0.9645763635635376,341,E1_addition
59,3,addition,attention,6,1.0,0.9650550484657288,341,E1_addition
59,3,addition,attention,8,1.0,0.9650550484657288,341,E1_addition
59,3,addition,attention,10,1.0,0.9650550484657288,341,E1_addition
59,3,addition,attention,12,1.0,0.9650550484657288,341,E1_addition
59,3,addition,attention,16,1.0,0.9650550484657288,341,E1_addition
59,3,addition,attention,23,1.0,0.9650550484657288,341,E1_addition
59,3,addition,mlp,2,0.0179597698152065,0.0215414073318243,341,E1_addition
59,3,addition,mlp,3,0.3771551847457886,0.3604595363140106,341,E1_addition
59,3,addition,mlp,4,0.9662356376647948,0.9334610104560852,341,E1_addition
59,3,addition,mlp,5,1.0,0.9640976786613464,341,E1_addition
59,3,addition,mlp,6,1.0,0.966491162776947,341,E1_addition
59,3,addition,mlp,8,1.0,0.9650550484657288,341,E1_addition
59,3,addition,mlp,10,1.0,0.9650550484657288,341,E1_addition
59,3,addition,mlp,12,1.0,0.9650550484657288,341,E1_addition
59,3,addition,mlp,16,1.0,0.9650550484657288,341,E1_addition
59,3,addition,mlp,23,1.0,0.9650550484657288,341,E1_addition
59,3,addition,unembed,2,0.2112068980932235,0.2010531425476074,341,E1_addition
59,3,addition,unembed,3,0.6896551847457886,0.6534227132797241,341,E1_addition
59,3,addition,unembed,4,0.8448275923728943,0.825753927230835,341,E1_addition
59,3,addition,unembed,5,0.9899425506591796,0.9607467651367188,341,E1_addition
59,3,addition,unembed,6,1.0,0.9650550484657288,341,E1_addition
59,3,addition,unembed,8,1.0,0.9650550484657288,341,E1_addition
59,3,addition,unembed,10,1.0,0.9650550484657288,341,E1_addition
59,3,addition,unembed,12,1.0,0.9650550484657288,341,E1_addition
59,3,addition,unembed,16,1.0,0.9650550484657288,341,E1_addition
59,3,addition,unembed,23,1.0,0.9650550484657288,341,E1_addition
59,4,addition,embedding,2,0.2413793057203292,0.0943034961819648,341,E1_addition
59,4,addition,embedding,3,0.9231321811676024,0.3796074688434601,341,E1_addition
59,4,addition,embedding,4,1.0,0.4121589362621307,341,E1_addition
59,4,addition,embedding,5,1.0,0.4121589362621307,341,E1_addition
59,4,addition,embedding,6,1.0,0.4116802215576172,341,E1_addition
59,4,addition,embedding,8,1.0,0.411201536655426,341,E1_addition
59,4,addition,embedding,10,1.0,0.411201536655426,341,E1_addition
59,4,addition,embedding,12,1.0,0.411201536655426,341,E1_addition
59,4,addition,embedding,16,1.0,0.411201536655426,341,E1_addition
59,4,addition,embedding,23,1.0,0.411201536655426,341,E1_addition
59,4,addition,attention,2,0.3613505661487579,0.1416945904493332,341,E1_addition
59,4,addition,attention,3,0.9123563170433044,0.3724269866943359,341,E1_addition
59,4,addition,attention,4,0.9906609058380128,0.4059358537197113,341,E1_addition
59,4,addition,attention,5,1.0,0.4126376211643219,341,E1_addition
59,4,addition,attention,6,1.0,0.4097654223442077,341,E1_addition
59,4,addition,attention,8,1.0,0.411201536655426,341,E1_addition
59,4,addition,attention,10,1.0,0.411201536655426,341,E1_addition
59,4,addition,attention,12,1.0,0.411201536655426,341,E1_addition
59,4,addition,attention,16,1.0,0.411201536655426,341,E1_addition
59,4,addition,attention,23,1.0,0.411201536655426,341,E1_addition
59,4,addition,mlp,2,0.0560344830155372,0.0402106270194053,341,E1_addition
59,4,addition,mlp,3,0.7392241358757019,0.2996649146080017,341,E1_addition
59,4,addition,mlp,4,0.993534505367279,0.4107228219509125,341,E1_addition
59,4,addition,mlp,5,1.0,0.4121589362621307,341,E1_addition
59,4,addition,mlp,6,1.0,0.4107228219509125,341,E1_addition
59,4,addition,mlp,8,1.0,0.411201536655426,341,E1_addition
59,4,addition,mlp,10,1.0,0.411201536655426,341,E1_addition
59,4,addition,mlp,12,1.0,0.411201536655426,341,E1_addition
59,4,addition,mlp,16,1.0,0.411201536655426,341,E1_addition
59,4,addition,mlp,23,1.0,0.411201536655426,341,E1_addition
59,4,addition,unembed,2,0.1027298867702484,0.0497845858335495,341,E1_addition
59,4,addition,unembed,3,0.6602011322975159,0.2733365297317505,341,E1_addition
59,4,addition,unembed,4,0.9497126340866088,0.3901388347148895,341,E1_addition
59,4,addition,unembed,5,0.9978448152542114,0.4126376211643219,341,E1_addition
59,4,addition,unembed,6,1.0,0.4116802215576172,341,E1_addition
59,4,addition,unembed,8,1.0,0.4135950207710266,341,E1_addition
59,4,addition,unembed,10,1.0,0.411201536655426,341,E1_addition
59,4,addition,unembed,12,1.0,0.411201536655426,341,E1_addition
59,4,addition,unembed,16,1.0,0.411201536655426,341,E1_addition
59,4,addition,unembed,23,1.0,0.411201536655426,341,E1_addition
59,5,addition,embedding,2,0.0689655169844627,0.0540928691625595,341,E1_addition
59,5,addition,embedding,3,0.9863505959510804,0.9636189341545104,341,E1_addition
59,5,addition,embedding,4,0.9899425506591796,0.966491162776947,341,E1_addition
59,5,addition,embedding,5,1.0,0.9765437841415404,341,E1_addition
59,5,addition,embedding,6,1.0,0.9765437841415404,341,E1_addition
59,5,addition,embedding,8,1.0,0.9765437841415404,341,E1_addition
59,5,addition,embedding,10,1.0,0.9765437841415404,341,E1_addition
59,5,addition,embedding,12,1.0,0.9765437841415404,341,E1_addition
59,5,addition,embedding,16,1.0,0.9765437841415404,341,E1_addition
59,5,addition,embedding,23,1.0,0.9765437841415404,341,E1_addition
59,5,addition,attention,2,0.005028735846281,0.004786979407072,341,E1_addition
59,5,addition,attention,3,0.6386494040489197,0.6151268482208252,341,E1_addition
59,5,addition,attention,4,1.0,0.9755864143371582,341,E1_addition
59,5,addition,attention,5,1.0,0.9765437841415404,341,E1_addition
59,5,addition,attention,6,1.0,0.9765437841415404,341,E1_addition
59,5,addition,attention,8,1.0,0.9765437841415404,341,E1_addition
59,5,addition,attention,10,1.0,0.9765437841415404,341,E1_addition
59,5,addition,attention,12,1.0,0.9765437841415404,341,E1_addition
59,5,addition,attention,16,1.0,0.9765437841415404,341,E1_addition
59,5,addition,attention,23,1.0,0.9765437841415404,341,E1_addition
59,5,addition,mlp,2,0.0136494254693388,0.018669219687581,341,E1_addition
59,5,addition,mlp,3,0.160201147198677,0.1507898569107055,341,E1_addition
59,5,addition,mlp,4,0.9956896305084229,0.9679272174835204,341,E1_addition
59,5,addition,mlp,5,1.0,0.9755864143371582,341,E1_addition
59,5,addition,mlp,6,1.0,0.9755864143371582,341,E1_addition
59,5,addition,mlp,8,1.0,0.9765437841415404,341,E1_addition
59,5,addition,mlp,10,1.0,0.9765437841415404,341,E1_addition
59,5,addition,mlp,12,1.0,0.9765437841415404,341,E1_addition
59,5,addition,mlp,16,1.0,0.9765437841415404,341,E1_addition
59,5,addition,mlp,23,1.0,0.9765437841415404,341,E1_addition
59,5,addition,unembed,2,0.1020114943385124,0.0861656293272972,341,E1_addition
59,5,addition,unembed,3,0.5876436829566956,0.5404499769210815,341,E1_addition
59,5,addition,unembed,4,0.9188218116760254,0.9047390818595886,341,E1_addition
59,5,addition,unembed,5,1.0,0.9760650992393494,341,E1_addition
59,5,addition,unembed,6,1.0,0.9755864143371582,341,E1_addition
59,5,addition,unembed,8,1.0,0.9765437841415404,341,E1_addition
59,5,addition,unembed,10,1.0,0.9765437841415404,341,E1_addition
59,5,addition,unembed,12,1.0,0.9765437841415404,341,E1_addition
59,5,addition,unembed,16,1.0,0.9765437841415404,341,E1_addition
59,5,addition,unembed,23,1.0,0.9765437841415404,341,E1_addition
59,6,addition,embedding,2,0.0416666679084301,0.0320727601647377,341,E1_addition
59,6,addition,embedding,3,0.7428160905838013,0.6802297830581665,341,E1_addition
59,6,addition,embedding,4,0.9877873659133912,0.9334610104560852,341,E1_addition
59,6,addition,embedding,5,0.9971264600753784,0.95260888338089,341,E1_addition
59,6,addition,embedding,6,0.9978448152542114,0.9511728286743164,341,E1_addition
59,6,addition,embedding,8,0.9978448152542114,0.9530876278877258,341,E1_addition
59,6,addition,embedding,10,0.9978448152542114,0.9530876278877258,341,E1_addition
59,6,addition,embedding,12,0.9978448152542114,0.953566312789917,341,E1_addition
59,6,addition,embedding,16,0.9978448152542114,0.953566312789917,341,E1_addition
59,6,addition,embedding,23,0.9978448152542114,0.953566312789917,341,E1_addition
59,6,addition,attention,2,0.0071839080192148,0.0062230732291936,341,E1_addition
59,6,addition,attention,3,0.0079022990539669,0.0071804691106081,341,E1_addition
59,6,addition,attention,4,0.989224135875702,0.944949746131897,341,E1_addition
59,6,addition,attention,5,0.9978448152542114,0.953566312789917,341,E1_addition
59,6,addition,attention,6,0.9978448152542114,0.953566312789917,341,E1_addition
59,6,addition,attention,8,0.9978448152542114,0.953566312789917,341,E1_addition
59,6,addition,attention,10,0.9978448152542114,0.953566312789917,341,E1_addition
59,6,addition,attention,12,0.9978448152542114,0.953566312789917,341,E1_addition
59,6,addition,attention,16,0.9978448152542114,0.953566312789917,341,E1_addition
59,6,addition,attention,23,0.9978448152542114,0.953566312789917,341,E1_addition
59,6,addition,mlp,2,0.0272988509386777,0.0244135949760675,341,E1_addition
59,6,addition,mlp,3,0.0833333358168602,0.0785064622759819,341,E1_addition
59,6,addition,mlp,4,0.5739942789077759,0.542364776134491,341,E1_addition
59,6,addition,mlp,5,0.972701132297516,0.9100047945976256,341,E1_addition
59,6,addition,mlp,6,0.9971264600753784,0.94830060005188,341,E1_addition
59,6,addition,mlp,8,0.9978448152542114,0.9540449976921082,341,E1_addition
59,6,addition,mlp,10,0.9978448152542114,0.9530876278877258,341,E1_addition
59,6,addition,mlp,12,0.9978448152542114,0.953566312789917,341,E1_addition
59,6,addition,mlp,16,0.9978448152542114,0.953566312789917,341,E1_addition
59,6,addition,mlp,23,0.9978448152542114,0.953566312789917,341,E1_addition
59,6,addition,unembed,2,0.1925287395715713,0.1756821423768997,341,E1_addition
59,6,addition,unembed,3,0.772988498210907,0.7194830179214478,341,E1_addition
59,6,addition,unembed,4,0.9640804529190063,0.9104834794998168,341,E1_addition
59,6,addition,unembed,5,0.9949712753295898,0.9473432302474976,341,E1_addition
59,6,addition,unembed,6,0.9956896305084229,0.9487793445587158,341,E1_addition
59,6,addition,unembed,8,0.9978448152542114,0.9530876278877258,341,E1_addition
59,6,addition,unembed,10,0.9978448152542114,0.9530876278877258,341,E1_addition
59,6,addition,unembed,12,0.9978448152542114,0.9530876278877258,341,E1_addition
59,6,addition,unembed,16,0.9978448152542114,0.953566312789917,341,E1_addition
59,6,addition,unembed,23,0.9978448152542114,0.953566312789917,341,E1_addition
59,7,addition,embedding,2,0.0172413792461156,0.0148396361619234,341,E1_addition
59,7,addition,embedding,3,0.3556034564971924,0.3389181494712829,341,E1_addition
59,7,addition,embedding,4,0.891523003578186,0.8583053946495056,341,E1_addition
59,7,addition,embedding,5,0.9985632300376892,0.9722355008125304,341,E1_addition
59,7,addition,embedding,6,1.0,0.975107729434967,341,E1_addition
59,7,addition,embedding,8,1.0,0.9755864143371582,341,E1_addition
59,7,addition,embedding,10,1.0,0.9760650992393494,341,E1_addition
59,7,addition,embedding,12,1.0,0.9760650992393494,341,E1_addition
59,7,addition,embedding,16,1.0,0.9760650992393494,341,E1_addition
59,7,addition,embedding,23,1.0,0.9760650992393494,341,E1_addition
59,7,addition,attention,2,0.0186781603842973,0.0268070846796035,341,E1_addition
59,7,addition,attention,3,0.124281607568264,0.1115366220474243,341,E1_addition
59,7,addition,attention,4,0.7758620381355286,0.7266634702682495,341,E1_addition
59,7,addition,attention,5,0.9906609058380128,0.957874596118927,341,E1_addition
59,7,addition,attention,6,1.0,0.9760650992393494,341,E1_addition
59,7,addition,attention,8,1.0,0.9760650992393494,341,E1_addition
59,7,addition,attention,10,1.0,0.9760650992393494,341,E1_addition
59,7,addition,attention,12,1.0,0.9760650992393494,341,E1_addition
59,7,addition,attention,16,1.0,0.9760650992393494,341,E1_addition
59,7,addition,attention,23,1.0,0.9760650992393494,341,E1_addition
59,7,addition,mlp,2,0.0941091924905777,0.0962182879447937,341,E1_addition
59,7,addition,mlp,3,0.5352011322975159,0.4897080063819885,341,E1_addition
59,7,addition,mlp,4,0.9274425506591796,0.8870272636413574,341,E1_addition
59,7,addition,mlp,5,1.0,0.97415030002594,341,E1_addition
59,7,addition,mlp,6,1.0,0.975107729434967,341,E1_addition
59,7,addition,mlp,8,1.0,0.9760650992393494,341,E1_addition
59,7,addition,mlp,10,1.0,0.9760650992393494,341,E1_addition
59,7,addition,mlp,12,1.0,0.9760650992393494,341,E1_addition
59,7,addition,mlp,16,1.0,0.9760650992393494,341,E1_addition
59,7,addition,mlp,23,1.0,0.9760650992393494,341,E1_addition
59,7,addition,unembed,2,0.1910919547080993,0.1756821423768997,341,E1_addition
59,7,addition,unembed,3,0.5783045887947083,0.5485878586769104,341,E1_addition
59,7,addition,unembed,4,0.795976996421814,0.7601723074913025,341,E1_addition
59,7,addition,unembed,5,0.966953992843628,0.9267592430114746,341,E1_addition
59,7,addition,unembed,6,1.0,0.97415030002594,341,E1_addition
59,7,addition,unembed,8,1.0,0.9755864143371582,341,E1_addition
59,7,addition,unembed,10,1.0,0.9760650992393494,341,E1_addition
59,7,addition,unembed,12,1.0,0.9760650992393494,341,E1_addition
59,7,addition,unembed,16,1.0,0.9760650992393494,341,E1_addition
59,7,addition,unembed,23,1.0,0.9760650992393494,341,E1_addition
59,8,addition,embedding,2,0.0409482754766941,0.0402106270194053,341,E1_addition
59,8,addition,embedding,3,0.7535919547080994,0.6912398338317871,341,E1_addition
59,8,addition,embedding,4,1.0,0.9631402492523192,341,E1_addition
59,8,addition,embedding,5,1.0,0.966491162776947,341,E1_addition
59,8,addition,embedding,6,1.0,0.9684059619903564,341,E1_addition
59,8,addition,embedding,8,1.0,0.9679272174835204,341,E1_addition
59,8,addition,embedding,10,1.0,0.9684059619903564,341,E1_addition
59,8,addition,embedding,12,1.0,0.9684059619903564,341,E1_addition
59,8,addition,embedding,16,1.0,0.9684059619903564,341,E1_addition
59,8,addition,embedding,23,1.0,0.9684059619903564,341,E1_addition
59,8,addition,attention,2,0.0272988509386777,0.016275729984045,341,E1_addition
59,8,addition,attention,3,0.457614928483963,0.411201536655426,341,E1_addition
59,8,addition,attention,4,0.9964080452919006,0.945428431034088,341,E1_addition
59,8,addition,attention,5,1.0,0.96553373336792,341,E1_addition
59,8,addition,attention,6,1.0,0.9674485325813292,341,E1_addition
59,8,addition,attention,8,1.0,0.9684059619903564,341,E1_addition
59,8,addition,attention,10,1.0,0.9684059619903564,341,E1_addition
59,8,addition,attention,12,1.0,0.9684059619903564,341,E1_addition
59,8,addition,attention,16,1.0,0.9684059619903564,341,E1_addition
59,8,addition,attention,23,1.0,0.9684059619903564,341,E1_addition
59,8,addition,mlp,2,0.0481321848928928,0.0378171354532241,341,E1_addition
59,8,addition,mlp,3,0.3304597735404968,0.2982288300991058,341,E1_addition
59,8,addition,mlp,4,0.964798867702484,0.898037314414978,341,E1_addition
59,8,addition,mlp,5,1.0,0.9602680802345276,341,E1_addition
59,8,addition,mlp,6,1.0,0.966491162776947,341,E1_addition
59,8,addition,mlp,8,1.0,0.9684059619903564,341,E1_addition
59,8,addition,mlp,10,1.0,0.9684059619903564,341,E1_addition
59,8,addition,mlp,12,1.0,0.9684059619903564,341,E1_addition
59,8,addition,mlp,16,1.0,0.9684059619903564,341,E1_addition
59,8,addition,mlp,23,1.0,0.9684059619903564,341,E1_addition
59,8,addition,unembed,2,0.1788793057203292,0.1656294912099838,341,E1_addition
59,8,addition,unembed,3,0.8031609058380127,0.754427969455719,341,E1_addition
59,8,addition,unembed,4,0.954023003578186,0.9085686802864076,341,E1_addition
59,8,addition,unembed,5,0.9992815852165222,0.96553373336792,341,E1_addition
59,8,addition,unembed,6,1.0,0.9684059619903564,341,E1_addition
59,8,addition,unembed,8,1.0,0.9674485325813292,341,E1_addition
59,8,addition,unembed,10,1.0,0.9679272174835204,341,E1_addition
59,8,addition,unembed,12,1.0,0.9684059619903564,341,E1_addition
59,8,addition,unembed,16,1.0,0.9684059619903564,341,E1_addition
59,8,addition,unembed,23,1.0,0.9684059619903564,341,E1_addition
59,9,addition,embedding,2,0.0201149433851242,0.0138822402805089,341,E1_addition
59,9,addition,embedding,3,0.8031609058380127,0.7549066543579102,341,E1_addition
59,9,addition,embedding,4,0.9576149582862854,0.9253231287002563,341,E1_addition
59,9,addition,embedding,5,1.0,0.96984201669693,341,E1_addition
59,9,addition,embedding,6,1.0,0.9712781310081482,341,E1_addition
59,9,addition,embedding,8,1.0,0.9717568159103394,341,E1_addition
59,9,addition,embedding,10,1.0,0.9717568159103394,341,E1_addition
59,9,addition,embedding,12,1.0,0.9717568159103394,341,E1_addition
59,9,addition,embedding,16,1.0,0.9717568159103394,341,E1_addition
59,9,addition,embedding,23,1.0,0.9717568159103394,341,E1_addition
59,9,addition,attention,2,0.0086206896230578,0.0095739588141441,341,E1_addition
59,9,addition,attention,3,0.0596264377236366,0.0493058860301971,341,E1_addition
59,9,addition,attention,4,0.9216954112052916,0.8611776232719421,341,E1_addition
59,9,addition,attention,5,1.0,0.9688846468925476,341,E1_addition
59,9,addition,attention,6,1.0,0.9688846468925476,341,E1_addition
59,9,addition,attention,8,1.0,0.9717568159103394,341,E1_addition
59,9,addition,attention,10,1.0,0.9717568159103394,341,E1_addition
59,9,addition,attention,12,1.0,0.9717568159103394,341,E1_addition
59,9,addition,attention,16,1.0,0.9717568159103394,341,E1_addition
59,9,addition,attention,23,1.0,0.9717568159103394,341,E1_addition
59,9,addition,mlp,2,0.0229885056614875,0.0253709908574819,341,E1_addition
59,9,addition,mlp,3,0.1709770113229751,0.1560555249452591,341,E1_addition
59,9,addition,mlp,4,0.9454023241996764,0.8994734287261963,341,E1_addition
59,9,addition,mlp,5,1.0,0.9712781310081482,341,E1_addition
59,9,addition,mlp,6,1.0,0.9717568159103394,341,E1_addition
59,9,addition,mlp,8,1.0,0.9717568159103394,341,E1_addition
59,9,addition,mlp,10,1.0,0.9717568159103394,341,E1_addition
59,9,addition,mlp,12,1.0,0.9717568159103394,341,E1_addition
59,9,addition,mlp,16,1.0,0.9717568159103394,341,E1_addition
59,9,addition,mlp,23,1.0,0.9717568159103394,341,E1_addition
59,9,addition,unembed,2,0.1027298867702484,0.1206318810582161,341,E1_addition
59,9,addition,unembed,3,0.5969827771186829,0.5710866451263428,341,E1_addition
59,9,addition,unembed,4,0.926724135875702,0.8717089295387268,341,E1_addition
59,9,addition,unembed,5,1.0,0.9626615643501282,341,E1_addition
59,9,addition,unembed,6,1.0,0.96984201669693,341,E1_addition
59,9,addition,unembed,8,1.0,0.9717568159103394,341,E1_addition
59,9,addition,unembed,10,1.0,0.9717568159103394,341,E1_addition
59,9,addition,unembed,12,1.0,0.9717568159103394,341,E1_addition
59,9,addition,unembed,16,1.0,0.9717568159103394,341,E1_addition
59,9,addition,unembed,23,1.0,0.9717568159103394,341,E1_addition
59,10,addition,embedding,2,0.0150862066075205,0.0100526567548513,341,E1_addition
59,10,addition,embedding,3,0.8002873659133911,0.7558640241622925,341,E1_addition
59,10,addition,embedding,4,0.9971264600753784,0.9693633317947388,341,E1_addition
59,10,addition,embedding,5,1.0,0.9798946976661682,341,E1_addition
59,10,addition,embedding,6,1.0,0.9813307523727416,341,E1_addition
59,10,addition,embedding,8,1.0,0.9813307523727416,341,E1_addition
59,10,addition,embedding,10,1.0,0.9813307523727416,341,E1_addition
59,10,addition,embedding,12,1.0,0.9813307523727416,341,E1_addition
59,10,addition,embedding,16,1.0,0.9813307523727416,341,E1_addition
59,10,addition,embedding,23,1.0,0.9813307523727416,341,E1_addition
59,10,addition,attention,2,0.0165229886770248,0.0153183341026306,341,E1_addition
59,10,addition,attention,3,0.0280172415077686,0.021062709391117,341,E1_addition
59,10,addition,attention,4,0.6989942789077759,0.6237434148788452,341,E1_addition
59,10,addition,attention,5,0.948275864124298,0.9138343930244446,341,E1_addition
59,10,addition,attention,6,1.0,0.9803733825683594,341,E1_addition
59,10,addition,attention,8,1.0,0.9813307523727416,341,E1_addition
59,10,addition,attention,10,1.0,0.9813307523727416,341,E1_addition
59,10,addition,attention,12,1.0,0.9813307523727416,341,E1_addition
59,10,addition,attention,16,1.0,0.9813307523727416,341,E1_addition
59,10,addition,attention,23,1.0,0.9813307523727416,341,E1_addition
59,10,addition,mlp,2,0.0452586188912391,0.0406893268227577,341,E1_addition
59,10,addition,mlp,3,0.1896551698446273,0.1842987090349197,341,E1_addition
59,10,addition,mlp,4,0.993534505367279,0.962182879447937,341,E1_addition
59,10,addition,mlp,5,1.0,0.9803733825683594,341,E1_addition
59,10,addition,mlp,6,1.0,0.9803733825683594,341,E1_addition
59,10,addition,mlp,8,1.0,0.9813307523727416,341,E1_addition
59,10,addition,mlp,10,1.0,0.9813307523727416,341,E1_addition
59,10,addition,mlp,12,1.0,0.9813307523727416,341,E1_addition
59,10,addition,mlp,16,1.0,0.9813307523727416,341,E1_addition
59,10,addition,mlp,23,1.0,0.9813307523727416,341,E1_addition
59,10,addition,unembed,2,0.2076149433851242,0.1938726603984832,341,E1_addition
59,10,addition,unembed,3,0.9504310488700868,0.9301100969314576,341,E1_addition
59,10,addition,unembed,4,0.9849137663841248,0.9650550484657288,341,E1_addition
59,10,addition,unembed,5,1.0,0.979416012763977,341,E1_addition
59,10,addition,unembed,6,1.0,0.9813307523727416,341,E1_addition
59,10,addition,unembed,8,1.0,0.9813307523727416,341,E1_addition
59,10,addition,unembed,10,1.0,0.9813307523727416,341,E1_addition
59,10,addition,unembed,12,1.0,0.9813307523727416,341,E1_addition
59,10,addition,unembed,16,1.0,0.9813307523727416,341,E1_addition
59,10,addition,unembed,23,1.0,0.9813307523727416,341,E1_addition
59,11,addition,embedding,2,0.0301724132150411,0.0392532311379909,341,E1_addition
59,11,addition,embedding,3,0.4669540226459503,0.4466251730918884,341,E1_addition
59,11,addition,embedding,4,0.9841954112052916,0.9650550484657288,341,E1_addition
59,11,addition,embedding,5,1.0,0.9789372682571412,341,E1_addition
59,11,addition,embedding,6,1.0,0.9789372682571412,341,E1_addition
59,11,addition,embedding,8,1.0,0.9789372682571412,341,E1_addition
59,11,addition,embedding,10,1.0,0.9789372682571412,341,E1_addition
59,11,addition,embedding,12,1.0,0.9789372682571412,341,E1_addition
59,11,addition,embedding,16,1.0,0.9789372682571412,341,E1_addition
59,11,addition,embedding,23,1.0,0.9789372682571412,341,E1_addition
59,11,addition,attention,2,0.0129310339689254,0.0157970320433378,341,E1_addition
59,11,addition,attention,3,0.1408046036958694,0.1402584910392761,341,E1_addition
59,11,addition,attention,4,0.9791666865348816,0.9301100969314576,341,E1_addition
59,11,addition,attention,5,0.9992815852165222,0.9760650992393494,341,E1_addition
59,11,addition,attention,6,1.0,0.9789372682571412,341,E1_addition
59,11,addition,attention,8,1.0,0.9789372682571412,341,E1_addition
59,11,addition,attention,10,1.0,0.9789372682571412,341,E1_addition
59,11,addition,attention,12,1.0,0.9789372682571412,341,E1_addition
59,11,addition,attention,16,1.0,0.9789372682571412,341,E1_addition
59,11,addition,attention,23,1.0,0.9789372682571412,341,E1_addition
59,11,addition,mlp,2,0.2399425208568573,0.2379128783941269,341,E1_addition
59,11,addition,mlp,3,0.8556034564971924,0.821445643901825,341,E1_addition
59,11,addition,mlp,4,0.994252860546112,0.9660124182701112,341,E1_addition
59,11,addition,mlp,5,1.0,0.9789372682571412,341,E1_addition
59,11,addition,mlp,6,1.0,0.9789372682571412,341,E1_addition
59,11,addition,mlp,8,1.0,0.9789372682571412,341,E1_addition
59,11,addition,mlp,10,1.0,0.9789372682571412,341,E1_addition
59,11,addition,mlp,12,1.0,0.9789372682571412,341,E1_addition
59,11,addition,mlp,16,1.0,0.9789372682571412,341,E1_addition
59,11,addition,mlp,23,1.0,0.9789372682571412,341,E1_addition
59,11,addition,unembed,2,0.1149425283074379,0.1124940142035484,341,E1_addition
59,11,addition,unembed,3,0.6214080452919006,0.6022019982337952,341,E1_addition
59,11,addition,unembed,4,0.8929597735404968,0.8669219613075256,341,E1_addition
59,11,addition,unembed,5,0.9906609058380128,0.9679272174835204,341,E1_addition
59,11,addition,unembed,6,1.0,0.9789372682571412,341,E1_addition
59,11,addition,unembed,8,1.0,0.9789372682571412,341,E1_addition
59,11,addition,unembed,10,1.0,0.9789372682571412,341,E1_addition
59,11,addition,unembed,12,1.0,0.9789372682571412,341,E1_addition
59,11,addition,unembed,16,1.0,0.9789372682571412,341,E1_addition
59,11,addition,unembed,23,1.0,0.9789372682571412,341,E1_addition
59,12,addition,embedding,2,0.0193965509533882,0.0148396361619234,341,E1_addition
59,12,addition,embedding,3,0.2090517282485962,0.2134992778301239,341,E1_addition
59,12,addition,embedding,4,0.7420976758003235,0.7233126163482666,341,E1_addition
59,12,addition,embedding,5,1.0,0.9755864143371582,341,E1_addition
59,12,addition,embedding,6,1.0,0.9755864143371582,341,E1_addition
59,12,addition,embedding,8,1.0,0.9755864143371582,341,E1_addition
59,12,addition,embedding,10,1.0,0.9755864143371582,341,E1_addition
59,12,addition,embedding,12,1.0,0.9755864143371582,341,E1_addition
59,12,addition,embedding,16,1.0,0.9755864143371582,341,E1_addition
59,12,addition,embedding,23,1.0,0.9755864143371582,341,E1_addition
59,12,addition,attention,2,0.0043103448115289,0.0033508855849504,341,E1_addition
59,12,addition,attention,3,0.0531609207391738,0.0344662517309188,341,E1_addition
59,12,addition,attention,4,0.0646551698446273,0.0607946366071701,341,E1_addition
59,12,addition,attention,5,1.0,0.9755864143371582,341,E1_addition
59,12,addition,attention,6,1.0,0.9755864143371582,341,E1_addition
59,12,addition,attention,8,1.0,0.9755864143371582,341,E1_addition
59,12,addition,attention,10,1.0,0.9755864143371582,341,E1_addition
59,12,addition,attention,12,1.0,0.9755864143371582,341,E1_addition
59,12,addition,attention,16,1.0,0.9755864143371582,341,E1_addition
59,12,addition,attention,23,1.0,0.9755864143371582,341,E1_addition
59,12,addition,mlp,2,0.0589080452919006,0.0708472952246666,341,E1_addition
59,12,addition,mlp,3,0.1652298867702484,0.1512685418128967,341,E1_addition
59,12,addition,mlp,4,0.8153735399246216,0.7946385741233826,341,E1_addition
59,12,addition,mlp,5,0.9971264600753784,0.9712781310081482,341,E1_addition
59,12,addition,mlp,6,1.0,0.9755864143371582,341,E1_addition
59,12,addition,mlp,8,1.0,0.9755864143371582,341,E1_addition
59,12,addition,mlp,10,1.0,0.9755864143371582,341,E1_addition
59,12,addition,mlp,12,1.0,0.9755864143371582,341,E1_addition
59,12,addition,mlp,16,1.0,0.9755864143371582,341,E1_addition
59,12,addition,mlp,23,1.0,0.9755864143371582,341,E1_addition
59,12,addition,unembed,2,0.1544540226459503,0.1594064086675644,341,E1_addition
59,12,addition,unembed,3,0.3204022943973541,0.2814743816852569,341,E1_addition
59,12,addition,unembed,4,0.451149433851242,0.3891814351081848,341,E1_addition
59,12,addition,unembed,5,0.5768678188323975,0.5471517443656921,341,E1_addition
59,12,addition,unembed,6,1.0,0.9765437841415404,341,E1_addition
59,12,addition,unembed,8,1.0,0.9755864143371582,341,E1_addition
59,12,addition,unembed,10,1.0,0.9755864143371582,341,E1_addition
59,12,addition,unembed,12,1.0,0.9755864143371582,341,E1_addition
59,12,addition,unembed,16,1.0,0.9755864143371582,341,E1_addition
59,12,addition,unembed,23,1.0,0.9755864143371582,341,E1_addition
59,13,addition,embedding,2,0.0330459773540496,0.0229775011539459,341,E1_addition
59,13,addition,embedding,3,0.3929597735404968,0.3887027204036712,341,E1_addition
59,13,addition,embedding,4,0.8433908224105835,0.813786506652832,341,E1_addition
59,13,addition,embedding,5,1.0,0.9846816658973694,341,E1_addition
59,13,addition,embedding,6,1.0,0.9846816658973694,341,E1_addition
59,13,addition,embedding,8,1.0,0.9842029809951782,341,E1_addition
59,13,addition,embedding,10,1.0,0.9837242960929872,341,E1_addition
59,13,addition,embedding,12,1.0,0.9837242960929872,341,E1_addition
59,13,addition,embedding,16,1.0,0.9842029809951782,341,E1_addition
59,13,addition,embedding,23,1.0,0.9842029809951782,341,E1_addition
59,13,addition,attention,2,0.0179597698152065,0.0177118238061666,341,E1_addition
59,13,addition,attention,3,0.0804597735404968,0.080899953842163,341,E1_addition
59,13,addition,attention,4,0.097701147198677,0.0631881281733512,341,E1_addition
59,13,addition,attention,5,1.0,0.9813307523727416,341,E1_addition
59,13,addition,attention,6,1.0,0.9837242960929872,341,E1_addition
59,13,addition,attention,8,1.0,0.9837242960929872,341,E1_addition
59,13,addition,attention,10,1.0,0.9842029809951782,341,E1_addition
59,13,addition,attention,12,1.0,0.9842029809951782,341,E1_addition
59,13,addition,attention,16,1.0,0.9842029809951782,341,E1_addition
59,13,addition,attention,23,1.0,0.9842029809951782,341,E1_addition
59,13,addition,mlp,2,0.0395114943385124,0.0373384393751621,341,E1_addition
59,13,addition,mlp,3,0.2442528754472732,0.2297750115394592,341,E1_addition
59,13,addition,mlp,4,0.989224135875702,0.9645763635635376,341,E1_addition
59,13,addition,mlp,5,0.9992815852165222,0.9789372682571412,341,E1_addition
59,13,addition,mlp,6,1.0,0.9846816658973694,341,E1_addition
59,13,addition,mlp,8,1.0,0.9846816658973694,341,E1_addition
59,13,addition,mlp,10,1.0,0.9837242960929872,341,E1_addition
59,13,addition,mlp,12,1.0,0.9842029809951782,341,E1_addition
59,13,addition,mlp,16,1.0,0.9842029809951782,341,E1_addition
59,13,addition,mlp,23,1.0,0.9842029809951782,341,E1_addition
59,13,addition,unembed,2,0.0502873547375202,0.0545715652406215,341,E1_addition
59,13,addition,unembed,3,0.2650862038135528,0.2805169820785522,341,E1_addition
59,13,addition,unembed,4,0.8376436829566956,0.8022977709770203,341,E1_addition
59,13,addition,unembed,5,0.9928160905838012,0.9760650992393494,341,E1_addition
59,13,addition,unembed,6,1.0,0.98276686668396,341,E1_addition
59,13,addition,unembed,8,1.0,0.9837242960929872,341,E1_addition
59,13,addition,unembed,10,1.0,0.9837242960929872,341,E1_addition
59,13,addition,unembed,12,1.0,0.9842029809951782,341,E1_addition
59,13,addition,unembed,16,1.0,0.9842029809951782,341,E1_addition
59,13,addition,unembed,23,1.0,0.9842029809951782,341,E1_addition
59,14,addition,embedding,2,0.0237068962305784,0.0335088558495044,341,E1_addition
59,14,addition,embedding,3,0.4058907926082611,0.3910962045192718,341,E1_addition
59,14,addition,embedding,4,0.9949712753295898,0.9755864143371582,341,E1_addition
59,14,addition,embedding,5,1.0,0.9889899492263794,341,E1_addition
59,14,addition,embedding,6,1.0,0.9889899492263794,341,E1_addition
59,14,addition,embedding,8,1.0,0.9889899492263794,341,E1_addition
59,14,addition,embedding,10,1.0,0.9889899492263794,341,E1_addition
59,14,addition,embedding,12,1.0,0.9889899492263794,341,E1_addition
59,14,addition,embedding,16,1.0,0.9889899492263794,341,E1_addition
59,14,addition,embedding,23,1.0,0.9889899492263794,341,E1_addition
59,14,addition,attention,2,0.0488505735993385,0.0579224526882171,341,E1_addition
59,14,addition,attention,3,0.1515804529190063,0.1541407406330108,341,E1_addition
59,14,addition,attention,4,0.1745689660310745,0.1680229753255844,341,E1_addition
59,14,addition,attention,5,0.881465494632721,0.8377214074134827,341,E1_addition
59,14,addition,attention,6,1.0,0.9851603507995604,341,E1_addition
59,14,addition,attention,8,1.0,0.9889899492263794,341,E1_addition
59,14,addition,attention,10,1.0,0.9889899492263794,341,E1_addition
59,14,addition,attention,12,1.0,0.9889899492263794,341,E1_addition
59,14,addition,attention,16,1.0,0.9889899492263794,341,E1_addition
59,14,addition,attention,23,1.0,0.9889899492263794,341,E1_addition
59,14,addition,mlp,2,0.0818965509533882,0.0818573459982872,341,E1_addition
59,14,addition,mlp,3,0.1645114868879318,0.1842987090349197,341,E1_addition
59,14,addition,mlp,4,0.7758620381355286,0.775969386100769,341,E1_addition
59,14,addition,mlp,5,0.9856321811676024,0.9588319659233092,341,E1_addition
59,14,addition,mlp,6,1.0,0.9889899492263794,341,E1_addition
59,14,addition,mlp,8,1.0,0.9889899492263794,341,E1_addition
59,14,addition,mlp,10,1.0,0.9889899492263794,341,E1_addition
59,14,addition,mlp,12,1.0,0.9889899492263794,341,E1_addition
59,14,addition,mlp,16,1.0,0.9889899492263794,341,E1_addition
59,14,addition,mlp,23,1.0,0.9889899492263794,341,E1_addition
59,14,addition,unembed,2,0.1099137961864471,0.1033987551927566,341,E1_addition
59,14,addition,unembed,3,0.6372126340866089,0.6275730133056641,341,E1_addition
59,14,addition,unembed,4,0.8541666865348816,0.8085207939147949,341,E1_addition
59,14,addition,unembed,5,0.9224137663841248,0.8946864604949951,341,E1_addition
59,14,addition,unembed,6,0.9978448152542114,0.9846816658973694,341,E1_addition
59,14,addition,unembed,8,1.0,0.9889899492263794,341,E1_addition
59,14,addition,unembed,10,1.0,0.9889899492263794,341,E1_addition
59,14,addition,unembed,12,1.0,0.9889899492263794,341,E1_addition
59,14,addition,unembed,16,1.0,0.9889899492263794,341,E1_addition
59,14,addition,unembed,23,1.0,0.9889899492263794,341,E1_addition
59,15,addition,embedding,2,0.0165229886770248,0.0215414073318243,341,E1_addition
59,15,addition,embedding,3,0.1623563170433044,0.1503111571073532,341,E1_addition
59,15,addition,embedding,4,0.795258641242981,0.7568214535713196,341,E1_addition
59,15,addition,embedding,5,1.0,0.975107729434967,341,E1_addition
59,15,addition,embedding,6,1.0,0.979416012763977,341,E1_addition
59,15,addition,embedding,8,1.0,0.979416012763977,341,E1_addition
59,15,addition,embedding,10,1.0,0.979416012763977,341,E1_addition
59,15,addition,embedding,12,1.0,0.979416012763977,341,E1_addition
59,15,addition,embedding,16,1.0,0.979416012763977,341,E1_addition
59,15,addition,embedding,23,1.0,0.979416012763977,341,E1_addition
59,15,addition,attention,2,0.0179597698152065,0.0100526567548513,341,E1_addition
59,15,addition,attention,3,0.005028735846281,0.0052656773477792,341,E1_addition
59,15,addition,attention,4,0.0948275849223136,0.1057922467589378,341,E1_addition
59,15,addition,attention,5,0.5998563170433044,0.572522759437561,341,E1_addition
59,15,addition,attention,6,1.0,0.9775012135505676,341,E1_addition
59,15,addition,attention,8,1.0,0.97845858335495,341,E1_addition
59,15,addition,attention,10,1.0,0.979416012763977,341,E1_addition
59,15,addition,attention,12,1.0,0.979416012763977,341,E1_addition
59,15,addition,attention,16,1.0,0.979416012763977,341,E1_addition
59,15,addition,attention,23,1.0,0.979416012763977,341,E1_addition
59,15,addition,mlp,2,0.0143678160384297,0.0138822402805089,341,E1_addition
59,15,addition,mlp,3,0.0488505735993385,0.0378171354532241,341,E1_addition
59,15,addition,mlp,4,0.6163793206214905,0.5442795753479004,341,E1_addition
59,15,addition,mlp,5,0.9985632300376892,0.9770224690437316,341,E1_addition
59,15,addition,mlp,6,0.9992815852165222,0.97845858335495,341,E1_addition
59,15,addition,mlp,8,1.0,0.979416012763977,341,E1_addition
59,15,addition,mlp,10,1.0,0.979416012763977,341,E1_addition
59,15,addition,mlp,12,1.0,0.979416012763977,341,E1_addition
59,15,addition,mlp,16,1.0,0.979416012763977,341,E1_addition
59,15,addition,mlp,23,1.0,0.979416012763977,341,E1_addition
59,15,addition,unembed,2,0.1918103396892547,0.1728099584579467,341,E1_addition
59,15,addition,unembed,3,0.6558908224105835,0.610339879989624,341,E1_addition
59,15,addition,unembed,4,0.8843390941619873,0.8535184264183044,341,E1_addition
59,15,addition,unembed,5,0.9956896305084229,0.9775012135505676,341,E1_addition
59,15,addition,unembed,6,1.0,0.9765437841415404,341,E1_addition
59,15,addition,unembed,8,1.0,0.97845858335495,341,E1_addition
59,15,addition,unembed,10,1.0,0.979416012763977,341,E1_addition
59,15,addition,unembed,12,1.0,0.979416012763977,341,E1_addition
59,15,addition,unembed,16,1.0,0.979416012763977,341,E1_addition
59,15,addition,unembed,23,1.0,0.979416012763977,341,E1_addition
59,16,addition,embedding,2,0.0193965509533882,0.0248922929167747,341,E1_addition
59,16,addition,embedding,3,0.1903735697269439,0.1737673580646515,341,E1_addition
59,16,addition,embedding,4,0.9755747318267822,0.93968403339386,341,E1_addition
59,16,addition,embedding,5,1.0,0.9775012135505676,341,E1_addition
59,16,addition,embedding,6,1.0,0.9775012135505676,341,E1_addition
59,16,addition,embedding,8,1.0,0.97845858335495,341,E1_addition
59,16,addition,embedding,10,1.0,0.97845858335495,341,E1_addition
59,16,addition,embedding,12,1.0,0.97845858335495,341,E1_addition
59,16,addition,embedding,16,1.0,0.97845858335495,341,E1_addition
59,16,addition,embedding,23,1.0,0.97845858335495,341,E1_addition
59,16,addition,attention,2,0.0179597698152065,0.0100526567548513,341,E1_addition
59,16,addition,attention,3,0.0244252867996692,0.0244135949760675,341,E1_addition
59,16,addition,attention,4,0.0079022990539669,0.0062230732291936,341,E1_addition
59,16,addition,attention,5,0.9173850417137146,0.8693154454231262,341,E1_addition
59,16,addition,attention,6,1.0,0.9765437841415404,341,E1_addition
59,16,addition,attention,8,1.0,0.97845858335495,341,E1_addition
59,16,addition,attention,10,1.0,0.97845858335495,341,E1_addition
59,16,addition,attention,12,1.0,0.97845858335495,341,E1_addition
59,16,addition,attention,16,1.0,0.97845858335495,341,E1_addition
59,16,addition,attention,23,1.0,0.97845858335495,341,E1_addition
59,16,addition,mlp,2,0.0510057471692562,0.0526567734777927,341,E1_addition
59,16,addition,mlp,3,0.0265804603695869,0.0177118238061666,341,E1_addition
59,16,addition,mlp,4,0.2844827473163605,0.2982288300991058,341,E1_addition
59,16,addition,mlp,5,0.9518678188323976,0.915270447731018,341,E1_addition
59,16,addition,mlp,6,0.9992815852165222,0.9722355008125304,341,E1_addition
59,16,addition,mlp,8,1.0,0.97845858335495,341,E1_addition
59,16,addition,mlp,10,1.0,0.97845858335495,341,E1_addition
59,16,addition,mlp,12,1.0,0.97845858335495,341,E1_addition
59,16,addition,mlp,16,1.0,0.97845858335495,341,E1_addition
59,16,addition,mlp,23,1.0,0.97845858335495,341,E1_addition
59,16,addition,unembed,2,0.1343390792608261,0.1407371908426284,341,E1_addition
59,16,addition,unembed,3,0.7068965435028076,0.6778362989425659,341,E1_addition
59,16,addition,unembed,4,0.9791666865348816,0.9478219151496888,341,E1_addition
59,16,addition,unembed,5,1.0,0.9775012135505676,341,E1_addition
59,16,addition,unembed,6,1.0,0.97845858335495,341,E1_addition
59,16,addition,unembed,8,1.0,0.97845858335495,341,E1_addition
59,16,addition,unembed,10,1.0,0.97845858335495,341,E1_addition
59,16,addition,unembed,12,1.0,0.97845858335495,341,E1_addition
59,16,addition,unembed,16,1.0,0.97845858335495,341,E1_addition
59,16,addition,unembed,23,1.0,0.97845858335495,341,E1_addition
59,17,addition,embedding,2,0.0193965509533882,0.0191479176282882,341,E1_addition
59,17,addition,embedding,3,0.4001436829566955,0.3786500692367553,341,E1_addition
59,17,addition,embedding,4,0.158764362335205,0.1608425080776214,341,E1_addition
59,17,addition,embedding,5,1.0,0.9770224690437316,341,E1_addition
59,17,addition,embedding,6,1.0,0.9808520674705504,341,E1_addition
59,17,addition,embedding,8,1.0,0.9798946976661682,341,E1_addition
59,17,addition,embedding,10,1.0,0.9798946976661682,341,E1_addition
59,17,addition,embedding,12,1.0,0.9798946976661682,341,E1_addition
59,17,addition,embedding,16,1.0,0.9798946976661682,341,E1_addition
59,17,addition,embedding,23,1.0,0.9798946976661682,341,E1_addition
59,17,addition,attention,2,0.0143678160384297,0.0177118238061666,341,E1_addition
59,17,addition,attention,3,0.1954022943973541,0.1823839098215103,341,E1_addition
59,17,addition,attention,4,0.607758641242981,0.5988511443138123,341,E1_addition
59,17,addition,attention,5,0.9964080452919006,0.9731929302215576,341,E1_addition
59,17,addition,attention,6,1.0,0.9798946976661682,341,E1_addition
59,17,addition,attention,8,1.0,0.9798946976661682,341,E1_addition
59,17,addition,attention,10,1.0,0.9798946976661682,341,E1_addition
59,17,addition,attention,12,1.0,0.9798946976661682,341,E1_addition
59,17,addition,attention,16,1.0,0.9798946976661682,341,E1_addition
59,17,addition,attention,23,1.0,0.9798946976661682,341,E1_addition
59,17,addition,mlp,2,0.0466954037547111,0.0454763025045394,341,E1_addition
59,17,addition,mlp,3,0.3864942491054535,0.3882240355014801,341,E1_addition
59,17,addition,mlp,4,0.7571839094161987,0.7137386202812195,341,E1_addition
59,17,addition,mlp,5,1.0,0.9798946976661682,341,E1_addition
59,17,addition,mlp,6,1.0,0.9798946976661682,341,E1_addition
59,17,addition,mlp,8,1.0,0.9798946976661682,341,E1_addition
59,17,addition,mlp,10,1.0,0.9798946976661682,341,E1_addition
59,17,addition,mlp,12,1.0,0.9798946976661682,341,E1_addition
59,17,addition,mlp,16,1.0,0.9798946976661682,341,E1_addition
59,17,addition,mlp,23,1.0,0.9798946976661682,341,E1_addition
59,17,addition,unembed,2,0.1479884982109069,0.1522259414196014,341,E1_addition
59,17,addition,unembed,3,0.6307471394538879,0.6055529117584229,341,E1_addition
59,17,addition,unembed,4,0.8146551847457886,0.8018190264701843,341,E1_addition
59,17,addition,unembed,5,0.9698275923728944,0.9435136318206788,341,E1_addition
59,17,addition,unembed,6,1.0,0.9789372682571412,341,E1_addition
59,17,addition,unembed,8,1.0,0.9798946976661682,341,E1_addition
59,17,addition,unembed,10,1.0,0.9798946976661682,341,E1_addition
59,17,addition,unembed,12,1.0,0.9798946976661682,341,E1_addition
59,17,addition,unembed,16,1.0,0.9798946976661682,341,E1_addition
59,17,addition,unembed,23,1.0,0.9798946976661682,341,E1_addition
59,18,addition,embedding,2,0.0739942491054534,0.0756342709064483,341,E1_addition
59,18,addition,embedding,3,0.6688218116760254,0.626615583896637,341,E1_addition
59,18,addition,embedding,4,0.9964080452919006,0.9798946976661682,341,E1_addition
59,18,addition,embedding,5,1.0,0.9798946976661682,341,E1_addition
59,18,addition,embedding,6,1.0,0.9803733825683594,341,E1_addition
59,18,addition,embedding,8,1.0,0.9803733825683594,341,E1_addition
59,18,addition,embedding,10,1.0,0.979416012763977,341,E1_addition
59,18,addition,embedding,12,1.0,0.979416012763977,341,E1_addition
59,18,addition,embedding,16,1.0,0.979416012763977,341,E1_addition
59,18,addition,embedding,23,1.0,0.979416012763977,341,E1_addition
59,18,addition,attention,2,0.0079022990539669,0.0062230732291936,341,E1_addition
59,18,addition,attention,3,0.0237068962305784,0.0272857826203107,341,E1_addition
59,18,addition,attention,4,0.3369252979755401,0.3346098661422729,341,E1_addition
59,18,addition,attention,5,0.9978448152542114,0.9775012135505676,341,E1_addition
59,18,addition,attention,6,0.9992815852165222,0.9779798984527588,341,E1_addition
59,18,addition,attention,8,1.0,0.979416012763977,341,E1_addition
59,18,addition,attention,10,1.0,0.979416012763977,341,E1_addition
59,18,addition,attention,12,1.0,0.979416012763977,341,E1_addition
59,18,addition,attention,16,1.0,0.979416012763977,341,E1_addition
59,18,addition,attention,23,1.0,0.979416012763977,341,E1_addition
59,18,addition,mlp,2,0.0380747132003307,0.0493058860301971,341,E1_addition
59,18,addition,mlp,3,0.1113505735993385,0.1053135469555854,341,E1_addition
59,18,addition,mlp,4,0.7176724076271057,0.7127812504768372,341,E1_addition
59,18,addition,mlp,5,0.9633620381355286,0.9171852469444276,341,E1_addition
59,18,addition,mlp,6,1.0,0.979416012763977,341,E1_addition
59,18,addition,mlp,8,1.0,0.9798946976661682,341,E1_addition
59,18,addition,mlp,10,1.0,0.979416012763977,341,E1_addition
59,18,addition,mlp,12,1.0,0.979416012763977,341,E1_addition
59,18,addition,mlp,16,1.0,0.979416012763977,341,E1_addition
59,18,addition,mlp,23,1.0,0.979416012763977,341,E1_addition
59,18,addition,unembed,2,0.161637932062149,0.1349928230047226,341,E1_addition
59,18,addition,unembed,3,0.9525861740112304,0.9061751961708068,341,E1_addition
59,18,addition,unembed,4,0.9956896305084229,0.9798946976661682,341,E1_addition
59,18,addition,unembed,5,0.9992815852165222,0.97845858335495,341,E1_addition
59,18,addition,unembed,6,1.0,0.979416012763977,341,E1_addition
59,18,addition,unembed,8,1.0,0.979416012763977,341,E1_addition
59,18,addition,unembed,10,1.0,0.979416012763977,341,E1_addition
59,18,addition,unembed,12,1.0,0.979416012763977,341,E1_addition
59,18,addition,unembed,16,1.0,0.979416012763977,341,E1_addition
59,18,addition,unembed,23,1.0,0.979416012763977,341,E1_addition
59,19,addition,embedding,2,0.0883620679378509,0.072283387184143,341,E1_addition
59,19,addition,embedding,3,0.7794539928436279,0.6984202861785889,341,E1_addition
59,19,addition,embedding,4,0.9992815852165222,0.9832455515861512,341,E1_addition
59,19,addition,embedding,5,1.0,0.99138343334198,341,E1_addition
59,19,addition,embedding,6,1.0,0.99138343334198,341,E1_addition
59,19,addition,embedding,8,1.0,0.99138343334198,341,E1_addition
59,19,addition,embedding,10,1.0,0.99138343334198,341,E1_addition
59,19,addition,embedding,12,1.0,0.99138343334198,341,E1_addition
59,19,addition,embedding,16,1.0,0.99138343334198,341,E1_addition
59,19,addition,embedding,23,1.0,0.99138343334198,341,E1_addition
59,19,addition,attention,2,0.020833333954215,0.0177118238061666,341,E1_addition
59,19,addition,attention,3,0.0538793094456195,0.0426041185855865,341,E1_addition
59,19,addition,attention,4,0.3362068831920624,0.2843465805053711,341,E1_addition
59,19,addition,attention,5,0.9956896305084229,0.9617041349411012,341,E1_addition
59,19,addition,attention,6,1.0,0.99138343334198,341,E1_addition
59,19,addition,attention,8,1.0,0.99138343334198,341,E1_addition
59,19,addition,attention,10,1.0,0.99138343334198,341,E1_addition
59,19,addition,attention,12,1.0,0.99138343334198,341,E1_addition
59,19,addition,attention,16,1.0,0.99138343334198,341,E1_addition
59,19,addition,attention,23,1.0,0.99138343334198,341,E1_addition
59,19,addition,mlp,2,0.0466954037547111,0.0516993775963783,341,E1_addition
59,19,addition,mlp,3,0.0237068962305784,0.0296792723238468,341,E1_addition
59,19,addition,mlp,4,0.8958333134651184,0.8908568620681763,341,E1_addition
59,19,addition,mlp,5,0.9612069129943848,0.9272379279136658,341,E1_addition
59,19,addition,mlp,6,1.0,0.99138343334198,341,E1_addition
59,19,addition,mlp,8,1.0,0.99138343334198,341,E1_addition
59,19,addition,mlp,10,1.0,0.99138343334198,341,E1_addition
59,19,addition,mlp,12,1.0,0.99138343334198,341,E1_addition
59,19,addition,mlp,16,1.0,0.99138343334198,341,E1_addition
59,19,addition,mlp,23,1.0,0.99138343334198,341,E1_addition
59,19,addition,unembed,2,0.1716953963041305,0.1737673580646515,341,E1_addition
59,19,addition,unembed,3,0.9741379022598268,0.9540449976921082,341,E1_addition
59,19,addition,unembed,4,0.9992815852165222,0.9875538349151612,341,E1_addition
59,19,addition,unembed,5,1.0,0.9909047484397888,341,E1_addition
59,19,addition,unembed,6,1.0,0.99138343334198,341,E1_addition
59,19,addition,unembed,8,1.0,0.99138343334198,341,E1_addition
59,19,addition,unembed,10,1.0,0.99138343334198,341,E1_addition
59,19,addition,unembed,12,1.0,0.99138343334198,341,E1_addition
59,19,addition,unembed,16,1.0,0.99138343334198,341,E1_addition
59,19,addition,unembed,23,1.0,0.99138343334198,341,E1_addition
59,20,addition,embedding,2,0.0122126433998346,0.0157970320433378,341,E1_addition
59,20,addition,embedding,3,0.0883620679378509,0.083772137761116,341,E1_addition
59,20,addition,embedding,4,0.7859195470809937,0.7788415551185608,341,E1_addition
59,20,addition,embedding,5,1.0,0.9727141857147216,341,E1_addition
59,20,addition,embedding,6,1.0,0.9717568159103394,341,E1_addition
59,20,addition,embedding,8,1.0,0.9722355008125304,341,E1_addition
59,20,addition,embedding,10,1.0,0.9722355008125304,341,E1_addition
59,20,addition,embedding,12,1.0,0.9722355008125304,341,E1_addition
59,20,addition,embedding,16,1.0,0.9722355008125304,341,E1_addition
59,20,addition,embedding,23,1.0,0.9722355008125304,341,E1_addition
59,20,addition,attention,2,0.0100574716925621,0.0110100526362657,341,E1_addition
59,20,addition,attention,3,0.0510057471692562,0.0473910942673683,341,E1_addition
59,20,addition,attention,4,0.1056034490466117,0.1120153218507766,341,E1_addition
59,20,addition,attention,5,0.5876436829566956,0.5414073467254639,341,E1_addition
59,20,addition,attention,6,1.0,0.9717568159103394,341,E1_addition
59,20,addition,attention,8,1.0,0.9722355008125304,341,E1_addition
59,20,addition,attention,10,1.0,0.9722355008125304,341,E1_addition
59,20,addition,attention,12,1.0,0.9722355008125304,341,E1_addition
59,20,addition,attention,16,1.0,0.9722355008125304,341,E1_addition
59,20,addition,attention,23,1.0,0.9722355008125304,341,E1_addition
59,20,addition,mlp,2,0.0452586188912391,0.060315940529108,341,E1_addition
59,20,addition,mlp,3,0.2025862038135528,0.2067975103855133,341,E1_addition
59,20,addition,mlp,4,0.988505721092224,0.9573959112167358,341,E1_addition
59,20,addition,mlp,5,1.0,0.9770224690437316,341,E1_addition
59,20,addition,mlp,6,1.0,0.9722355008125304,341,E1_addition
59,20,addition,mlp,8,1.0,0.9722355008125304,341,E1_addition
59,20,addition,mlp,10,1.0,0.9722355008125304,341,E1_addition
59,20,addition,mlp,12,1.0,0.9722355008125304,341,E1_addition
59,20,addition,mlp,16,1.0,0.9722355008125304,341,E1_addition
59,20,addition,mlp,23,1.0,0.9722355008125304,341,E1_addition
59,20,addition,unembed,2,0.1285919547080993,0.1708951592445373,341,E1_addition
59,20,addition,unembed,3,0.7068965435028076,0.69889897108078,341,E1_addition
59,20,addition,unembed,4,0.9856321811676024,0.9564384818077089,341,E1_addition
59,20,addition,unembed,5,1.0,0.9722355008125304,341,E1_addition
59,20,addition,unembed,6,1.0,0.9722355008125304,341,E1_addition
59,20,addition,unembed,8,1.0,0.9722355008125304,341,E1_addition
59,20,addition,unembed,10,1.0,0.9722355008125304,341,E1_addition
59,20,addition,unembed,12,1.0,0.9722355008125304,341,E1_addition
59,20,addition,unembed,16,1.0,0.9722355008125304,341,E1_addition
59,20,addition,unembed,23,1.0,0.9722355008125304,341,E1_addition
59,21,addition,embedding,2,0.096982754766941,0.0818573459982872,341,E1_addition
59,21,addition,embedding,3,0.9295976758003236,0.9104834794998168,341,E1_addition
59,21,addition,embedding,4,1.0,0.9765437841415404,341,E1_addition
59,21,addition,embedding,5,1.0,0.9770224690437316,341,E1_addition
59,21,addition,embedding,6,1.0,0.9760650992393494,341,E1_addition
59,21,addition,embedding,8,1.0,0.9770224690437316,341,E1_addition
59,21,addition,embedding,10,1.0,0.9770224690437316,341,E1_addition
59,21,addition,embedding,12,1.0,0.9770224690437316,341,E1_addition
59,21,addition,embedding,16,1.0,0.9770224690437316,341,E1_addition
59,21,addition,embedding,23,1.0,0.9770224690437316,341,E1_addition
59,21,addition,attention,2,0.0639367848634719,0.0584011487662792,341,E1_addition
59,21,addition,attention,3,0.8678160905838013,0.8305409550666809,341,E1_addition
59,21,addition,attention,4,1.0,0.9765437841415404,341,E1_addition
59,21,addition,attention,5,1.0,0.9760650992393494,341,E1_addition
59,21,addition,attention,6,1.0,0.9770224690437316,341,E1_addition
59,21,addition,attention,8,1.0,0.9770224690437316,341,E1_addition
59,21,addition,attention,10,1.0,0.9770224690437316,341,E1_addition
59,21,addition,attention,12,1.0,0.9770224690437316,341,E1_addition
59,21,addition,attention,16,1.0,0.9770224690437316,341,E1_addition
59,21,addition,attention,23,1.0,0.9770224690437316,341,E1_addition
59,21,addition,mlp,2,0.0122126433998346,0.0215414073318243,341,E1_addition
59,21,addition,mlp,3,0.4173850417137146,0.402584969997406,341,E1_addition
59,21,addition,mlp,4,0.9992815852165222,0.97415030002594,341,E1_addition
59,21,addition,mlp,5,1.0,0.9775012135505676,341,E1_addition
59,21,addition,mlp,6,1.0,0.9770224690437316,341,E1_addition
59,21,addition,mlp,8,1.0,0.9770224690437316,341,E1_addition
59,21,addition,mlp,10,1.0,0.9770224690437316,341,E1_addition
59,21,addition,mlp,12,1.0,0.9770224690437316,341,E1_addition
59,21,addition,mlp,16,1.0,0.9770224690437316,341,E1_addition
59,21,addition,mlp,23,1.0,0.9770224690437316,341,E1_addition
59,21,addition,unembed,2,0.1695402264595031,0.1617999076843261,341,E1_addition
59,21,addition,unembed,3,0.664511501789093,0.6428913474082947,341,E1_addition
59,21,addition,unembed,4,0.915229856967926,0.898516058921814,341,E1_addition
59,21,addition,unembed,5,0.9899425506591796,0.9703207015991212,341,E1_addition
59,21,addition,unembed,6,1.0,0.9755864143371582,341,E1_addition
59,21,addition,unembed,8,1.0,0.9770224690437316,341,E1_addition
59,21,addition,unembed,10,1.0,0.9770224690437316,341,E1_addition
59,21,addition,unembed,12,1.0,0.9770224690437316,341,E1_addition
59,21,addition,unembed,16,1.0,0.9770224690437316,341,E1_addition
59,21,addition,unembed,23,1.0,0.9770224690437316,341,E1_addition
59,22,addition,embedding,2,0.0201149433851242,0.0148396361619234,341,E1_addition
59,22,addition,embedding,3,0.7140804529190063,0.690761148929596,341,E1_addition
59,22,addition,embedding,4,0.9964080452919006,0.98276686668396,341,E1_addition
59,22,addition,embedding,5,1.0,0.9846816658973694,341,E1_addition
59,22,addition,embedding,6,1.0,0.9856390357017516,341,E1_addition
59,22,addition,embedding,8,1.0,0.9865964651107788,341,E1_addition
59,22,addition,embedding,10,1.0,0.9865964651107788,341,E1_addition
59,22,addition,embedding,12,1.0,0.9865964651107788,341,E1_addition
59,22,addition,embedding,16,1.0,0.9865964651107788,341,E1_addition
59,22,addition,embedding,23,1.0,0.9865964651107788,341,E1_addition
59,22,addition,attention,2,0.020833333954215,0.0296792723238468,341,E1_addition
59,22,addition,attention,3,0.5387930870056152,0.5284825563430786,341,E1_addition
59,22,addition,attention,4,0.9346264600753784,0.8870272636413574,341,E1_addition
59,22,addition,attention,5,1.0,0.9865964651107788,341,E1_addition
59,22,addition,attention,6,1.0,0.9875538349151612,341,E1_addition
59,22,addition,attention,8,1.0,0.9865964651107788,341,E1_addition
59,22,addition,attention,10,1.0,0.9865964651107788,341,E1_addition
59,22,addition,attention,12,1.0,0.9865964651107788,341,E1_addition
59,22,addition,attention,16,1.0,0.9865964651107788,341,E1_addition
59,22,addition,attention,23,1.0,0.9865964651107788,341,E1_addition
59,22,addition,mlp,2,0.0704023018479347,0.0703685954213142,341,E1_addition
59,22,addition,mlp,3,0.920976996421814,0.8970799446105957,341,E1_addition
59,22,addition,mlp,4,0.9992815852165222,0.9832455515861512,341,E1_addition
59,22,addition,mlp,5,1.0,0.9846816658973694,341,E1_addition
59,22,addition,mlp,6,1.0,0.9865964651107788,341,E1_addition
59,22,addition,mlp,8,1.0,0.9865964651107788,341,E1_addition
59,22,addition,mlp,10,1.0,0.9865964651107788,341,E1_addition
59,22,addition,mlp,12,1.0,0.9865964651107788,341,E1_addition
59,22,addition,mlp,16,1.0,0.9865964651107788,341,E1_addition
59,22,addition,mlp,23,1.0,0.9865964651107788,341,E1_addition
59,22,addition,unembed,2,0.163074716925621,0.1555768251419067,341,E1_addition
59,22,addition,unembed,3,0.6487069129943848,0.6443274021148682,341,E1_addition
59,22,addition,unembed,4,0.772988498210907,0.7438966035842896,341,E1_addition
59,22,addition,unembed,5,0.9080459475517272,0.8961225748062134,341,E1_addition
59,22,addition,unembed,6,1.0,0.9865964651107788,341,E1_addition
59,22,addition,unembed,8,1.0,0.9865964651107788,341,E1_addition
59,22,addition,unembed,10,1.0,0.9865964651107788,341,E1_addition
59,22,addition,unembed,12,1.0,0.9865964651107788,341,E1_addition
59,22,addition,unembed,16,1.0,0.9865964651107788,341,E1_addition
59,22,addition,unembed,23,1.0,0.9865964651107788,341,E1_addition
59,23,addition,embedding,2,0.0244252867996692,0.0153183341026306,341,E1_addition
59,23,addition,embedding,3,0.1135057434439659,0.1091431304812431,341,E1_addition
59,23,addition,embedding,4,0.5416666865348816,0.5366203784942627,341,E1_addition
59,23,addition,embedding,5,0.9001436829566956,0.889420747756958,341,E1_addition
59,23,addition,embedding,6,1.0,0.9770224690437316,341,E1_addition
59,23,addition,embedding,8,1.0,0.9770224690437316,341,E1_addition
59,23,addition,embedding,10,1.0,0.9770224690437316,341,E1_addition
59,23,addition,embedding,12,1.0,0.9770224690437316,341,E1_addition
59,23,addition,embedding,16,1.0,0.9770224690437316,341,E1_addition
59,23,addition,embedding,23,1.0,0.9770224690437316,341,E1_addition
59,23,addition,attention,2,0.0186781603842973,0.0157970320433378,341,E1_addition
59,23,addition,attention,3,0.0086206896230578,0.0033508855849504,341,E1_addition
59,23,addition,attention,4,0.0380747132003307,0.0502632856369018,341,E1_addition
59,23,addition,attention,5,0.608476996421814,0.5825753808021545,341,E1_addition
59,23,addition,attention,6,0.7557471394538879,0.7108664512634277,341,E1_addition
59,23,addition,attention,8,1.0,0.9770224690437316,341,E1_addition
59,23,addition,attention,10,1.0,0.9770224690437316,341,E1_addition
59,23,addition,attention,12,1.0,0.9770224690437316,341,E1_addition
59,23,addition,attention,16,1.0,0.9770224690437316,341,E1_addition
59,23,addition,attention,23,1.0,0.9770224690437316,341,E1_addition
59,23,addition,mlp,2,0.0531609207391738,0.0574437528848648,341,E1_addition
59,23,addition,mlp,3,0.1293103396892547,0.1096218302845954,341,E1_addition
59,23,addition,mlp,4,0.1343390792608261,0.1306845396757125,341,E1_addition
59,23,addition,mlp,5,0.6889367699623108,0.6548587679862976,341,E1_addition
59,23,addition,mlp,6,1.0,0.9770224690437316,341,E1_addition
59,23,addition,mlp,8,1.0,0.9770224690437316,341,E1_addition
59,23,addition,mlp,10,1.0,0.9770224690437316,341,E1_addition
59,23,addition,mlp,12,1.0,0.9770224690437316,341,E1_addition
59,23,addition,mlp,16,1.0,0.9770224690437316,341,E1_addition
59,23,addition,mlp,23,1.0,0.9770224690437316,341,E1_addition
59,23,addition,unembed,2,0.1329022943973541,0.1239827647805213,341,E1_addition
59,23,addition,unembed,3,0.5129310488700867,0.5131641626358032,341,E1_addition
59,23,addition,unembed,4,0.8879310488700867,0.8410722613334656,341,E1_addition
59,23,addition,unembed,5,0.993534505367279,0.9693633317947388,341,E1_addition
59,23,addition,unembed,6,0.9992815852165222,0.97415030002594,341,E1_addition
59,23,addition,unembed,8,1.0,0.9770224690437316,341,E1_addition
59,23,addition,unembed,10,1.0,0.9770224690437316,341,E1_addition
59,23,addition,unembed,12,1.0,0.9770224690437316,341,E1_addition
59,23,addition,unembed,16,1.0,0.9770224690437316,341,E1_addition
59,23,addition,unembed,23,1.0,0.9770224690437316,341,E1_addition
59,24,addition,embedding,2,0.0136494254693388,0.0248922929167747,341,E1_addition
59,24,addition,embedding,3,0.1307471245527267,0.1053135469555854,341,E1_addition
59,24,addition,embedding,4,0.2198275923728943,0.2139779776334762,341,E1_addition
59,24,addition,embedding,5,0.6293103694915771,0.6227860450744629,341,E1_addition
59,24,addition,embedding,6,1.0,0.9865964651107788,341,E1_addition
59,24,addition,embedding,8,1.0,0.9865964651107788,341,E1_addition
59,24,addition,embedding,10,1.0,0.9865964651107788,341,E1_addition
59,24,addition,embedding,12,1.0,0.9865964651107788,341,E1_addition
59,24,addition,embedding,16,1.0,0.9865964651107788,341,E1_addition
59,24,addition,embedding,23,1.0,0.9865964651107788,341,E1_addition
59,24,addition,attention,2,0.0150862066075205,0.0191479176282882,341,E1_addition
59,24,addition,attention,3,0.1271551698446273,0.1182383894920349,341,E1_addition
59,24,addition,attention,4,0.0416666679084301,0.0426041185855865,341,E1_addition
59,24,addition,attention,5,0.727729856967926,0.6960268020629883,341,E1_addition
59,24,addition,attention,6,0.9806034564971924,0.94830060005188,341,E1_addition
59,24,addition,attention,8,1.0,0.9865964651107788,341,E1_addition
59,24,addition,attention,10,1.0,0.9865964651107788,341,E1_addition
59,24,addition,attention,12,1.0,0.9865964651107788,341,E1_addition
59,24,addition,attention,16,1.0,0.9865964651107788,341,E1_addition
59,24,addition,attention,23,1.0,0.9865964651107788,341,E1_addition
59,24,addition,mlp,2,0.0186781603842973,0.0268070846796035,341,E1_addition
59,24,addition,mlp,3,0.1084770113229751,0.1053135469555854,341,E1_addition
59,24,addition,mlp,4,0.3900862038135528,0.3604595363140106,341,E1_addition
59,24,addition,mlp,5,1.0,0.9846816658973694,341,E1_addition
59,24,addition,mlp,6,1.0,0.9865964651107788,341,E1_addition
59,24,addition,mlp,8,1.0,0.9865964651107788,341,E1_addition
59,24,addition,mlp,10,1.0,0.9865964651107788,341,E1_addition
59,24,addition,mlp,12,1.0,0.9865964651107788,341,E1_addition
59,24,addition,mlp,16,1.0,0.9865964651107788,341,E1_addition
59,24,addition,mlp,23,1.0,0.9865964651107788,341,E1_addition
59,24,addition,unembed,2,0.0502873547375202,0.0507419817149639,341,E1_addition
59,24,addition,unembed,3,0.1982758641242981,0.2091909945011139,341,E1_addition
59,24,addition,unembed,4,0.7176724076271057,0.703685998916626,341,E1_addition
59,24,addition,unembed,5,0.9683908224105836,0.9463858008384703,341,E1_addition
59,24,addition,unembed,6,0.9978448152542114,0.9837242960929872,341,E1_addition
59,24,addition,unembed,8,1.0,0.9865964651107788,341,E1_addition
59,24,addition,unembed,10,1.0,0.9865964651107788,341,E1_addition
59,24,addition,unembed,12,1.0,0.9865964651107788,341,E1_addition
59,24,addition,unembed,16,1.0,0.9865964651107788,341,E1_addition
59,24,addition,unembed,23,1.0,0.9865964651107788,341,E1_addition
59,25,addition,embedding,2,0.0862068980932235,0.0531354695558548,341,E1_addition
59,25,addition,embedding,3,0.9360632300376892,0.4159885048866272,341,E1_addition
59,25,addition,embedding,4,0.9992815852165222,0.4451890885829925,341,E1_addition
59,25,addition,embedding,5,1.0,0.4466251730918884,341,E1_addition
59,25,addition,embedding,6,1.0,0.4466251730918884,341,E1_addition
59,25,addition,embedding,8,1.0,0.4485399723052978,341,E1_addition
59,25,addition,embedding,10,1.0,0.4480612874031067,341,E1_addition
59,25,addition,embedding,12,1.0,0.4480612874031067,341,E1_addition
59,25,addition,embedding,16,1.0,0.4480612874031067,341,E1_addition
59,25,addition,embedding,23,1.0,0.4480612874031067,341,E1_addition
59,25,addition,attention,2,0.0560344830155372,0.0215414073318243,341,E1_addition
59,25,addition,attention,3,0.6896551847457886,0.307324081659317,341,E1_addition
59,25,addition,attention,4,0.9511494040489196,0.4207755029201507,341,E1_addition
59,25,addition,attention,5,0.9985632300376892,0.4480612874031067,341,E1_addition
59,25,addition,attention,6,1.0,0.4480612874031067,341,E1_addition
59,25,addition,attention,8,1.0,0.4475825726985931,341,E1_addition
59,25,addition,attention,10,1.0,0.4480612874031067,341,E1_addition
59,25,addition,attention,12,1.0,0.4480612874031067,341,E1_addition
59,25,addition,attention,16,1.0,0.4480612874031067,341,E1_addition
59,25,addition,attention,23,1.0,0.4480612874031067,341,E1_addition
59,25,addition,mlp,2,0.0387931019067764,0.0224988032132387,341,E1_addition
59,25,addition,mlp,3,0.3397988379001617,0.1742460429668426,341,E1_addition
59,25,addition,mlp,4,0.7758620381355286,0.3341311514377594,341,E1_addition
59,25,addition,mlp,5,0.9906609058380128,0.4475825726985931,341,E1_addition
59,25,addition,mlp,6,0.9992815852165222,0.4509334564208984,341,E1_addition
59,25,addition,mlp,8,1.0,0.4480612874031067,341,E1_addition
59,25,addition,mlp,10,1.0,0.4485399723052978,341,E1_addition
59,25,addition,mlp,12,1.0,0.4480612874031067,341,E1_addition
59,25,addition,mlp,16,1.0,0.4480612874031067,341,E1_addition
59,25,addition,mlp,23,1.0,0.4480612874031067,341,E1_addition
59,25,addition,unembed,2,0.1788793057203292,0.0962182879447937,341,E1_addition
59,25,addition,unembed,3,0.8972700834274292,0.4092867374420166,341,E1_addition
59,25,addition,unembed,4,0.9964080452919006,0.447103887796402,341,E1_addition
59,25,addition,unembed,5,1.0,0.4485399723052978,341,E1_addition
59,25,addition,unembed,6,1.0,0.4475825726985931,341,E1_addition
59,25,addition,unembed,8,1.0,0.447103887796402,341,E1_addition
59,25,addition,unembed,10,1.0,0.4480612874031067,341,E1_addition
59,25,addition,unembed,12,1.0,0.4480612874031067,341,E1_addition
59,25,addition,unembed,16,1.0,0.4480612874031067,341,E1_addition
59,25,addition,unembed,23,1.0,0.4480612874031067,341,E1_addition
59,26,addition,embedding,2,0.0100574716925621,0.0062230732291936,341,E1_addition
59,26,addition,embedding,3,0.3017241358757019,0.2958353161811828,341,E1_addition
59,26,addition,embedding,4,0.6609195470809937,0.622307300567627,341,E1_addition
59,26,addition,embedding,5,0.9784482717514038,0.9459071159362792,341,E1_addition
59,26,addition,embedding,6,1.0,0.9674485325813292,341,E1_addition
59,26,addition,embedding,8,1.0,0.9693633317947388,341,E1_addition
59,26,addition,embedding,10,1.0,0.9693633317947388,341,E1_addition
59,26,addition,embedding,12,1.0,0.9693633317947388,341,E1_addition
59,26,addition,embedding,16,1.0,0.9693633317947388,341,E1_addition
59,26,addition,embedding,23,1.0,0.9693633317947388,341,E1_addition
59,26,addition,attention,2,0.0129310339689254,0.0167544279247522,341,E1_addition
59,26,addition,attention,3,0.0603448264300823,0.0593585446476936,341,E1_addition
59,26,addition,attention,4,0.9375,0.8774533271789551,341,E1_addition
59,26,addition,attention,5,0.9518678188323976,0.8831977248191833,341,E1_addition
59,26,addition,attention,6,1.0,0.9693633317947388,341,E1_addition
59,26,addition,attention,8,1.0,0.9693633317947388,341,E1_addition
59,26,addition,attention,10,1.0,0.9693633317947388,341,E1_addition
59,26,addition,attention,12,1.0,0.9693633317947388,341,E1_addition
59,26,addition,attention,16,1.0,0.9693633317947388,341,E1_addition
59,26,addition,attention,23,1.0,0.9693633317947388,341,E1_addition
59,26,addition,mlp,2,0.035919539630413,0.0320727601647377,341,E1_addition
59,26,addition,mlp,3,0.222701147198677,0.2302537113428115,341,E1_addition
59,26,addition,mlp,4,0.982758641242981,0.9334610104560852,341,E1_addition
59,26,addition,mlp,5,1.0,0.9693633317947388,341,E1_addition
59,26,addition,mlp,6,1.0,0.9674485325813292,341,E1_addition
59,26,addition,mlp,8,1.0,0.9684059619903564,341,E1_addition
59,26,addition,mlp,10,1.0,0.9693633317947388,341,E1_addition
59,26,addition,mlp,12,1.0,0.9693633317947388,341,E1_addition
59,26,addition,mlp,16,1.0,0.9693633317947388,341,E1_addition
59,26,addition,mlp,23,1.0,0.9693633317947388,341,E1_addition
59,26,addition,unembed,2,0.1652298867702484,0.1440880745649337,341,E1_addition
59,26,addition,unembed,3,0.5474137663841248,0.5035902261734009,341,E1_addition
59,26,addition,unembed,4,0.7966954112052917,0.7491622567176819,341,E1_addition
59,26,addition,unembed,5,0.9949712753295898,0.962182879447937,341,E1_addition
59,26,addition,unembed,6,1.0,0.9684059619903564,341,E1_addition
59,26,addition,unembed,8,1.0,0.9693633317947388,341,E1_addition
59,26,addition,unembed,10,1.0,0.9693633317947388,341,E1_addition
59,26,addition,unembed,12,1.0,0.9693633317947388,341,E1_addition
59,26,addition,unembed,16,1.0,0.9693633317947388,341,E1_addition
59,26,addition,unembed,23,1.0,0.9693633317947388,341,E1_addition
59,27,addition,embedding,2,0.0143678160384297,0.0172331258654594,341,E1_addition
59,27,addition,embedding,3,0.3872126340866089,0.3901388347148895,341,E1_addition
59,27,addition,embedding,4,0.9080459475517272,0.8932503461837769,341,E1_addition
59,27,addition,embedding,5,1.0,0.9851603507995604,341,E1_addition
59,27,addition,embedding,6,1.0,0.9861177802085876,341,E1_addition
59,27,addition,embedding,8,1.0,0.9861177802085876,341,E1_addition
59,27,addition,embedding,10,1.0,0.9861177802085876,341,E1_addition
59,27,addition,embedding,12,1.0,0.9861177802085876,341,E1_addition
59,27,addition,embedding,16,1.0,0.9861177802085876,341,E1_addition
59,27,addition,embedding,23,1.0,0.9861177802085876,341,E1_addition
59,27,addition,attention,2,0.0079022990539669,0.0076591670513153,341,E1_addition
59,27,addition,attention,3,0.0761494264006614,0.0828147456049919,341,E1_addition
59,27,addition,attention,4,0.5050287246704102,0.4839636087417602,341,E1_addition
59,27,addition,attention,5,1.0,0.9842029809951782,341,E1_addition
59,27,addition,attention,6,1.0,0.9837242960929872,341,E1_addition
59,27,addition,attention,8,1.0,0.9861177802085876,341,E1_addition
59,27,addition,attention,10,1.0,0.9861177802085876,341,E1_addition
59,27,addition,attention,12,1.0,0.9861177802085876,341,E1_addition
59,27,addition,attention,16,1.0,0.9861177802085876,341,E1_addition
59,27,addition,attention,23,1.0,0.9861177802085876,341,E1_addition
59,27,addition,mlp,2,0.0869252905249595,0.0919100046157836,341,E1_addition
59,27,addition,mlp,3,0.3943965435028076,0.3867879509925842,341,E1_addition
59,27,addition,mlp,4,0.9741379022598268,0.9468645453453064,341,E1_addition
59,27,addition,mlp,5,1.0,0.9837242960929872,341,E1_addition
59,27,addition,mlp,6,1.0,0.9851603507995604,341,E1_addition
59,27,addition,mlp,8,1.0,0.9861177802085876,341,E1_addition
59,27,addition,mlp,10,1.0,0.9861177802085876,341,E1_addition
59,27,addition,mlp,12,1.0,0.9861177802085876,341,E1_addition
59,27,addition,mlp,16,1.0,0.9861177802085876,341,E1_addition
59,27,addition,mlp,23,1.0,0.9861177802085876,341,E1_addition
59,27,addition,unembed,2,0.1580459773540496,0.1431306898593902,341,E1_addition
59,27,addition,unembed,3,0.5531609058380127,0.546673059463501,341,E1_addition
59,27,addition,unembed,4,0.6760057210922241,0.6716132164001465,341,E1_addition
59,27,addition,unembed,5,0.9683908224105836,0.9420775175094604,341,E1_addition
59,27,addition,unembed,6,0.9985632300376892,0.9813307523727416,341,E1_addition
59,27,addition,unembed,8,1.0,0.9851603507995604,341,E1_addition
59,27,addition,unembed,10,1.0,0.9861177802085876,341,E1_addition
59,27,addition,unembed,12,1.0,0.9861177802085876,341,E1_addition
59,27,addition,unembed,16,1.0,0.9861177802085876,341,E1_addition
59,27,addition,unembed,23,1.0,0.9861177802085876,341,E1_addition
59,28,addition,embedding,2,0.0186781603842973,0.0196266155689954,341,E1_addition
59,28,addition,embedding,3,0.7514367699623108,0.493537575006485,341,E1_addition
59,28,addition,embedding,4,0.9899425506591796,0.7180469036102295,341,E1_addition
59,28,addition,embedding,5,1.0,0.7462900876998901,341,E1_addition
59,28,addition,embedding,6,1.0,0.7467687726020813,341,E1_addition
59,28,addition,embedding,8,1.0,0.7453327178955078,341,E1_addition
59,28,addition,embedding,10,1.0,0.7443752884864807,341,E1_addition
59,28,addition,embedding,12,1.0,0.7443752884864807,341,E1_addition
59,28,addition,embedding,16,1.0,0.7448539733886719,341,E1_addition
59,28,addition,embedding,23,1.0,0.7448539733886719,341,E1_addition
59,28,addition,attention,2,0.020833333954215,0.0114887505769729,341,E1_addition
59,28,addition,attention,3,0.5524425506591797,0.3551938831806183,341,E1_addition
59,28,addition,attention,4,0.9899425506591796,0.6931546330451965,341,E1_addition
59,28,addition,attention,5,0.9920976758003236,0.7352800369262695,341,E1_addition
59,28,addition,attention,6,1.0,0.7391096353530884,341,E1_addition
59,28,addition,attention,8,1.0,0.7429392337799072,341,E1_addition
59,28,addition,attention,10,1.0,0.7448539733886719,341,E1_addition
59,28,addition,attention,12,1.0,0.7443752884864807,341,E1_addition
59,28,addition,attention,16,1.0,0.7448539733886719,341,E1_addition
59,28,addition,attention,23,1.0,0.7448539733886719,341,E1_addition
59,28,addition,mlp,2,0.0193965509533882,0.018669219687581,341,E1_addition
59,28,addition,mlp,3,0.0768678188323974,0.0593585446476936,341,E1_addition
59,28,addition,mlp,4,0.2392241358757019,0.1637146919965744,341,E1_addition
59,28,addition,mlp,5,0.8541666865348816,0.5849688649177551,341,E1_addition
59,28,addition,mlp,6,0.9978448152542114,0.7166107892990112,341,E1_addition
59,28,addition,mlp,8,1.0,0.7410244345664978,341,E1_addition
59,28,addition,mlp,10,1.0,0.7453327178955078,341,E1_addition
59,28,addition,mlp,12,1.0,0.7448539733886719,341,E1_addition
59,28,addition,mlp,16,1.0,0.7448539733886719,341,E1_addition
59,28,addition,mlp,23,1.0,0.7448539733886719,341,E1_addition
59,28,addition,unembed,2,0.1206896528601646,0.1005265712738037,341,E1_addition
59,28,addition,unembed,3,0.6278735399246216,0.4566778242588043,341,E1_addition
59,28,addition,unembed,4,0.954023003578186,0.6969841718673706,341,E1_addition
59,28,addition,unembed,5,0.9985632300376892,0.7285782694816589,341,E1_addition
59,28,addition,unembed,6,1.0,0.7424604892730713,341,E1_addition
59,28,addition,unembed,8,1.0,0.7429392337799072,341,E1_addition
59,28,addition,unembed,10,1.0,0.7438966035842896,341,E1_addition
59,28,addition,unembed,12,1.0,0.7443752884864807,341,E1_addition
59,28,addition,unembed,16,1.0,0.7448539733886719,341,E1_addition
59,28,addition,unembed,23,1.0,0.7448539733886719,341,E1_addition
59,29,addition,embedding,2,0.0301724132150411,0.030157970264554,341,E1_addition
59,29,addition,embedding,3,0.2104884982109069,0.1933939754962921,341,E1_addition
59,29,addition,embedding,4,0.5337643623352051,0.5256103277206421,341,E1_addition
59,29,addition,embedding,5,0.9856321811676024,0.96122545003891,341,E1_addition
59,29,addition,embedding,6,1.0,0.9832455515861512,341,E1_addition
59,29,addition,embedding,8,1.0,0.9832455515861512,341,E1_addition
59,29,addition,embedding,10,1.0,0.9832455515861512,341,E1_addition
59,29,addition,embedding,12,1.0,0.9832455515861512,341,E1_addition
59,29,addition,embedding,16,1.0,0.9832455515861512,341,E1_addition
59,29,addition,embedding,23,1.0,0.9832455515861512,341,E1_addition
59,29,addition,attention,2,0.0064655169844627,0.0119674485176801,341,E1_addition
59,29,addition,attention,3,0.4389367699623108,0.4030636548995971,341,E1_addition
59,29,addition,attention,4,1.0,0.9813307523727416,341,E1_addition
59,29,addition,attention,5,1.0,0.9832455515861512,341,E1_addition
59,29,addition,attention,6,1.0,0.9832455515861512,341,E1_addition
59,29,addition,attention,8,1.0,0.9832455515861512,341,E1_addition
59,29,addition,attention,10,1.0,0.9832455515861512,341,E1_addition
59,29,addition,attention,12,1.0,0.9832455515861512,341,E1_addition
59,29,addition,attention,16,1.0,0.9832455515861512,341,E1_addition
59,29,addition,attention,23,1.0,0.9832455515861512,341,E1_addition
59,29,addition,mlp,2,0.0193965509533882,0.0220201052725315,341,E1_addition
59,29,addition,mlp,3,0.1091954037547111,0.103877454996109,341,E1_addition
59,29,addition,mlp,4,0.618534505367279,0.614648163318634,341,E1_addition
59,29,addition,mlp,5,1.0,0.9798946976661682,341,E1_addition
59,29,addition,mlp,6,1.0,0.9832455515861512,341,E1_addition
59,29,addition,mlp,8,1.0,0.9832455515861512,341,E1_addition
59,29,addition,mlp,10,1.0,0.9832455515861512,341,E1_addition
59,29,addition,mlp,12,1.0,0.9832455515861512,341,E1_addition
59,29,addition,mlp,16,1.0,0.9832455515861512,341,E1_addition
59,29,addition,mlp,23,1.0,0.9832455515861512,341,E1_addition
59,29,addition,unembed,2,0.1522988528013229,0.1349928230047226,341,E1_addition
59,29,addition,unembed,3,0.6135057210922241,0.6108185648918152,341,E1_addition
59,29,addition,unembed,4,0.9166666865348816,0.8970799446105957,341,E1_addition
59,29,addition,unembed,5,0.9992815852165222,0.9803733825683594,341,E1_addition
59,29,addition,unembed,6,1.0,0.9832455515861512,341,E1_addition
59,29,addition,unembed,8,1.0,0.9832455515861512,341,E1_addition
59,29,addition,unembed,10,1.0,0.9832455515861512,341,E1_addition
59,29,addition,unembed,12,1.0,0.9832455515861512,341,E1_addition
59,29,addition,unembed,16,1.0,0.9832455515861512,341,E1_addition
59,29,addition,unembed,23,1.0,0.9832455515861512,341,E1_addition
59,30,addition,embedding,2,0.0143678160384297,0.0090952608734369,341,E1_addition
59,30,addition,embedding,3,0.7658045887947083,0.7127812504768372,341,E1_addition
59,30,addition,embedding,4,0.9590517282485962,0.9162278771400452,341,E1_addition
59,30,addition,embedding,5,1.0,0.9679272174835204,341,E1_addition
59,30,addition,embedding,6,1.0,0.9688846468925476,341,E1_addition
59,30,addition,embedding,8,1.0,0.9679272174835204,341,E1_addition
59,30,addition,embedding,10,1.0,0.9679272174835204,341,E1_addition
59,30,addition,embedding,12,1.0,0.9679272174835204,341,E1_addition
59,30,addition,embedding,16,1.0,0.9679272174835204,341,E1_addition
59,30,addition,embedding,23,1.0,0.9679272174835204,341,E1_addition
59,30,addition,attention,2,0.0107758622616529,0.0090952608734369,341,E1_addition
59,30,addition,attention,3,0.030890803784132,0.0201053135097026,341,E1_addition
59,30,addition,attention,4,0.9985632300376892,0.96122545003891,341,E1_addition
59,30,addition,attention,5,1.0,0.9669698476791382,341,E1_addition
59,30,addition,attention,6,1.0,0.9679272174835204,341,E1_addition
59,30,addition,attention,8,1.0,0.9679272174835204,341,E1_addition
59,30,addition,attention,10,1.0,0.9679272174835204,341,E1_addition
59,30,addition,attention,12,1.0,0.9679272174835204,341,E1_addition
59,30,addition,attention,16,1.0,0.9679272174835204,341,E1_addition
59,30,addition,attention,23,1.0,0.9679272174835204,341,E1_addition
59,30,addition,mlp,2,0.0237068962305784,0.0311153661459684,341,E1_addition
59,30,addition,mlp,3,0.0840517207980156,0.0741981789469719,341,E1_addition
59,30,addition,mlp,4,0.9849137663841248,0.949258029460907,341,E1_addition
59,30,addition,mlp,5,1.0,0.9679272174835204,341,E1_addition
59,30,addition,mlp,6,1.0,0.9688846468925476,341,E1_addition
59,30,addition,mlp,8,1.0,0.9679272174835204,341,E1_addition
59,30,addition,mlp,10,1.0,0.9679272174835204,341,E1_addition
59,30,addition,mlp,12,1.0,0.9679272174835204,341,E1_addition
59,30,addition,mlp,16,1.0,0.9679272174835204,341,E1_addition
59,30,addition,mlp,23,1.0,0.9679272174835204,341,E1_addition
59,30,addition,unembed,2,0.1494252830743789,0.1426519900560379,341,E1_addition
59,30,addition,unembed,3,0.7054597735404968,0.6706557869911194,341,E1_addition
59,30,addition,unembed,4,0.9123563170433044,0.8664432764053345,341,E1_addition
59,30,addition,unembed,5,0.9985632300376892,0.9669698476791382,341,E1_addition
59,30,addition,unembed,6,1.0,0.9669698476791382,341,E1_addition
59,30,addition,unembed,8,1.0,0.9688846468925476,341,E1_addition
59,30,addition,unembed,10,1.0,0.9679272174835204,341,E1_addition
59,30,addition,unembed,12,1.0,0.9679272174835204,341,E1_addition
59,30,addition,unembed,16,1.0,0.9679272174835204,341,E1_addition
59,30,addition,unembed,23,1.0,0.9679272174835204,341,E1_addition
59,31,addition,embedding,2,0.0632183924317359,0.0694112032651901,341,E1_addition
59,31,addition,embedding,3,0.977729856967926,0.9545236825942992,341,E1_addition
59,31,addition,embedding,4,0.989224135875702,0.9712781310081482,341,E1_addition
59,31,addition,embedding,5,1.0,0.9808520674705504,341,E1_addition
59,31,addition,embedding,6,1.0,0.9808520674705504,341,E1_addition
59,31,addition,embedding,8,1.0,0.9808520674705504,341,E1_addition
59,31,addition,embedding,10,1.0,0.9808520674705504,341,E1_addition
59,31,addition,embedding,12,1.0,0.9808520674705504,341,E1_addition
59,31,addition,embedding,16,1.0,0.9808520674705504,341,E1_addition
59,31,addition,embedding,23,1.0,0.9808520674705504,341,E1_addition
59,31,addition,attention,2,0.0079022990539669,0.0119674485176801,341,E1_addition
59,31,addition,attention,3,0.9992815852165222,0.9731929302215576,341,E1_addition
59,31,addition,attention,4,1.0,0.9808520674705504,341,E1_addition
59,31,addition,attention,5,1.0,0.9808520674705504,341,E1_addition
59,31,addition,attention,6,1.0,0.9808520674705504,341,E1_addition
59,31,addition,attention,8,1.0,0.9808520674705504,341,E1_addition
59,31,addition,attention,10,1.0,0.9808520674705504,341,E1_addition
59,31,addition,attention,12,1.0,0.9808520674705504,341,E1_addition
59,31,addition,attention,16,1.0,0.9808520674705504,341,E1_addition
59,31,addition,attention,23,1.0,0.9808520674705504,341,E1_addition
59,31,addition,mlp,2,0.0323275849223136,0.0224988032132387,341,E1_addition
59,31,addition,mlp,3,0.3965517282485962,0.3992340862751007,341,E1_addition
59,31,addition,mlp,4,0.9928160905838012,0.9684059619903564,341,E1_addition
59,31,addition,mlp,5,1.0,0.9808520674705504,341,E1_addition
59,31,addition,mlp,6,1.0,0.9808520674705504,341,E1_addition
59,31,addition,mlp,8,1.0,0.9808520674705504,341,E1_addition
59,31,addition,mlp,10,1.0,0.9808520674705504,341,E1_addition
59,31,addition,mlp,12,1.0,0.9808520674705504,341,E1_addition
59,31,addition,mlp,16,1.0,0.9808520674705504,341,E1_addition
59,31,addition,mlp,23,1.0,0.9808520674705504,341,E1_addition
59,31,addition,unembed,2,0.1285919547080993,0.1316419392824173,341,E1_addition
59,31,addition,unembed,3,0.5603448152542114,0.5236955285072327,341,E1_addition
59,31,addition,unembed,4,0.948275864124298,0.9095261096954346,341,E1_addition
59,31,addition,unembed,5,0.994252860546112,0.97415030002594,341,E1_addition
59,31,addition,unembed,6,1.0,0.9798946976661682,341,E1_addition
59,31,addition,unembed,8,1.0,0.9808520674705504,341,E1_addition
59,31,addition,unembed,10,1.0,0.9808520674705504,341,E1_addition
59,31,addition,unembed,12,1.0,0.9808520674705504,341,E1_addition
59,31,addition,unembed,16,1.0,0.9808520674705504,341,E1_addition
59,31,addition,unembed,23,1.0,0.9808520674705504,341,E1_addition
59,32,addition,embedding,2,0.0330459773540496,0.0215414073318243,341,E1_addition
59,32,addition,embedding,3,0.704023003578186,0.4796553254127502,341,E1_addition
59,32,addition,embedding,4,0.9353448152542114,0.6074677109718323,341,E1_addition
59,32,addition,embedding,5,1.0,0.699377715587616,341,E1_addition
59,32,addition,embedding,6,1.0,0.7008137702941895,341,E1_addition
59,32,addition,embedding,8,1.0,0.7051220536231995,341,E1_addition
59,32,addition,embedding,10,1.0,0.7070368528366089,341,E1_addition
59,32,addition,embedding,12,1.0,0.7060794830322266,341,E1_addition
59,32,addition,embedding,16,1.0,0.7060794830322266,341,E1_addition
59,32,addition,embedding,23,1.0,0.7060794830322266,341,E1_addition
59,32,addition,attention,2,0.0193965509533882,0.0129248443990945,341,E1_addition
59,32,addition,attention,3,0.5014367699623108,0.3183341324329376,341,E1_addition
59,32,addition,attention,4,0.977011501789093,0.6725705862045288,341,E1_addition
59,32,addition,attention,5,1.0,0.699377715587616,341,E1_addition
59,32,addition,attention,6,1.0,0.70320725440979,341,E1_addition
59,32,addition,attention,8,1.0,0.7056007385253906,341,E1_addition
59,32,addition,attention,10,1.0,0.7060794830322266,341,E1_addition
59,32,addition,attention,12,1.0,0.7060794830322266,341,E1_addition
59,32,addition,attention,16,1.0,0.7060794830322266,341,E1_addition
59,32,addition,attention,23,1.0,0.7060794830322266,341,E1_addition
59,32,addition,mlp,2,0.0186781603842973,0.0153183341026306,341,E1_addition
59,32,addition,mlp,3,0.099137932062149,0.0569650530815124,341,E1_addition
59,32,addition,mlp,4,0.6616379022598267,0.4126376211643219,341,E1_addition
59,32,addition,mlp,5,0.982758641242981,0.6658688187599182,341,E1_addition
59,32,addition,mlp,6,0.9992815852165222,0.7012924551963806,341,E1_addition
59,32,addition,mlp,8,1.0,0.7022498846054077,341,E1_addition
59,32,addition,mlp,10,1.0,0.7046433687210083,341,E1_addition
59,32,addition,mlp,12,1.0,0.7060794830322266,341,E1_addition
59,32,addition,mlp,16,1.0,0.7060794830322266,341,E1_addition
59,32,addition,mlp,23,1.0,0.7060794830322266,341,E1_addition
59,32,addition,unembed,2,0.0775862038135528,0.0569650530815124,341,E1_addition
59,32,addition,unembed,3,0.6192528605461121,0.4337003231048584,341,E1_addition
59,32,addition,unembed,4,0.914511501789093,0.6194351315498352,341,E1_addition
59,32,addition,unembed,5,0.9978448152542114,0.6998564004898071,341,E1_addition
59,32,addition,unembed,6,1.0,0.6960268020629883,341,E1_addition
59,32,addition,unembed,8,1.0,0.7056007385253906,341,E1_addition
59,32,addition,unembed,10,1.0,0.7065581679344177,341,E1_addition
59,32,addition,unembed,12,1.0,0.7060794830322266,341,E1_addition
59,32,addition,unembed,16,1.0,0.7060794830322266,341,E1_addition
59,32,addition,unembed,23,1.0,0.7060794830322266,341,E1_addition
59,33,addition,embedding,2,0.0136494254693388,0.0181905217468738,341,E1_addition
59,33,addition,embedding,3,0.1652298867702484,0.1488750576972961,341,E1_addition
59,33,addition,embedding,4,0.0890804603695869,0.0909526050090789,341,E1_addition
59,33,addition,embedding,5,0.2047413736581802,0.1862134933471679,341,E1_addition
59,33,addition,embedding,6,1.0,0.9822881817817688,341,E1_addition
59,33,addition,embedding,8,1.0,0.9875538349151612,341,E1_addition
59,33,addition,embedding,10,1.0,0.9875538349151612,341,E1_addition
59,33,addition,embedding,12,1.0,0.9875538349151612,341,E1_addition
59,33,addition,embedding,16,1.0,0.9875538349151612,341,E1_addition
59,33,addition,embedding,23,1.0,0.9875538349151612,341,E1_addition
59,33,addition,attention,2,0.0215517245233058,0.0153183341026306,341,E1_addition
59,33,addition,attention,3,0.0768678188323974,0.0698899030685424,341,E1_addition
59,33,addition,attention,4,0.2902298867702484,0.2709430456161499,341,E1_addition
59,33,addition,attention,5,0.9288793206214904,0.8927716612815857,341,E1_addition
59,33,addition,attention,6,1.0,0.9875538349151612,341,E1_addition
59,33,addition,attention,8,1.0,0.9875538349151612,341,E1_addition
59,33,addition,attention,10,1.0,0.9875538349151612,341,E1_addition
59,33,addition,attention,12,1.0,0.9875538349151612,341,E1_addition
59,33,addition,attention,16,1.0,0.9875538349151612,341,E1_addition
59,33,addition,attention,23,1.0,0.9875538349151612,341,E1_addition
59,33,addition,mlp,2,0.0272988509386777,0.0205840114504098,341,E1_addition
59,33,addition,mlp,3,0.0423850566148757,0.0426041185855865,341,E1_addition
59,33,addition,mlp,4,0.5704023241996765,0.508855938911438,341,E1_addition
59,33,addition,mlp,5,0.994252860546112,0.9674485325813292,341,E1_addition
59,33,addition,mlp,6,1.0,0.9880325794219972,341,E1_addition
59,33,addition,mlp,8,1.0,0.9880325794219972,341,E1_addition
59,33,addition,mlp,10,1.0,0.9875538349151612,341,E1_addition
59,33,addition,mlp,12,1.0,0.9875538349151612,341,E1_addition
59,33,addition,mlp,16,1.0,0.9875538349151612,341,E1_addition
59,33,addition,mlp,23,1.0,0.9875538349151612,341,E1_addition
59,33,addition,unembed,2,0.1221264377236366,0.1349928230047226,341,E1_addition
59,33,addition,unembed,3,0.2133620679378509,0.194830060005188,341,E1_addition
59,33,addition,unembed,4,0.7212643623352051,0.7094303369522095,341,E1_addition
59,33,addition,unembed,5,0.9468390941619872,0.9329822659492492,341,E1_addition
59,33,addition,unembed,6,0.9992815852165222,0.9818094968795776,341,E1_addition
59,33,addition,unembed,8,1.0,0.9875538349151612,341,E1_addition
59,33,addition,unembed,10,1.0,0.9875538349151612,341,E1_addition
59,33,addition,unembed,12,1.0,0.9875538349151612,341,E1_addition
59,33,addition,unembed,16,1.0,0.9875538349151612,341,E1_addition
59,33,addition,unembed,23,1.0,0.9875538349151612,341,E1_addition
59,34,addition,embedding,2,0.099856324493885,0.0947821885347366,341,E1_addition
59,34,addition,embedding,3,0.5122126340866089,0.4964097738265991,341,E1_addition
59,34,addition,embedding,4,0.8275861740112305,0.7807563543319702,341,E1_addition
59,34,addition,embedding,5,1.0,0.9731929302215576,341,E1_addition
59,34,addition,embedding,6,1.0,0.9703207015991212,341,E1_addition
59,34,addition,embedding,8,1.0,0.9736716151237488,341,E1_addition
59,34,addition,embedding,10,1.0,0.9736716151237488,341,E1_addition
59,34,addition,embedding,12,1.0,0.9736716151237488,341,E1_addition
59,34,addition,embedding,16,1.0,0.9736716151237488,341,E1_addition
59,34,addition,embedding,23,1.0,0.9736716151237488,341,E1_addition
59,34,addition,attention,2,0.0395114943385124,0.0382958352565765,341,E1_addition
59,34,addition,attention,3,0.0387931019067764,0.0363810434937477,341,E1_addition
59,34,addition,attention,4,0.5387930870056152,0.4868358075618744,341,E1_addition
59,34,addition,attention,5,0.943247139453888,0.902345597743988,341,E1_addition
59,34,addition,attention,6,1.0,0.9731929302215576,341,E1_addition
59,34,addition,attention,8,1.0,0.9731929302215576,341,E1_addition
59,34,addition,attention,10,1.0,0.9736716151237488,341,E1_addition
59,34,addition,attention,12,1.0,0.9736716151237488,341,E1_addition
59,34,addition,attention,16,1.0,0.9736716151237488,341,E1_addition
59,34,addition,attention,23,1.0,0.9736716151237488,341,E1_addition
59,34,addition,mlp,2,0.0409482754766941,0.0402106270194053,341,E1_addition
59,34,addition,mlp,3,0.4777298867702484,0.4719961583614349,341,E1_addition
59,34,addition,mlp,4,1.0,0.9693633317947388,341,E1_addition
59,34,addition,mlp,5,1.0,0.9717568159103394,341,E1_addition
59,34,addition,mlp,6,1.0,0.9736716151237488,341,E1_addition
59,34,addition,mlp,8,1.0,0.9736716151237488,341,E1_addition
59,34,addition,mlp,10,1.0,0.9736716151237488,341,E1_addition
59,34,addition,mlp,12,1.0,0.9736716151237488,341,E1_addition
59,34,addition,mlp,16,1.0,0.9736716151237488,341,E1_addition
59,34,addition,mlp,23,1.0,0.9736716151237488,341,E1_addition
59,34,addition,unembed,2,0.1702586263418197,0.2039253264665603,341,E1_addition
59,34,addition,unembed,3,0.9080459475517272,0.8798468112945557,341,E1_addition
59,34,addition,unembed,4,1.0,0.970799446105957,341,E1_addition
59,34,addition,unembed,5,1.0,0.96984201669693,341,E1_addition
59,34,addition,unembed,6,1.0,0.9736716151237488,341,E1_addition
59,34,addition,unembed,8,1.0,0.9736716151237488,341,E1_addition
59,34,addition,unembed,10,1.0,0.9736716151237488,341,E1_addition
59,34,addition,unembed,12,1.0,0.9736716151237488,341,E1_addition
59,34,addition,unembed,16,1.0,0.9736716151237488,341,E1_addition
59,34,addition,unembed,23,1.0,0.9736716151237488,341,E1_addition
59,35,addition,embedding,2,0.0481321848928928,0.0320727601647377,341,E1_addition
59,35,addition,embedding,3,0.1487068980932235,0.1503111571073532,341,E1_addition
59,35,addition,embedding,4,0.3160919547080993,0.3192915320396423,341,E1_addition
59,35,addition,embedding,5,0.8168103694915771,0.7884154915809631,341,E1_addition
59,35,addition,embedding,6,1.0,0.9660124182701112,341,E1_addition
59,35,addition,embedding,8,1.0,0.9674485325813292,341,E1_addition
59,35,addition,embedding,10,1.0,0.9674485325813292,341,E1_addition
59,35,addition,embedding,12,1.0,0.9674485325813292,341,E1_addition
59,35,addition,embedding,16,1.0,0.9674485325813292,341,E1_addition
59,35,addition,embedding,23,1.0,0.9674485325813292,341,E1_addition
59,35,addition,attention,2,0.0229885056614875,0.0292005743831396,341,E1_addition
59,35,addition,attention,3,0.0021551724057644,0.0028721876442432,341,E1_addition
59,35,addition,attention,4,0.3642241358757019,0.307324081659317,341,E1_addition
59,35,addition,attention,5,0.9920976758003236,0.957874596118927,341,E1_addition
59,35,addition,attention,6,1.0,0.9674485325813292,341,E1_addition
59,35,addition,attention,8,1.0,0.9674485325813292,341,E1_addition
59,35,addition,attention,10,1.0,0.9674485325813292,341,E1_addition
59,35,addition,attention,12,1.0,0.9674485325813292,341,E1_addition
59,35,addition,attention,16,1.0,0.9674485325813292,341,E1_addition
59,35,addition,attention,23,1.0,0.9674485325813292,341,E1_addition
59,35,addition,mlp,2,0.0280172415077686,0.0272857826203107,341,E1_addition
59,35,addition,mlp,3,0.4123563170433044,0.389660120010376,341,E1_addition
59,35,addition,mlp,4,1.0,0.966491162776947,341,E1_addition
59,35,addition,mlp,5,1.0,0.9674485325813292,341,E1_addition
59,35,addition,mlp,6,1.0,0.9674485325813292,341,E1_addition
59,35,addition,mlp,8,1.0,0.9674485325813292,341,E1_addition
59,35,addition,mlp,10,1.0,0.9674485325813292,341,E1_addition
59,35,addition,mlp,12,1.0,0.9674485325813292,341,E1_addition
59,35,addition,mlp,16,1.0,0.9674485325813292,341,E1_addition
59,35,addition,mlp,23,1.0,0.9674485325813292,341,E1_addition
59,35,addition,unembed,2,0.0955459773540496,0.0861656293272972,341,E1_addition
59,35,addition,unembed,3,0.4712643623352051,0.4442316889762878,341,E1_addition
59,35,addition,unembed,4,0.5272988677024841,0.4988032579421997,341,E1_addition
59,35,addition,unembed,5,0.931034505367279,0.9085686802864076,341,E1_addition
59,35,addition,unembed,6,0.9971264600753784,0.9631402492523192,341,E1_addition
59,35,addition,unembed,8,1.0,0.9674485325813292,341,E1_addition
59,35,addition,unembed,10,1.0,0.9674485325813292,341,E1_addition
59,35,addition,unembed,12,1.0,0.9674485325813292,341,E1_addition
59,35,addition,unembed,16,1.0,0.9674485325813292,341,E1_addition
59,35,addition,unembed,23,1.0,0.9674485325813292,341,E1_addition
59,36,addition,embedding,2,0.0186781603842973,0.0143609382212162,341,E1_addition
59,36,addition,embedding,3,0.0567528717219829,0.0550502613186836,341,E1_addition
59,36,addition,embedding,4,0.2449712604284286,0.2044040262699127,341,E1_addition
59,36,addition,embedding,5,0.6731321811676025,0.6156055331230164,341,E1_addition
59,36,addition,embedding,6,0.9913793206214904,0.9550023674964904,341,E1_addition
59,36,addition,embedding,8,1.0,0.975107729434967,341,E1_addition
59,36,addition,embedding,10,1.0,0.975107729434967,341,E1_addition
59,36,addition,embedding,12,1.0,0.975107729434967,341,E1_addition
59,36,addition,embedding,16,1.0,0.975107729434967,341,E1_addition
59,36,addition,embedding,23,1.0,0.975107729434967,341,E1_addition
59,36,addition,attention,2,0.0143678160384297,0.0239348970353603,341,E1_addition
59,36,addition,attention,3,0.0596264377236366,0.0584011487662792,341,E1_addition
59,36,addition,attention,4,0.4655172526836395,0.4504547715187073,341,E1_addition
59,36,addition,attention,5,0.9906609058380128,0.9392053484916688,341,E1_addition
59,36,addition,attention,6,1.0,0.975107729434967,341,E1_addition
59,36,addition,attention,8,1.0,0.975107729434967,341,E1_addition
59,36,addition,attention,10,1.0,0.975107729434967,341,E1_addition
59,36,addition,attention,12,1.0,0.975107729434967,341,E1_addition
59,36,addition,attention,16,1.0,0.975107729434967,341,E1_addition
59,36,addition,attention,23,1.0,0.975107729434967,341,E1_addition
59,36,addition,mlp,2,0.0280172415077686,0.0287218764424324,341,E1_addition
59,36,addition,mlp,3,0.1192528754472732,0.1373863071203231,341,E1_addition
59,36,addition,mlp,4,0.5718390941619873,0.5385351777076721,341,E1_addition
59,36,addition,mlp,5,0.9971264600753784,0.96553373336792,341,E1_addition
59,36,addition,mlp,6,1.0,0.975107729434967,341,E1_addition
59,36,addition,mlp,8,1.0,0.975107729434967,341,E1_addition
59,36,addition,mlp,10,1.0,0.975107729434967,341,E1_addition
59,36,addition,mlp,12,1.0,0.975107729434967,341,E1_addition
59,36,addition,mlp,16,1.0,0.975107729434967,341,E1_addition
59,36,addition,mlp,23,1.0,0.975107729434967,341,E1_addition
59,36,addition,unembed,2,0.0725574716925621,0.0737194865942001,341,E1_addition
59,36,addition,unembed,3,0.2025862038135528,0.2216371446847915,341,E1_addition
59,36,addition,unembed,4,0.8498563170433044,0.8089995384216309,341,E1_addition
59,36,addition,unembed,5,0.9849137663841248,0.9459071159362792,341,E1_addition
59,36,addition,unembed,6,1.0,0.97415030002594,341,E1_addition
59,36,addition,unembed,8,1.0,0.975107729434967,341,E1_addition
59,36,addition,unembed,10,1.0,0.975107729434967,341,E1_addition
59,36,addition,unembed,12,1.0,0.975107729434967,341,E1_addition
59,36,addition,unembed,16,1.0,0.975107729434967,341,E1_addition
59,36,addition,unembed,23,1.0,0.975107729434967,341,E1_addition
59,37,addition,embedding,2,0.0775862038135528,0.0789851620793342,341,E1_addition
59,37,addition,embedding,3,0.3778735697269439,0.3863092362880707,341,E1_addition
59,37,addition,embedding,4,1.0,0.9942556023597716,341,E1_addition
59,37,addition,embedding,5,1.0,0.9942556023597716,341,E1_addition
59,37,addition,embedding,6,1.0,0.9942556023597716,341,E1_addition
59,37,addition,embedding,8,1.0,0.9942556023597716,341,E1_addition
59,37,addition,embedding,10,1.0,0.9942556023597716,341,E1_addition
59,37,addition,embedding,12,1.0,0.9942556023597716,341,E1_addition
59,37,addition,embedding,16,1.0,0.9942556023597716,341,E1_addition
59,37,addition,embedding,23,1.0,0.9942556023597716,341,E1_addition
59,37,addition,attention,2,0.0215517245233058,0.0239348970353603,341,E1_addition
59,37,addition,attention,3,0.1127873584628105,0.116323597729206,341,E1_addition
59,37,addition,attention,4,0.6587643623352051,0.6500717997550964,341,E1_addition
59,37,addition,attention,5,1.0,0.9932982325553894,341,E1_addition
59,37,addition,attention,6,1.0,0.9942556023597716,341,E1_addition
59,37,addition,attention,8,1.0,0.9942556023597716,341,E1_addition
59,37,addition,attention,10,1.0,0.9942556023597716,341,E1_addition
59,37,addition,attention,12,1.0,0.9942556023597716,341,E1_addition
59,37,addition,attention,16,1.0,0.9942556023597716,341,E1_addition
59,37,addition,attention,23,1.0,0.9942556023597716,341,E1_addition
59,37,addition,mlp,2,0.1012931019067764,0.1033987551927566,341,E1_addition
59,37,addition,mlp,3,0.9231321811676024,0.898516058921814,341,E1_addition
59,37,addition,mlp,4,1.0,0.9923408031463624,341,E1_addition
59,37,addition,mlp,5,1.0,0.9942556023597716,341,E1_addition
59,37,addition,mlp,6,1.0,0.9942556023597716,341,E1_addition
59,37,addition,mlp,8,1.0,0.9942556023597716,341,E1_addition
59,37,addition,mlp,10,1.0,0.9942556023597716,341,E1_addition
59,37,addition,mlp,12,1.0,0.9942556023597716,341,E1_addition
59,37,addition,mlp,16,1.0,0.9942556023597716,341,E1_addition
59,37,addition,mlp,23,1.0,0.9942556023597716,341,E1_addition
59,37,addition,unembed,2,0.2392241358757019,0.2364767789840698,341,E1_addition
59,37,addition,unembed,3,0.6623563170433044,0.6428913474082947,341,E1_addition
59,37,addition,unembed,4,0.9655172228813172,0.9607467651367188,341,E1_addition
59,37,addition,unembed,5,1.0,0.9923408031463624,341,E1_addition
59,37,addition,unembed,6,1.0,0.9942556023597716,341,E1_addition
59,37,addition,unembed,8,1.0,0.9942556023597716,341,E1_addition
59,37,addition,unembed,10,1.0,0.9942556023597716,341,E1_addition
59,37,addition,unembed,12,1.0,0.9942556023597716,341,E1_addition
59,37,addition,unembed,16,1.0,0.9942556023597716,341,E1_addition
59,37,addition,unembed,23,1.0,0.9942556023597716,341,E1_addition
59,38,addition,embedding,2,0.0114942528307437,0.0105313546955585,341,E1_addition
59,38,addition,embedding,3,0.9238505959510804,0.8554332256317139,341,E1_addition
59,38,addition,embedding,4,0.9870689511299132,0.936333179473877,341,E1_addition
59,38,addition,embedding,5,1.0,0.957874596118927,341,E1_addition
59,38,addition,embedding,6,1.0,0.9573959112167358,341,E1_addition
59,38,addition,embedding,8,1.0,0.9564384818077089,341,E1_addition
59,38,addition,embedding,10,1.0,0.9564384818077089,341,E1_addition
59,38,addition,embedding,12,1.0,0.9564384818077089,341,E1_addition
59,38,addition,embedding,16,1.0,0.9564384818077089,341,E1_addition
59,38,addition,embedding,23,1.0,0.9564384818077089,341,E1_addition
59,38,addition,attention,2,0.0244252867996692,0.016275729984045,341,E1_addition
59,38,addition,attention,3,0.474137932062149,0.440402090549469,341,E1_addition
59,38,addition,attention,4,1.0,0.9545236825942992,341,E1_addition
59,38,addition,attention,5,1.0,0.9554811120033264,341,E1_addition
59,38,addition,attention,6,1.0,0.9564384818077089,341,E1_addition
59,38,addition,attention,8,1.0,0.9569171667099,341,E1_addition
59,38,addition,attention,10,1.0,0.9564384818077089,341,E1_addition
59,38,addition,attention,12,1.0,0.9564384818077089,341,E1_addition
59,38,addition,attention,16,1.0,0.9564384818077089,341,E1_addition
59,38,addition,attention,23,1.0,0.9564384818077089,341,E1_addition
59,38,addition,mlp,2,0.0265804603695869,0.0124461464583873,341,E1_addition
59,38,addition,mlp,3,0.1903735697269439,0.1670655757188797,341,E1_addition
59,38,addition,mlp,4,0.6494252681732178,0.6170416474342346,341,E1_addition
59,38,addition,mlp,5,1.0,0.94830060005188,341,E1_addition
59,38,addition,mlp,6,1.0,0.9573959112167358,341,E1_addition
59,38,addition,mlp,8,1.0,0.9564384818077089,341,E1_addition
59,38,addition,mlp,10,1.0,0.9569171667099,341,E1_addition
59,38,addition,mlp,12,1.0,0.9569171667099,341,E1_addition
59,38,addition,mlp,16,1.0,0.9564384818077089,341,E1_addition
59,38,addition,mlp,23,1.0,0.9564384818077089,341,E1_addition
59,38,addition,unembed,2,0.2277298867702484,0.1972235441207885,341,E1_addition
59,38,addition,unembed,3,0.9511494040489196,0.8784106969833374,341,E1_addition
59,38,addition,unembed,4,0.9992815852165222,0.953566312789917,341,E1_addition
59,38,addition,unembed,5,1.0,0.9545236825942992,341,E1_addition
59,38,addition,unembed,6,1.0,0.9573959112167358,341,E1_addition
59,38,addition,unembed,8,1.0,0.9564384818077089,341,E1_addition
59,38,addition,unembed,10,1.0,0.9564384818077089,341,E1_addition
59,38,addition,unembed,12,1.0,0.9564384818077089,341,E1_addition
59,38,addition,unembed,16,1.0,0.9564384818077089,341,E1_addition
59,38,addition,unembed,23,1.0,0.9564384818077089,341,E1_addition
59,39,addition,embedding,2,0.1465517282485962,0.1359502077102661,341,E1_addition
59,39,addition,embedding,3,0.4195402264595032,0.4049784541130066,341,E1_addition
59,39,addition,embedding,4,0.5610632300376892,0.5260890126228333,341,E1_addition
59,39,addition,embedding,5,1.0,0.979416012763977,341,E1_addition
59,39,addition,embedding,6,1.0,0.9818094968795776,341,E1_addition
59,39,addition,embedding,8,1.0,0.9813307523727416,341,E1_addition
59,39,addition,embedding,10,1.0,0.9818094968795776,341,E1_addition
59,39,addition,embedding,12,1.0,0.9818094968795776,341,E1_addition
59,39,addition,embedding,16,1.0,0.9818094968795776,341,E1_addition
59,39,addition,embedding,23,1.0,0.9818094968795776,341,E1_addition
59,39,addition,attention,2,0.0215517245233058,0.0258496887981891,341,E1_addition
59,39,addition,attention,3,0.0790229886770248,0.092388704419136,341,E1_addition
59,39,addition,attention,4,0.2794540226459503,0.258496880531311,341,E1_addition
59,39,addition,attention,5,0.5301724076271057,0.5126854777336121,341,E1_addition
59,39,addition,attention,6,0.993534505367279,0.9688846468925476,341,E1_addition
59,39,addition,attention,8,1.0,0.9818094968795776,341,E1_addition
59,39,addition,attention,10,1.0,0.9818094968795776,341,E1_addition
59,39,addition,attention,12,1.0,0.9818094968795776,341,E1_addition
59,39,addition,attention,16,1.0,0.9818094968795776,341,E1_addition
59,39,addition,attention,23,1.0,0.9818094968795776,341,E1_addition
59,39,addition,mlp,2,0.0423850566148757,0.0335088558495044,341,E1_addition
59,39,addition,mlp,3,0.1494252830743789,0.1393011063337326,341,E1_addition
59,39,addition,mlp,4,0.9920976758003236,0.9631402492523192,341,E1_addition
59,39,addition,mlp,5,1.0,0.9818094968795776,341,E1_addition
59,39,addition,mlp,6,1.0,0.9808520674705504,341,E1_addition
59,39,addition,mlp,8,1.0,0.9818094968795776,341,E1_addition
59,39,addition,mlp,10,1.0,0.9818094968795776,341,E1_addition
59,39,addition,mlp,12,1.0,0.9818094968795776,341,E1_addition
59,39,addition,mlp,16,1.0,0.9818094968795776,341,E1_addition
59,39,addition,mlp,23,1.0,0.9818094968795776,341,E1_addition
59,39,addition,unembed,2,0.1127873584628105,0.1211105808615684,341,E1_addition
59,39,addition,unembed,3,0.8900861740112305,0.8492101430892944,341,E1_addition
59,39,addition,unembed,4,0.9985632300376892,0.9775012135505676,341,E1_addition
59,39,addition,unembed,5,1.0,0.9818094968795776,341,E1_addition
59,39,addition,unembed,6,1.0,0.9798946976661682,341,E1_addition
59,39,addition,unembed,8,1.0,0.9818094968795776,341,E1_addition
59,39,addition,unembed,10,1.0,0.9818094968795776,341,E1_addition
59,39,addition,unembed,12,1.0,0.9818094968795776,341,E1_addition
59,39,addition,unembed,16,1.0,0.9818094968795776,341,E1_addition
59,39,addition,unembed,23,1.0,0.9818094968795776,341,E1_addition
