p,seed,task,group,bits,q_train_acc,q_test_acc,d_ff,tag
97,0,addition,mlp_gate,2,0.1007175147533416,0.1043216437101364,341,E1_addition
97,0,addition,mlp_gate,3,0.1836300790309906,0.1732199788093567,341,E1_addition
97,0,addition,mlp_gate,4,0.9933563470840454,0.9801629185676576,341,E1_addition
97,0,addition,mlp_gate,5,1.0,0.9877789616584778,341,E1_addition
97,0,addition,mlp_gate,6,1.0,0.988133192062378,341,E1_addition
97,0,addition,mlp_gate,8,1.0,0.988133192062378,341,E1_addition
97,0,addition,mlp_gate,10,1.0,0.988133192062378,341,E1_addition
97,0,addition,mlp_gate,12,1.0,0.988133192062378,341,E1_addition
97,0,addition,mlp_gate,16,1.0,0.988133192062378,341,E1_addition
97,0,addition,mlp_gate,23,1.0,0.988133192062378,341,E1_addition
97,0,addition,mlp_up,2,0.0900876969099044,0.0993623808026313,341,E1_addition
97,0,addition,mlp_up,3,0.994950830936432,0.9799858331680298,341,E1_addition
97,0,addition,mlp_up,4,1.0,0.9879560470581056,341,E1_addition
97,0,addition,mlp_up,5,1.0,0.988133192062378,341,E1_addition
97,0,addition,mlp_up,6,1.0,0.988133192062378,341,E1_addition
97,0,addition,mlp_up,8,1.0,0.988133192062378,341,E1_addition
97,0,addition,mlp_up,10,1.0,0.988133192062378,341,E1_addition
97,0,addition,mlp_up,12,1.0,0.988133192062378,341,E1_addition
97,0,addition,mlp_up,16,1.0,0.988133192062378,341,E1_addition
97,0,addition,mlp_up,23,1.0,0.988133192062378,341,E1_addition
97,0,addition,mlp_down,2,0.0635131523013114,0.0580942258238792,341,E1_addition
97,0,addition,mlp_down,3,0.698113203048706,0.6618844866752625,341,E1_addition
97,0,addition,mlp_down,4,0.9981397986412048,0.9829968214035034,341,E1_addition
97,0,addition,mlp_down,5,1.0,0.9877789616584778,341,E1_addition
97,0,addition,mlp_down,6,1.0,0.988133192062378,341,E1_addition
97,0,addition,mlp_down,8,1.0,0.988133192062378,341,E1_addition
97,0,addition,mlp_down,10,1.0,0.988133192062378,341,E1_addition
97,0,addition,mlp_down,12,1.0,0.988133192062378,341,E1_addition
97,0,addition,mlp_down,16,1.0,0.988133192062378,341,E1_addition
97,0,addition,mlp_down,23,1.0,0.988133192062378,341,E1_addition
97,1,addition,mlp_gate,2,0.0223226156085729,0.0185972359031438,341,E1_addition
97,1,addition,mlp_gate,3,0.1719372868537902,0.1645412594079971,341,E1_addition
97,1,addition,mlp_gate,4,0.737975001335144,0.71448814868927,341,E1_addition
97,1,addition,mlp_gate,5,0.9734254479408264,0.9504073858261108,341,E1_addition
97,1,addition,mlp_gate,6,1.0,0.9863620400428772,341,E1_addition
97,1,addition,mlp_gate,8,1.0,0.9849450588226318,341,E1_addition
97,1,addition,mlp_gate,10,1.0,0.9849450588226318,341,E1_addition
97,1,addition,mlp_gate,12,1.0,0.9849450588226318,341,E1_addition
97,1,addition,mlp_gate,16,1.0,0.9849450588226318,341,E1_addition
97,1,addition,mlp_gate,23,1.0,0.9849450588226318,341,E1_addition
97,1,addition,mlp_up,2,0.0077066170051693,0.0065533118322491,341,E1_addition
97,1,addition,mlp_up,3,0.0946053713560104,0.0894438549876213,341,E1_addition
97,1,addition,mlp_up,4,0.9234653115272522,0.890896201133728,341,E1_addition
97,1,addition,mlp_up,5,1.0,0.9845908284187316,341,E1_addition
97,1,addition,mlp_up,6,1.0,0.985653519630432,341,E1_addition
97,1,addition,mlp_up,8,1.0,0.9849450588226318,341,E1_addition
97,1,addition,mlp_up,10,1.0,0.9849450588226318,341,E1_addition
97,1,addition,mlp_up,12,1.0,0.9849450588226318,341,E1_addition
97,1,addition,mlp_up,16,1.0,0.9849450588226318,341,E1_addition
97,1,addition,mlp_up,23,1.0,0.9849450588226318,341,E1_addition
97,1,addition,mlp_down,2,0.0241828337311744,0.01965993642807,341,E1_addition
97,1,addition,mlp_down,3,0.2482062131166458,0.2424725443124771,341,E1_addition
97,1,addition,mlp_down,4,0.9726282358169556,0.9521785378456116,341,E1_addition
97,1,addition,mlp_down,5,1.0,0.9847679734230042,341,E1_addition
97,1,addition,mlp_down,6,1.0,0.985299289226532,341,E1_addition
97,1,addition,mlp_down,8,1.0,0.9849450588226318,341,E1_addition
97,1,addition,mlp_down,10,1.0,0.9849450588226318,341,E1_addition
97,1,addition,mlp_down,12,1.0,0.9849450588226318,341,E1_addition
97,1,addition,mlp_down,16,1.0,0.9849450588226318,341,E1_addition
97,1,addition,mlp_down,23,1.0,0.9849450588226318,341,E1_addition
97,2,addition,mlp_gate,2,0.0114270532503724,0.0122210411354899,341,E1_addition
97,2,addition,mlp_gate,3,0.0736114829778671,0.0789939761161804,341,E1_addition
97,2,addition,mlp_gate,4,0.0326866880059242,0.0246191993355751,341,E1_addition
97,2,addition,mlp_gate,5,0.0815838426351547,0.0742118284106254,341,E1_addition
97,2,addition,mlp_gate,6,0.4897688031196594,0.4856535494327545,341,E1_addition
97,2,addition,mlp_gate,8,1.0,0.9821112155914308,341,E1_addition
97,2,addition,mlp_gate,10,1.0,0.982819676399231,341,E1_addition
97,2,addition,mlp_gate,12,1.0,0.982819676399231,341,E1_addition
97,2,addition,mlp_gate,16,1.0,0.982819676399231,341,E1_addition
97,2,addition,mlp_gate,23,1.0,0.982819676399231,341,E1_addition
97,2,addition,mlp_up,2,0.0273717772215604,0.0214311014860868,341,E1_addition
97,2,addition,mlp_up,3,0.1108158379793167,0.1181367337703704,341,E1_addition
97,2,addition,mlp_up,4,0.3762955069541931,0.3464399576187134,341,E1_addition
97,2,addition,mlp_up,5,0.7876694202423096,0.754339337348938,341,E1_addition
97,2,addition,mlp_up,6,0.9566835165023804,0.9318101406097412,341,E1_addition
97,2,addition,mlp_up,8,1.0,0.982819676399231,341,E1_addition
97,2,addition,mlp_up,10,1.0,0.982819676399231,341,E1_addition
97,2,addition,mlp_up,12,1.0,0.982819676399231,341,E1_addition
97,2,addition,mlp_up,16,1.0,0.982819676399231,341,E1_addition
97,2,addition,mlp_up,23,1.0,0.982819676399231,341,E1_addition
97,2,addition,mlp_down,2,0.018070688471198,0.0131066236644983,341,E1_addition
97,2,addition,mlp_down,3,0.0961998403072357,0.0938717648386955,341,E1_addition
97,2,addition,mlp_down,4,0.3988838791847229,0.398689329624176,341,E1_addition
97,2,addition,mlp_down,5,0.9516343474388124,0.9291533827781676,341,E1_addition
97,2,addition,mlp_down,6,0.9962795972824096,0.98034006357193,341,E1_addition
97,2,addition,mlp_down,8,1.0,0.982819676399231,341,E1_addition
97,2,addition,mlp_down,10,1.0,0.982819676399231,341,E1_addition
97,2,addition,mlp_down,12,1.0,0.982819676399231,341,E1_addition
97,2,addition,mlp_down,16,1.0,0.982819676399231,341,E1_addition
97,2,addition,mlp_down,23,1.0,0.982819676399231,341,E1_addition
97,3,addition,mlp_gate,2,0.0098325805738568,0.011866807937622,341,E1_addition
97,3,addition,mlp_gate,3,0.028966249898076,0.0276301801204681,341,E1_addition
97,3,addition,mlp_gate,4,0.6048365831375122,0.582890510559082,341,E1_addition
97,3,addition,mlp_gate,5,0.9994685053825378,0.9838823676109314,341,E1_addition
97,3,addition,mlp_gate,6,1.0,0.988133192062378,341,E1_addition
97,3,addition,mlp_gate,8,1.0,0.9883102774620056,341,E1_addition
97,3,addition,mlp_gate,10,1.0,0.9886645078659058,341,E1_addition
97,3,addition,mlp_gate,12,1.0,0.9886645078659058,341,E1_addition
97,3,addition,mlp_gate,16,1.0,0.9886645078659058,341,E1_addition
97,3,addition,mlp_gate,23,1.0,0.9886645078659058,341,E1_addition
97,3,addition,mlp_up,2,0.0393303222954273,0.0412681549787521,341,E1_addition
97,3,addition,mlp_up,3,0.2848790884017944,0.2729365825653076,341,E1_addition
97,3,addition,mlp_up,4,0.9992027878761292,0.986893355846405,341,E1_addition
97,3,addition,mlp_up,5,1.0,0.9886645078659058,341,E1_addition
97,3,addition,mlp_up,6,1.0,0.9883102774620056,341,E1_addition
97,3,addition,mlp_up,8,1.0,0.9886645078659058,341,E1_addition
97,3,addition,mlp_up,10,1.0,0.9883102774620056,341,E1_addition
97,3,addition,mlp_up,12,1.0,0.9886645078659058,341,E1_addition
97,3,addition,mlp_up,16,1.0,0.9886645078659058,341,E1_addition
97,3,addition,mlp_up,23,1.0,0.9886645078659058,341,E1_addition
97,3,addition,mlp_down,2,0.0563380271196365,0.0494155138731002,341,E1_addition
97,3,addition,mlp_down,3,0.4807334542274475,0.4505844712257385,341,E1_addition
97,3,addition,mlp_down,4,0.9997342824935912,0.9876018166542052,341,E1_addition
97,3,addition,mlp_down,5,1.0,0.989018738269806,341,E1_addition
97,3,addition,mlp_down,6,1.0,0.9883102774620056,341,E1_addition
97,3,addition,mlp_down,8,1.0,0.9886645078659058,341,E1_addition
97,3,addition,mlp_down,10,1.0,0.9883102774620056,341,E1_addition
97,3,addition,mlp_down,12,1.0,0.9886645078659058,341,E1_addition
97,3,addition,mlp_down,16,1.0,0.9886645078659058,341,E1_addition
97,3,addition,mlp_down,23,1.0,0.9886645078659058,341,E1_addition
97,4,addition,mlp_gate,2,0.0457082130014896,0.0419766195118427,341,E1_addition
97,4,addition,mlp_gate,3,0.238905131816864,0.2321997880935669,341,E1_addition
97,4,addition,mlp_gate,4,0.5187350511550903,0.5170031785964966,341,E1_addition
97,4,addition,mlp_gate,5,0.8262025117874146,0.8108395338058472,341,E1_addition
97,4,addition,mlp_gate,6,0.9774116277694702,0.963513970375061,341,E1_addition
97,4,addition,mlp_gate,8,1.0,0.9927381873130798,341,E1_addition
97,4,addition,mlp_gate,10,1.0,0.9927381873130798,341,E1_addition
97,4,addition,mlp_gate,12,1.0,0.9927381873130798,341,E1_addition
97,4,addition,mlp_gate,16,1.0,0.9927381873130798,341,E1_addition
97,4,addition,mlp_gate,23,1.0,0.9927381873130798,341,E1_addition
97,4,addition,mlp_up,2,0.0411905385553836,0.0398512221872806,341,E1_addition
97,4,addition,mlp_up,3,0.3731065690517425,0.3570669591426849,341,E1_addition
97,4,addition,mlp_up,4,0.854902982711792,0.8356358408927917,341,E1_addition
97,4,addition,mlp_up,5,0.9771459102630616,0.9599716663360596,341,E1_addition
97,4,addition,mlp_up,6,1.0,0.991852641105652,341,E1_addition
97,4,addition,mlp_up,8,1.0,0.9927381873130798,341,E1_addition
97,4,addition,mlp_up,10,1.0,0.9929153323173524,341,E1_addition
97,4,addition,mlp_up,12,1.0,0.9927381873130798,341,E1_addition
97,4,addition,mlp_up,16,1.0,0.9927381873130798,341,E1_addition
97,4,addition,mlp_up,23,1.0,0.9927381873130798,341,E1_addition
97,4,addition,mlp_down,2,0.0882274806499481,0.0823591947555542,341,E1_addition
97,4,addition,mlp_down,3,0.2410310953855514,0.2394615560770034,341,E1_addition
97,4,addition,mlp_down,4,0.5862343907356262,0.5446333885192871,341,E1_addition
97,4,addition,mlp_down,5,0.8814775347709656,0.8505136370658875,341,E1_addition
97,4,addition,mlp_down,6,0.9978740215301514,0.9847679734230042,341,E1_addition
97,4,addition,mlp_down,8,1.0,0.9932695627212524,341,E1_addition
97,4,addition,mlp_down,10,1.0,0.99309241771698,341,E1_addition
97,4,addition,mlp_down,12,1.0,0.9927381873130798,341,E1_addition
97,4,addition,mlp_down,16,1.0,0.9927381873130798,341,E1_addition
97,4,addition,mlp_down,23,1.0,0.9927381873130798,341,E1_addition
97,5,addition,mlp_gate,2,0.1884135007858276,0.1937654912471771,341,E1_addition
97,5,addition,mlp_gate,3,0.0783948972821235,0.0878498032689094,341,E1_addition
97,5,addition,mlp_gate,4,0.5272389054298401,0.53205806016922,341,E1_addition
97,5,addition,mlp_gate,5,0.9965453147888184,0.994686484336853,341,E1_addition
97,5,addition,mlp_gate,6,1.0,1.0,341,E1_addition
97,5,addition,mlp_gate,8,1.0,1.0,341,E1_addition
97,5,addition,mlp_gate,10,1.0,1.0,341,E1_addition
97,5,addition,mlp_gate,12,1.0,1.0,341,E1_addition
97,5,addition,mlp_gate,16,1.0,1.0,341,E1_addition
97,5,addition,mlp_gate,23,1.0,1.0,341,E1_addition
97,5,addition,mlp_up,2,0.0977943167090416,0.0915692523121833,341,E1_addition
97,5,addition,mlp_up,3,0.0882274806499481,0.0791710913181305,341,E1_addition
97,5,addition,mlp_up,4,0.6476215720176697,0.6424016952514648,341,E1_addition
97,5,addition,mlp_up,5,0.5729471445083618,0.5593340396881104,341,E1_addition
97,5,addition,mlp_up,6,1.0,0.9998228549957277,341,E1_addition
97,5,addition,mlp_up,8,1.0,1.0,341,E1_addition
97,5,addition,mlp_up,10,1.0,1.0,341,E1_addition
97,5,addition,mlp_up,12,1.0,1.0,341,E1_addition
97,5,addition,mlp_up,16,1.0,1.0,341,E1_addition
97,5,addition,mlp_up,23,1.0,1.0,341,E1_addition
97,5,addition,mlp_down,2,0.0653733760118484,0.0634077191352844,341,E1_addition
97,5,addition,mlp_down,3,0.9067233800888062,0.8919588923454285,341,E1_addition
97,5,addition,mlp_down,4,1.0,1.0,341,E1_addition
97,5,addition,mlp_down,5,1.0,1.0,341,E1_addition
97,5,addition,mlp_down,6,1.0,1.0,341,E1_addition
97,5,addition,mlp_down,8,1.0,1.0,341,E1_addition
97,5,addition,mlp_down,10,1.0,1.0,341,E1_addition
97,5,addition,mlp_down,12,1.0,1.0,341,E1_addition
97,5,addition,mlp_down,16,1.0,1.0,341,E1_addition
97,5,addition,mlp_down,23,1.0,1.0,341,E1_addition
97,6,addition,mlp_gate,2,0.1121445670723915,0.1131774708628654,341,E1_addition
97,6,addition,mlp_gate,3,0.3077331781387329,0.2941905856132507,341,E1_addition
97,6,addition,mlp_gate,4,0.3720435798168182,0.3568898439407348,341,E1_addition
97,6,addition,mlp_gate,5,0.50093013048172,0.4785688817501068,341,E1_addition
97,6,addition,mlp_gate,6,0.995482325553894,0.9863620400428772,341,E1_addition
97,6,addition,mlp_gate,8,1.0,0.9980517029762268,341,E1_addition
97,6,addition,mlp_gate,10,1.0,0.9982288479804992,341,E1_addition
97,6,addition,mlp_gate,12,1.0,0.9982288479804992,341,E1_addition
97,6,addition,mlp_gate,16,1.0,0.9982288479804992,341,E1_addition
97,6,addition,mlp_gate,23,1.0,0.9982288479804992,341,E1_addition
97,6,addition,mlp_up,2,0.0510231181979179,0.0540205463767051,341,E1_addition
97,6,addition,mlp_up,3,0.1846930682659149,0.1804817616939544,341,E1_addition
97,6,addition,mlp_up,4,0.3428115844726562,0.3319163918495178,341,E1_addition
97,6,addition,mlp_up,5,0.9035344123840332,0.8719447255134583,341,E1_addition
97,6,addition,mlp_up,6,1.0,0.9980517029762268,341,E1_addition
97,6,addition,mlp_up,8,1.0,0.9982288479804992,341,E1_addition
97,6,addition,mlp_up,10,1.0,0.9982288479804992,341,E1_addition
97,6,addition,mlp_up,12,1.0,0.9982288479804992,341,E1_addition
97,6,addition,mlp_up,16,1.0,0.9982288479804992,341,E1_addition
97,6,addition,mlp_up,23,1.0,0.9982288479804992,341,E1_addition
97,6,addition,mlp_down,2,0.0749402046203613,0.0671271681785583,341,E1_addition
97,6,addition,mlp_down,3,0.2580387890338897,0.2476089298725128,341,E1_addition
97,6,addition,mlp_down,4,0.755248486995697,0.7311370968818665,341,E1_addition
97,6,addition,mlp_down,5,1.0,0.9978746175765992,341,E1_addition
97,6,addition,mlp_down,6,1.0,0.9982288479804992,341,E1_addition
97,6,addition,mlp_down,8,1.0,0.9982288479804992,341,E1_addition
97,6,addition,mlp_down,10,1.0,0.9982288479804992,341,E1_addition
97,6,addition,mlp_down,12,1.0,0.9982288479804992,341,E1_addition
97,6,addition,mlp_down,16,1.0,0.9982288479804992,341,E1_addition
97,6,addition,mlp_down,23,1.0,0.9982288479804992,341,E1_addition
97,7,addition,mlp_gate,2,0.0831783190369606,0.0952887013554573,341,E1_addition
97,7,addition,mlp_gate,3,0.2591017782688141,0.2469004541635513,341,E1_addition
97,7,addition,mlp_gate,4,0.9997342824935912,0.9886645078659058,341,E1_addition
97,7,addition,mlp_gate,5,1.0,0.992206871509552,341,E1_addition
97,7,addition,mlp_gate,6,1.0,0.992206871509552,341,E1_addition
97,7,addition,mlp_gate,8,1.0,0.992206871509552,341,E1_addition
97,7,addition,mlp_gate,10,1.0,0.992206871509552,341,E1_addition
97,7,addition,mlp_gate,12,1.0,0.992206871509552,341,E1_addition
97,7,addition,mlp_gate,16,1.0,0.992206871509552,341,E1_addition
97,7,addition,mlp_gate,23,1.0,0.992206871509552,341,E1_addition
97,7,addition,mlp_up,2,0.0672335922718048,0.0678356364369392,341,E1_addition
97,7,addition,mlp_up,3,1.0,0.9929153323173524,341,E1_addition
97,7,addition,mlp_up,4,1.0,0.9929153323173524,341,E1_addition
97,7,addition,mlp_up,5,1.0,0.992561101913452,341,E1_addition
97,7,addition,mlp_up,6,1.0,0.992206871509552,341,E1_addition
97,7,addition,mlp_up,8,1.0,0.992206871509552,341,E1_addition
97,7,addition,mlp_up,10,1.0,0.992206871509552,341,E1_addition
97,7,addition,mlp_up,12,1.0,0.992206871509552,341,E1_addition
97,7,addition,mlp_up,16,1.0,0.992206871509552,341,E1_addition
97,7,addition,mlp_up,23,1.0,0.992206871509552,341,E1_addition
97,7,addition,mlp_down,2,0.047568429261446,0.0421537384390831,341,E1_addition
97,7,addition,mlp_down,3,0.8859952092170715,0.8776124715805054,341,E1_addition
97,7,addition,mlp_down,4,1.0,0.9929153323173524,341,E1_addition
97,7,addition,mlp_down,5,1.0,0.992206871509552,341,E1_addition
97,7,addition,mlp_down,6,1.0,0.992561101913452,341,E1_addition
97,7,addition,mlp_down,8,1.0,0.992206871509552,341,E1_addition
97,7,addition,mlp_down,10,1.0,0.992206871509552,341,E1_addition
97,7,addition,mlp_down,12,1.0,0.992206871509552,341,E1_addition
97,7,addition,mlp_down,16,1.0,0.992206871509552,341,E1_addition
97,7,addition,mlp_down,23,1.0,0.992206871509552,341,E1_addition
97,8,addition,mlp_gate,2,0.0162104703485965,0.0171803049743175,341,E1_addition
97,8,addition,mlp_gate,3,0.1140047833323478,0.1151257529854774,341,E1_addition
97,8,addition,mlp_gate,4,0.1650279015302658,0.1615302860736847,341,E1_addition
97,8,addition,mlp_gate,5,0.9590752124786376,0.9472192525863647,341,E1_addition
97,8,addition,mlp_gate,6,1.0,0.9909670352935792,341,E1_addition
97,8,addition,mlp_gate,8,1.0,0.9909670352935792,341,E1_addition
97,8,addition,mlp_gate,10,1.0,0.9909670352935792,341,E1_addition
97,8,addition,mlp_gate,12,1.0,0.9909670352935792,341,E1_addition
97,8,addition,mlp_gate,16,1.0,0.9909670352935792,341,E1_addition
97,8,addition,mlp_gate,23,1.0,0.9909670352935792,341,E1_addition
97,8,addition,mlp_up,2,0.018070688471198,0.0226709172129631,341,E1_addition
97,8,addition,mlp_up,3,0.0908849313855171,0.1030818298459053,341,E1_addition
97,8,addition,mlp_up,4,0.9540260434150696,0.9449167251586914,341,E1_addition
97,8,addition,mlp_up,5,0.983789563179016,0.975026547908783,341,E1_addition
97,8,addition,mlp_up,6,0.9997342824935912,0.9913212656974792,341,E1_addition
97,8,addition,mlp_up,8,1.0,0.9909670352935792,341,E1_addition
97,8,addition,mlp_up,10,1.0,0.9909670352935792,341,E1_addition
97,8,addition,mlp_up,12,1.0,0.9909670352935792,341,E1_addition
97,8,addition,mlp_up,16,1.0,0.9909670352935792,341,E1_addition
97,8,addition,mlp_up,23,1.0,0.9909670352935792,341,E1_addition
97,8,addition,mlp_down,2,0.0276375226676464,0.0286928787827491,341,E1_addition
97,8,addition,mlp_down,3,0.2195057123899459,0.2291887998580932,341,E1_addition
97,8,addition,mlp_down,4,0.8849322199821472,0.8719447255134583,341,E1_addition
97,8,addition,mlp_down,5,0.9976083040237428,0.988133192062378,341,E1_addition
97,8,addition,mlp_down,6,0.9994685053825378,0.9907899498939514,341,E1_addition
97,8,addition,mlp_down,8,1.0,0.9909670352935792,341,E1_addition
97,8,addition,mlp_down,10,1.0,0.9909670352935792,341,E1_addition
97,8,addition,mlp_down,12,1.0,0.9909670352935792,341,E1_addition
97,8,addition,mlp_down,16,1.0,0.9909670352935792,341,E1_addition
97,8,addition,mlp_down,23,1.0,0.9909670352935792,341,E1_addition
97,9,addition,mlp_gate,2,0.0302949771285057,0.0301098115742206,341,E1_addition
97,9,addition,mlp_gate,3,0.6444326639175415,0.6406305432319641,341,E1_addition
97,9,addition,mlp_gate,4,0.9936221241950988,0.9785689115524292,341,E1_addition
97,9,addition,mlp_gate,5,1.0,0.989727258682251,341,E1_addition
97,9,addition,mlp_gate,6,1.0,0.989372968673706,341,E1_addition
97,9,addition,mlp_gate,8,1.0,0.989727258682251,341,E1_addition
97,9,addition,mlp_gate,10,1.0,0.989727258682251,341,E1_addition
97,9,addition,mlp_gate,12,1.0,0.989727258682251,341,E1_addition
97,9,addition,mlp_gate,16,1.0,0.989727258682251,341,E1_addition
97,9,addition,mlp_gate,23,1.0,0.989727258682251,341,E1_addition
97,9,addition,mlp_up,2,0.0438479930162429,0.0495926328003406,341,E1_addition
97,9,addition,mlp_up,3,0.9997342824935912,0.984413743019104,341,E1_addition
97,9,addition,mlp_up,4,1.0,0.989018738269806,341,E1_addition
97,9,addition,mlp_up,5,1.0,0.989727258682251,341,E1_addition
97,9,addition,mlp_up,6,1.0,0.989727258682251,341,E1_addition
97,9,addition,mlp_up,8,1.0,0.989727258682251,341,E1_addition
97,9,addition,mlp_up,10,1.0,0.989727258682251,341,E1_addition
97,9,addition,mlp_up,12,1.0,0.989727258682251,341,E1_addition
97,9,addition,mlp_up,16,1.0,0.989727258682251,341,E1_addition
97,9,addition,mlp_up,23,1.0,0.989727258682251,341,E1_addition
97,9,addition,mlp_down,2,0.066170610487461,0.0699610337615013,341,E1_addition
97,9,addition,mlp_down,3,0.8849322199821472,0.873715877532959,341,E1_addition
97,9,addition,mlp_down,4,1.0,0.9886645078659058,341,E1_addition
97,9,addition,mlp_down,5,1.0,0.989727258682251,341,E1_addition
97,9,addition,mlp_down,6,1.0,0.989727258682251,341,E1_addition
97,9,addition,mlp_down,8,1.0,0.989727258682251,341,E1_addition
97,9,addition,mlp_down,10,1.0,0.989727258682251,341,E1_addition
97,9,addition,mlp_down,12,1.0,0.989727258682251,341,E1_addition
97,9,addition,mlp_down,16,1.0,0.989727258682251,341,E1_addition
97,9,addition,mlp_down,23,1.0,0.989727258682251,341,E1_addition
97,10,addition,mlp_gate,2,0.1926654279232025,0.1951824277639389,341,E1_addition
97,10,addition,mlp_gate,3,0.0491629019379615,0.0517180301249027,341,E1_addition
97,10,addition,mlp_gate,4,0.1889449954032898,0.1826071590185165,341,E1_addition
97,10,addition,mlp_gate,5,0.9994685053825378,0.9961034059524536,341,E1_addition
97,10,addition,mlp_gate,6,1.0,0.9980517029762268,341,E1_addition
97,10,addition,mlp_gate,8,1.0,0.9980517029762268,341,E1_addition
97,10,addition,mlp_gate,10,1.0,0.9980517029762268,341,E1_addition
97,10,addition,mlp_gate,12,1.0,0.9980517029762268,341,E1_addition
97,10,addition,mlp_gate,16,1.0,0.9980517029762268,341,E1_addition
97,10,addition,mlp_gate,23,1.0,0.9980517029762268,341,E1_addition
97,10,addition,mlp_up,2,0.0103640714660286,0.0111583424732089,341,E1_addition
97,10,addition,mlp_up,3,0.1076268926262855,0.1186680793762207,341,E1_addition
97,10,addition,mlp_up,4,0.9420675039291382,0.9286220073699952,341,E1_addition
97,10,addition,mlp_up,5,1.0,0.9980517029762268,341,E1_addition
97,10,addition,mlp_up,6,1.0,0.9980517029762268,341,E1_addition
97,10,addition,mlp_up,8,1.0,0.9980517029762268,341,E1_addition
97,10,addition,mlp_up,10,1.0,0.9980517029762268,341,E1_addition
97,10,addition,mlp_up,12,1.0,0.9980517029762268,341,E1_addition
97,10,addition,mlp_up,16,1.0,0.9980517029762268,341,E1_addition
97,10,addition,mlp_up,23,1.0,0.9980517029762268,341,E1_addition
97,10,addition,mlp_down,2,0.0223226156085729,0.0224938001483678,341,E1_addition
97,10,addition,mlp_down,3,0.5155460834503174,0.5159404873847961,341,E1_addition
97,10,addition,mlp_down,4,0.994950830936432,0.9865391254425048,341,E1_addition
97,10,addition,mlp_down,5,1.0,0.9980517029762268,341,E1_addition
97,10,addition,mlp_down,6,1.0,0.9980517029762268,341,E1_addition
97,10,addition,mlp_down,8,1.0,0.9980517029762268,341,E1_addition
97,10,addition,mlp_down,10,1.0,0.9980517029762268,341,E1_addition
97,10,addition,mlp_down,12,1.0,0.9980517029762268,341,E1_addition
97,10,addition,mlp_down,16,1.0,0.9980517029762268,341,E1_addition
97,10,addition,mlp_down,23,1.0,0.9980517029762268,341,E1_addition
97,11,addition,mlp_gate,2,0.0122242895886302,0.015763372182846,341,E1_addition
97,11,addition,mlp_gate,3,0.2064841836690902,0.2141339033842086,341,E1_addition
97,11,addition,mlp_gate,4,0.6239702105522156,0.6101664900779724,341,E1_addition
97,11,addition,mlp_gate,5,0.5543449521064758,0.5565001964569092,341,E1_addition
97,11,addition,mlp_gate,6,1.0,0.995926320552826,341,E1_addition
97,11,addition,mlp_gate,8,1.0,0.9955720901489258,341,E1_addition
97,11,addition,mlp_gate,10,1.0,0.995926320552826,341,E1_addition
97,11,addition,mlp_gate,12,1.0,0.995926320552826,341,E1_addition
97,11,addition,mlp_gate,16,1.0,0.995926320552826,341,E1_addition
97,11,addition,mlp_gate,23,1.0,0.995926320552826,341,E1_addition
97,11,addition,mlp_up,2,0.0037204357795417,0.0035423308145254,341,E1_addition
97,11,addition,mlp_up,3,0.2444857805967331,0.2490258514881134,341,E1_addition
97,11,addition,mlp_up,4,0.890778660774231,0.8838115334510803,341,E1_addition
97,11,addition,mlp_up,5,1.0,0.9955720901489258,341,E1_addition
97,11,addition,mlp_up,6,1.0,0.9955720901489258,341,E1_addition
97,11,addition,mlp_up,8,1.0,0.9955720901489258,341,E1_addition
97,11,addition,mlp_up,10,1.0,0.995926320552826,341,E1_addition
97,11,addition,mlp_up,12,1.0,0.995926320552826,341,E1_addition
97,11,addition,mlp_up,16,1.0,0.995926320552826,341,E1_addition
97,11,addition,mlp_up,23,1.0,0.995926320552826,341,E1_addition
97,11,addition,mlp_down,2,0.018070688471198,0.0152320228517055,341,E1_addition
97,11,addition,mlp_down,3,0.2001062929630279,0.1932341456413269,341,E1_addition
97,11,addition,mlp_down,4,0.5825139284133911,0.5733262300491333,341,E1_addition
97,11,addition,mlp_down,5,0.9269199967384338,0.9153382778167723,341,E1_addition
97,11,addition,mlp_down,6,0.9824607968330384,0.9837052822113036,341,E1_addition
97,11,addition,mlp_down,8,1.0,0.995926320552826,341,E1_addition
97,11,addition,mlp_down,10,1.0,0.995926320552826,341,E1_addition
97,11,addition,mlp_down,12,1.0,0.995926320552826,341,E1_addition
97,11,addition,mlp_down,16,1.0,0.995926320552826,341,E1_addition
97,11,addition,mlp_down,23,1.0,0.995926320552826,341,E1_addition
97,12,addition,mlp_gate,2,0.2660111486911773,0.2538079917430877,341,E1_addition
97,12,addition,mlp_gate,3,0.9984055161476136,0.9943322539329528,341,E1_addition
97,12,addition,mlp_gate,4,1.0,0.9964576363563538,341,E1_addition
97,12,addition,mlp_gate,5,1.0,0.996280550956726,341,E1_addition
97,12,addition,mlp_gate,6,1.0,0.9964576363563538,341,E1_addition
97,12,addition,mlp_gate,8,1.0,0.9964576363563538,341,E1_addition
97,12,addition,mlp_gate,10,1.0,0.9964576363563538,341,E1_addition
97,12,addition,mlp_gate,12,1.0,0.9964576363563538,341,E1_addition
97,12,addition,mlp_gate,16,1.0,0.9964576363563538,341,E1_addition
97,12,addition,mlp_gate,23,1.0,0.9964576363563538,341,E1_addition
97,12,addition,mlp_up,2,0.3260696232318878,0.3133191466331482,341,E1_addition
97,12,addition,mlp_up,3,0.969173550605774,0.970421552658081,341,E1_addition
97,12,addition,mlp_up,4,1.0,0.9964576363563538,341,E1_addition
97,12,addition,mlp_up,5,1.0,0.9964576363563538,341,E1_addition
97,12,addition,mlp_up,6,1.0,0.9964576363563538,341,E1_addition
97,12,addition,mlp_up,8,1.0,0.9964576363563538,341,E1_addition
97,12,addition,mlp_up,10,1.0,0.9964576363563538,341,E1_addition
97,12,addition,mlp_up,12,1.0,0.9964576363563538,341,E1_addition
97,12,addition,mlp_up,16,1.0,0.9964576363563538,341,E1_addition
97,12,addition,mlp_up,23,1.0,0.9964576363563538,341,E1_addition
97,12,addition,mlp_down,2,0.2038267403841018,0.1939426064491272,341,E1_addition
97,12,addition,mlp_down,3,0.98591548204422,0.9732553958892822,341,E1_addition
97,12,addition,mlp_down,4,1.0,0.996280550956726,341,E1_addition
97,12,addition,mlp_down,5,1.0,0.9964576363563538,341,E1_addition
97,12,addition,mlp_down,6,1.0,0.9964576363563538,341,E1_addition
97,12,addition,mlp_down,8,1.0,0.9964576363563538,341,E1_addition
97,12,addition,mlp_down,10,1.0,0.9964576363563538,341,E1_addition
97,12,addition,mlp_down,12,1.0,0.9964576363563538,341,E1_addition
97,12,addition,mlp_down,16,1.0,0.9964576363563538,341,E1_addition
97,12,addition,mlp_down,23,1.0,0.9964576363563538,341,E1_addition
97,13,addition,mlp_gate,2,0.1182567104697227,0.1043216437101364,341,E1_addition
97,13,addition,mlp_gate,3,0.1761892139911651,0.1794190555810928,341,E1_addition
97,13,addition,mlp_gate,4,0.2213659286499023,0.2001416981220245,341,E1_addition
97,13,addition,mlp_gate,5,0.9984055161476136,0.9923839569091796,341,E1_addition
97,13,addition,mlp_gate,6,1.0,0.9961034059524536,341,E1_addition
97,13,addition,mlp_gate,8,1.0,0.9961034059524536,341,E1_addition
97,13,addition,mlp_gate,10,1.0,0.9961034059524536,341,E1_addition
97,13,addition,mlp_gate,12,1.0,0.9961034059524536,341,E1_addition
97,13,addition,mlp_gate,16,1.0,0.9961034059524536,341,E1_addition
97,13,addition,mlp_gate,23,1.0,0.9961034059524536,341,E1_addition
97,13,addition,mlp_up,2,0.0528833381831646,0.0527807287871837,341,E1_addition
97,13,addition,mlp_up,3,0.2912569642066955,0.2708112001419067,341,E1_addition
97,13,addition,mlp_up,4,0.7127292156219482,0.7003188133239746,341,E1_addition
97,13,addition,mlp_up,5,0.8692532777786255,0.8517534732818604,341,E1_addition
97,13,addition,mlp_up,6,0.8724421858787537,0.8680481910705566,341,E1_addition
97,13,addition,mlp_up,8,1.0,0.9961034059524536,341,E1_addition
97,13,addition,mlp_up,10,1.0,0.9961034059524536,341,E1_addition
97,13,addition,mlp_up,12,1.0,0.9961034059524536,341,E1_addition
97,13,addition,mlp_up,16,1.0,0.9961034059524536,341,E1_addition
97,13,addition,mlp_up,23,1.0,0.9961034059524536,341,E1_addition
97,13,addition,mlp_down,2,0.0241828337311744,0.0224938001483678,341,E1_addition
97,13,addition,mlp_down,3,0.1990433186292648,0.1870350688695907,341,E1_addition
97,13,addition,mlp_down,4,0.9619984030723572,0.96068012714386,341,E1_addition
97,13,addition,mlp_down,5,1.0,0.996811866760254,341,E1_addition
97,13,addition,mlp_down,6,1.0,0.9964576363563538,341,E1_addition
97,13,addition,mlp_down,8,1.0,0.9961034059524536,341,E1_addition
97,13,addition,mlp_down,10,1.0,0.9961034059524536,341,E1_addition
97,13,addition,mlp_down,12,1.0,0.9961034059524536,341,E1_addition
97,13,addition,mlp_down,16,1.0,0.9961034059524536,341,E1_addition
97,13,addition,mlp_down,23,1.0,0.9961034059524536,341,E1_addition
97,14,addition,mlp_gate,2,0.3252723813056946,0.3145589828491211,341,E1_addition
97,14,addition,mlp_gate,3,0.0592612288892269,0.0642933025956153,341,E1_addition
97,14,addition,mlp_gate,4,0.1009832620620727,0.0952887013554573,341,E1_addition
97,14,addition,mlp_gate,5,0.1485516875982284,0.1454126834869384,341,E1_addition
97,14,addition,mlp_gate,6,0.8766941428184509,0.8671625852584839,341,E1_addition
97,14,addition,mlp_gate,8,1.0,1.0,341,E1_addition
97,14,addition,mlp_gate,10,1.0,1.0,341,E1_addition
97,14,addition,mlp_gate,12,1.0,1.0,341,E1_addition
97,14,addition,mlp_gate,16,1.0,1.0,341,E1_addition
97,14,addition,mlp_gate,23,1.0,1.0,341,E1_addition
97,14,addition,mlp_up,2,0.1937284022569656,0.1941197216510772,341,E1_addition
97,14,addition,mlp_up,3,0.1028434783220291,0.0984767973423004,341,E1_addition
97,14,addition,mlp_up,4,0.2888652682304382,0.2722281217575073,341,E1_addition
97,14,addition,mlp_up,5,0.4780760109424591,0.4516471922397613,341,E1_addition
97,14,addition,mlp_up,6,1.0,1.0,341,E1_addition
97,14,addition,mlp_up,8,1.0,1.0,341,E1_addition
97,14,addition,mlp_up,10,1.0,1.0,341,E1_addition
97,14,addition,mlp_up,12,1.0,1.0,341,E1_addition
97,14,addition,mlp_up,16,1.0,1.0,341,E1_addition
97,14,addition,mlp_up,23,1.0,1.0,341,E1_addition
97,14,addition,mlp_down,2,0.0334839224815368,0.0366631224751472,341,E1_addition
97,14,addition,mlp_down,3,0.5447781085968018,0.5185972452163696,341,E1_addition
97,14,addition,mlp_down,4,0.9779431223869324,0.9718384742736816,341,E1_addition
97,14,addition,mlp_down,5,1.0,1.0,341,E1_addition
97,14,addition,mlp_down,6,1.0,1.0,341,E1_addition
97,14,addition,mlp_down,8,1.0,1.0,341,E1_addition
97,14,addition,mlp_down,10,1.0,1.0,341,E1_addition
97,14,addition,mlp_down,12,1.0,1.0,341,E1_addition
97,14,addition,mlp_down,16,1.0,1.0,341,E1_addition
97,14,addition,mlp_down,23,1.0,1.0,341,E1_addition
97,15,addition,mlp_gate,2,0.0111613078042864,0.0145235564559698,341,E1_addition
97,15,addition,mlp_gate,3,0.11453627794981,0.1225646436214447,341,E1_addition
97,15,addition,mlp_gate,4,0.2160510271787643,0.2199787497520446,341,E1_addition
97,15,addition,mlp_gate,5,0.3236779272556305,0.3297910094261169,341,E1_addition
97,15,addition,mlp_gate,6,0.9705022573471068,0.9620970487594604,341,E1_addition
97,15,addition,mlp_gate,8,1.0,0.9876018166542052,341,E1_addition
97,15,addition,mlp_gate,10,1.0,0.9876018166542052,341,E1_addition
97,15,addition,mlp_gate,12,1.0,0.9876018166542052,341,E1_addition
97,15,addition,mlp_gate,16,1.0,0.9876018166542052,341,E1_addition
97,15,addition,mlp_gate,23,1.0,0.9876018166542052,341,E1_addition
97,15,addition,mlp_up,2,0.0749402046203613,0.0688983350992202,341,E1_addition
97,15,addition,mlp_up,3,0.1450970023870468,0.1335458755493164,341,E1_addition
97,15,addition,mlp_up,4,0.892107367515564,0.8823946118354797,341,E1_addition
97,15,addition,mlp_up,5,0.9952166080474854,0.9833510518074036,341,E1_addition
97,15,addition,mlp_up,6,1.0,0.9877789616584778,341,E1_addition
97,15,addition,mlp_up,8,1.0,0.9876018166542052,341,E1_addition
97,15,addition,mlp_up,10,1.0,0.9876018166542052,341,E1_addition
97,15,addition,mlp_up,12,1.0,0.9876018166542052,341,E1_addition
97,15,addition,mlp_up,16,1.0,0.9876018166542052,341,E1_addition
97,15,addition,mlp_up,23,1.0,0.9876018166542052,341,E1_addition
97,15,addition,mlp_down,2,0.0228541065007448,0.0210768692195415,341,E1_addition
97,15,addition,mlp_down,3,0.0903534442186355,0.0947573482990264,341,E1_addition
97,15,addition,mlp_down,4,0.7432899475097656,0.7589443922042847,341,E1_addition
97,15,addition,mlp_down,5,0.9933563470840454,0.9773290753364564,341,E1_addition
97,15,addition,mlp_down,6,0.9997342824935912,0.9863620400428772,341,E1_addition
97,15,addition,mlp_down,8,1.0,0.9876018166542052,341,E1_addition
97,15,addition,mlp_down,10,1.0,0.9876018166542052,341,E1_addition
97,15,addition,mlp_down,12,1.0,0.9876018166542052,341,E1_addition
97,15,addition,mlp_down,16,1.0,0.9876018166542052,341,E1_addition
97,15,addition,mlp_down,23,1.0,0.9876018166542052,341,E1_addition
97,16,addition,mlp_gate,2,0.0621844269335269,0.0651788860559463,341,E1_addition
97,16,addition,mlp_gate,3,0.1621047109365463,0.1673751324415207,341,E1_addition
97,16,addition,mlp_gate,4,0.2620249688625335,0.2596528530120849,341,E1_addition
97,16,addition,mlp_gate,5,0.8113207817077637,0.7748848795890808,341,E1_addition
97,16,addition,mlp_gate,6,1.0,0.989372968673706,341,E1_addition
97,16,addition,mlp_gate,8,1.0,0.989727258682251,341,E1_addition
97,16,addition,mlp_gate,10,1.0,0.989727258682251,341,E1_addition
97,16,addition,mlp_gate,12,1.0,0.989727258682251,341,E1_addition
97,16,addition,mlp_gate,16,1.0,0.989727258682251,341,E1_addition
97,16,addition,mlp_gate,23,1.0,0.989727258682251,341,E1_addition
97,16,addition,mlp_up,2,0.1262290775775909,0.1199079006910324,341,E1_addition
97,16,addition,mlp_up,3,0.0744087174534797,0.0717322006821632,341,E1_addition
97,16,addition,mlp_up,4,0.0969970747828483,0.0919234827160835,341,E1_addition
97,16,addition,mlp_up,5,0.457879364490509,0.4433226883411407,341,E1_addition
97,16,addition,mlp_up,6,0.5838426947593689,0.5533120632171631,341,E1_addition
97,16,addition,mlp_up,8,1.0,0.989727258682251,341,E1_addition
97,16,addition,mlp_up,10,1.0,0.989727258682251,341,E1_addition
97,16,addition,mlp_up,12,1.0,0.989727258682251,341,E1_addition
97,16,addition,mlp_up,16,1.0,0.989727258682251,341,E1_addition
97,16,addition,mlp_up,23,1.0,0.989727258682251,341,E1_addition
97,16,addition,mlp_down,2,0.0156789794564247,0.016648955643177,341,E1_addition
97,16,addition,mlp_down,3,0.2306670248508453,0.2196245044469833,341,E1_addition
97,16,addition,mlp_down,4,0.4615997970104217,0.4544810354709625,341,E1_addition
97,16,addition,mlp_down,5,0.996811032295227,0.9805171489715576,341,E1_addition
97,16,addition,mlp_down,6,1.0,0.9886645078659058,341,E1_addition
97,16,addition,mlp_down,8,1.0,0.989727258682251,341,E1_addition
97,16,addition,mlp_down,10,1.0,0.989727258682251,341,E1_addition
97,16,addition,mlp_down,12,1.0,0.989727258682251,341,E1_addition
97,16,addition,mlp_down,16,1.0,0.989727258682251,341,E1_addition
97,16,addition,mlp_down,23,1.0,0.989727258682251,341,E1_addition
97,17,addition,mlp_gate,2,0.0451767221093177,0.0405596867203712,341,E1_addition
97,17,addition,mlp_gate,3,0.2043582201004028,0.1965993642807006,341,E1_addition
97,17,addition,mlp_gate,4,0.2885995209217071,0.2917109429836273,341,E1_addition
97,17,addition,mlp_gate,5,0.3481265008449554,0.3443145453929901,341,E1_addition
97,17,addition,mlp_gate,6,0.995482325553894,0.9914984107017516,341,E1_addition
97,17,addition,mlp_gate,8,1.0,0.996811866760254,341,E1_addition
97,17,addition,mlp_gate,10,1.0,0.996811866760254,341,E1_addition
97,17,addition,mlp_gate,12,1.0,0.996811866760254,341,E1_addition
97,17,addition,mlp_gate,16,1.0,0.996811866760254,341,E1_addition
97,17,addition,mlp_gate,23,1.0,0.996811866760254,341,E1_addition
97,17,addition,mlp_up,2,0.0571352653205394,0.0487070493400096,341,E1_addition
97,17,addition,mlp_up,3,0.3619452714920044,0.3622033298015594,341,E1_addition
97,17,addition,mlp_up,4,0.6080254912376404,0.5949344635009766,341,E1_addition
97,17,addition,mlp_up,5,0.7961732745170593,0.7755933403968811,341,E1_addition
97,17,addition,mlp_up,6,0.9976083040237428,0.9939780235290528,341,E1_addition
97,17,addition,mlp_up,8,1.0,0.996811866760254,341,E1_addition
97,17,addition,mlp_up,10,1.0,0.996811866760254,341,E1_addition
97,17,addition,mlp_up,12,1.0,0.996811866760254,341,E1_addition
97,17,addition,mlp_up,16,1.0,0.996811866760254,341,E1_addition
97,17,addition,mlp_up,23,1.0,0.996811866760254,341,E1_addition
97,17,addition,mlp_down,2,0.0316237062215805,0.0267445985227823,341,E1_addition
97,17,addition,mlp_down,3,0.3029497861862182,0.2879914939403534,341,E1_addition
97,17,addition,mlp_down,4,0.5880945920944214,0.5781083703041077,341,E1_addition
97,17,addition,mlp_down,5,0.9508370757102966,0.9436769485473632,341,E1_addition
97,17,addition,mlp_down,6,0.9984055161476136,0.9952178597450256,341,E1_addition
97,17,addition,mlp_down,8,1.0,0.996811866760254,341,E1_addition
97,17,addition,mlp_down,10,1.0,0.996811866760254,341,E1_addition
97,17,addition,mlp_down,12,1.0,0.996811866760254,341,E1_addition
97,17,addition,mlp_down,16,1.0,0.996811866760254,341,E1_addition
97,17,addition,mlp_down,23,1.0,0.996811866760254,341,E1_addition
97,18,addition,mlp_gate,2,0.2856763303279876,0.2725823521614074,341,E1_addition
97,18,addition,mlp_gate,3,0.9340951442718506,0.9263194799423218,341,E1_addition
97,18,addition,mlp_gate,4,1.0,1.0,341,E1_addition
97,18,addition,mlp_gate,5,1.0,1.0,341,E1_addition
97,18,addition,mlp_gate,6,1.0,1.0,341,E1_addition
97,18,addition,mlp_gate,8,1.0,1.0,341,E1_addition
97,18,addition,mlp_gate,10,1.0,1.0,341,E1_addition
97,18,addition,mlp_gate,12,1.0,1.0,341,E1_addition
97,18,addition,mlp_gate,16,1.0,1.0,341,E1_addition
97,18,addition,mlp_gate,23,1.0,1.0,341,E1_addition
97,18,addition,mlp_up,2,0.2147222906351089,0.2307828515768051,341,E1_addition
97,18,addition,mlp_up,3,0.5984587073326111,0.6165426969528198,341,E1_addition
97,18,addition,mlp_up,4,1.0,1.0,341,E1_addition
97,18,addition,mlp_up,5,1.0,1.0,341,E1_addition
97,18,addition,mlp_up,6,1.0,1.0,341,E1_addition
97,18,addition,mlp_up,8,1.0,1.0,341,E1_addition
97,18,addition,mlp_up,10,1.0,1.0,341,E1_addition
97,18,addition,mlp_up,12,1.0,1.0,341,E1_addition
97,18,addition,mlp_up,16,1.0,1.0,341,E1_addition
97,18,addition,mlp_up,23,1.0,1.0,341,E1_addition
97,18,addition,mlp_down,2,0.2468774914741516,0.2368048131465912,341,E1_addition
97,18,addition,mlp_down,3,1.0,1.0,341,E1_addition
97,18,addition,mlp_down,4,1.0,1.0,341,E1_addition
97,18,addition,mlp_down,5,1.0,1.0,341,E1_addition
97,18,addition,mlp_down,6,1.0,1.0,341,E1_addition
97,18,addition,mlp_down,8,1.0,1.0,341,E1_addition
97,18,addition,mlp_down,10,1.0,1.0,341,E1_addition
97,18,addition,mlp_down,12,1.0,1.0,341,E1_addition
97,18,addition,mlp_down,16,1.0,1.0,341,E1_addition
97,18,addition,mlp_down,23,1.0,1.0,341,E1_addition
97,19,addition,mlp_gate,2,0.0927451476454734,0.0880269184708595,341,E1_addition
97,19,addition,mlp_gate,3,0.1078926399350166,0.1075097396969795,341,E1_addition
97,19,addition,mlp_gate,4,0.912038266658783,0.8928444981575012,341,E1_addition
97,19,addition,mlp_gate,5,1.0,0.9907899498939514,341,E1_addition
97,19,addition,mlp_gate,6,1.0,0.9907899498939514,341,E1_addition
97,19,addition,mlp_gate,8,1.0,0.9909670352935792,341,E1_addition
97,19,addition,mlp_gate,10,1.0,0.9911441802978516,341,E1_addition
97,19,addition,mlp_gate,12,1.0,0.9909670352935792,341,E1_addition
97,19,addition,mlp_gate,16,1.0,0.9911441802978516,341,E1_addition
97,19,addition,mlp_gate,23,1.0,0.9911441802978516,341,E1_addition
97,19,addition,mlp_up,2,0.0337496697902679,0.0370173566043376,341,E1_addition
97,19,addition,mlp_up,3,0.6234387755393982,0.6119376420974731,341,E1_addition
97,19,addition,mlp_up,4,1.0,0.9907899498939514,341,E1_addition
97,19,addition,mlp_up,5,1.0,0.9907899498939514,341,E1_addition
97,19,addition,mlp_up,6,1.0,0.9911441802978516,341,E1_addition
97,19,addition,mlp_up,8,1.0,0.9911441802978516,341,E1_addition
97,19,addition,mlp_up,10,1.0,0.9907899498939514,341,E1_addition
97,19,addition,mlp_up,12,1.0,0.9911441802978516,341,E1_addition
97,19,addition,mlp_up,16,1.0,0.9911441802978516,341,E1_addition
97,19,addition,mlp_up,23,1.0,0.9911441802978516,341,E1_addition
97,19,addition,mlp_down,2,0.1379218697547912,0.1266383230686187,341,E1_addition
97,19,addition,mlp_down,3,0.6781823039054871,0.6705632209777832,341,E1_addition
97,19,addition,mlp_down,4,0.9989370107650756,0.988133192062378,341,E1_addition
97,19,addition,mlp_down,5,1.0,0.9904357194900512,341,E1_addition
97,19,addition,mlp_down,6,1.0,0.9911441802978516,341,E1_addition
97,19,addition,mlp_down,8,1.0,0.9909670352935792,341,E1_addition
97,19,addition,mlp_down,10,1.0,0.9911441802978516,341,E1_addition
97,19,addition,mlp_down,12,1.0,0.9911441802978516,341,E1_addition
97,19,addition,mlp_down,16,1.0,0.9911441802978516,341,E1_addition
97,19,addition,mlp_down,23,1.0,0.9911441802978516,341,E1_addition
97,20,addition,mlp_gate,2,0.0773319154977798,0.0699610337615013,341,E1_addition
97,20,addition,mlp_gate,3,0.5817167162895203,0.5770456790924072,341,E1_addition
97,20,addition,mlp_gate,4,0.6173266172409058,0.5968827605247498,341,E1_addition
97,20,addition,mlp_gate,5,0.986446976661682,0.9826425909996032,341,E1_addition
97,20,addition,mlp_gate,6,1.0,0.9982288479804992,341,E1_addition
97,20,addition,mlp_gate,8,1.0,0.9982288479804992,341,E1_addition
97,20,addition,mlp_gate,10,1.0,0.9982288479804992,341,E1_addition
97,20,addition,mlp_gate,12,1.0,0.9982288479804992,341,E1_addition
97,20,addition,mlp_gate,16,1.0,0.9982288479804992,341,E1_addition
97,20,addition,mlp_gate,23,1.0,0.9982288479804992,341,E1_addition
97,20,addition,mlp_up,2,0.1028434783220291,0.1013106629252433,341,E1_addition
97,20,addition,mlp_up,3,0.1868190318346023,0.1842011958360672,341,E1_addition
97,20,addition,mlp_up,4,0.8846665024757385,0.8710591197013855,341,E1_addition
97,20,addition,mlp_up,5,0.9970768094062804,0.9920297265052797,341,E1_addition
97,20,addition,mlp_up,6,1.0,0.997166097164154,341,E1_addition
97,20,addition,mlp_up,8,1.0,0.9982288479804992,341,E1_addition
97,20,addition,mlp_up,10,1.0,0.9982288479804992,341,E1_addition
97,20,addition,mlp_up,12,1.0,0.9982288479804992,341,E1_addition
97,20,addition,mlp_up,16,1.0,0.9982288479804992,341,E1_addition
97,20,addition,mlp_up,23,1.0,0.9982288479804992,341,E1_addition
97,20,addition,mlp_down,2,0.0510231181979179,0.0566772930324077,341,E1_addition
97,20,addition,mlp_down,3,0.2564443349838257,0.2587672770023346,341,E1_addition
97,20,addition,mlp_down,4,0.9649215936660768,0.955720841884613,341,E1_addition
97,20,addition,mlp_down,5,1.0,0.9982288479804992,341,E1_addition
97,20,addition,mlp_down,6,1.0,0.9982288479804992,341,E1_addition
97,20,addition,mlp_down,8,1.0,0.9982288479804992,341,E1_addition
97,20,addition,mlp_down,10,1.0,0.9982288479804992,341,E1_addition
97,20,addition,mlp_down,12,1.0,0.9982288479804992,341,E1_addition
97,20,addition,mlp_down,16,1.0,0.9982288479804992,341,E1_addition
97,20,addition,mlp_down,23,1.0,0.9982288479804992,341,E1_addition
97,21,addition,mlp_gate,2,0.0930108949542045,0.0887353867292404,341,E1_addition
97,21,addition,mlp_gate,3,0.0946053713560104,0.1011335477232933,341,E1_addition
97,21,addition,mlp_gate,4,0.3212862014770508,0.3255402147769928,341,E1_addition
97,21,addition,mlp_gate,5,0.5370714664459229,0.5373715758323669,341,E1_addition
97,21,addition,mlp_gate,6,1.0,0.998405933380127,341,E1_addition
97,21,addition,mlp_gate,8,1.0,0.9987601637840272,341,E1_addition
97,21,addition,mlp_gate,10,1.0,0.9987601637840272,341,E1_addition
97,21,addition,mlp_gate,12,1.0,0.9987601637840272,341,E1_addition
97,21,addition,mlp_gate,16,1.0,0.9987601637840272,341,E1_addition
97,21,addition,mlp_gate,23,1.0,0.9987601637840272,341,E1_addition
97,21,addition,mlp_up,2,0.0576667562127113,0.0552603602409362,341,E1_addition
97,21,addition,mlp_up,3,0.1990433186292648,0.2049238383769989,341,E1_addition
97,21,addition,mlp_up,4,0.4012755751609802,0.4174636900424957,341,E1_addition
97,21,addition,mlp_up,5,0.716715395450592,0.6967764496803284,341,E1_addition
97,21,addition,mlp_up,6,0.965984582901001,0.9527098536491394,341,E1_addition
97,21,addition,mlp_up,8,1.0,0.998405933380127,341,E1_addition
97,21,addition,mlp_up,10,1.0,0.9987601637840272,341,E1_addition
97,21,addition,mlp_up,12,1.0,0.9987601637840272,341,E1_addition
97,21,addition,mlp_up,16,1.0,0.9987601637840272,341,E1_addition
97,21,addition,mlp_up,23,1.0,0.9987601637840272,341,E1_addition
97,21,addition,mlp_down,2,0.0188679248094558,0.0200141686946153,341,E1_addition
97,21,addition,mlp_down,3,0.3744353055953979,0.3696422278881073,341,E1_addition
97,21,addition,mlp_down,4,0.9712994694709778,0.9599716663360596,341,E1_addition
97,21,addition,mlp_down,5,1.0,0.9987601637840272,341,E1_addition
97,21,addition,mlp_down,6,1.0,0.9987601637840272,341,E1_addition
97,21,addition,mlp_down,8,1.0,0.9987601637840272,341,E1_addition
97,21,addition,mlp_down,10,1.0,0.9987601637840272,341,E1_addition
97,21,addition,mlp_down,12,1.0,0.9987601637840272,341,E1_addition
97,21,addition,mlp_down,16,1.0,0.9987601637840272,341,E1_addition
97,21,addition,mlp_down,23,1.0,0.9987601637840272,341,E1_addition
97,22,addition,mlp_gate,2,0.0826468244194984,0.0821820721030235,341,E1_addition
97,22,addition,mlp_gate,3,0.0985915511846542,0.0912150219082832,341,E1_addition
97,22,addition,mlp_gate,4,0.3600850403308868,0.3531703948974609,341,E1_addition
97,22,addition,mlp_gate,5,0.7714589238166809,0.7396386861801147,341,E1_addition
97,22,addition,mlp_gate,6,0.9439277052879332,0.9211831092834472,341,E1_addition
97,22,addition,mlp_gate,8,0.9489768743515016,0.9249025583267212,341,E1_addition
97,22,addition,mlp_gate,10,0.9513685703277588,0.9280906915664672,341,E1_addition
97,22,addition,mlp_gate,12,0.9526973366737366,0.929507613182068,341,E1_addition
97,22,addition,mlp_gate,16,0.9526973366737366,0.9302160739898682,341,E1_addition
97,22,addition,mlp_gate,23,0.9526973366737366,0.9300389289855956,341,E1_addition
97,22,addition,mlp_up,2,0.0502258837223053,0.0417995043098926,341,E1_addition
97,22,addition,mlp_up,3,0.1764549612998962,0.1606446951627731,341,E1_addition
97,22,addition,mlp_up,4,0.3271326124668121,0.3046404421329498,341,E1_addition
97,22,addition,mlp_up,5,0.701302170753479,0.671448826789856,341,E1_addition
97,22,addition,mlp_up,6,0.9771459102630616,0.961919903755188,341,E1_addition
97,22,addition,mlp_up,8,0.950571358203888,0.9259652495384216,341,E1_addition
97,22,addition,mlp_up,10,0.9524315595626832,0.9286220073699952,341,E1_addition
97,22,addition,mlp_up,12,0.9529630541801452,0.9303931593894958,341,E1_addition
97,22,addition,mlp_up,16,0.9526973366737366,0.9300389289855956,341,E1_addition
97,22,addition,mlp_up,23,0.9526973366737366,0.9300389289855956,341,E1_addition
97,22,addition,mlp_down,2,0.0244485791772604,0.0185972359031438,341,E1_addition
97,22,addition,mlp_down,3,0.4597395658493042,0.4300389587879181,341,E1_addition
97,22,addition,mlp_down,4,0.8697847723960876,0.850336492061615,341,E1_addition
97,22,addition,mlp_down,5,0.95110285282135,0.9275593161582948,341,E1_addition
97,22,addition,mlp_down,6,0.9537603259086608,0.9321643710136414,341,E1_addition
97,22,addition,mlp_down,8,0.9524315595626832,0.9293304681777954,341,E1_addition
97,22,addition,mlp_down,10,0.9529630541801452,0.9296846985816956,341,E1_addition
97,22,addition,mlp_down,12,0.9529630541801452,0.9300389289855956,341,E1_addition
97,22,addition,mlp_down,16,0.9526973366737366,0.9300389289855956,341,E1_addition
97,22,addition,mlp_down,23,0.9526973366737366,0.9300389289855956,341,E1_addition
97,23,addition,mlp_gate,2,0.0579324997961521,0.0720864310860633,341,E1_addition
97,23,addition,mlp_gate,3,0.0313579589128494,0.0294013451784849,341,E1_addition
97,23,addition,mlp_gate,4,0.3505181968212127,0.3616719841957092,341,E1_addition
97,23,addition,mlp_gate,5,0.7959074974060059,0.7897626757621765,341,E1_addition
97,23,addition,mlp_gate,6,1.0,0.997166097164154,341,E1_addition
97,23,addition,mlp_gate,8,1.0,0.9975203275680542,341,E1_addition
97,23,addition,mlp_gate,10,1.0,0.9975203275680542,341,E1_addition
97,23,addition,mlp_gate,12,1.0,0.9975203275680542,341,E1_addition
97,23,addition,mlp_gate,16,1.0,0.9975203275680542,341,E1_addition
97,23,addition,mlp_gate,23,1.0,0.9975203275680542,341,E1_addition
97,23,addition,mlp_up,2,0.0249800700694322,0.0320580936968326,341,E1_addition
97,23,addition,mlp_up,3,0.3850651085376739,0.3722989559173584,341,E1_addition
97,23,addition,mlp_up,4,0.6393834948539734,0.6395678520202637,341,E1_addition
97,23,addition,mlp_up,5,0.9997342824935912,0.9966347813606262,341,E1_addition
97,23,addition,mlp_up,6,1.0,0.9975203275680542,341,E1_addition
97,23,addition,mlp_up,8,1.0,0.9975203275680542,341,E1_addition
97,23,addition,mlp_up,10,1.0,0.9975203275680542,341,E1_addition
97,23,addition,mlp_up,12,1.0,0.9975203275680542,341,E1_addition
97,23,addition,mlp_up,16,1.0,0.9975203275680542,341,E1_addition
97,23,addition,mlp_up,23,1.0,0.9975203275680542,341,E1_addition
97,23,addition,mlp_down,2,0.0693595558404922,0.0712008476257324,341,E1_addition
97,23,addition,mlp_down,3,0.2585702836513519,0.2385759800672531,341,E1_addition
97,23,addition,mlp_down,4,0.8134467005729675,0.812964916229248,341,E1_addition
97,23,addition,mlp_down,5,0.9853839874267578,0.9736096262931824,341,E1_addition
97,23,addition,mlp_down,6,0.9978740215301514,0.9911441802978516,341,E1_addition
97,23,addition,mlp_down,8,1.0,0.9975203275680542,341,E1_addition
97,23,addition,mlp_down,10,1.0,0.9975203275680542,341,E1_addition
97,23,addition,mlp_down,12,1.0,0.9975203275680542,341,E1_addition
97,23,addition,mlp_down,16,1.0,0.9975203275680542,341,E1_addition
97,23,addition,mlp_down,23,1.0,0.9975203275680542,341,E1_addition
97,24,addition,mlp_gate,2,0.0098325805738568,0.0113354586064815,341,E1_addition
97,24,addition,mlp_gate,3,0.3603507876396179,0.3547644317150116,341,E1_addition
97,24,addition,mlp_gate,4,0.3133138418197632,0.3154445588588714,341,E1_addition
97,24,addition,mlp_gate,5,0.9173531532287598,0.8978037238121033,341,E1_addition
97,24,addition,mlp_gate,6,0.9992027878761292,0.9943322539329528,341,E1_addition
97,24,addition,mlp_gate,8,1.0,0.9976974725723268,341,E1_addition
97,24,addition,mlp_gate,10,1.0,0.9976974725723268,341,E1_addition
97,24,addition,mlp_gate,12,1.0,0.9976974725723268,341,E1_addition
97,24,addition,mlp_gate,16,1.0,0.9976974725723268,341,E1_addition
97,24,addition,mlp_gate,23,1.0,0.9976974725723268,341,E1_addition
97,24,addition,mlp_up,2,0.022056870162487,0.0200141686946153,341,E1_addition
97,24,addition,mlp_up,3,0.6683497428894043,0.6762309670448303,341,E1_addition
97,24,addition,mlp_up,4,0.9561520218849182,0.9509387016296388,341,E1_addition
97,24,addition,mlp_up,5,0.980866312980652,0.975026547908783,341,E1_addition
97,24,addition,mlp_up,6,1.0,0.9975203275680542,341,E1_addition
97,24,addition,mlp_up,8,1.0,0.9976974725723268,341,E1_addition
97,24,addition,mlp_up,10,1.0,0.9976974725723268,341,E1_addition
97,24,addition,mlp_up,12,1.0,0.9976974725723268,341,E1_addition
97,24,addition,mlp_up,16,1.0,0.9976974725723268,341,E1_addition
97,24,addition,mlp_up,23,1.0,0.9976974725723268,341,E1_addition
97,24,addition,mlp_down,2,0.022056870162487,0.0223166849464178,341,E1_addition
97,24,addition,mlp_down,3,0.5245814323425293,0.5304640531539917,341,E1_addition
97,24,addition,mlp_down,4,0.9444591999053956,0.940134584903717,341,E1_addition
97,24,addition,mlp_down,5,1.0,0.9973432421684264,341,E1_addition
97,24,addition,mlp_down,6,1.0,0.9976974725723268,341,E1_addition
97,24,addition,mlp_down,8,1.0,0.9976974725723268,341,E1_addition
97,24,addition,mlp_down,10,1.0,0.9976974725723268,341,E1_addition
97,24,addition,mlp_down,12,1.0,0.9976974725723268,341,E1_addition
97,24,addition,mlp_down,16,1.0,0.9976974725723268,341,E1_addition
97,24,addition,mlp_down,23,1.0,0.9976974725723268,341,E1_addition
97,25,addition,mlp_gate,2,0.0100983260199427,0.0106269922107458,341,E1_addition
97,25,addition,mlp_gate,3,0.2899282574653625,0.2936592102050781,341,E1_addition
97,25,addition,mlp_gate,4,0.7544512152671814,0.7279489636421204,341,E1_addition
97,25,addition,mlp_gate,5,0.9973425269126892,0.9796316027641296,341,E1_addition
97,25,addition,mlp_gate,6,1.0,0.9801629185676576,341,E1_addition
97,25,addition,mlp_gate,8,1.0,0.981579840183258,341,E1_addition
97,25,addition,mlp_gate,10,1.0,0.981579840183258,341,E1_addition
97,25,addition,mlp_gate,12,1.0,0.981579840183258,341,E1_addition
97,25,addition,mlp_gate,16,1.0,0.981579840183258,341,E1_addition
97,25,addition,mlp_gate,23,1.0,0.981579840183258,341,E1_addition
97,25,addition,mlp_up,2,0.0491629019379615,0.0449876002967357,341,E1_addition
97,25,addition,mlp_up,3,0.9580122232437134,0.9365922808647156,341,E1_addition
97,25,addition,mlp_up,4,1.0,0.9799858331680298,341,E1_addition
97,25,addition,mlp_up,5,1.0,0.9801629185676576,341,E1_addition
97,25,addition,mlp_up,6,1.0,0.9814027547836304,341,E1_addition
97,25,addition,mlp_up,8,1.0,0.9808713793754578,341,E1_addition
97,25,addition,mlp_up,10,1.0,0.981579840183258,341,E1_addition
97,25,addition,mlp_up,12,1.0,0.981579840183258,341,E1_addition
97,25,addition,mlp_up,16,1.0,0.981579840183258,341,E1_addition
97,25,addition,mlp_up,23,1.0,0.981579840183258,341,E1_addition
97,25,addition,mlp_down,2,0.0462397038936615,0.0428622029721736,341,E1_addition
97,25,addition,mlp_down,3,0.9468508958816528,0.933935523033142,341,E1_addition
97,25,addition,mlp_down,4,0.9997342824935912,0.9798086881637572,341,E1_addition
97,25,addition,mlp_down,5,1.0,0.9801629185676576,341,E1_addition
97,25,addition,mlp_down,6,1.0,0.9808713793754578,341,E1_addition
97,25,addition,mlp_down,8,1.0,0.981579840183258,341,E1_addition
97,25,addition,mlp_down,10,1.0,0.981579840183258,341,E1_addition
97,25,addition,mlp_down,12,1.0,0.981579840183258,341,E1_addition
97,25,addition,mlp_down,16,1.0,0.981579840183258,341,E1_addition
97,25,addition,mlp_down,23,1.0,0.981579840183258,341,E1_addition
97,26,addition,mlp_gate,2,0.0451767221093177,0.0441020168364048,341,E1_addition
97,26,addition,mlp_gate,3,0.0821153372526168,0.0715550854802131,341,E1_addition
97,26,addition,mlp_gate,4,0.1201169267296791,0.1167197972536087,341,E1_addition
97,26,addition,mlp_gate,5,0.735317587852478,0.7123627066612244,341,E1_addition
97,26,addition,mlp_gate,6,1.0,0.9966347813606262,341,E1_addition
97,26,addition,mlp_gate,8,1.0,0.9966347813606262,341,E1_addition
97,26,addition,mlp_gate,10,1.0,0.9966347813606262,341,E1_addition
97,26,addition,mlp_gate,12,1.0,0.9966347813606262,341,E1_addition
97,26,addition,mlp_gate,16,1.0,0.9966347813606262,341,E1_addition
97,26,addition,mlp_gate,23,1.0,0.9966347813606262,341,E1_addition
97,26,addition,mlp_up,2,0.0271060317754745,0.0246191993355751,341,E1_addition
97,26,addition,mlp_up,3,0.3303215503692627,0.3115479946136474,341,E1_addition
97,26,addition,mlp_up,4,0.9734254479408264,0.9564293026924132,341,E1_addition
97,26,addition,mlp_up,5,1.0,0.9966347813606262,341,E1_addition
97,26,addition,mlp_up,6,1.0,0.9966347813606262,341,E1_addition
97,26,addition,mlp_up,8,1.0,0.9966347813606262,341,E1_addition
97,26,addition,mlp_up,10,1.0,0.9966347813606262,341,E1_addition
97,26,addition,mlp_up,12,1.0,0.9966347813606262,341,E1_addition
97,26,addition,mlp_up,16,1.0,0.9966347813606262,341,E1_addition
97,26,addition,mlp_up,23,1.0,0.9966347813606262,341,E1_addition
97,26,addition,mlp_down,2,0.0162104703485965,0.012752391397953,341,E1_addition
97,26,addition,mlp_down,3,0.1833643317222595,0.1764080673456192,341,E1_addition
97,26,addition,mlp_down,4,0.8339090943336487,0.8042861819267273,341,E1_addition
97,26,addition,mlp_down,5,0.9330321550369264,0.9254339337348938,341,E1_addition
97,26,addition,mlp_down,6,0.9976083040237428,0.989372968673706,341,E1_addition
97,26,addition,mlp_down,8,1.0,0.9969890117645264,341,E1_addition
97,26,addition,mlp_down,10,1.0,0.9966347813606262,341,E1_addition
97,26,addition,mlp_down,12,1.0,0.9966347813606262,341,E1_addition
97,26,addition,mlp_down,16,1.0,0.9966347813606262,341,E1_addition
97,26,addition,mlp_down,23,1.0,0.9966347813606262,341,E1_addition
97,27,addition,mlp_gate,2,0.0946053713560104,0.0814736112952232,341,E1_addition
97,27,addition,mlp_gate,3,0.6356630325317383,0.6269925832748413,341,E1_addition
97,27,addition,mlp_gate,4,1.0,0.9939780235290528,341,E1_addition
97,27,addition,mlp_gate,5,1.0,0.9943322539329528,341,E1_addition
97,27,addition,mlp_gate,6,1.0,0.9943322539329528,341,E1_addition
97,27,addition,mlp_gate,8,1.0,0.9943322539329528,341,E1_addition
97,27,addition,mlp_gate,10,1.0,0.9943322539329528,341,E1_addition
97,27,addition,mlp_gate,12,1.0,0.9943322539329528,341,E1_addition
97,27,addition,mlp_gate,16,1.0,0.9943322539329528,341,E1_addition
97,27,addition,mlp_gate,23,1.0,0.9943322539329528,341,E1_addition
97,27,addition,mlp_up,2,0.0172734521329402,0.0200141686946153,341,E1_addition
97,27,addition,mlp_up,3,0.9598724246025084,0.9433227181434632,341,E1_addition
97,27,addition,mlp_up,4,1.0,0.9939780235290528,341,E1_addition
97,27,addition,mlp_up,5,1.0,0.9943322539329528,341,E1_addition
97,27,addition,mlp_up,6,1.0,0.9943322539329528,341,E1_addition
97,27,addition,mlp_up,8,1.0,0.9943322539329528,341,E1_addition
97,27,addition,mlp_up,10,1.0,0.9943322539329528,341,E1_addition
97,27,addition,mlp_up,12,1.0,0.9943322539329528,341,E1_addition
97,27,addition,mlp_up,16,1.0,0.9943322539329528,341,E1_addition
97,27,addition,mlp_up,23,1.0,0.9943322539329528,341,E1_addition
97,27,addition,mlp_down,2,0.0449109748005867,0.0479985810816288,341,E1_addition
97,27,addition,mlp_down,3,0.5086367130279541,0.5086787343025208,341,E1_addition
97,27,addition,mlp_down,4,1.0,0.9939780235290528,341,E1_addition
97,27,addition,mlp_down,5,1.0,0.9943322539329528,341,E1_addition
97,27,addition,mlp_down,6,1.0,0.9943322539329528,341,E1_addition
97,27,addition,mlp_down,8,1.0,0.9943322539329528,341,E1_addition
97,27,addition,mlp_down,10,1.0,0.9943322539329528,341,E1_addition
97,27,addition,mlp_down,12,1.0,0.9943322539329528,341,E1_addition
97,27,addition,mlp_down,16,1.0,0.9943322539329528,341,E1_addition
97,27,addition,mlp_down,23,1.0,0.9943322539329528,341,E1_addition
97,28,addition,mlp_gate,2,0.1862875372171402,0.1751682609319687,341,E1_addition
97,28,addition,mlp_gate,3,0.7323943972587585,0.7040382623672485,341,E1_addition
97,28,addition,mlp_gate,4,0.9683762788772584,0.965108036994934,341,E1_addition
97,28,addition,mlp_gate,5,0.9901674389839172,0.9863620400428772,341,E1_addition
97,28,addition,mlp_gate,6,1.0,1.0,341,E1_addition
97,28,addition,mlp_gate,8,1.0,1.0,341,E1_addition
97,28,addition,mlp_gate,10,1.0,1.0,341,E1_addition
97,28,addition,mlp_gate,12,1.0,1.0,341,E1_addition
97,28,addition,mlp_gate,16,1.0,1.0,341,E1_addition
97,28,addition,mlp_gate,23,1.0,1.0,341,E1_addition
97,28,addition,mlp_up,2,0.1639649271965026,0.1595820039510727,341,E1_addition
97,28,addition,mlp_up,3,0.8453361988067627,0.8278427124023438,341,E1_addition
97,28,addition,mlp_up,4,0.9739569425582886,0.9705986380577089,341,E1_addition
97,28,addition,mlp_up,5,0.967844784259796,0.9615656733512878,341,E1_addition
97,28,addition,mlp_up,6,1.0,1.0,341,E1_addition
97,28,addition,mlp_up,8,1.0,1.0,341,E1_addition
97,28,addition,mlp_up,10,1.0,1.0,341,E1_addition
97,28,addition,mlp_up,12,1.0,1.0,341,E1_addition
97,28,addition,mlp_up,16,1.0,1.0,341,E1_addition
97,28,addition,mlp_up,23,1.0,1.0,341,E1_addition
97,28,addition,mlp_down,2,0.1923996806144714,0.1783563494682312,341,E1_addition
97,28,addition,mlp_down,3,0.9731597304344176,0.9674105644226074,341,E1_addition
97,28,addition,mlp_down,4,1.0,1.0,341,E1_addition
97,28,addition,mlp_down,5,1.0,1.0,341,E1_addition
97,28,addition,mlp_down,6,1.0,1.0,341,E1_addition
97,28,addition,mlp_down,8,1.0,1.0,341,E1_addition
97,28,addition,mlp_down,10,1.0,1.0,341,E1_addition
97,28,addition,mlp_down,12,1.0,1.0,341,E1_addition
97,28,addition,mlp_down,16,1.0,1.0,341,E1_addition
97,28,addition,mlp_down,23,1.0,1.0,341,E1_addition
97,29,addition,mlp_gate,2,0.098060056567192,0.0853701755404472,341,E1_addition
97,29,addition,mlp_gate,3,0.0605899542570114,0.0630534887313842,341,E1_addition
97,29,addition,mlp_gate,4,0.2585702836513519,0.2605384290218353,341,E1_addition
97,29,addition,mlp_gate,5,0.7879351377487183,0.775239109992981,341,E1_addition
97,29,addition,mlp_gate,6,0.9997342824935912,0.9964576363563538,341,E1_addition
97,29,addition,mlp_gate,8,1.0,0.9966347813606262,341,E1_addition
97,29,addition,mlp_gate,10,1.0,0.9966347813606262,341,E1_addition
97,29,addition,mlp_gate,12,1.0,0.9966347813606262,341,E1_addition
97,29,addition,mlp_gate,16,1.0,0.9966347813606262,341,E1_addition
97,29,addition,mlp_gate,23,1.0,0.9966347813606262,341,E1_addition
97,29,addition,mlp_up,2,0.0480999201536178,0.0412681549787521,341,E1_addition
97,29,addition,mlp_up,3,0.1068296581506729,0.1057385727763176,341,E1_addition
97,29,addition,mlp_up,4,0.6516077518463135,0.6213248372077942,341,E1_addition
97,29,addition,mlp_up,5,1.0,0.9964576363563538,341,E1_addition
97,29,addition,mlp_up,6,1.0,0.9966347813606262,341,E1_addition
97,29,addition,mlp_up,8,1.0,0.9966347813606262,341,E1_addition
97,29,addition,mlp_up,10,1.0,0.9966347813606262,341,E1_addition
97,29,addition,mlp_up,12,1.0,0.9966347813606262,341,E1_addition
97,29,addition,mlp_up,16,1.0,0.9966347813606262,341,E1_addition
97,29,addition,mlp_up,23,1.0,0.9966347813606262,341,E1_addition
97,29,addition,mlp_down,2,0.0193994157016277,0.0200141686946153,341,E1_addition
97,29,addition,mlp_down,3,0.2088758945465088,0.2066950052976608,341,E1_addition
97,29,addition,mlp_down,4,0.9593409299850464,0.9504073858261108,341,E1_addition
97,29,addition,mlp_down,5,0.9883071780204772,0.9821112155914308,341,E1_addition
97,29,addition,mlp_down,6,0.9973425269126892,0.9927381873130798,341,E1_addition
97,29,addition,mlp_down,8,1.0,0.9966347813606262,341,E1_addition
97,29,addition,mlp_down,10,1.0,0.9966347813606262,341,E1_addition
97,29,addition,mlp_down,12,1.0,0.9966347813606262,341,E1_addition
97,29,addition,mlp_down,16,1.0,0.9966347813606262,341,E1_addition
97,29,addition,mlp_down,23,1.0,0.9966347813606262,341,E1_addition
97,30,addition,mlp_gate,2,0.0231198519468307,0.0253276657313108,341,E1_addition
97,30,addition,mlp_gate,3,0.018336433917284,0.0226709172129631,341,E1_addition
97,30,addition,mlp_gate,4,0.224289134144783,0.2155508249998092,341,E1_addition
97,30,addition,mlp_gate,5,0.5729471445083618,0.5471130013465881,341,E1_addition
97,30,addition,mlp_gate,6,1.0,0.9978746175765992,341,E1_addition
97,30,addition,mlp_gate,8,1.0,0.9982288479804992,341,E1_addition
97,30,addition,mlp_gate,10,1.0,0.9982288479804992,341,E1_addition
97,30,addition,mlp_gate,12,1.0,0.9982288479804992,341,E1_addition
97,30,addition,mlp_gate,16,1.0,0.9982288479804992,341,E1_addition
97,30,addition,mlp_gate,23,1.0,0.9982288479804992,341,E1_addition
97,30,addition,mlp_up,2,0.0425192676484584,0.0348919592797756,341,E1_addition
97,30,addition,mlp_up,3,0.2941801846027374,0.2917109429836273,341,E1_addition
97,30,addition,mlp_up,4,0.7993622422218323,0.7747077345848083,341,E1_addition
97,30,addition,mlp_up,5,1.0,0.9985830783843994,341,E1_addition
97,30,addition,mlp_up,6,1.0,0.9985830783843994,341,E1_addition
97,30,addition,mlp_up,8,1.0,0.9985830783843994,341,E1_addition
97,30,addition,mlp_up,10,1.0,0.9982288479804992,341,E1_addition
97,30,addition,mlp_up,12,1.0,0.9982288479804992,341,E1_addition
97,30,addition,mlp_up,16,1.0,0.9982288479804992,341,E1_addition
97,30,addition,mlp_up,23,1.0,0.9982288479804992,341,E1_addition
97,30,addition,mlp_down,2,0.0422535203397274,0.0402054563164711,341,E1_addition
97,30,addition,mlp_down,3,0.4865798652172088,0.4792773723602295,341,E1_addition
97,30,addition,mlp_down,4,0.9750199317932128,0.968473255634308,341,E1_addition
97,30,addition,mlp_down,5,0.994950830936432,0.993800938129425,341,E1_addition
97,30,addition,mlp_down,6,1.0,0.9982288479804992,341,E1_addition
97,30,addition,mlp_down,8,1.0,0.9982288479804992,341,E1_addition
97,30,addition,mlp_down,10,1.0,0.9982288479804992,341,E1_addition
97,30,addition,mlp_down,12,1.0,0.9982288479804992,341,E1_addition
97,30,addition,mlp_down,16,1.0,0.9982288479804992,341,E1_addition
97,30,addition,mlp_down,23,1.0,0.9982288479804992,341,E1_addition
97,31,addition,mlp_gate,2,0.1280892938375473,0.1204392462968826,341,E1_addition
97,31,addition,mlp_gate,3,0.2046239674091339,0.2084661722183227,341,E1_addition
97,31,addition,mlp_gate,4,0.7483391165733337,0.7275947332382202,341,E1_addition
97,31,addition,mlp_gate,5,0.9992027878761292,0.9932695627212524,341,E1_addition
97,31,addition,mlp_gate,6,1.0,0.9945093989372252,341,E1_addition
97,31,addition,mlp_gate,8,1.0,0.9948636293411256,341,E1_addition
97,31,addition,mlp_gate,10,1.0,0.9948636293411256,341,E1_addition
97,31,addition,mlp_gate,12,1.0,0.9948636293411256,341,E1_addition
97,31,addition,mlp_gate,16,1.0,0.9948636293411256,341,E1_addition
97,31,addition,mlp_gate,23,1.0,0.9948636293411256,341,E1_addition
97,31,addition,mlp_up,2,0.0255115590989589,0.0272759478539228,341,E1_addition
97,31,addition,mlp_up,3,0.0377358496189117,0.0417995043098926,341,E1_addition
97,31,addition,mlp_up,4,0.0744087174534797,0.0759829953312873,341,E1_addition
97,31,addition,mlp_up,5,0.2359819263219833,0.2329082489013672,341,E1_addition
97,31,addition,mlp_up,6,0.9779431223869324,0.9504073858261108,341,E1_addition
97,31,addition,mlp_up,8,1.0,0.994686484336853,341,E1_addition
97,31,addition,mlp_up,10,1.0,0.9948636293411256,341,E1_addition
97,31,addition,mlp_up,12,1.0,0.9948636293411256,341,E1_addition
97,31,addition,mlp_up,16,1.0,0.9948636293411256,341,E1_addition
97,31,addition,mlp_up,23,1.0,0.9948636293411256,341,E1_addition
97,31,addition,mlp_down,2,0.0119585441425442,0.0143464393913745,341,E1_addition
97,31,addition,mlp_down,3,0.7007706761360168,0.6716259121894836,341,E1_addition
97,31,addition,mlp_down,4,0.9997342824935912,0.9943322539329528,341,E1_addition
97,31,addition,mlp_down,5,1.0,0.9945093989372252,341,E1_addition
97,31,addition,mlp_down,6,1.0,0.9945093989372252,341,E1_addition
97,31,addition,mlp_down,8,1.0,0.994686484336853,341,E1_addition
97,31,addition,mlp_down,10,1.0,0.9948636293411256,341,E1_addition
97,31,addition,mlp_down,12,1.0,0.9948636293411256,341,E1_addition
97,31,addition,mlp_down,16,1.0,0.9948636293411256,341,E1_addition
97,31,addition,mlp_down,23,1.0,0.9948636293411256,341,E1_addition
97,32,addition,mlp_gate,2,0.0411905385553836,0.0405596867203712,341,E1_addition
97,32,addition,mlp_gate,3,0.3539728820323944,0.3483882248401642,341,E1_addition
97,32,addition,mlp_gate,4,0.9263885021209716,0.9132128953933716,341,E1_addition
97,32,addition,mlp_gate,5,1.0,0.991852641105652,341,E1_addition
97,32,addition,mlp_gate,6,1.0,0.991852641105652,341,E1_addition
97,32,addition,mlp_gate,8,1.0,0.991852641105652,341,E1_addition
97,32,addition,mlp_gate,10,1.0,0.9920297265052797,341,E1_addition
97,32,addition,mlp_gate,12,1.0,0.9920297265052797,341,E1_addition
97,32,addition,mlp_gate,16,1.0,0.9920297265052797,341,E1_addition
97,32,addition,mlp_gate,23,1.0,0.9920297265052797,341,E1_addition
97,32,addition,mlp_up,2,0.0130215249955654,0.016648955643177,341,E1_addition
97,32,addition,mlp_up,3,0.9548232555389404,0.9250797033309937,341,E1_addition
97,32,addition,mlp_up,4,0.9997342824935912,0.9907899498939514,341,E1_addition
97,32,addition,mlp_up,5,1.0,0.992206871509552,341,E1_addition
97,32,addition,mlp_up,6,1.0,0.992206871509552,341,E1_addition
97,32,addition,mlp_up,8,1.0,0.9920297265052797,341,E1_addition
97,32,addition,mlp_up,10,1.0,0.9920297265052797,341,E1_addition
97,32,addition,mlp_up,12,1.0,0.9920297265052797,341,E1_addition
97,32,addition,mlp_up,16,1.0,0.9920297265052797,341,E1_addition
97,32,addition,mlp_up,23,1.0,0.9920297265052797,341,E1_addition
97,32,addition,mlp_down,2,0.0172734521329402,0.0131066236644983,341,E1_addition
97,32,addition,mlp_down,3,0.4116396605968475,0.3926673829555511,341,E1_addition
97,32,addition,mlp_down,4,0.8806803226470947,0.8584838509559631,341,E1_addition
97,32,addition,mlp_down,5,0.9997342824935912,0.9911441802978516,341,E1_addition
97,32,addition,mlp_down,6,1.0,0.992561101913452,341,E1_addition
97,32,addition,mlp_down,8,1.0,0.991852641105652,341,E1_addition
97,32,addition,mlp_down,10,1.0,0.9920297265052797,341,E1_addition
97,32,addition,mlp_down,12,1.0,0.9920297265052797,341,E1_addition
97,32,addition,mlp_down,16,1.0,0.9920297265052797,341,E1_addition
97,32,addition,mlp_down,23,1.0,0.9920297265052797,341,E1_addition
97,33,addition,mlp_gate,2,0.0959340929985046,0.0890896171331405,341,E1_addition
97,33,addition,mlp_gate,3,0.3614137768745422,0.3469713032245636,341,E1_addition
97,33,addition,mlp_gate,4,0.4382141828536987,0.4268508553504944,341,E1_addition
97,33,addition,mlp_gate,5,0.4576136171817779,0.4449167549610138,341,E1_addition
97,33,addition,mlp_gate,6,1.0,0.9989373087882996,341,E1_addition
97,33,addition,mlp_gate,8,1.0,1.0,341,E1_addition
97,33,addition,mlp_gate,10,1.0,0.9996457695961,341,E1_addition
97,33,addition,mlp_gate,12,1.0,0.9996457695961,341,E1_addition
97,33,addition,mlp_gate,16,1.0,0.9996457695961,341,E1_addition
97,33,addition,mlp_gate,23,1.0,0.9996457695961,341,E1_addition
97,33,addition,mlp_up,2,0.0425192676484584,0.0308182779699563,341,E1_addition
97,33,addition,mlp_up,3,0.5854371786117554,0.536486029624939,341,E1_addition
97,33,addition,mlp_up,4,0.2535211145877838,0.2407013773918151,341,E1_addition
97,33,addition,mlp_up,5,0.779697060585022,0.7433581352233887,341,E1_addition
97,33,addition,mlp_up,6,1.0,0.9991143941879272,341,E1_addition
97,33,addition,mlp_up,8,1.0,0.9996457695961,341,E1_addition
97,33,addition,mlp_up,10,1.0,0.9996457695961,341,E1_addition
97,33,addition,mlp_up,12,1.0,0.9996457695961,341,E1_addition
97,33,addition,mlp_up,16,1.0,0.9996457695961,341,E1_addition
97,33,addition,mlp_up,23,1.0,0.9996457695961,341,E1_addition
97,33,addition,mlp_down,2,0.0555407926440238,0.0568544082343578,341,E1_addition
97,33,addition,mlp_down,3,0.4243954420089721,0.4034714698791504,341,E1_addition
97,33,addition,mlp_down,4,0.9604039192199708,0.9286220073699952,341,E1_addition
97,33,addition,mlp_down,5,1.0,0.9989373087882996,341,E1_addition
97,33,addition,mlp_down,6,1.0,0.9992915391921996,341,E1_addition
97,33,addition,mlp_down,8,1.0,0.9996457695961,341,E1_addition
97,33,addition,mlp_down,10,1.0,0.9996457695961,341,E1_addition
97,33,addition,mlp_down,12,1.0,0.9996457695961,341,E1_addition
97,33,addition,mlp_down,16,1.0,0.9996457695961,341,E1_addition
97,33,addition,mlp_down,23,1.0,0.9996457695961,341,E1_addition
97,34,addition,mlp_gate,2,0.018336433917284,0.0191285870969295,341,E1_addition
97,34,addition,mlp_gate,3,0.1424395442008972,0.1308891177177429,341,E1_addition
97,34,addition,mlp_gate,4,0.6431038975715637,0.6160113215446472,341,E1_addition
97,34,addition,mlp_gate,5,0.9779431223869324,0.942968487739563,341,E1_addition
97,34,addition,mlp_gate,6,1.0,0.98034006357193,341,E1_addition
97,34,addition,mlp_gate,8,1.0,0.9792773723602296,341,E1_addition
97,34,addition,mlp_gate,10,1.0,0.9796316027641296,341,E1_addition
97,34,addition,mlp_gate,12,1.0,0.9796316027641296,341,E1_addition
97,34,addition,mlp_gate,16,1.0,0.9796316027641296,341,E1_addition
97,34,addition,mlp_gate,23,1.0,0.9796316027641296,341,E1_addition
97,34,addition,mlp_up,2,0.0326866880059242,0.0324123278260231,341,E1_addition
97,34,addition,mlp_up,3,0.868987500667572,0.8462628126144409,341,E1_addition
97,34,addition,mlp_up,4,0.9992027878761292,0.9743180871009828,341,E1_addition
97,34,addition,mlp_up,5,1.0,0.9796316027641296,341,E1_addition
97,34,addition,mlp_up,6,1.0,0.9798086881637572,341,E1_addition
97,34,addition,mlp_up,8,1.0,0.9792773723602296,341,E1_addition
97,34,addition,mlp_up,10,1.0,0.9796316027641296,341,E1_addition
97,34,addition,mlp_up,12,1.0,0.9796316027641296,341,E1_addition
97,34,addition,mlp_up,16,1.0,0.9796316027641296,341,E1_addition
97,34,addition,mlp_up,23,1.0,0.9796316027641296,341,E1_addition
97,34,addition,mlp_down,2,0.0252458155155181,0.0306411609053611,341,E1_addition
97,34,addition,mlp_down,3,0.7701302170753479,0.7360963225364685,341,E1_addition
97,34,addition,mlp_down,4,0.9997342824935912,0.9789231419563292,341,E1_addition
97,34,addition,mlp_down,5,1.0,0.9787459969520568,341,E1_addition
97,34,addition,mlp_down,6,1.0,0.9792773723602296,341,E1_addition
97,34,addition,mlp_down,8,1.0,0.9799858331680298,341,E1_addition
97,34,addition,mlp_down,10,1.0,0.9796316027641296,341,E1_addition
97,34,addition,mlp_down,12,1.0,0.9796316027641296,341,E1_addition
97,34,addition,mlp_down,16,1.0,0.9796316027641296,341,E1_addition
97,34,addition,mlp_down,23,1.0,0.9796316027641296,341,E1_addition
97,35,addition,mlp_gate,2,0.1334041953086853,0.134962797164917,341,E1_addition
97,35,addition,mlp_gate,3,0.1575870364904403,0.1611760556697845,341,E1_addition
97,35,addition,mlp_gate,4,0.2899282574653625,0.2810839414596557,341,E1_addition
97,35,addition,mlp_gate,5,0.3343077301979065,0.3216436505317688,341,E1_addition
97,35,addition,mlp_gate,6,1.0,0.996811866760254,341,E1_addition
97,35,addition,mlp_gate,8,1.0,0.9989373087882996,341,E1_addition
97,35,addition,mlp_gate,10,1.0,0.9987601637840272,341,E1_addition
97,35,addition,mlp_gate,12,1.0,0.9987601637840272,341,E1_addition
97,35,addition,mlp_gate,16,1.0,0.9987601637840272,341,E1_addition
97,35,addition,mlp_gate,23,1.0,0.9987601637840272,341,E1_addition
97,35,addition,mlp_up,2,0.2293382883071899,0.2134254276752472,341,E1_addition
97,35,addition,mlp_up,3,0.2088758945465088,0.2065178900957107,341,E1_addition
97,35,addition,mlp_up,4,0.1979803293943405,0.1953595429658889,341,E1_addition
97,35,addition,mlp_up,5,0.3382939100265503,0.3212893903255462,341,E1_addition
97,35,addition,mlp_up,6,0.9146957397460938,0.898689329624176,341,E1_addition
97,35,addition,mlp_up,8,1.0,0.9987601637840272,341,E1_addition
97,35,addition,mlp_up,10,1.0,0.9987601637840272,341,E1_addition
97,35,addition,mlp_up,12,1.0,0.9987601637840272,341,E1_addition
97,35,addition,mlp_up,16,1.0,0.9987601637840272,341,E1_addition
97,35,addition,mlp_up,23,1.0,0.9987601637840272,341,E1_addition
97,35,addition,mlp_down,2,0.1161307469010353,0.1190223172307014,341,E1_addition
97,35,addition,mlp_down,3,0.42997607588768,0.4078993797302246,341,E1_addition
97,35,addition,mlp_down,4,0.994950830936432,0.982819676399231,341,E1_addition
97,35,addition,mlp_down,5,1.0,0.9985830783843994,341,E1_addition
97,35,addition,mlp_down,6,1.0,0.9985830783843994,341,E1_addition
97,35,addition,mlp_down,8,1.0,0.9987601637840272,341,E1_addition
97,35,addition,mlp_down,10,1.0,0.9987601637840272,341,E1_addition
97,35,addition,mlp_down,12,1.0,0.9987601637840272,341,E1_addition
97,35,addition,mlp_down,16,1.0,0.9987601637840272,341,E1_addition
97,35,addition,mlp_down,23,1.0,0.9987601637840272,341,E1_addition
97,36,addition,mlp_gate,2,0.1416423022747039,0.1354941576719284,341,E1_addition
97,36,addition,mlp_gate,3,0.3781557381153106,0.357244074344635,341,E1_addition
97,36,addition,mlp_gate,4,0.9962795972824096,0.9895501136779784,341,E1_addition
97,36,addition,mlp_gate,5,0.9997342824935912,0.9964576363563538,341,E1_addition
97,36,addition,mlp_gate,6,1.0,0.9966347813606262,341,E1_addition
97,36,addition,mlp_gate,8,1.0,0.9966347813606262,341,E1_addition
97,36,addition,mlp_gate,10,1.0,0.9966347813606262,341,E1_addition
97,36,addition,mlp_gate,12,1.0,0.9966347813606262,341,E1_addition
97,36,addition,mlp_gate,16,1.0,0.9966347813606262,341,E1_addition
97,36,addition,mlp_gate,23,1.0,0.9966347813606262,341,E1_addition
97,36,addition,mlp_up,2,0.0882274806499481,0.0857244059443473,341,E1_addition
97,36,addition,mlp_up,3,0.97369122505188,0.967233419418335,341,E1_addition
97,36,addition,mlp_up,4,1.0,0.996280550956726,341,E1_addition
97,36,addition,mlp_up,5,1.0,0.996280550956726,341,E1_addition
97,36,addition,mlp_up,6,1.0,0.996280550956726,341,E1_addition
97,36,addition,mlp_up,8,1.0,0.9966347813606262,341,E1_addition
97,36,addition,mlp_up,10,1.0,0.9966347813606262,341,E1_addition
97,36,addition,mlp_up,12,1.0,0.9966347813606262,341,E1_addition
97,36,addition,mlp_up,16,1.0,0.9966347813606262,341,E1_addition
97,36,addition,mlp_up,23,1.0,0.9966347813606262,341,E1_addition
97,36,addition,mlp_down,2,0.06590486317873,0.0566772930324077,341,E1_addition
97,36,addition,mlp_down,3,0.881743311882019,0.8583067655563354,341,E1_addition
97,36,addition,mlp_down,4,0.9994685053825378,0.9945093989372252,341,E1_addition
97,36,addition,mlp_down,5,1.0,0.996280550956726,341,E1_addition
97,36,addition,mlp_down,6,1.0,0.9966347813606262,341,E1_addition
97,36,addition,mlp_down,8,1.0,0.9966347813606262,341,E1_addition
97,36,addition,mlp_down,10,1.0,0.9966347813606262,341,E1_addition
97,36,addition,mlp_down,12,1.0,0.9966347813606262,341,E1_addition
97,36,addition,mlp_down,16,1.0,0.9966347813606262,341,E1_addition
97,36,addition,mlp_down,23,1.0,0.9966347813606262,341,E1_addition
97,37,addition,mlp_gate,2,0.0132872704416513,0.0141693232581019,341,E1_addition
97,37,addition,mlp_gate,3,0.5583311319351196,0.55171799659729,341,E1_addition
97,37,addition,mlp_gate,4,1.0,0.9874247312545776,341,E1_addition
97,37,addition,mlp_gate,5,1.0,0.9874247312545776,341,E1_addition
97,37,addition,mlp_gate,6,1.0,0.9874247312545776,341,E1_addition
97,37,addition,mlp_gate,8,1.0,0.9877789616584778,341,E1_addition
97,37,addition,mlp_gate,10,1.0,0.9877789616584778,341,E1_addition
97,37,addition,mlp_gate,12,1.0,0.9877789616584778,341,E1_addition
97,37,addition,mlp_gate,16,1.0,0.9877789616584778,341,E1_addition
97,37,addition,mlp_gate,23,1.0,0.9877789616584778,341,E1_addition
97,37,addition,mlp_up,2,0.0364071205258369,0.0347148403525352,341,E1_addition
97,37,addition,mlp_up,3,0.9675790667533876,0.9566064476966858,341,E1_addition
97,37,addition,mlp_up,4,1.0,0.9877789616584778,341,E1_addition
97,37,addition,mlp_up,5,1.0,0.9877789616584778,341,E1_addition
97,37,addition,mlp_up,6,1.0,0.9877789616584778,341,E1_addition
97,37,addition,mlp_up,8,1.0,0.9877789616584778,341,E1_addition
97,37,addition,mlp_up,10,1.0,0.9877789616584778,341,E1_addition
97,37,addition,mlp_up,12,1.0,0.9877789616584778,341,E1_addition
97,37,addition,mlp_up,16,1.0,0.9877789616584778,341,E1_addition
97,37,addition,mlp_up,23,1.0,0.9877789616584778,341,E1_addition
97,37,addition,mlp_down,2,0.0465054474771022,0.0425079688429832,341,E1_addition
97,37,addition,mlp_down,3,0.9433962106704712,0.9307474493980408,341,E1_addition
97,37,addition,mlp_down,4,1.0,0.9874247312545776,341,E1_addition
97,37,addition,mlp_down,5,1.0,0.9874247312545776,341,E1_addition
97,37,addition,mlp_down,6,1.0,0.9877789616584778,341,E1_addition
97,37,addition,mlp_down,8,1.0,0.9877789616584778,341,E1_addition
97,37,addition,mlp_down,10,1.0,0.9877789616584778,341,E1_addition
97,37,addition,mlp_down,12,1.0,0.9877789616584778,341,E1_addition
97,37,addition,mlp_down,16,1.0,0.9877789616584778,341,E1_addition
97,37,addition,mlp_down,23,1.0,0.9877789616584778,341,E1_addition
97,38,addition,mlp_gate,2,0.4174860417842865,0.4036485850811004,341,E1_addition
97,38,addition,mlp_gate,3,0.9989370107650756,0.9982288479804992,341,E1_addition
97,38,addition,mlp_gate,4,1.0,1.0,341,E1_addition
97,38,addition,mlp_gate,5,1.0,1.0,341,E1_addition
97,38,addition,mlp_gate,6,1.0,1.0,341,E1_addition
97,38,addition,mlp_gate,8,1.0,1.0,341,E1_addition
97,38,addition,mlp_gate,10,1.0,1.0,341,E1_addition
97,38,addition,mlp_gate,12,1.0,1.0,341,E1_addition
97,38,addition,mlp_gate,16,1.0,1.0,341,E1_addition
97,38,addition,mlp_gate,23,1.0,1.0,341,E1_addition
97,38,addition,mlp_up,2,0.4336965084075928,0.4172865748405456,341,E1_addition
97,38,addition,mlp_up,3,0.682699978351593,0.6606447100639343,341,E1_addition
97,38,addition,mlp_up,4,1.0,1.0,341,E1_addition
97,38,addition,mlp_up,5,1.0,1.0,341,E1_addition
97,38,addition,mlp_up,6,1.0,1.0,341,E1_addition
97,38,addition,mlp_up,8,1.0,1.0,341,E1_addition
97,38,addition,mlp_up,10,1.0,1.0,341,E1_addition
97,38,addition,mlp_up,12,1.0,1.0,341,E1_addition
97,38,addition,mlp_up,16,1.0,1.0,341,E1_addition
97,38,addition,mlp_up,23,1.0,1.0,341,E1_addition
97,38,addition,mlp_down,2,0.5285676121711731,0.5081473588943481,341,E1_addition
97,38,addition,mlp_down,3,0.9994685053825378,0.9973432421684264,341,E1_addition
97,38,addition,mlp_down,4,1.0,1.0,341,E1_addition
97,38,addition,mlp_down,5,1.0,1.0,341,E1_addition
97,38,addition,mlp_down,6,1.0,1.0,341,E1_addition
97,38,addition,mlp_down,8,1.0,1.0,341,E1_addition
97,38,addition,mlp_down,10,1.0,1.0,341,E1_addition
97,38,addition,mlp_down,12,1.0,1.0,341,E1_addition
97,38,addition,mlp_down,16,1.0,1.0,341,E1_addition
97,38,addition,mlp_down,23,1.0,1.0,341,E1_addition
97,39,addition,mlp_gate,2,0.1310124844312667,0.1209705993533134,341,E1_addition
97,39,addition,mlp_gate,3,0.2519266605377197,0.2343251854181289,341,E1_addition
97,39,addition,mlp_gate,4,0.503587543964386,0.4837052822113037,341,E1_addition
97,39,addition,mlp_gate,5,0.9893701672554016,0.9778604507446288,341,E1_addition
97,39,addition,mlp_gate,6,0.9992027878761292,0.9985830783843994,341,E1_addition
97,39,addition,mlp_gate,8,1.0,1.0,341,E1_addition
97,39,addition,mlp_gate,10,1.0,1.0,341,E1_addition
97,39,addition,mlp_gate,12,1.0,1.0,341,E1_addition
97,39,addition,mlp_gate,16,1.0,1.0,341,E1_addition
97,39,addition,mlp_gate,23,1.0,1.0,341,E1_addition
97,39,addition,mlp_up,2,0.1121445670723915,0.1121147722005844,341,E1_addition
97,39,addition,mlp_up,3,0.6029763221740723,0.5873184204101562,341,E1_addition
97,39,addition,mlp_up,4,0.8392240405082703,0.8157987594604492,341,E1_addition
97,39,addition,mlp_up,5,0.9848524928092957,0.9727240204811096,341,E1_addition
97,39,addition,mlp_up,6,1.0,0.9987601637840272,341,E1_addition
97,39,addition,mlp_up,8,1.0,0.9998228549957277,341,E1_addition
97,39,addition,mlp_up,10,1.0,1.0,341,E1_addition
97,39,addition,mlp_up,12,1.0,1.0,341,E1_addition
97,39,addition,mlp_up,16,1.0,1.0,341,E1_addition
97,39,addition,mlp_up,23,1.0,1.0,341,E1_addition
97,39,addition,mlp_down,2,0.044113740324974,0.0503010973334312,341,E1_addition
97,39,addition,mlp_down,3,0.6646292805671692,0.6436415314674377,341,E1_addition
97,39,addition,mlp_down,4,0.9994685053825378,0.9994686245918274,341,E1_addition
97,39,addition,mlp_down,5,0.9997342824935912,0.9996457695961,341,E1_addition
97,39,addition,mlp_down,6,1.0,0.9998228549957277,341,E1_addition
97,39,addition,mlp_down,8,1.0,1.0,341,E1_addition
97,39,addition,mlp_down,10,1.0,1.0,341,E1_addition
97,39,addition,mlp_down,12,1.0,1.0,341,E1_addition
97,39,addition,mlp_down,16,1.0,1.0,341,E1_addition
97,39,addition,mlp_down,23,1.0,1.0,341,E1_addition
59,0,addition,mlp_gate,2,0.030890803784132,0.0287218764424324,341,E1_addition
59,0,addition,mlp_gate,3,0.6156609058380127,0.5739588141441345,341,E1_addition
59,0,addition,mlp_gate,4,1.0,0.9684059619903564,341,E1_addition
59,0,addition,mlp_gate,5,1.0,0.9693633317947388,341,E1_addition
59,0,addition,mlp_gate,6,1.0,0.9684059619903564,341,E1_addition
59,0,addition,mlp_gate,8,1.0,0.9684059619903564,341,E1_addition
59,0,addition,mlp_gate,10,1.0,0.9679272174835204,341,E1_addition
59,0,addition,mlp_gate,12,1.0,0.9679272174835204,341,E1_addition
59,0,addition,mlp_gate,16,1.0,0.9679272174835204,341,E1_addition
59,0,addition,mlp_gate,23,1.0,0.9679272174835204,341,E1_addition
59,0,addition,mlp_up,2,0.1566091924905777,0.108185738325119,341,E1_addition
59,0,addition,mlp_up,3,0.9949712753295898,0.9602680802345276,341,E1_addition
59,0,addition,mlp_up,4,1.0,0.9693633317947388,341,E1_addition
59,0,addition,mlp_up,5,1.0,0.9679272174835204,341,E1_addition
59,0,addition,mlp_up,6,1.0,0.9684059619903564,341,E1_addition
59,0,addition,mlp_up,8,1.0,0.9679272174835204,341,E1_addition
59,0,addition,mlp_up,10,1.0,0.9679272174835204,341,E1_addition
59,0,addition,mlp_up,12,1.0,0.9679272174835204,341,E1_addition
59,0,addition,mlp_up,16,1.0,0.9679272174835204,341,E1_addition
59,0,addition,mlp_up,23,1.0,0.9679272174835204,341,E1_addition
59,0,addition,mlp_down,2,0.1278735697269439,0.1048348471522331,341,E1_addition
59,0,addition,mlp_down,3,0.948275864124298,0.9243656992912292,341,E1_addition
59,0,addition,mlp_down,4,0.9992815852165222,0.9693633317947388,341,E1_addition
59,0,addition,mlp_down,5,1.0,0.9669698476791382,341,E1_addition
59,0,addition,mlp_down,6,1.0,0.9679272174835204,341,E1_addition
59,0,addition,mlp_down,8,1.0,0.9679272174835204,341,E1_addition
59,0,addition,mlp_down,10,1.0,0.9679272174835204,341,E1_addition
59,0,addition,mlp_down,12,1.0,0.9679272174835204,341,E1_addition
59,0,addition,mlp_down,16,1.0,0.9679272174835204,341,E1_addition
59,0,addition,mlp_down,23,1.0,0.9679272174835204,341,E1_addition
59,1,addition,mlp_gate,2,0.0625,0.0670177116990089,341,E1_addition
59,1,addition,mlp_gate,3,0.727011501789093,0.7065581679344177,341,E1_addition
59,1,addition,mlp_gate,4,1.0,0.9779798984527588,341,E1_addition
59,1,addition,mlp_gate,5,1.0,0.9746289849281312,341,E1_addition
59,1,addition,mlp_gate,6,1.0,0.9736716151237488,341,E1_addition
59,1,addition,mlp_gate,8,1.0,0.9746289849281312,341,E1_addition
59,1,addition,mlp_gate,10,1.0,0.9746289849281312,341,E1_addition
59,1,addition,mlp_gate,12,1.0,0.9746289849281312,341,E1_addition
59,1,addition,mlp_gate,16,1.0,0.9746289849281312,341,E1_addition
59,1,addition,mlp_gate,23,1.0,0.9746289849281312,341,E1_addition
59,1,addition,mlp_up,2,0.2923850417137146,0.2790808975696563,341,E1_addition
59,1,addition,mlp_up,3,0.9978448152542114,0.9660124182701112,341,E1_addition
59,1,addition,mlp_up,4,1.0,0.9717568159103394,341,E1_addition
59,1,addition,mlp_up,5,1.0,0.9736716151237488,341,E1_addition
59,1,addition,mlp_up,6,1.0,0.9746289849281312,341,E1_addition
59,1,addition,mlp_up,8,1.0,0.9746289849281312,341,E1_addition
59,1,addition,mlp_up,10,1.0,0.9746289849281312,341,E1_addition
59,1,addition,mlp_up,12,1.0,0.9746289849281312,341,E1_addition
59,1,addition,mlp_up,16,1.0,0.9746289849281312,341,E1_addition
59,1,addition,mlp_up,23,1.0,0.9746289849281312,341,E1_addition
59,1,addition,mlp_down,2,0.163074716925621,0.1483963578939438,341,E1_addition
59,1,addition,mlp_down,3,0.9094827771186828,0.8836764097213745,341,E1_addition
59,1,addition,mlp_down,4,0.9992815852165222,0.9712781310081482,341,E1_addition
59,1,addition,mlp_down,5,1.0,0.9746289849281312,341,E1_addition
59,1,addition,mlp_down,6,1.0,0.9746289849281312,341,E1_addition
59,1,addition,mlp_down,8,1.0,0.9746289849281312,341,E1_addition
59,1,addition,mlp_down,10,1.0,0.9746289849281312,341,E1_addition
59,1,addition,mlp_down,12,1.0,0.9746289849281312,341,E1_addition
59,1,addition,mlp_down,16,1.0,0.9746289849281312,341,E1_addition
59,1,addition,mlp_down,23,1.0,0.9746289849281312,341,E1_addition
59,2,addition,mlp_gate,2,0.0668103471398353,0.0627094283699989,341,E1_addition
59,2,addition,mlp_gate,3,0.6472700834274292,0.6007659435272217,341,E1_addition
59,2,addition,mlp_gate,4,1.0,0.9837242960929872,341,E1_addition
59,2,addition,mlp_gate,5,1.0,0.9861177802085876,341,E1_addition
59,2,addition,mlp_gate,6,1.0,0.9861177802085876,341,E1_addition
59,2,addition,mlp_gate,8,1.0,0.9861177802085876,341,E1_addition
59,2,addition,mlp_gate,10,1.0,0.9861177802085876,341,E1_addition
59,2,addition,mlp_gate,12,1.0,0.9861177802085876,341,E1_addition
59,2,addition,mlp_gate,16,1.0,0.9861177802085876,341,E1_addition
59,2,addition,mlp_gate,23,1.0,0.9861177802085876,341,E1_addition
59,2,addition,mlp_up,2,0.1839080452919006,0.1862134933471679,341,E1_addition
59,2,addition,mlp_up,3,0.8829023241996765,0.8606988787651062,341,E1_addition
59,2,addition,mlp_up,4,1.0,0.9861177802085876,341,E1_addition
59,2,addition,mlp_up,5,1.0,0.9861177802085876,341,E1_addition
59,2,addition,mlp_up,6,1.0,0.9861177802085876,341,E1_addition
59,2,addition,mlp_up,8,1.0,0.9861177802085876,341,E1_addition
59,2,addition,mlp_up,10,1.0,0.9861177802085876,341,E1_addition
59,2,addition,mlp_up,12,1.0,0.9861177802085876,341,E1_addition
59,2,addition,mlp_up,16,1.0,0.9861177802085876,341,E1_addition
59,2,addition,mlp_up,23,1.0,0.9861177802085876,341,E1_addition
59,2,addition,mlp_down,2,0.3153735697269439,0.2771660983562469,341,E1_addition
59,2,addition,mlp_down,3,0.9985632300376892,0.9861177802085876,341,E1_addition
59,2,addition,mlp_down,4,1.0,0.9856390357017516,341,E1_addition
59,2,addition,mlp_down,5,1.0,0.9865964651107788,341,E1_addition
59,2,addition,mlp_down,6,1.0,0.9861177802085876,341,E1_addition
59,2,addition,mlp_down,8,1.0,0.9861177802085876,341,E1_addition
59,2,addition,mlp_down,10,1.0,0.9861177802085876,341,E1_addition
59,2,addition,mlp_down,12,1.0,0.9861177802085876,341,E1_addition
59,2,addition,mlp_down,16,1.0,0.9861177802085876,341,E1_addition
59,2,addition,mlp_down,23,1.0,0.9861177802085876,341,E1_addition
59,3,addition,mlp_gate,2,0.0696839094161987,0.0737194865942001,341,E1_addition
59,3,addition,mlp_gate,3,0.5143678188323975,0.453326940536499,341,E1_addition
59,3,addition,mlp_gate,4,0.9899425506591796,0.9573959112167358,341,E1_addition
59,3,addition,mlp_gate,5,1.0,0.9645763635635376,341,E1_addition
59,3,addition,mlp_gate,6,1.0,0.9660124182701112,341,E1_addition
59,3,addition,mlp_gate,8,1.0,0.9650550484657288,341,E1_addition
59,3,addition,mlp_gate,10,1.0,0.9650550484657288,341,E1_addition
59,3,addition,mlp_gate,12,1.0,0.9650550484657288,341,E1_addition
59,3,addition,mlp_gate,16,1.0,0.9650550484657288,341,E1_addition
59,3,addition,mlp_gate,23,1.0,0.9650550484657288,341,E1_addition
59,3,addition,mlp_up,2,0.13721264898777,0.1450454741716385,341,E1_addition
59,3,addition,mlp_up,3,0.8714080452919006,0.8070847392082214,341,E1_addition
59,3,addition,mlp_up,4,0.9992815852165222,0.9602680802345276,341,E1_addition
59,3,addition,mlp_up,5,1.0,0.9650550484657288,341,E1_addition
59,3,addition,mlp_up,6,1.0,0.9650550484657288,341,E1_addition
59,3,addition,mlp_up,8,1.0,0.9650550484657288,341,E1_addition
59,3,addition,mlp_up,10,1.0,0.9650550484657288,341,E1_addition
59,3,addition,mlp_up,12,1.0,0.9650550484657288,341,E1_addition
59,3,addition,mlp_up,16,1.0,0.9650550484657288,341,E1_addition
59,3,addition,mlp_up,23,1.0,0.9650550484657288,341,E1_addition
59,3,addition,mlp_down,2,0.2435344755649566,0.2359980791807174,341,E1_addition
59,3,addition,mlp_down,3,0.954023003578186,0.9234083294868468,341,E1_addition
59,3,addition,mlp_down,4,1.0,0.9679272174835204,341,E1_addition
59,3,addition,mlp_down,5,1.0,0.9660124182701112,341,E1_addition
59,3,addition,mlp_down,6,1.0,0.966491162776947,341,E1_addition
59,3,addition,mlp_down,8,1.0,0.9650550484657288,341,E1_addition
59,3,addition,mlp_down,10,1.0,0.9650550484657288,341,E1_addition
59,3,addition,mlp_down,12,1.0,0.9650550484657288,341,E1_addition
59,3,addition,mlp_down,16,1.0,0.9650550484657288,341,E1_addition
59,3,addition,mlp_down,23,1.0,0.9650550484657288,341,E1_addition
59,4,addition,mlp_gate,2,0.224137932062149,0.0904739126563072,341,E1_addition
59,4,addition,mlp_gate,3,0.9820402264595032,0.4001914858818054,341,E1_addition
59,4,addition,mlp_gate,4,1.0,0.411201536655426,341,E1_addition
59,4,addition,mlp_gate,5,1.0,0.4135950207710266,341,E1_addition
59,4,addition,mlp_gate,6,1.0,0.4116802215576172,341,E1_addition
59,4,addition,mlp_gate,8,1.0,0.411201536655426,341,E1_addition
59,4,addition,mlp_gate,10,1.0,0.411201536655426,341,E1_addition
59,4,addition,mlp_gate,12,1.0,0.411201536655426,341,E1_addition
59,4,addition,mlp_gate,16,1.0,0.411201536655426,341,E1_addition
59,4,addition,mlp_gate,23,1.0,0.411201536655426,341,E1_addition
59,4,addition,mlp_up,2,0.4216954112052917,0.1775969415903091,341,E1_addition
59,4,addition,mlp_up,3,1.0,0.4092867374420166,341,E1_addition
59,4,addition,mlp_up,4,1.0,0.4097654223442077,341,E1_addition
59,4,addition,mlp_up,5,1.0,0.4097654223442077,341,E1_addition
59,4,addition,mlp_up,6,1.0,0.4121589362621307,341,E1_addition
59,4,addition,mlp_up,8,1.0,0.411201536655426,341,E1_addition
59,4,addition,mlp_up,10,1.0,0.411201536655426,341,E1_addition
59,4,addition,mlp_up,12,1.0,0.411201536655426,341,E1_addition
59,4,addition,mlp_up,16,1.0,0.411201536655426,341,E1_addition
59,4,addition,mlp_up,23,1.0,0.411201536655426,341,E1_addition
59,4,addition,mlp_down,2,0.1120689660310745,0.0574437528848648,341,E1_addition
59,4,addition,mlp_down,3,0.8283045887947083,0.3336524665355682,341,E1_addition
59,4,addition,mlp_down,4,0.9985632300376892,0.4131163358688354,341,E1_addition
59,4,addition,mlp_down,5,1.0,0.4116802215576172,341,E1_addition
59,4,addition,mlp_down,6,1.0,0.4107228219509125,341,E1_addition
59,4,addition,mlp_down,8,1.0,0.4107228219509125,341,E1_addition
59,4,addition,mlp_down,10,1.0,0.411201536655426,341,E1_addition
59,4,addition,mlp_down,12,1.0,0.411201536655426,341,E1_addition
59,4,addition,mlp_down,16,1.0,0.411201536655426,341,E1_addition
59,4,addition,mlp_down,23,1.0,0.411201536655426,341,E1_addition
59,5,addition,mlp_gate,2,0.0280172415077686,0.0181905217468738,341,E1_addition
59,5,addition,mlp_gate,3,0.2629310190677643,0.2479655295610427,341,E1_addition
59,5,addition,mlp_gate,4,0.9978448152542114,0.96984201669693,341,E1_addition
59,5,addition,mlp_gate,5,1.0,0.9755864143371582,341,E1_addition
59,5,addition,mlp_gate,6,1.0,0.9765437841415404,341,E1_addition
59,5,addition,mlp_gate,8,1.0,0.9765437841415404,341,E1_addition
59,5,addition,mlp_gate,10,1.0,0.9765437841415404,341,E1_addition
59,5,addition,mlp_gate,12,1.0,0.9765437841415404,341,E1_addition
59,5,addition,mlp_gate,16,1.0,0.9765437841415404,341,E1_addition
59,5,addition,mlp_gate,23,1.0,0.9765437841415404,341,E1_addition
59,5,addition,mlp_up,2,0.0725574716925621,0.0665390118956565,341,E1_addition
59,5,addition,mlp_up,3,0.9956896305084229,0.9669698476791382,341,E1_addition
59,5,addition,mlp_up,4,1.0,0.9755864143371582,341,E1_addition
59,5,addition,mlp_up,5,1.0,0.9765437841415404,341,E1_addition
59,5,addition,mlp_up,6,1.0,0.9765437841415404,341,E1_addition
59,5,addition,mlp_up,8,1.0,0.9765437841415404,341,E1_addition
59,5,addition,mlp_up,10,1.0,0.9765437841415404,341,E1_addition
59,5,addition,mlp_up,12,1.0,0.9765437841415404,341,E1_addition
59,5,addition,mlp_up,16,1.0,0.9765437841415404,341,E1_addition
59,5,addition,mlp_up,23,1.0,0.9765437841415404,341,E1_addition
59,5,addition,mlp_down,2,0.1415229886770248,0.1345141232013702,341,E1_addition
59,5,addition,mlp_down,3,0.910201132297516,0.8769746422767639,341,E1_addition
59,5,addition,mlp_down,4,1.0,0.9755864143371582,341,E1_addition
59,5,addition,mlp_down,5,1.0,0.9755864143371582,341,E1_addition
59,5,addition,mlp_down,6,1.0,0.9765437841415404,341,E1_addition
59,5,addition,mlp_down,8,1.0,0.9765437841415404,341,E1_addition
59,5,addition,mlp_down,10,1.0,0.9765437841415404,341,E1_addition
59,5,addition,mlp_down,12,1.0,0.9765437841415404,341,E1_addition
59,5,addition,mlp_down,16,1.0,0.9765437841415404,341,E1_addition
59,5,addition,mlp_down,23,1.0,0.9765437841415404,341,E1_addition
59,6,addition,mlp_gate,2,0.0229885056614875,0.0172331258654594,341,E1_addition
59,6,addition,mlp_gate,3,0.0797413811087608,0.0737194865942001,341,E1_addition
59,6,addition,mlp_gate,4,0.6235632300376892,0.5820966958999634,341,E1_addition
59,6,addition,mlp_gate,5,0.9741379022598268,0.9138343930244446,341,E1_addition
59,6,addition,mlp_gate,6,0.9978448152542114,0.9468645453453064,341,E1_addition
59,6,addition,mlp_gate,8,0.9978448152542114,0.953566312789917,341,E1_addition
59,6,addition,mlp_gate,10,0.9978448152542114,0.9530876278877258,341,E1_addition
59,6,addition,mlp_gate,12,0.9978448152542114,0.953566312789917,341,E1_addition
59,6,addition,mlp_gate,16,0.9978448152542114,0.953566312789917,341,E1_addition
59,6,addition,mlp_gate,23,0.9978448152542114,0.953566312789917,341,E1_addition
59,6,addition,mlp_up,2,0.0790229886770248,0.0651029199361801,341,E1_addition
59,6,addition,mlp_up,3,0.9633620381355286,0.9119195938110352,341,E1_addition
59,6,addition,mlp_up,4,0.9978448152542114,0.944949746131897,341,E1_addition
59,6,addition,mlp_up,5,0.9978448152542114,0.9530876278877258,341,E1_addition
59,6,addition,mlp_up,6,0.9978448152542114,0.9530876278877258,341,E1_addition
59,6,addition,mlp_up,8,0.9978448152542114,0.953566312789917,341,E1_addition
59,6,addition,mlp_up,10,0.9978448152542114,0.953566312789917,341,E1_addition
59,6,addition,mlp_up,12,0.9978448152542114,0.9530876278877258,341,E1_addition
59,6,addition,mlp_up,16,0.9978448152542114,0.953566312789917,341,E1_addition
59,6,addition,mlp_up,23,0.9978448152542114,0.953566312789917,341,E1_addition
59,6,addition,mlp_down,2,0.0323275849223136,0.0292005743831396,341,E1_addition
59,6,addition,mlp_down,3,0.8534482717514038,0.8003829717636108,341,E1_addition
59,6,addition,mlp_down,4,0.9841954112052916,0.9344183802604676,341,E1_addition
59,6,addition,mlp_down,5,0.9978448152542114,0.9511728286743164,341,E1_addition
59,6,addition,mlp_down,6,0.9978448152542114,0.95260888338089,341,E1_addition
59,6,addition,mlp_down,8,0.9978448152542114,0.9530876278877258,341,E1_addition
59,6,addition,mlp_down,10,0.9978448152542114,0.9530876278877258,341,E1_addition
59,6,addition,mlp_down,12,0.9978448152542114,0.9530876278877258,341,E1_addition
59,6,addition,mlp_down,16,0.9978448152542114,0.953566312789917,341,E1_addition
59,6,addition,mlp_down,23,0.9978448152542114,0.953566312789917,341,E1_addition
59,7,addition,mlp_gate,2,0.1178160905838012,0.1144088059663772,341,E1_addition
59,7,addition,mlp_gate,3,0.7298850417137146,0.6673049330711365,341,E1_addition
59,7,addition,mlp_gate,4,0.931752860546112,0.898037314414978,341,E1_addition
59,7,addition,mlp_gate,5,1.0,0.975107729434967,341,E1_addition
59,7,addition,mlp_gate,6,1.0,0.9755864143371582,341,E1_addition
59,7,addition,mlp_gate,8,1.0,0.9760650992393494,341,E1_addition
59,7,addition,mlp_gate,10,1.0,0.9760650992393494,341,E1_addition
59,7,addition,mlp_gate,12,1.0,0.9760650992393494,341,E1_addition
59,7,addition,mlp_gate,16,1.0,0.9760650992393494,341,E1_addition
59,7,addition,mlp_gate,23,1.0,0.9760650992393494,341,E1_addition
59,7,addition,mlp_up,2,0.2341953963041305,0.2139779776334762,341,E1_addition
59,7,addition,mlp_up,3,0.988505721092224,0.9617041349411012,341,E1_addition
59,7,addition,mlp_up,4,1.0,0.9760650992393494,341,E1_addition
59,7,addition,mlp_up,5,1.0,0.9770224690437316,341,E1_addition
59,7,addition,mlp_up,6,1.0,0.975107729434967,341,E1_addition
59,7,addition,mlp_up,8,1.0,0.9760650992393494,341,E1_addition
59,7,addition,mlp_up,10,1.0,0.9760650992393494,341,E1_addition
59,7,addition,mlp_up,12,1.0,0.9760650992393494,341,E1_addition
59,7,addition,mlp_up,16,1.0,0.9760650992393494,341,E1_addition
59,7,addition,mlp_up,23,1.0,0.9760650992393494,341,E1_addition
59,7,addition,mlp_down,2,0.2780172526836395,0.2388702780008316,341,E1_addition
59,7,addition,mlp_down,3,0.9324712753295898,0.894207775592804,341,E1_addition
59,7,addition,mlp_down,4,0.9971264600753784,0.96984201669693,341,E1_addition
59,7,addition,mlp_down,5,1.0,0.9770224690437316,341,E1_addition
59,7,addition,mlp_down,6,1.0,0.9755864143371582,341,E1_addition
59,7,addition,mlp_down,8,1.0,0.9760650992393494,341,E1_addition
59,7,addition,mlp_down,10,1.0,0.9760650992393494,341,E1_addition
59,7,addition,mlp_down,12,1.0,0.9760650992393494,341,E1_addition
59,7,addition,mlp_down,16,1.0,0.9760650992393494,341,E1_addition
59,7,addition,mlp_down,23,1.0,0.9760650992393494,341,E1_addition
59,8,addition,mlp_gate,2,0.0560344830155372,0.0473910942673683,341,E1_addition
59,8,addition,mlp_gate,3,0.5043103694915771,0.453326940536499,341,E1_addition
59,8,addition,mlp_gate,4,0.988505721092224,0.9248444437980652,341,E1_addition
59,8,addition,mlp_gate,5,1.0,0.9626615643501282,341,E1_addition
59,8,addition,mlp_gate,6,1.0,0.966491162776947,341,E1_addition
59,8,addition,mlp_gate,8,1.0,0.9684059619903564,341,E1_addition
59,8,addition,mlp_gate,10,1.0,0.9684059619903564,341,E1_addition
59,8,addition,mlp_gate,12,1.0,0.9684059619903564,341,E1_addition
59,8,addition,mlp_gate,16,1.0,0.9684059619903564,341,E1_addition
59,8,addition,mlp_gate,23,1.0,0.9684059619903564,341,E1_addition
59,8,addition,mlp_up,2,0.0596264377236366,0.0569650530815124,341,E1_addition
59,8,addition,mlp_up,3,0.9920976758003236,0.9564384818077089,341,E1_addition
59,8,addition,mlp_up,4,1.0,0.9645763635635376,341,E1_addition
59,8,addition,mlp_up,5,1.0,0.966491162776947,341,E1_addition
59,8,addition,mlp_up,6,1.0,0.9674485325813292,341,E1_addition
59,8,addition,mlp_up,8,1.0,0.9684059619903564,341,E1_addition
59,8,addition,mlp_up,10,1.0,0.9684059619903564,341,E1_addition
59,8,addition,mlp_up,12,1.0,0.9684059619903564,341,E1_addition
59,8,addition,mlp_up,16,1.0,0.9684059619903564,341,E1_addition
59,8,addition,mlp_up,23,1.0,0.9684059619903564,341,E1_addition
59,8,addition,mlp_down,2,0.0466954037547111,0.0449976064264774,341,E1_addition
59,8,addition,mlp_down,3,0.9806034564971924,0.9392053484916688,341,E1_addition
59,8,addition,mlp_down,4,0.9992815852165222,0.9669698476791382,341,E1_addition
59,8,addition,mlp_down,5,1.0,0.9674485325813292,341,E1_addition
59,8,addition,mlp_down,6,1.0,0.9684059619903564,341,E1_addition
59,8,addition,mlp_down,8,1.0,0.9679272174835204,341,E1_addition
59,8,addition,mlp_down,10,1.0,0.9684059619903564,341,E1_addition
59,8,addition,mlp_down,12,1.0,0.9684059619903564,341,E1_addition
59,8,addition,mlp_down,16,1.0,0.9684059619903564,341,E1_addition
59,8,addition,mlp_down,23,1.0,0.9684059619903564,341,E1_addition
59,9,addition,mlp_gate,2,0.0244252867996692,0.03255145996809,341,E1_addition
59,9,addition,mlp_gate,3,0.2593390941619873,0.2494016289710998,341,E1_addition
59,9,addition,mlp_gate,4,0.9741379022598268,0.9258018136024476,341,E1_addition
59,9,addition,mlp_gate,5,1.0,0.970799446105957,341,E1_addition
59,9,addition,mlp_gate,6,1.0,0.9717568159103394,341,E1_addition
59,9,addition,mlp_gate,8,1.0,0.9717568159103394,341,E1_addition
59,9,addition,mlp_gate,10,1.0,0.9717568159103394,341,E1_addition
59,9,addition,mlp_gate,12,1.0,0.9717568159103394,341,E1_addition
59,9,addition,mlp_gate,16,1.0,0.9717568159103394,341,E1_addition
59,9,addition,mlp_gate,23,1.0,0.9717568159103394,341,E1_addition
59,9,addition,mlp_up,2,0.1271551698446273,0.1249401643872261,341,E1_addition
59,9,addition,mlp_up,3,0.9906609058380128,0.9301100969314576,341,E1_addition
59,9,addition,mlp_up,4,1.0,0.96984201669693,341,E1_addition
59,9,addition,mlp_up,5,1.0,0.9717568159103394,341,E1_addition
59,9,addition,mlp_up,6,1.0,0.9717568159103394,341,E1_addition
59,9,addition,mlp_up,8,1.0,0.9717568159103394,341,E1_addition
59,9,addition,mlp_up,10,1.0,0.9717568159103394,341,E1_addition
59,9,addition,mlp_up,12,1.0,0.9717568159103394,341,E1_addition
59,9,addition,mlp_up,16,1.0,0.9717568159103394,341,E1_addition
59,9,addition,mlp_up,23,1.0,0.9717568159103394,341,E1_addition
59,9,addition,mlp_down,2,0.0538793094456195,0.0536141693592071,341,E1_addition
59,9,addition,mlp_down,3,0.7593390941619873,0.7146960496902466,341,E1_addition
59,9,addition,mlp_down,4,1.0,0.9693633317947388,341,E1_addition
59,9,addition,mlp_down,5,1.0,0.9727141857147216,341,E1_addition
59,9,addition,mlp_down,6,1.0,0.9717568159103394,341,E1_addition
59,9,addition,mlp_down,8,1.0,0.9717568159103394,341,E1_addition
59,9,addition,mlp_down,10,1.0,0.9717568159103394,341,E1_addition
59,9,addition,mlp_down,12,1.0,0.9717568159103394,341,E1_addition
59,9,addition,mlp_down,16,1.0,0.9717568159103394,341,E1_addition
59,9,addition,mlp_down,23,1.0,0.9717568159103394,341,E1_addition
59,10,addition,mlp_gate,2,0.0502873547375202,0.0531354695558548,341,E1_addition
59,10,addition,mlp_gate,3,0.2758620679378509,0.2695069313049316,341,E1_addition
59,10,addition,mlp_gate,4,0.9806034564971924,0.949736714363098,341,E1_addition
59,10,addition,mlp_gate,5,1.0,0.9803733825683594,341,E1_addition
59,10,addition,mlp_gate,6,1.0,0.9803733825683594,341,E1_addition
59,10,addition,mlp_gate,8,1.0,0.9813307523727416,341,E1_addition
59,10,addition,mlp_gate,10,1.0,0.9813307523727416,341,E1_addition
59,10,addition,mlp_gate,12,1.0,0.9813307523727416,341,E1_addition
59,10,addition,mlp_gate,16,1.0,0.9813307523727416,341,E1_addition
59,10,addition,mlp_gate,23,1.0,0.9813307523727416,341,E1_addition
59,10,addition,mlp_up,2,0.0948275849223136,0.0899952128529548,341,E1_addition
59,10,addition,mlp_up,3,0.732758641242981,0.6917185187339783,341,E1_addition
59,10,addition,mlp_up,4,1.0,0.9813307523727416,341,E1_addition
59,10,addition,mlp_up,5,1.0,0.9813307523727416,341,E1_addition
59,10,addition,mlp_up,6,1.0,0.9813307523727416,341,E1_addition
59,10,addition,mlp_up,8,1.0,0.9813307523727416,341,E1_addition
59,10,addition,mlp_up,10,1.0,0.9813307523727416,341,E1_addition
59,10,addition,mlp_up,12,1.0,0.9813307523727416,341,E1_addition
59,10,addition,mlp_up,16,1.0,0.9813307523727416,341,E1_addition
59,10,addition,mlp_up,23,1.0,0.9813307523727416,341,E1_addition
59,10,addition,mlp_down,2,0.0596264377236366,0.048827189952135,341,E1_addition
59,10,addition,mlp_down,3,0.9561781287193298,0.906653881072998,341,E1_addition
59,10,addition,mlp_down,4,1.0,0.9798946976661682,341,E1_addition
59,10,addition,mlp_down,5,1.0,0.9813307523727416,341,E1_addition
59,10,addition,mlp_down,6,1.0,0.9813307523727416,341,E1_addition
59,10,addition,mlp_down,8,1.0,0.9813307523727416,341,E1_addition
59,10,addition,mlp_down,10,1.0,0.9813307523727416,341,E1_addition
59,10,addition,mlp_down,12,1.0,0.9813307523727416,341,E1_addition
59,10,addition,mlp_down,16,1.0,0.9813307523727416,341,E1_addition
59,10,addition,mlp_down,23,1.0,0.9813307523727416,341,E1_addition
59,11,addition,mlp_gate,2,0.5093390941619873,0.4873144924640655,341,E1_addition
59,11,addition,mlp_gate,3,0.9928160905838012,0.9731929302215576,341,E1_addition
59,11,addition,mlp_gate,4,1.0,0.9789372682571412,341,E1_addition
59,11,addition,mlp_gate,5,1.0,0.9789372682571412,341,E1_addition
59,11,addition,mlp_gate,6,1.0,0.9789372682571412,341,E1_addition
59,11,addition,mlp_gate,8,1.0,0.9789372682571412,341,E1_addition
59,11,addition,mlp_gate,10,1.0,0.9789372682571412,341,E1_addition
59,11,addition,mlp_gate,12,1.0,0.9789372682571412,341,E1_addition
59,11,addition,mlp_gate,16,1.0,0.9789372682571412,341,E1_addition
59,11,addition,mlp_gate,23,1.0,0.9789372682571412,341,E1_addition
59,11,addition,mlp_up,2,0.6293103694915771,0.6203925609588623,341,E1_addition
59,11,addition,mlp_up,3,0.9353448152542114,0.894207775592804,341,E1_addition
59,11,addition,mlp_up,4,0.9985632300376892,0.9722355008125304,341,E1_addition
59,11,addition,mlp_up,5,1.0,0.9789372682571412,341,E1_addition
59,11,addition,mlp_up,6,1.0,0.9789372682571412,341,E1_addition
59,11,addition,mlp_up,8,1.0,0.9789372682571412,341,E1_addition
59,11,addition,mlp_up,10,1.0,0.9789372682571412,341,E1_addition
59,11,addition,mlp_up,12,1.0,0.9789372682571412,341,E1_addition
59,11,addition,mlp_up,16,1.0,0.9789372682571412,341,E1_addition
59,11,addition,mlp_up,23,1.0,0.9789372682571412,341,E1_addition
59,11,addition,mlp_down,2,0.6113505959510803,0.5256103277206421,341,E1_addition
59,11,addition,mlp_down,3,0.9956896305084229,0.97415030002594,341,E1_addition
59,11,addition,mlp_down,4,0.9992815852165222,0.9789372682571412,341,E1_addition
59,11,addition,mlp_down,5,1.0,0.9789372682571412,341,E1_addition
59,11,addition,mlp_down,6,1.0,0.9789372682571412,341,E1_addition
59,11,addition,mlp_down,8,1.0,0.9789372682571412,341,E1_addition
59,11,addition,mlp_down,10,1.0,0.9789372682571412,341,E1_addition
59,11,addition,mlp_down,12,1.0,0.9789372682571412,341,E1_addition
59,11,addition,mlp_down,16,1.0,0.9789372682571412,341,E1_addition
59,11,addition,mlp_down,23,1.0,0.9789372682571412,341,E1_addition
59,12,addition,mlp_gate,2,0.0632183924317359,0.0588798448443412,341,E1_addition
59,12,addition,mlp_gate,3,0.3383620679378509,0.3312589824199676,341,E1_addition
59,12,addition,mlp_gate,4,0.852011501789093,0.8027764558792114,341,E1_addition
59,12,addition,mlp_gate,5,0.9992815852165222,0.9746289849281312,341,E1_addition
59,12,addition,mlp_gate,6,1.0,0.9755864143371582,341,E1_addition
59,12,addition,mlp_gate,8,1.0,0.9755864143371582,341,E1_addition
59,12,addition,mlp_gate,10,1.0,0.9755864143371582,341,E1_addition
59,12,addition,mlp_gate,12,1.0,0.9755864143371582,341,E1_addition
59,12,addition,mlp_gate,16,1.0,0.9755864143371582,341,E1_addition
59,12,addition,mlp_gate,23,1.0,0.9755864143371582,341,E1_addition
59,12,addition,mlp_up,2,0.1185344830155372,0.1129727140069007,341,E1_addition
59,12,addition,mlp_up,3,0.9755747318267822,0.9420775175094604,341,E1_addition
59,12,addition,mlp_up,4,1.0,0.9755864143371582,341,E1_addition
59,12,addition,mlp_up,5,1.0,0.9755864143371582,341,E1_addition
59,12,addition,mlp_up,6,1.0,0.9755864143371582,341,E1_addition
59,12,addition,mlp_up,8,1.0,0.9755864143371582,341,E1_addition
59,12,addition,mlp_up,10,1.0,0.9755864143371582,341,E1_addition
59,12,addition,mlp_up,12,1.0,0.9755864143371582,341,E1_addition
59,12,addition,mlp_up,16,1.0,0.9755864143371582,341,E1_addition
59,12,addition,mlp_up,23,1.0,0.9755864143371582,341,E1_addition
59,12,addition,mlp_down,2,0.0811781585216522,0.0885591208934784,341,E1_addition
59,12,addition,mlp_down,3,0.585488498210907,0.546673059463501,341,E1_addition
59,12,addition,mlp_down,4,0.9985632300376892,0.9727141857147216,341,E1_addition
59,12,addition,mlp_down,5,1.0,0.9755864143371582,341,E1_addition
59,12,addition,mlp_down,6,1.0,0.9755864143371582,341,E1_addition
59,12,addition,mlp_down,8,1.0,0.9755864143371582,341,E1_addition
59,12,addition,mlp_down,10,1.0,0.9755864143371582,341,E1_addition
59,12,addition,mlp_down,12,1.0,0.9755864143371582,341,E1_addition
59,12,addition,mlp_down,16,1.0,0.9755864143371582,341,E1_addition
59,12,addition,mlp_down,23,1.0,0.9755864143371582,341,E1_addition
59,13,addition,mlp_gate,2,0.0625,0.0574437528848648,341,E1_addition
59,13,addition,mlp_gate,3,0.4554597735404968,0.4437530040740967,341,E1_addition
59,13,addition,mlp_gate,4,0.9985632300376892,0.9779798984527588,341,E1_addition
59,13,addition,mlp_gate,5,1.0,0.9837242960929872,341,E1_addition
59,13,addition,mlp_gate,6,1.0,0.9837242960929872,341,E1_addition
59,13,addition,mlp_gate,8,1.0,0.9846816658973694,341,E1_addition
59,13,addition,mlp_gate,10,1.0,0.9842029809951782,341,E1_addition
59,13,addition,mlp_gate,12,1.0,0.9842029809951782,341,E1_addition
59,13,addition,mlp_gate,16,1.0,0.9842029809951782,341,E1_addition
59,13,addition,mlp_gate,23,1.0,0.9842029809951782,341,E1_addition
59,13,addition,mlp_up,2,0.0416666679084301,0.0459550023078918,341,E1_addition
59,13,addition,mlp_up,3,0.6738505959510803,0.6218286156654358,341,E1_addition
59,13,addition,mlp_up,4,0.9899425506591796,0.9660124182701112,341,E1_addition
59,13,addition,mlp_up,5,1.0,0.9813307523727416,341,E1_addition
59,13,addition,mlp_up,6,1.0,0.9837242960929872,341,E1_addition
59,13,addition,mlp_up,8,1.0,0.9837242960929872,341,E1_addition
59,13,addition,mlp_up,10,1.0,0.9842029809951782,341,E1_addition
59,13,addition,mlp_up,12,1.0,0.9842029809951782,341,E1_addition
59,13,addition,mlp_up,16,1.0,0.9842029809951782,341,E1_addition
59,13,addition,mlp_up,23,1.0,0.9842029809951782,341,E1_addition
59,13,addition,mlp_down,2,0.0603448264300823,0.0545715652406215,341,E1_addition
59,13,addition,mlp_down,3,0.910201132297516,0.8750598430633545,341,E1_addition
59,13,addition,mlp_down,4,1.0,0.9818094968795776,341,E1_addition
59,13,addition,mlp_down,5,1.0,0.9832455515861512,341,E1_addition
59,13,addition,mlp_down,6,1.0,0.9837242960929872,341,E1_addition
59,13,addition,mlp_down,8,1.0,0.9846816658973694,341,E1_addition
59,13,addition,mlp_down,10,1.0,0.9837242960929872,341,E1_addition
59,13,addition,mlp_down,12,1.0,0.9842029809951782,341,E1_addition
59,13,addition,mlp_down,16,1.0,0.9842029809951782,341,E1_addition
59,13,addition,mlp_down,23,1.0,0.9842029809951782,341,E1_addition
59,14,addition,mlp_gate,2,0.0653735622763633,0.0445189103484153,341,E1_addition
59,14,addition,mlp_gate,3,0.1702586263418197,0.1651507914066314,341,E1_addition
59,14,addition,mlp_gate,4,0.6946839094161987,0.6840593814849854,341,E1_addition
59,14,addition,mlp_gate,5,1.0,0.9889899492263794,341,E1_addition
59,14,addition,mlp_gate,6,1.0,0.9889899492263794,341,E1_addition
59,14,addition,mlp_gate,8,1.0,0.9889899492263794,341,E1_addition
59,14,addition,mlp_gate,10,1.0,0.9889899492263794,341,E1_addition
59,14,addition,mlp_gate,12,1.0,0.9889899492263794,341,E1_addition
59,14,addition,mlp_gate,16,1.0,0.9889899492263794,341,E1_addition
59,14,addition,mlp_gate,23,1.0,0.9889899492263794,341,E1_addition
59,14,addition,mlp_up,2,0.1099137961864471,0.1048348471522331,341,E1_addition
59,14,addition,mlp_up,3,0.7758620381355286,0.7659167051315308,341,E1_addition
59,14,addition,mlp_up,4,0.9806034564971924,0.957874596118927,341,E1_addition
59,14,addition,mlp_up,5,1.0,0.9889899492263794,341,E1_addition
59,14,addition,mlp_up,6,1.0,0.9889899492263794,341,E1_addition
59,14,addition,mlp_up,8,1.0,0.9889899492263794,341,E1_addition
59,14,addition,mlp_up,10,1.0,0.9889899492263794,341,E1_addition
59,14,addition,mlp_up,12,1.0,0.9889899492263794,341,E1_addition
59,14,addition,mlp_up,16,1.0,0.9889899492263794,341,E1_addition
59,14,addition,mlp_up,23,1.0,0.9889899492263794,341,E1_addition
59,14,addition,mlp_down,2,0.0768678188323974,0.0703685954213142,341,E1_addition
59,14,addition,mlp_down,3,0.910201132297516,0.8812829256057739,341,E1_addition
59,14,addition,mlp_down,4,0.9906609058380128,0.9779798984527588,341,E1_addition
59,14,addition,mlp_down,5,0.994252860546112,0.979416012763977,341,E1_addition
59,14,addition,mlp_down,6,1.0,0.9889899492263794,341,E1_addition
59,14,addition,mlp_down,8,1.0,0.9889899492263794,341,E1_addition
59,14,addition,mlp_down,10,1.0,0.9889899492263794,341,E1_addition
59,14,addition,mlp_down,12,1.0,0.9889899492263794,341,E1_addition
59,14,addition,mlp_down,16,1.0,0.9889899492263794,341,E1_addition
59,14,addition,mlp_down,23,1.0,0.9889899492263794,341,E1_addition
59,15,addition,mlp_gate,2,0.0323275849223136,0.0253709908574819,341,E1_addition
59,15,addition,mlp_gate,3,0.0603448264300823,0.0445189103484153,341,E1_addition
59,15,addition,mlp_gate,4,0.8498563170433044,0.792245090007782,341,E1_addition
59,15,addition,mlp_gate,5,0.9992815852165222,0.9775012135505676,341,E1_addition
59,15,addition,mlp_gate,6,1.0,0.97845858335495,341,E1_addition
59,15,addition,mlp_gate,8,1.0,0.979416012763977,341,E1_addition
59,15,addition,mlp_gate,10,1.0,0.979416012763977,341,E1_addition
59,15,addition,mlp_gate,12,1.0,0.979416012763977,341,E1_addition
59,15,addition,mlp_gate,16,1.0,0.979416012763977,341,E1_addition
59,15,addition,mlp_gate,23,1.0,0.979416012763977,341,E1_addition
59,15,addition,mlp_up,2,0.0589080452919006,0.0689325034618377,341,E1_addition
59,15,addition,mlp_up,3,0.7701149582862854,0.7395883202552795,341,E1_addition
59,15,addition,mlp_up,4,0.9992815852165222,0.9789372682571412,341,E1_addition
59,15,addition,mlp_up,5,1.0,0.9775012135505676,341,E1_addition
59,15,addition,mlp_up,6,1.0,0.97845858335495,341,E1_addition
59,15,addition,mlp_up,8,1.0,0.979416012763977,341,E1_addition
59,15,addition,mlp_up,10,1.0,0.979416012763977,341,E1_addition
59,15,addition,mlp_up,12,1.0,0.979416012763977,341,E1_addition
59,15,addition,mlp_up,16,1.0,0.979416012763977,341,E1_addition
59,15,addition,mlp_up,23,1.0,0.979416012763977,341,E1_addition
59,15,addition,mlp_down,2,0.0416666679084301,0.0315940640866756,341,E1_addition
59,15,addition,mlp_down,3,0.6135057210922241,0.6175203323364258,341,E1_addition
59,15,addition,mlp_down,4,0.988505721092224,0.9559597969055176,341,E1_addition
59,15,addition,mlp_down,5,1.0,0.9803733825683594,341,E1_addition
59,15,addition,mlp_down,6,1.0,0.979416012763977,341,E1_addition
59,15,addition,mlp_down,8,1.0,0.979416012763977,341,E1_addition
59,15,addition,mlp_down,10,1.0,0.979416012763977,341,E1_addition
59,15,addition,mlp_down,12,1.0,0.979416012763977,341,E1_addition
59,15,addition,mlp_down,16,1.0,0.979416012763977,341,E1_addition
59,15,addition,mlp_down,23,1.0,0.979416012763977,341,E1_addition
59,16,addition,mlp_gate,2,0.0165229886770248,0.0143609382212162,341,E1_addition
59,16,addition,mlp_gate,3,0.030890803784132,0.0306366682052612,341,E1_addition
59,16,addition,mlp_gate,4,0.3620689511299133,0.3657252192497253,341,E1_addition
59,16,addition,mlp_gate,5,0.993534505367279,0.9693633317947388,341,E1_addition
59,16,addition,mlp_gate,6,1.0,0.9775012135505676,341,E1_addition
59,16,addition,mlp_gate,8,1.0,0.97845858335495,341,E1_addition
59,16,addition,mlp_gate,10,1.0,0.97845858335495,341,E1_addition
59,16,addition,mlp_gate,12,1.0,0.97845858335495,341,E1_addition
59,16,addition,mlp_gate,16,1.0,0.97845858335495,341,E1_addition
59,16,addition,mlp_gate,23,1.0,0.97845858335495,341,E1_addition
59,16,addition,mlp_up,2,0.0581896565854549,0.048348493874073,341,E1_addition
59,16,addition,mlp_up,3,0.4044540226459503,0.3566299676895141,341,E1_addition
59,16,addition,mlp_up,4,0.948994278907776,0.9133556485176086,341,E1_addition
59,16,addition,mlp_up,5,0.9992815852165222,0.9760650992393494,341,E1_addition
59,16,addition,mlp_up,6,1.0,0.97845858335495,341,E1_addition
59,16,addition,mlp_up,8,1.0,0.97845858335495,341,E1_addition
59,16,addition,mlp_up,10,1.0,0.97845858335495,341,E1_addition
59,16,addition,mlp_up,12,1.0,0.97845858335495,341,E1_addition
59,16,addition,mlp_up,16,1.0,0.97845858335495,341,E1_addition
59,16,addition,mlp_up,23,1.0,0.97845858335495,341,E1_addition
59,16,addition,mlp_down,2,0.0272988509386777,0.0239348970353603,341,E1_addition
59,16,addition,mlp_down,3,0.3685344755649566,0.347534716129303,341,E1_addition
59,16,addition,mlp_down,4,0.9913793206214904,0.9602680802345276,341,E1_addition
59,16,addition,mlp_down,5,1.0,0.97845858335495,341,E1_addition
59,16,addition,mlp_down,6,1.0,0.9770224690437316,341,E1_addition
59,16,addition,mlp_down,8,1.0,0.97845858335495,341,E1_addition
59,16,addition,mlp_down,10,1.0,0.97845858335495,341,E1_addition
59,16,addition,mlp_down,12,1.0,0.97845858335495,341,E1_addition
59,16,addition,mlp_down,16,1.0,0.97845858335495,341,E1_addition
59,16,addition,mlp_down,23,1.0,0.97845858335495,341,E1_addition
59,17,addition,mlp_gate,2,0.1795977056026458,0.1742460429668426,341,E1_addition
59,17,addition,mlp_gate,3,0.4791666567325592,0.4600287079811096,341,E1_addition
59,17,addition,mlp_gate,4,0.727729856967926,0.6955481171607971,341,E1_addition
59,17,addition,mlp_gate,5,1.0,0.9808520674705504,341,E1_addition
59,17,addition,mlp_gate,6,1.0,0.9798946976661682,341,E1_addition
59,17,addition,mlp_gate,8,1.0,0.9798946976661682,341,E1_addition
59,17,addition,mlp_gate,10,1.0,0.9798946976661682,341,E1_addition
59,17,addition,mlp_gate,12,1.0,0.9798946976661682,341,E1_addition
59,17,addition,mlp_gate,16,1.0,0.9798946976661682,341,E1_addition
59,17,addition,mlp_gate,23,1.0,0.9798946976661682,341,E1_addition
59,17,addition,mlp_up,2,0.1537356376647949,0.1507898569107055,341,E1_addition
59,17,addition,mlp_up,3,0.9971264600753784,0.9717568159103394,341,E1_addition
59,17,addition,mlp_up,4,1.0,0.9798946976661682,341,E1_addition
59,17,addition,mlp_up,5,1.0,0.9798946976661682,341,E1_addition
59,17,addition,mlp_up,6,1.0,0.9798946976661682,341,E1_addition
59,17,addition,mlp_up,8,1.0,0.9798946976661682,341,E1_addition
59,17,addition,mlp_up,10,1.0,0.9798946976661682,341,E1_addition
59,17,addition,mlp_up,12,1.0,0.9798946976661682,341,E1_addition
59,17,addition,mlp_up,16,1.0,0.9798946976661682,341,E1_addition
59,17,addition,mlp_up,23,1.0,0.9798946976661682,341,E1_addition
59,17,addition,mlp_down,2,0.0416666679084301,0.0363810434937477,341,E1_addition
59,17,addition,mlp_down,3,0.9339080452919006,0.9114408493041992,341,E1_addition
59,17,addition,mlp_down,4,1.0,0.9798946976661682,341,E1_addition
59,17,addition,mlp_down,5,1.0,0.9798946976661682,341,E1_addition
59,17,addition,mlp_down,6,1.0,0.9798946976661682,341,E1_addition
59,17,addition,mlp_down,8,1.0,0.9798946976661682,341,E1_addition
59,17,addition,mlp_down,10,1.0,0.9798946976661682,341,E1_addition
59,17,addition,mlp_down,12,1.0,0.9798946976661682,341,E1_addition
59,17,addition,mlp_down,16,1.0,0.9798946976661682,341,E1_addition
59,17,addition,mlp_down,23,1.0,0.9798946976661682,341,E1_addition
59,18,addition,mlp_gate,2,0.1005747094750404,0.1158449053764343,341,E1_addition
59,18,addition,mlp_gate,3,0.125,0.1354715228080749,341,E1_addition
59,18,addition,mlp_gate,4,0.8038793206214905,0.7640019059181213,341,E1_addition
59,18,addition,mlp_gate,5,1.0,0.97845858335495,341,E1_addition
59,18,addition,mlp_gate,6,1.0,0.979416012763977,341,E1_addition
59,18,addition,mlp_gate,8,1.0,0.9798946976661682,341,E1_addition
59,18,addition,mlp_gate,10,1.0,0.979416012763977,341,E1_addition
59,18,addition,mlp_gate,12,1.0,0.979416012763977,341,E1_addition
59,18,addition,mlp_gate,16,1.0,0.979416012763977,341,E1_addition
59,18,addition,mlp_gate,23,1.0,0.979416012763977,341,E1_addition
59,18,addition,mlp_up,2,0.0862068980932235,0.0761129707098007,341,E1_addition
59,18,addition,mlp_up,3,0.7183908224105835,0.661081850528717,341,E1_addition
59,18,addition,mlp_up,4,0.9734195470809937,0.9200574159622192,341,E1_addition
59,18,addition,mlp_up,5,0.9978448152542114,0.9760650992393494,341,E1_addition
59,18,addition,mlp_up,6,1.0,0.9803733825683594,341,E1_addition
59,18,addition,mlp_up,8,1.0,0.9798946976661682,341,E1_addition
59,18,addition,mlp_up,10,1.0,0.979416012763977,341,E1_addition
59,18,addition,mlp_up,12,1.0,0.979416012763977,341,E1_addition
59,18,addition,mlp_up,16,1.0,0.979416012763977,341,E1_addition
59,18,addition,mlp_up,23,1.0,0.979416012763977,341,E1_addition
59,18,addition,mlp_down,2,0.0373563207685947,0.0459550023078918,341,E1_addition
59,18,addition,mlp_down,3,0.2923850417137146,0.2781234979629516,341,E1_addition
59,18,addition,mlp_down,4,0.954741358757019,0.9138343930244446,341,E1_addition
59,18,addition,mlp_down,5,0.9992815852165222,0.97845858335495,341,E1_addition
59,18,addition,mlp_down,6,1.0,0.979416012763977,341,E1_addition
59,18,addition,mlp_down,8,1.0,0.979416012763977,341,E1_addition
59,18,addition,mlp_down,10,1.0,0.979416012763977,341,E1_addition
59,18,addition,mlp_down,12,1.0,0.979416012763977,341,E1_addition
59,18,addition,mlp_down,16,1.0,0.979416012763977,341,E1_addition
59,18,addition,mlp_down,23,1.0,0.979416012763977,341,E1_addition
59,19,addition,mlp_gate,2,0.3728448152542114,0.3365246653556824,341,E1_addition
59,19,addition,mlp_gate,3,0.2133620679378509,0.1886069923639297,341,E1_addition
59,19,addition,mlp_gate,4,0.9971264600753784,0.970799446105957,341,E1_addition
59,19,addition,mlp_gate,5,1.0,0.9894686341285706,341,E1_addition
59,19,addition,mlp_gate,6,1.0,0.99138343334198,341,E1_addition
59,19,addition,mlp_gate,8,1.0,0.99138343334198,341,E1_addition
59,19,addition,mlp_gate,10,1.0,0.99138343334198,341,E1_addition
59,19,addition,mlp_gate,12,1.0,0.99138343334198,341,E1_addition
59,19,addition,mlp_gate,16,1.0,0.99138343334198,341,E1_addition
59,19,addition,mlp_gate,23,1.0,0.99138343334198,341,E1_addition
59,19,addition,mlp_up,2,0.0639367848634719,0.0636668279767036,341,E1_addition
59,19,addition,mlp_up,3,0.3441092073917389,0.3489708006381988,341,E1_addition
59,19,addition,mlp_up,4,0.9978448152542114,0.9746289849281312,341,E1_addition
59,19,addition,mlp_up,5,1.0,0.9875538349151612,341,E1_addition
59,19,addition,mlp_up,6,1.0,0.99138343334198,341,E1_addition
59,19,addition,mlp_up,8,1.0,0.99138343334198,341,E1_addition
59,19,addition,mlp_up,10,1.0,0.99138343334198,341,E1_addition
59,19,addition,mlp_up,12,1.0,0.99138343334198,341,E1_addition
59,19,addition,mlp_up,16,1.0,0.99138343334198,341,E1_addition
59,19,addition,mlp_up,23,1.0,0.99138343334198,341,E1_addition
59,19,addition,mlp_down,2,0.0495689660310745,0.0435615107417106,341,E1_addition
59,19,addition,mlp_down,3,0.1422413736581802,0.1397798061370849,341,E1_addition
59,19,addition,mlp_down,4,0.9008620381355286,0.8764959573745728,341,E1_addition
59,19,addition,mlp_down,5,0.9992815852165222,0.9909047484397888,341,E1_addition
59,19,addition,mlp_down,6,1.0,0.99138343334198,341,E1_addition
59,19,addition,mlp_down,8,1.0,0.99138343334198,341,E1_addition
59,19,addition,mlp_down,10,1.0,0.99138343334198,341,E1_addition
59,19,addition,mlp_down,12,1.0,0.99138343334198,341,E1_addition
59,19,addition,mlp_down,16,1.0,0.99138343334198,341,E1_addition
59,19,addition,mlp_down,23,1.0,0.99138343334198,341,E1_addition
59,20,addition,mlp_gate,2,0.0538793094456195,0.0698899030685424,341,E1_addition
59,20,addition,mlp_gate,3,0.2126436829566955,0.2211584448814392,341,E1_addition
59,20,addition,mlp_gate,4,1.0,0.9717568159103394,341,E1_addition
59,20,addition,mlp_gate,5,1.0,0.9727141857147216,341,E1_addition
59,20,addition,mlp_gate,6,1.0,0.9722355008125304,341,E1_addition
59,20,addition,mlp_gate,8,1.0,0.9722355008125304,341,E1_addition
59,20,addition,mlp_gate,10,1.0,0.9722355008125304,341,E1_addition
59,20,addition,mlp_gate,12,1.0,0.9722355008125304,341,E1_addition
59,20,addition,mlp_gate,16,1.0,0.9722355008125304,341,E1_addition
59,20,addition,mlp_gate,23,1.0,0.9722355008125304,341,E1_addition
59,20,addition,mlp_up,2,0.0560344830155372,0.0627094283699989,341,E1_addition
59,20,addition,mlp_up,3,0.9813218116760254,0.9435136318206788,341,E1_addition
59,20,addition,mlp_up,4,1.0,0.9679272174835204,341,E1_addition
59,20,addition,mlp_up,5,1.0,0.9717568159103394,341,E1_addition
59,20,addition,mlp_up,6,1.0,0.9717568159103394,341,E1_addition
59,20,addition,mlp_up,8,1.0,0.9722355008125304,341,E1_addition
59,20,addition,mlp_up,10,1.0,0.9722355008125304,341,E1_addition
59,20,addition,mlp_up,12,1.0,0.9722355008125304,341,E1_addition
59,20,addition,mlp_up,16,1.0,0.9722355008125304,341,E1_addition
59,20,addition,mlp_up,23,1.0,0.9722355008125304,341,E1_addition
59,20,addition,mlp_down,2,0.0653735622763633,0.0861656293272972,341,E1_addition
59,20,addition,mlp_down,3,0.9870689511299132,0.9631402492523192,341,E1_addition
59,20,addition,mlp_down,4,1.0,0.9717568159103394,341,E1_addition
59,20,addition,mlp_down,5,1.0,0.9722355008125304,341,E1_addition
59,20,addition,mlp_down,6,1.0,0.9722355008125304,341,E1_addition
59,20,addition,mlp_down,8,1.0,0.9722355008125304,341,E1_addition
59,20,addition,mlp_down,10,1.0,0.9722355008125304,341,E1_addition
59,20,addition,mlp_down,12,1.0,0.9722355008125304,341,E1_addition
59,20,addition,mlp_down,16,1.0,0.9722355008125304,341,E1_addition
59,20,addition,mlp_down,23,1.0,0.9722355008125304,341,E1_addition
59,21,addition,mlp_gate,2,0.035919539630413,0.044040210545063,341,E1_addition
59,21,addition,mlp_gate,3,0.9001436829566956,0.8755385279655457,341,E1_addition
59,21,addition,mlp_gate,4,1.0,0.9770224690437316,341,E1_addition
59,21,addition,mlp_gate,5,1.0,0.9775012135505676,341,E1_addition
59,21,addition,mlp_gate,6,1.0,0.9760650992393494,341,E1_addition
59,21,addition,mlp_gate,8,1.0,0.9770224690437316,341,E1_addition
59,21,addition,mlp_gate,10,1.0,0.9770224690437316,341,E1_addition
59,21,addition,mlp_gate,12,1.0,0.9770224690437316,341,E1_addition
59,21,addition,mlp_gate,16,1.0,0.9770224690437316,341,E1_addition
59,21,addition,mlp_gate,23,1.0,0.9770224690437316,341,E1_addition
59,21,addition,mlp_up,2,0.0739942491054534,0.0607946366071701,341,E1_addition
59,21,addition,mlp_up,3,0.5431034564971924,0.5007180571556091,341,E1_addition
59,21,addition,mlp_up,4,0.9992815852165222,0.9746289849281312,341,E1_addition
59,21,addition,mlp_up,5,1.0,0.9775012135505676,341,E1_addition
59,21,addition,mlp_up,6,1.0,0.9770224690437316,341,E1_addition
59,21,addition,mlp_up,8,1.0,0.9770224690437316,341,E1_addition
59,21,addition,mlp_up,10,1.0,0.9770224690437316,341,E1_addition
59,21,addition,mlp_up,12,1.0,0.9770224690437316,341,E1_addition
59,21,addition,mlp_up,16,1.0,0.9770224690437316,341,E1_addition
59,21,addition,mlp_up,23,1.0,0.9770224690437316,341,E1_addition
59,21,addition,mlp_down,2,0.0373563207685947,0.0287218764424324,341,E1_addition
59,21,addition,mlp_down,3,0.9425287246704102,0.9171852469444276,341,E1_addition
59,21,addition,mlp_down,4,1.0,0.9765437841415404,341,E1_addition
59,21,addition,mlp_down,5,1.0,0.9775012135505676,341,E1_addition
59,21,addition,mlp_down,6,1.0,0.9770224690437316,341,E1_addition
59,21,addition,mlp_down,8,1.0,0.9770224690437316,341,E1_addition
59,21,addition,mlp_down,10,1.0,0.9770224690437316,341,E1_addition
59,21,addition,mlp_down,12,1.0,0.9770224690437316,341,E1_addition
59,21,addition,mlp_down,16,1.0,0.9770224690437316,341,E1_addition
59,21,addition,mlp_down,23,1.0,0.9770224690437316,341,E1_addition
59,22,addition,mlp_gate,2,0.2406609207391739,0.2517951130867004,341,E1_addition
59,22,addition,mlp_gate,3,0.9820402264595032,0.94830060005188,341,E1_addition
59,22,addition,mlp_gate,4,1.0,0.9865964651107788,341,E1_addition
59,22,addition,mlp_gate,5,1.0,0.9865964651107788,341,E1_addition
59,22,addition,mlp_gate,6,1.0,0.9865964651107788,341,E1_addition
59,22,addition,mlp_gate,8,1.0,0.9865964651107788,341,E1_addition
59,22,addition,mlp_gate,10,1.0,0.9865964651107788,341,E1_addition
59,22,addition,mlp_gate,12,1.0,0.9865964651107788,341,E1_addition
59,22,addition,mlp_gate,16,1.0,0.9865964651107788,341,E1_addition
59,22,addition,mlp_gate,23,1.0,0.9865964651107788,341,E1_addition
59,22,addition,mlp_up,2,0.1185344830155372,0.1144088059663772,341,E1_addition
59,22,addition,mlp_up,3,0.9856321811676024,0.97845858335495,341,E1_addition
59,22,addition,mlp_up,4,1.0,0.9856390357017516,341,E1_addition
59,22,addition,mlp_up,5,1.0,0.9865964651107788,341,E1_addition
59,22,addition,mlp_up,6,1.0,0.9865964651107788,341,E1_addition
59,22,addition,mlp_up,8,1.0,0.9865964651107788,341,E1_addition
59,22,addition,mlp_up,10,1.0,0.9865964651107788,341,E1_addition
59,22,addition,mlp_up,12,1.0,0.9865964651107788,341,E1_addition
59,22,addition,mlp_up,16,1.0,0.9865964651107788,341,E1_addition
59,22,addition,mlp_up,23,1.0,0.9865964651107788,341,E1_addition
59,22,addition,mlp_down,2,0.1034482717514038,0.0986117720603942,341,E1_addition
59,22,addition,mlp_down,3,0.9712643623352052,0.962182879447937,341,E1_addition
59,22,addition,mlp_down,4,1.0,0.9842029809951782,341,E1_addition
59,22,addition,mlp_down,5,1.0,0.9856390357017516,341,E1_addition
59,22,addition,mlp_down,6,1.0,0.9865964651107788,341,E1_addition
59,22,addition,mlp_down,8,1.0,0.9865964651107788,341,E1_addition
59,22,addition,mlp_down,10,1.0,0.9865964651107788,341,E1_addition
59,22,addition,mlp_down,12,1.0,0.9865964651107788,341,E1_addition
59,22,addition,mlp_down,16,1.0,0.9865964651107788,341,E1_addition
59,22,addition,mlp_down,23,1.0,0.9865964651107788,341,E1_addition
59,23,addition,mlp_gate,2,0.020833333954215,0.0268070846796035,341,E1_addition
59,23,addition,mlp_gate,3,0.0919540226459503,0.0842508375644683,341,E1_addition
59,23,addition,mlp_gate,4,0.1364942491054535,0.1206318810582161,341,E1_addition
59,23,addition,mlp_gate,5,0.7133620381355286,0.6854954361915588,341,E1_addition
59,23,addition,mlp_gate,6,1.0,0.9770224690437316,341,E1_addition
59,23,addition,mlp_gate,8,1.0,0.9770224690437316,341,E1_addition
59,23,addition,mlp_gate,10,1.0,0.9770224690437316,341,E1_addition
59,23,addition,mlp_gate,12,1.0,0.9770224690437316,341,E1_addition
59,23,addition,mlp_gate,16,1.0,0.9770224690437316,341,E1_addition
59,23,addition,mlp_gate,23,1.0,0.9770224690437316,341,E1_addition
59,23,addition,mlp_up,2,0.035919539630413,0.0368597432971,341,E1_addition
59,23,addition,mlp_up,3,0.5783045887947083,0.5710866451263428,341,E1_addition
59,23,addition,mlp_up,4,1.0,0.9770224690437316,341,E1_addition
59,23,addition,mlp_up,5,1.0,0.9770224690437316,341,E1_addition
59,23,addition,mlp_up,6,1.0,0.9770224690437316,341,E1_addition
59,23,addition,mlp_up,8,1.0,0.9770224690437316,341,E1_addition
59,23,addition,mlp_up,10,1.0,0.9770224690437316,341,E1_addition
59,23,addition,mlp_up,12,1.0,0.9770224690437316,341,E1_addition
59,23,addition,mlp_up,16,1.0,0.9770224690437316,341,E1_addition
59,23,addition,mlp_up,23,1.0,0.9770224690437316,341,E1_addition
59,23,addition,mlp_down,2,0.0502873547375202,0.0392532311379909,341,E1_addition
59,23,addition,mlp_down,3,0.5840517282485962,0.5605552792549133,341,E1_addition
59,23,addition,mlp_down,4,1.0,0.9770224690437316,341,E1_addition
59,23,addition,mlp_down,5,1.0,0.9770224690437316,341,E1_addition
59,23,addition,mlp_down,6,1.0,0.9770224690437316,341,E1_addition
59,23,addition,mlp_down,8,1.0,0.9770224690437316,341,E1_addition
59,23,addition,mlp_down,10,1.0,0.9770224690437316,341,E1_addition
59,23,addition,mlp_down,12,1.0,0.9770224690437316,341,E1_addition
59,23,addition,mlp_down,16,1.0,0.9770224690437316,341,E1_addition
59,23,addition,mlp_down,23,1.0,0.9770224690437316,341,E1_addition
59,24,addition,mlp_gate,2,0.0143678160384297,0.0258496887981891,341,E1_addition
59,24,addition,mlp_gate,3,0.2356321811676025,0.2398276627063751,341,E1_addition
59,24,addition,mlp_gate,4,0.6329023241996765,0.623264729976654,341,E1_addition
59,24,addition,mlp_gate,5,1.0,0.9818094968795776,341,E1_addition
59,24,addition,mlp_gate,6,1.0,0.9865964651107788,341,E1_addition
59,24,addition,mlp_gate,8,1.0,0.9865964651107788,341,E1_addition
59,24,addition,mlp_gate,10,1.0,0.9865964651107788,341,E1_addition
59,24,addition,mlp_gate,12,1.0,0.9865964651107788,341,E1_addition
59,24,addition,mlp_gate,16,1.0,0.9865964651107788,341,E1_addition
59,24,addition,mlp_gate,23,1.0,0.9865964651107788,341,E1_addition
59,24,addition,mlp_up,2,0.2464080452919006,0.2426998615264892,341,E1_addition
59,24,addition,mlp_up,3,0.1961206942796707,0.1900430768728256,341,E1_addition
59,24,addition,mlp_up,4,0.7449712753295898,0.7180469036102295,341,E1_addition
59,24,addition,mlp_up,5,1.0,0.9865964651107788,341,E1_addition
59,24,addition,mlp_up,6,1.0,0.9865964651107788,341,E1_addition
59,24,addition,mlp_up,8,1.0,0.9865964651107788,341,E1_addition
59,24,addition,mlp_up,10,1.0,0.9865964651107788,341,E1_addition
59,24,addition,mlp_up,12,1.0,0.9865964651107788,341,E1_addition
59,24,addition,mlp_up,16,1.0,0.9865964651107788,341,E1_addition
59,24,addition,mlp_up,23,1.0,0.9865964651107788,341,E1_addition
59,24,addition,mlp_down,2,0.0387931019067764,0.0507419817149639,341,E1_addition
59,24,addition,mlp_down,3,0.8405172228813171,0.796553373336792,341,E1_addition
59,24,addition,mlp_down,4,0.9985632300376892,0.9837242960929872,341,E1_addition
59,24,addition,mlp_down,5,1.0,0.9865964651107788,341,E1_addition
59,24,addition,mlp_down,6,1.0,0.9865964651107788,341,E1_addition
59,24,addition,mlp_down,8,1.0,0.9865964651107788,341,E1_addition
59,24,addition,mlp_down,10,1.0,0.9865964651107788,341,E1_addition
59,24,addition,mlp_down,12,1.0,0.9865964651107788,341,E1_addition
59,24,addition,mlp_down,16,1.0,0.9865964651107788,341,E1_addition
59,24,addition,mlp_down,23,1.0,0.9865964651107788,341,E1_addition
59,25,addition,mlp_gate,2,0.0948275849223136,0.048348493874073,341,E1_addition
59,25,addition,mlp_gate,3,0.5086206793785095,0.2245093286037445,341,E1_addition
59,25,addition,mlp_gate,4,0.8261494040489197,0.3609382510185241,341,E1_addition
59,25,addition,mlp_gate,5,0.994252860546112,0.4427956044673919,341,E1_addition
59,25,addition,mlp_gate,6,0.9992815852165222,0.449018657207489,341,E1_addition
59,25,addition,mlp_gate,8,1.0,0.4485399723052978,341,E1_addition
59,25,addition,mlp_gate,10,1.0,0.4480612874031067,341,E1_addition
59,25,addition,mlp_gate,12,1.0,0.4480612874031067,341,E1_addition
59,25,addition,mlp_gate,16,1.0,0.4480612874031067,341,E1_addition
59,25,addition,mlp_gate,23,1.0,0.4480612874031067,341,E1_addition
59,25,addition,mlp_up,2,0.2198275923728943,0.0914313048124313,341,E1_addition
59,25,addition,mlp_up,3,0.9396551847457886,0.419818103313446,341,E1_addition
59,25,addition,mlp_up,4,1.0,0.4461464881896972,341,E1_addition
59,25,addition,mlp_up,5,1.0,0.4475825726985931,341,E1_addition
59,25,addition,mlp_up,6,1.0,0.4480612874031067,341,E1_addition
59,25,addition,mlp_up,8,1.0,0.4480612874031067,341,E1_addition
59,25,addition,mlp_up,10,1.0,0.4480612874031067,341,E1_addition
59,25,addition,mlp_up,12,1.0,0.4480612874031067,341,E1_addition
59,25,addition,mlp_up,16,1.0,0.4480612874031067,341,E1_addition
59,25,addition,mlp_up,23,1.0,0.4480612874031067,341,E1_addition
59,25,addition,mlp_down,2,0.0538793094456195,0.0354236476123333,341,E1_addition
59,25,addition,mlp_down,3,0.6113505959510803,0.2790808975696563,341,E1_addition
59,25,addition,mlp_down,4,0.9856321811676024,0.4380086064338684,341,E1_addition
59,25,addition,mlp_down,5,1.0,0.4504547715187073,341,E1_addition
59,25,addition,mlp_down,6,1.0,0.4499760568141937,341,E1_addition
59,25,addition,mlp_down,8,1.0,0.4485399723052978,341,E1_addition
59,25,addition,mlp_down,10,1.0,0.4480612874031067,341,E1_addition
59,25,addition,mlp_down,12,1.0,0.4480612874031067,341,E1_addition
59,25,addition,mlp_down,16,1.0,0.4480612874031067,341,E1_addition
59,25,addition,mlp_down,23,1.0,0.4480612874031067,341,E1_addition
59,26,addition,mlp_gate,2,0.030890803784132,0.0296792723238468,341,E1_addition
59,26,addition,mlp_gate,3,0.4073275923728943,0.4150311052799225,341,E1_addition
59,26,addition,mlp_gate,4,0.9971264600753784,0.9554811120033264,341,E1_addition
59,26,addition,mlp_gate,5,1.0,0.9684059619903564,341,E1_addition
59,26,addition,mlp_gate,6,1.0,0.9674485325813292,341,E1_addition
59,26,addition,mlp_gate,8,1.0,0.9684059619903564,341,E1_addition
59,26,addition,mlp_gate,10,1.0,0.9693633317947388,341,E1_addition
59,26,addition,mlp_gate,12,1.0,0.9693633317947388,341,E1_addition
59,26,addition,mlp_gate,16,1.0,0.9693633317947388,341,E1_addition
59,26,addition,mlp_gate,23,1.0,0.9693633317947388,341,E1_addition
59,26,addition,mlp_up,2,0.0675287321209907,0.0713259950280189,341,E1_addition
59,26,addition,mlp_up,3,0.977729856967926,0.9348970651626588,341,E1_addition
59,26,addition,mlp_up,4,0.9992815852165222,0.9640976786613464,341,E1_addition
59,26,addition,mlp_up,5,1.0,0.9693633317947388,341,E1_addition
59,26,addition,mlp_up,6,1.0,0.9693633317947388,341,E1_addition
59,26,addition,mlp_up,8,1.0,0.9693633317947388,341,E1_addition
59,26,addition,mlp_up,10,1.0,0.9693633317947388,341,E1_addition
59,26,addition,mlp_up,12,1.0,0.9693633317947388,341,E1_addition
59,26,addition,mlp_up,16,1.0,0.9693633317947388,341,E1_addition
59,26,addition,mlp_up,23,1.0,0.9693633317947388,341,E1_addition
59,26,addition,mlp_down,2,0.0531609207391738,0.0636668279767036,341,E1_addition
59,26,addition,mlp_down,3,0.954741358757019,0.8932503461837769,341,E1_addition
59,26,addition,mlp_down,4,1.0,0.9674485325813292,341,E1_addition
59,26,addition,mlp_down,5,1.0,0.9693633317947388,341,E1_addition
59,26,addition,mlp_down,6,1.0,0.9693633317947388,341,E1_addition
59,26,addition,mlp_down,8,1.0,0.9693633317947388,341,E1_addition
59,26,addition,mlp_down,10,1.0,0.9693633317947388,341,E1_addition
59,26,addition,mlp_down,12,1.0,0.9693633317947388,341,E1_addition
59,26,addition,mlp_down,16,1.0,0.9693633317947388,341,E1_addition
59,26,addition,mlp_down,23,1.0,0.9693633317947388,341,E1_addition
59,27,addition,mlp_gate,2,0.1774425208568573,0.1866921931505203,341,E1_addition
59,27,addition,mlp_gate,3,0.4698275923728943,0.4442316889762878,341,E1_addition
59,27,addition,mlp_gate,4,1.0,0.9818094968795776,341,E1_addition
59,27,addition,mlp_gate,5,1.0,0.9837242960929872,341,E1_addition
59,27,addition,mlp_gate,6,1.0,0.9851603507995604,341,E1_addition
59,27,addition,mlp_gate,8,1.0,0.9861177802085876,341,E1_addition
59,27,addition,mlp_gate,10,1.0,0.9861177802085876,341,E1_addition
59,27,addition,mlp_gate,12,1.0,0.9861177802085876,341,E1_addition
59,27,addition,mlp_gate,16,1.0,0.9861177802085876,341,E1_addition
59,27,addition,mlp_gate,23,1.0,0.9861177802085876,341,E1_addition
59,27,addition,mlp_up,2,0.5416666865348816,0.4973671734333038,341,E1_addition
59,27,addition,mlp_up,3,0.9554597735404968,0.9320248961448668,341,E1_addition
59,27,addition,mlp_up,4,1.0,0.9851603507995604,341,E1_addition
59,27,addition,mlp_up,5,1.0,0.9861177802085876,341,E1_addition
59,27,addition,mlp_up,6,1.0,0.9851603507995604,341,E1_addition
59,27,addition,mlp_up,8,1.0,0.9861177802085876,341,E1_addition
59,27,addition,mlp_up,10,1.0,0.9861177802085876,341,E1_addition
59,27,addition,mlp_up,12,1.0,0.9861177802085876,341,E1_addition
59,27,addition,mlp_up,16,1.0,0.9861177802085876,341,E1_addition
59,27,addition,mlp_up,23,1.0,0.9861177802085876,341,E1_addition
59,27,addition,mlp_down,2,0.4468390643596649,0.4140737056732178,341,E1_addition
59,27,addition,mlp_down,3,0.964798867702484,0.936811864376068,341,E1_addition
59,27,addition,mlp_down,4,1.0,0.9851603507995604,341,E1_addition
59,27,addition,mlp_down,5,1.0,0.98276686668396,341,E1_addition
59,27,addition,mlp_down,6,1.0,0.9861177802085876,341,E1_addition
59,27,addition,mlp_down,8,1.0,0.9861177802085876,341,E1_addition
59,27,addition,mlp_down,10,1.0,0.9861177802085876,341,E1_addition
59,27,addition,mlp_down,12,1.0,0.9861177802085876,341,E1_addition
59,27,addition,mlp_down,16,1.0,0.9861177802085876,341,E1_addition
59,27,addition,mlp_down,23,1.0,0.9861177802085876,341,E1_addition
59,28,addition,mlp_gate,2,0.0725574716925621,0.048348493874073,341,E1_addition
59,28,addition,mlp_gate,3,0.1156609207391738,0.0799425542354583,341,E1_addition
59,28,addition,mlp_gate,4,0.263649433851242,0.1728099584579467,341,E1_addition
59,28,addition,mlp_gate,5,0.858476996421814,0.5969363451004028,341,E1_addition
59,28,addition,mlp_gate,6,0.9992815852165222,0.7295356392860413,341,E1_addition
59,28,addition,mlp_gate,8,1.0,0.7453327178955078,341,E1_addition
59,28,addition,mlp_gate,10,1.0,0.7448539733886719,341,E1_addition
59,28,addition,mlp_gate,12,1.0,0.7448539733886719,341,E1_addition
59,28,addition,mlp_gate,16,1.0,0.7448539733886719,341,E1_addition
59,28,addition,mlp_gate,23,1.0,0.7448539733886719,341,E1_addition
59,28,addition,mlp_up,2,0.0589080452919006,0.0359023436903953,341,E1_addition
59,28,addition,mlp_up,3,0.8412356376647949,0.5897558927536011,341,E1_addition
59,28,addition,mlp_up,4,1.0,0.7204403877258301,341,E1_addition
59,28,addition,mlp_up,5,1.0,0.7448539733886719,341,E1_addition
59,28,addition,mlp_up,6,1.0,0.745811402797699,341,E1_addition
59,28,addition,mlp_up,8,1.0,0.7434179186820984,341,E1_addition
59,28,addition,mlp_up,10,1.0,0.7443752884864807,341,E1_addition
59,28,addition,mlp_up,12,1.0,0.7448539733886719,341,E1_addition
59,28,addition,mlp_up,16,1.0,0.7448539733886719,341,E1_addition
59,28,addition,mlp_up,23,1.0,0.7448539733886719,341,E1_addition
59,28,addition,mlp_down,2,0.0445402301847934,0.0382958352565765,341,E1_addition
59,28,addition,mlp_down,3,0.5079023241996765,0.3441838324069977,341,E1_addition
59,28,addition,mlp_down,4,0.983476996421814,0.7266634702682495,341,E1_addition
59,28,addition,mlp_down,5,1.0,0.7381522059440613,341,E1_addition
59,28,addition,mlp_down,6,1.0,0.7395883202552795,341,E1_addition
59,28,addition,mlp_down,8,1.0,0.7429392337799072,341,E1_addition
59,28,addition,mlp_down,10,1.0,0.7448539733886719,341,E1_addition
59,28,addition,mlp_down,12,1.0,0.7448539733886719,341,E1_addition
59,28,addition,mlp_down,16,1.0,0.7448539733886719,341,E1_addition
59,28,addition,mlp_down,23,1.0,0.7448539733886719,341,E1_addition
59,29,addition,mlp_gate,2,0.0237068962305784,0.018669219687581,341,E1_addition
59,29,addition,mlp_gate,3,0.1436781585216522,0.1402584910392761,341,E1_addition
59,29,addition,mlp_gate,4,0.6875,0.6620392799377441,341,E1_addition
59,29,addition,mlp_gate,5,1.0,0.9832455515861512,341,E1_addition
59,29,addition,mlp_gate,6,1.0,0.9832455515861512,341,E1_addition
59,29,addition,mlp_gate,8,1.0,0.9832455515861512,341,E1_addition
59,29,addition,mlp_gate,10,1.0,0.9832455515861512,341,E1_addition
59,29,addition,mlp_gate,12,1.0,0.9832455515861512,341,E1_addition
59,29,addition,mlp_gate,16,1.0,0.9832455515861512,341,E1_addition
59,29,addition,mlp_gate,23,1.0,0.9832455515861512,341,E1_addition
59,29,addition,mlp_up,2,0.247126430273056,0.2599329948425293,341,E1_addition
59,29,addition,mlp_up,3,0.6767241358757019,0.639540433883667,341,E1_addition
59,29,addition,mlp_up,4,0.9920976758003236,0.957874596118927,341,E1_addition
59,29,addition,mlp_up,5,1.0,0.9832455515861512,341,E1_addition
59,29,addition,mlp_up,6,1.0,0.9832455515861512,341,E1_addition
59,29,addition,mlp_up,8,1.0,0.9832455515861512,341,E1_addition
59,29,addition,mlp_up,10,1.0,0.9832455515861512,341,E1_addition
59,29,addition,mlp_up,12,1.0,0.9832455515861512,341,E1_addition
59,29,addition,mlp_up,16,1.0,0.9832455515861512,341,E1_addition
59,29,addition,mlp_up,23,1.0,0.9832455515861512,341,E1_addition
59,29,addition,mlp_down,2,0.0646551698446273,0.0713259950280189,341,E1_addition
59,29,addition,mlp_down,3,0.8850574493408203,0.8606988787651062,341,E1_addition
59,29,addition,mlp_down,4,0.9985632300376892,0.97845858335495,341,E1_addition
59,29,addition,mlp_down,5,1.0,0.9832455515861512,341,E1_addition
59,29,addition,mlp_down,6,1.0,0.9832455515861512,341,E1_addition
59,29,addition,mlp_down,8,1.0,0.9832455515861512,341,E1_addition
59,29,addition,mlp_down,10,1.0,0.9832455515861512,341,E1_addition
59,29,addition,mlp_down,12,1.0,0.9832455515861512,341,E1_addition
59,29,addition,mlp_down,16,1.0,0.9832455515861512,341,E1_addition
59,29,addition,mlp_down,23,1.0,0.9832455515861512,341,E1_addition
59,30,addition,mlp_gate,2,0.0215517245233058,0.0215414073318243,341,E1_addition
59,30,addition,mlp_gate,3,0.1343390792608261,0.1182383894920349,341,E1_addition
59,30,addition,mlp_gate,4,0.9813218116760254,0.9502153992652892,341,E1_addition
59,30,addition,mlp_gate,5,1.0,0.9669698476791382,341,E1_addition
59,30,addition,mlp_gate,6,1.0,0.9679272174835204,341,E1_addition
59,30,addition,mlp_gate,8,1.0,0.9679272174835204,341,E1_addition
59,30,addition,mlp_gate,10,1.0,0.9679272174835204,341,E1_addition
59,30,addition,mlp_gate,12,1.0,0.9679272174835204,341,E1_addition
59,30,addition,mlp_gate,16,1.0,0.9679272174835204,341,E1_addition
59,30,addition,mlp_gate,23,1.0,0.9679272174835204,341,E1_addition
59,30,addition,mlp_up,2,0.0323275849223136,0.0368597432971,341,E1_addition
59,30,addition,mlp_up,3,0.9956896305084229,0.9607467651367188,341,E1_addition
59,30,addition,mlp_up,4,1.0,0.9684059619903564,341,E1_addition
59,30,addition,mlp_up,5,1.0,0.9674485325813292,341,E1_addition
59,30,addition,mlp_up,6,1.0,0.9679272174835204,341,E1_addition
59,30,addition,mlp_up,8,1.0,0.9679272174835204,341,E1_addition
59,30,addition,mlp_up,10,1.0,0.9679272174835204,341,E1_addition
59,30,addition,mlp_up,12,1.0,0.9679272174835204,341,E1_addition
59,30,addition,mlp_up,16,1.0,0.9679272174835204,341,E1_addition
59,30,addition,mlp_up,23,1.0,0.9679272174835204,341,E1_addition
59,30,addition,mlp_down,2,0.0244252867996692,0.0354236476123333,341,E1_addition
59,30,addition,mlp_down,3,0.9583333134651184,0.9253231287002563,341,E1_addition
59,30,addition,mlp_down,4,1.0,0.9679272174835204,341,E1_addition
59,30,addition,mlp_down,5,1.0,0.9679272174835204,341,E1_addition
59,30,addition,mlp_down,6,1.0,0.9693633317947388,341,E1_addition
59,30,addition,mlp_down,8,1.0,0.9679272174835204,341,E1_addition
59,30,addition,mlp_down,10,1.0,0.9679272174835204,341,E1_addition
59,30,addition,mlp_down,12,1.0,0.9679272174835204,341,E1_addition
59,30,addition,mlp_down,16,1.0,0.9679272174835204,341,E1_addition
59,30,addition,mlp_down,23,1.0,0.9679272174835204,341,E1_addition
59,31,addition,mlp_gate,2,0.0452586188912391,0.0445189103484153,341,E1_addition
59,31,addition,mlp_gate,3,0.5409482717514038,0.5323120951652527,341,E1_addition
59,31,addition,mlp_gate,4,0.9971264600753784,0.9731929302215576,341,E1_addition
59,31,addition,mlp_gate,5,1.0,0.9808520674705504,341,E1_addition
59,31,addition,mlp_gate,6,1.0,0.9808520674705504,341,E1_addition
59,31,addition,mlp_gate,8,1.0,0.9808520674705504,341,E1_addition
59,31,addition,mlp_gate,10,1.0,0.9808520674705504,341,E1_addition
59,31,addition,mlp_gate,12,1.0,0.9808520674705504,341,E1_addition
59,31,addition,mlp_gate,16,1.0,0.9808520674705504,341,E1_addition
59,31,addition,mlp_gate,23,1.0,0.9808520674705504,341,E1_addition
59,31,addition,mlp_up,2,0.2780172526836395,0.2637625634670257,341,E1_addition
59,31,addition,mlp_up,3,0.9949712753295898,0.962182879447937,341,E1_addition
59,31,addition,mlp_up,4,1.0,0.9808520674705504,341,E1_addition
59,31,addition,mlp_up,5,1.0,0.9808520674705504,341,E1_addition
59,31,addition,mlp_up,6,1.0,0.9808520674705504,341,E1_addition
59,31,addition,mlp_up,8,1.0,0.9808520674705504,341,E1_addition
59,31,addition,mlp_up,10,1.0,0.9808520674705504,341,E1_addition
59,31,addition,mlp_up,12,1.0,0.9808520674705504,341,E1_addition
59,31,addition,mlp_up,16,1.0,0.9808520674705504,341,E1_addition
59,31,addition,mlp_up,23,1.0,0.9808520674705504,341,E1_addition
59,31,addition,mlp_down,2,0.3347701132297516,0.3336524665355682,341,E1_addition
59,31,addition,mlp_down,3,0.9899425506591796,0.9712781310081482,341,E1_addition
59,31,addition,mlp_down,4,1.0,0.9789372682571412,341,E1_addition
59,31,addition,mlp_down,5,1.0,0.9808520674705504,341,E1_addition
59,31,addition,mlp_down,6,1.0,0.9808520674705504,341,E1_addition
59,31,addition,mlp_down,8,1.0,0.9808520674705504,341,E1_addition
59,31,addition,mlp_down,10,1.0,0.9808520674705504,341,E1_addition
59,31,addition,mlp_down,12,1.0,0.9808520674705504,341,E1_addition
59,31,addition,mlp_down,16,1.0,0.9808520674705504,341,E1_addition
59,31,addition,mlp_down,23,1.0,0.9808520674705504,341,E1_addition
59,32,addition,mlp_gate,2,0.0251436773687601,0.0172331258654594,341,E1_addition
59,32,addition,mlp_gate,3,0.1760057508945465,0.1191957890987396,341,E1_addition
59,32,addition,mlp_gate,4,0.7241379022598267,0.4542843401432037,341,E1_addition
59,32,addition,mlp_gate,5,0.9841954112052916,0.6658688187599182,341,E1_addition
59,32,addition,mlp_gate,6,1.0,0.6998564004898071,341,E1_addition
59,32,addition,mlp_gate,8,1.0,0.7027285695075989,341,E1_addition
59,32,addition,mlp_gate,10,1.0,0.7046433687210083,341,E1_addition
59,32,addition,mlp_gate,12,1.0,0.7065581679344177,341,E1_addition
59,32,addition,mlp_gate,16,1.0,0.7060794830322266,341,E1_addition
59,32,addition,mlp_gate,23,1.0,0.7060794830322266,341,E1_addition
59,32,addition,mlp_up,2,0.0574712641537189,0.0416467189788818,341,E1_addition
59,32,addition,mlp_up,3,0.5553160905838013,0.3336524665355682,341,E1_addition
59,32,addition,mlp_up,4,1.0,0.6893250346183777,341,E1_addition
59,32,addition,mlp_up,5,1.0,0.7027285695075989,341,E1_addition
59,32,addition,mlp_up,6,1.0,0.7051220536231995,341,E1_addition
59,32,addition,mlp_up,8,1.0,0.7065581679344177,341,E1_addition
59,32,addition,mlp_up,10,1.0,0.7060794830322266,341,E1_addition
59,32,addition,mlp_up,12,1.0,0.7060794830322266,341,E1_addition
59,32,addition,mlp_up,16,1.0,0.7060794830322266,341,E1_addition
59,32,addition,mlp_up,23,1.0,0.7060794830322266,341,E1_addition
59,32,addition,mlp_down,2,0.0804597735404968,0.0574437528848648,341,E1_addition
59,32,addition,mlp_down,3,0.516523003578186,0.3422690331935882,341,E1_addition
59,32,addition,mlp_down,4,0.954741358757019,0.6543800830841064,341,E1_addition
59,32,addition,mlp_down,5,0.9978448152542114,0.70320725440979,341,E1_addition
59,32,addition,mlp_down,6,1.0,0.6979416012763977,341,E1_addition
59,32,addition,mlp_down,8,1.0,0.7046433687210083,341,E1_addition
59,32,addition,mlp_down,10,1.0,0.7060794830322266,341,E1_addition
59,32,addition,mlp_down,12,1.0,0.7060794830322266,341,E1_addition
59,32,addition,mlp_down,16,1.0,0.7060794830322266,341,E1_addition
59,32,addition,mlp_down,23,1.0,0.7060794830322266,341,E1_addition
59,33,addition,mlp_gate,2,0.0409482754766941,0.0330301597714424,341,E1_addition
59,33,addition,mlp_gate,3,0.1063218414783477,0.0866443291306495,341,E1_addition
59,33,addition,mlp_gate,4,0.6666666865348816,0.6414552330970764,341,E1_addition
59,33,addition,mlp_gate,5,1.0,0.9865964651107788,341,E1_addition
59,33,addition,mlp_gate,6,1.0,0.9865964651107788,341,E1_addition
59,33,addition,mlp_gate,8,1.0,0.9875538349151612,341,E1_addition
59,33,addition,mlp_gate,10,1.0,0.9875538349151612,341,E1_addition
59,33,addition,mlp_gate,12,1.0,0.9875538349151612,341,E1_addition
59,33,addition,mlp_gate,16,1.0,0.9875538349151612,341,E1_addition
59,33,addition,mlp_gate,23,1.0,0.9875538349151612,341,E1_addition
59,33,addition,mlp_up,2,0.0811781585216522,0.0694112032651901,341,E1_addition
59,33,addition,mlp_up,3,0.4748563170433044,0.4566778242588043,341,E1_addition
59,33,addition,mlp_up,4,0.8714080452919006,0.822403073310852,341,E1_addition
59,33,addition,mlp_up,5,0.9813218116760254,0.9521301984786988,341,E1_addition
59,33,addition,mlp_up,6,1.0,0.9875538349151612,341,E1_addition
59,33,addition,mlp_up,8,1.0,0.9875538349151612,341,E1_addition
59,33,addition,mlp_up,10,1.0,0.9875538349151612,341,E1_addition
59,33,addition,mlp_up,12,1.0,0.9875538349151612,341,E1_addition
59,33,addition,mlp_up,16,1.0,0.9875538349151612,341,E1_addition
59,33,addition,mlp_up,23,1.0,0.9875538349151612,341,E1_addition
59,33,addition,mlp_down,2,0.0488505735993385,0.048348493874073,341,E1_addition
59,33,addition,mlp_down,3,0.2334770113229751,0.2292963117361068,341,E1_addition
59,33,addition,mlp_down,4,0.9080459475517272,0.8583053946495056,341,E1_addition
59,33,addition,mlp_down,5,1.0,0.98707515001297,341,E1_addition
59,33,addition,mlp_down,6,1.0,0.9880325794219972,341,E1_addition
59,33,addition,mlp_down,8,1.0,0.9880325794219972,341,E1_addition
59,33,addition,mlp_down,10,1.0,0.9875538349151612,341,E1_addition
59,33,addition,mlp_down,12,1.0,0.9875538349151612,341,E1_addition
59,33,addition,mlp_down,16,1.0,0.9875538349151612,341,E1_addition
59,33,addition,mlp_down,23,1.0,0.9875538349151612,341,E1_addition
59,34,addition,mlp_gate,2,0.097701147198677,0.0933460965752601,341,E1_addition
59,34,addition,mlp_gate,3,0.9504310488700868,0.9061751961708068,341,E1_addition
59,34,addition,mlp_gate,4,1.0,0.9712781310081482,341,E1_addition
59,34,addition,mlp_gate,5,1.0,0.9736716151237488,341,E1_addition
59,34,addition,mlp_gate,6,1.0,0.9736716151237488,341,E1_addition
59,34,addition,mlp_gate,8,1.0,0.9736716151237488,341,E1_addition
59,34,addition,mlp_gate,10,1.0,0.9736716151237488,341,E1_addition
59,34,addition,mlp_gate,12,1.0,0.9736716151237488,341,E1_addition
59,34,addition,mlp_gate,16,1.0,0.9736716151237488,341,E1_addition
59,34,addition,mlp_gate,23,1.0,0.9736716151237488,341,E1_addition
59,34,addition,mlp_up,2,0.1774425208568573,0.200574442744255,341,E1_addition
59,34,addition,mlp_up,3,0.8433908224105835,0.7912877202033997,341,E1_addition
59,34,addition,mlp_up,4,1.0,0.9736716151237488,341,E1_addition
59,34,addition,mlp_up,5,1.0,0.9727141857147216,341,E1_addition
59,34,addition,mlp_up,6,1.0,0.9736716151237488,341,E1_addition
59,34,addition,mlp_up,8,1.0,0.9736716151237488,341,E1_addition
59,34,addition,mlp_up,10,1.0,0.9736716151237488,341,E1_addition
59,34,addition,mlp_up,12,1.0,0.9736716151237488,341,E1_addition
59,34,addition,mlp_up,16,1.0,0.9736716151237488,341,E1_addition
59,34,addition,mlp_up,23,1.0,0.9736716151237488,341,E1_addition
59,34,addition,mlp_down,2,0.1336206942796707,0.1282910406589508,341,E1_addition
59,34,addition,mlp_down,3,0.9446839094161988,0.9004307985305786,341,E1_addition
59,34,addition,mlp_down,4,1.0,0.9703207015991212,341,E1_addition
59,34,addition,mlp_down,5,1.0,0.9727141857147216,341,E1_addition
59,34,addition,mlp_down,6,1.0,0.9736716151237488,341,E1_addition
59,34,addition,mlp_down,8,1.0,0.9736716151237488,341,E1_addition
59,34,addition,mlp_down,10,1.0,0.9736716151237488,341,E1_addition
59,34,addition,mlp_down,12,1.0,0.9736716151237488,341,E1_addition
59,34,addition,mlp_down,16,1.0,0.9736716151237488,341,E1_addition
59,34,addition,mlp_down,23,1.0,0.9736716151237488,341,E1_addition
59,35,addition,mlp_gate,2,0.0481321848928928,0.0354236476123333,341,E1_addition
59,35,addition,mlp_gate,3,0.585488498210907,0.5490665435791016,341,E1_addition
59,35,addition,mlp_gate,4,1.0,0.9674485325813292,341,E1_addition
59,35,addition,mlp_gate,5,1.0,0.9674485325813292,341,E1_addition
59,35,addition,mlp_gate,6,1.0,0.9674485325813292,341,E1_addition
59,35,addition,mlp_gate,8,1.0,0.9674485325813292,341,E1_addition
59,35,addition,mlp_gate,10,1.0,0.9674485325813292,341,E1_addition
59,35,addition,mlp_gate,12,1.0,0.9674485325813292,341,E1_addition
59,35,addition,mlp_gate,16,1.0,0.9674485325813292,341,E1_addition
59,35,addition,mlp_gate,23,1.0,0.9674485325813292,341,E1_addition
59,35,addition,mlp_up,2,0.3010057508945465,0.2589755952358246,341,E1_addition
59,35,addition,mlp_up,3,0.8498563170433044,0.8037338256835938,341,E1_addition
59,35,addition,mlp_up,4,1.0,0.9674485325813292,341,E1_addition
59,35,addition,mlp_up,5,1.0,0.9674485325813292,341,E1_addition
59,35,addition,mlp_up,6,1.0,0.9674485325813292,341,E1_addition
59,35,addition,mlp_up,8,1.0,0.9674485325813292,341,E1_addition
59,35,addition,mlp_up,10,1.0,0.9674485325813292,341,E1_addition
59,35,addition,mlp_up,12,1.0,0.9674485325813292,341,E1_addition
59,35,addition,mlp_up,16,1.0,0.9674485325813292,341,E1_addition
59,35,addition,mlp_up,23,1.0,0.9674485325813292,341,E1_addition
59,35,addition,mlp_down,2,0.2176724076271057,0.200574442744255,341,E1_addition
59,35,addition,mlp_down,3,0.9597700834274292,0.9143130779266356,341,E1_addition
59,35,addition,mlp_down,4,1.0,0.9674485325813292,341,E1_addition
59,35,addition,mlp_down,5,1.0,0.9674485325813292,341,E1_addition
59,35,addition,mlp_down,6,1.0,0.9674485325813292,341,E1_addition
59,35,addition,mlp_down,8,1.0,0.9674485325813292,341,E1_addition
59,35,addition,mlp_down,10,1.0,0.9674485325813292,341,E1_addition
59,35,addition,mlp_down,12,1.0,0.9674485325813292,341,E1_addition
59,35,addition,mlp_down,16,1.0,0.9674485325813292,341,E1_addition
59,35,addition,mlp_down,23,1.0,0.9674485325813292,341,E1_addition
59,36,addition,mlp_gate,2,0.0337643660604953,0.0339875519275665,341,E1_addition
59,36,addition,mlp_gate,3,0.1903735697269439,0.1742460429668426,341,E1_addition
59,36,addition,mlp_gate,4,0.8958333134651184,0.8578267097473145,341,E1_addition
59,36,addition,mlp_gate,5,0.9992815852165222,0.9684059619903564,341,E1_addition
59,36,addition,mlp_gate,6,1.0,0.975107729434967,341,E1_addition
59,36,addition,mlp_gate,8,1.0,0.975107729434967,341,E1_addition
59,36,addition,mlp_gate,10,1.0,0.975107729434967,341,E1_addition
59,36,addition,mlp_gate,12,1.0,0.975107729434967,341,E1_addition
59,36,addition,mlp_gate,16,1.0,0.975107729434967,341,E1_addition
59,36,addition,mlp_gate,23,1.0,0.975107729434967,341,E1_addition
59,36,addition,mlp_up,2,0.0603448264300823,0.0512206777930259,341,E1_addition
59,36,addition,mlp_up,3,0.5912356376647949,0.5792245268821716,341,E1_addition
59,36,addition,mlp_up,4,0.7241379022598267,0.699377715587616,341,E1_addition
59,36,addition,mlp_up,5,1.0,0.9727141857147216,341,E1_addition
59,36,addition,mlp_up,6,1.0,0.975107729434967,341,E1_addition
59,36,addition,mlp_up,8,1.0,0.975107729434967,341,E1_addition
59,36,addition,mlp_up,10,1.0,0.975107729434967,341,E1_addition
59,36,addition,mlp_up,12,1.0,0.975107729434967,341,E1_addition
59,36,addition,mlp_up,16,1.0,0.975107729434967,341,E1_addition
59,36,addition,mlp_up,23,1.0,0.975107729434967,341,E1_addition
59,36,addition,mlp_down,2,0.0172413792461156,0.0191479176282882,341,E1_addition
59,36,addition,mlp_down,3,0.7823275923728943,0.7338439226150513,341,E1_addition
59,36,addition,mlp_down,4,0.9992815852165222,0.9712781310081482,341,E1_addition
59,36,addition,mlp_down,5,1.0,0.975107729434967,341,E1_addition
59,36,addition,mlp_down,6,1.0,0.975107729434967,341,E1_addition
59,36,addition,mlp_down,8,1.0,0.975107729434967,341,E1_addition
59,36,addition,mlp_down,10,1.0,0.975107729434967,341,E1_addition
59,36,addition,mlp_down,12,1.0,0.975107729434967,341,E1_addition
59,36,addition,mlp_down,16,1.0,0.975107729434967,341,E1_addition
59,36,addition,mlp_down,23,1.0,0.975107729434967,341,E1_addition
59,37,addition,mlp_gate,2,0.2112068980932235,0.1910004764795303,341,E1_addition
59,37,addition,mlp_gate,3,0.9928160905838012,0.9889899492263794,341,E1_addition
59,37,addition,mlp_gate,4,1.0,0.9932982325553894,341,E1_addition
59,37,addition,mlp_gate,5,1.0,0.9942556023597716,341,E1_addition
59,37,addition,mlp_gate,6,1.0,0.9942556023597716,341,E1_addition
59,37,addition,mlp_gate,8,1.0,0.9942556023597716,341,E1_addition
59,37,addition,mlp_gate,10,1.0,0.9942556023597716,341,E1_addition
59,37,addition,mlp_gate,12,1.0,0.9942556023597716,341,E1_addition
59,37,addition,mlp_gate,16,1.0,0.9942556023597716,341,E1_addition
59,37,addition,mlp_gate,23,1.0,0.9942556023597716,341,E1_addition
59,37,addition,mlp_up,2,0.3699712753295898,0.36668261885643,341,E1_addition
59,37,addition,mlp_up,3,0.9978448152542114,0.9899473190307616,341,E1_addition
59,37,addition,mlp_up,4,1.0,0.9932982325553894,341,E1_addition
59,37,addition,mlp_up,5,1.0,0.9942556023597716,341,E1_addition
59,37,addition,mlp_up,6,1.0,0.9942556023597716,341,E1_addition
59,37,addition,mlp_up,8,1.0,0.9942556023597716,341,E1_addition
59,37,addition,mlp_up,10,1.0,0.9942556023597716,341,E1_addition
59,37,addition,mlp_up,12,1.0,0.9942556023597716,341,E1_addition
59,37,addition,mlp_up,16,1.0,0.9942556023597716,341,E1_addition
59,37,addition,mlp_up,23,1.0,0.9942556023597716,341,E1_addition
59,37,addition,mlp_down,2,0.1975574642419815,0.1967448592185974,341,E1_addition
59,37,addition,mlp_down,3,1.0,0.9904260635375975,341,E1_addition
59,37,addition,mlp_down,4,1.0,0.9942556023597716,341,E1_addition
59,37,addition,mlp_down,5,1.0,0.9942556023597716,341,E1_addition
59,37,addition,mlp_down,6,1.0,0.9942556023597716,341,E1_addition
59,37,addition,mlp_down,8,1.0,0.9942556023597716,341,E1_addition
59,37,addition,mlp_down,10,1.0,0.9942556023597716,341,E1_addition
59,37,addition,mlp_down,12,1.0,0.9942556023597716,341,E1_addition
59,37,addition,mlp_down,16,1.0,0.9942556023597716,341,E1_addition
59,37,addition,mlp_down,23,1.0,0.9942556023597716,341,E1_addition
59,38,addition,mlp_gate,2,0.0179597698152065,0.0157970320433378,341,E1_addition
59,38,addition,mlp_gate,3,0.1637931019067764,0.1464815735816955,341,E1_addition
59,38,addition,mlp_gate,4,0.6932471394538879,0.6682623028755188,341,E1_addition
59,38,addition,mlp_gate,5,1.0,0.949736714363098,341,E1_addition
59,38,addition,mlp_gate,6,1.0,0.9573959112167358,341,E1_addition
59,38,addition,mlp_gate,8,1.0,0.9564384818077089,341,E1_addition
59,38,addition,mlp_gate,10,1.0,0.9569171667099,341,E1_addition
59,38,addition,mlp_gate,12,1.0,0.9569171667099,341,E1_addition
59,38,addition,mlp_gate,16,1.0,0.9564384818077089,341,E1_addition
59,38,addition,mlp_gate,23,1.0,0.9564384818077089,341,E1_addition
59,38,addition,mlp_up,2,0.0775862038135528,0.0670177116990089,341,E1_addition
59,38,addition,mlp_up,3,0.8807471394538879,0.8286261558532715,341,E1_addition
59,38,addition,mlp_up,4,1.0,0.9554811120033264,341,E1_addition
59,38,addition,mlp_up,5,1.0,0.9573959112167358,341,E1_addition
59,38,addition,mlp_up,6,1.0,0.9573959112167358,341,E1_addition
59,38,addition,mlp_up,8,1.0,0.9564384818077089,341,E1_addition
59,38,addition,mlp_up,10,1.0,0.9564384818077089,341,E1_addition
59,38,addition,mlp_up,12,1.0,0.9564384818077089,341,E1_addition
59,38,addition,mlp_up,16,1.0,0.9564384818077089,341,E1_addition
59,38,addition,mlp_up,23,1.0,0.9564384818077089,341,E1_addition
59,38,addition,mlp_down,2,0.0632183924317359,0.0555289611220359,341,E1_addition
59,38,addition,mlp_down,3,0.795258641242981,0.7228338718414307,341,E1_addition
59,38,addition,mlp_down,4,1.0,0.949258029460907,341,E1_addition
59,38,addition,mlp_down,5,1.0,0.9545236825942992,341,E1_addition
59,38,addition,mlp_down,6,1.0,0.9573959112167358,341,E1_addition
59,38,addition,mlp_down,8,1.0,0.9564384818077089,341,E1_addition
59,38,addition,mlp_down,10,1.0,0.9564384818077089,341,E1_addition
59,38,addition,mlp_down,12,1.0,0.9564384818077089,341,E1_addition
59,38,addition,mlp_down,16,1.0,0.9564384818077089,341,E1_addition
59,38,addition,mlp_down,23,1.0,0.9564384818077089,341,E1_addition
59,39,addition,mlp_gate,2,0.0481321848928928,0.0550502613186836,341,E1_addition
59,39,addition,mlp_gate,3,0.3247126340866089,0.303015798330307,341,E1_addition
59,39,addition,mlp_gate,4,1.0,0.9803733825683594,341,E1_addition
59,39,addition,mlp_gate,5,1.0,0.9818094968795776,341,E1_addition
59,39,addition,mlp_gate,6,1.0,0.9808520674705504,341,E1_addition
59,39,addition,mlp_gate,8,1.0,0.9818094968795776,341,E1_addition
59,39,addition,mlp_gate,10,1.0,0.9818094968795776,341,E1_addition
59,39,addition,mlp_gate,12,1.0,0.9818094968795776,341,E1_addition
59,39,addition,mlp_gate,16,1.0,0.9818094968795776,341,E1_addition
59,39,addition,mlp_gate,23,1.0,0.9818094968795776,341,E1_addition
59,39,addition,mlp_up,2,0.1314655095338821,0.1177596896886825,341,E1_addition
59,39,addition,mlp_up,3,0.3757183849811554,0.3604595363140106,341,E1_addition
59,39,addition,mlp_up,4,1.0,0.979416012763977,341,E1_addition
59,39,addition,mlp_up,5,1.0,0.9822881817817688,341,E1_addition
59,39,addition,mlp_up,6,1.0,0.9818094968795776,341,E1_addition
59,39,addition,mlp_up,8,1.0,0.9818094968795776,341,E1_addition
59,39,addition,mlp_up,10,1.0,0.9818094968795776,341,E1_addition
59,39,addition,mlp_up,12,1.0,0.9818094968795776,341,E1_addition
59,39,addition,mlp_up,16,1.0,0.9818094968795776,341,E1_addition
59,39,addition,mlp_up,23,1.0,0.9818094968795776,341,E1_addition
59,39,addition,mlp_down,2,0.0502873547375202,0.0454763025045394,341,E1_addition
59,39,addition,mlp_down,3,0.5366379022598267,0.5150789618492126,341,E1_addition
59,39,addition,mlp_down,4,1.0,0.9818094968795776,341,E1_addition
59,39,addition,mlp_down,5,1.0,0.9822881817817688,341,E1_addition
59,39,addition,mlp_down,6,1.0,0.9818094968795776,341,E1_addition
59,39,addition,mlp_down,8,1.0,0.9818094968795776,341,E1_addition
59,39,addition,mlp_down,10,1.0,0.9818094968795776,341,E1_addition
59,39,addition,mlp_down,12,1.0,0.9818094968795776,341,E1_addition
59,39,addition,mlp_down,16,1.0,0.9818094968795776,341,E1_addition
59,39,addition,mlp_down,23,1.0,0.9818094968795776,341,E1_addition
