p,seed,task,phase,phase_step,fp32_train_acc,fp32_test_acc,weight_norm,scheme,bits,q_train_acc,q_test_acc,d_ff,train_frac,tag
97,0,subtraction,pre_grok,250,1.0,0.0164718385785818,45.80636077015939,int,2,0.0308264680206775,0.0129295075312256,341,0.4,E5b_subtraction
97,0,subtraction,pre_grok,250,1.0,0.0164718385785818,45.80636077015939,int,3,0.2965718805789947,0.0184201207011938,341,0.4,E5b_subtraction
97,0,subtraction,pre_grok,250,1.0,0.0164718385785818,45.80636077015939,int,4,0.6585171222686768,0.0170031879097223,341,0.4,E5b_subtraction
97,0,subtraction,pre_grok,250,1.0,0.0164718385785818,45.80636077015939,int,5,0.927451491355896,0.0168260708451271,341,0.4,E5b_subtraction
97,0,subtraction,pre_grok,250,1.0,0.0164718385785818,45.80636077015939,int,6,0.995482325553894,0.0171803049743175,341,0.4,E5b_subtraction
97,0,subtraction,pre_grok,250,1.0,0.0164718385785818,45.80636077015939,int,8,1.0,0.0164718385785818,341,0.4,E5b_subtraction
97,0,subtraction,pre_grok,250,1.0,0.0164718385785818,45.80636077015939,int,10,1.0,0.0164718385785818,341,0.4,E5b_subtraction
97,0,subtraction,pre_grok,250,1.0,0.0164718385785818,45.80636077015939,int,12,1.0,0.0164718385785818,341,0.4,E5b_subtraction
97,0,subtraction,pre_grok,250,1.0,0.0164718385785818,45.80636077015939,int,16,1.0,0.0164718385785818,341,0.4,E5b_subtraction
97,0,subtraction,pre_grok,250,1.0,0.0164718385785818,45.80636077015939,int,23,1.0,0.0164718385785818,341,0.4,E5b_subtraction
97,0,subtraction,pre_grok,250,1.0,0.0164718385785818,45.80636077015939,mantissa,2,0.9503056406974792,0.0173574201762676,341,0.4,E5b_subtraction
97,0,subtraction,pre_grok,250,1.0,0.0164718385785818,45.80636077015939,mantissa,3,0.9981397986412048,0.0170031879097223,341,0.4,E5b_subtraction
97,0,subtraction,pre_grok,250,1.0,0.0164718385785818,45.80636077015939,mantissa,4,1.0,0.0164718385785818,341,0.4,E5b_subtraction
97,0,subtraction,pre_grok,250,1.0,0.0164718385785818,45.80636077015939,mantissa,5,1.0,0.0170031879097223,341,0.4,E5b_subtraction
97,0,subtraction,pre_grok,250,1.0,0.0164718385785818,45.80636077015939,mantissa,6,1.0,0.016648955643177,341,0.4,E5b_subtraction
97,0,subtraction,pre_grok,250,1.0,0.0164718385785818,45.80636077015939,mantissa,8,1.0,0.0164718385785818,341,0.4,E5b_subtraction
97,0,subtraction,pre_grok,250,1.0,0.0164718385785818,45.80636077015939,mantissa,10,1.0,0.0164718385785818,341,0.4,E5b_subtraction
97,0,subtraction,pre_grok,250,1.0,0.0164718385785818,45.80636077015939,mantissa,12,1.0,0.0164718385785818,341,0.4,E5b_subtraction
97,0,subtraction,pre_grok,250,1.0,0.0164718385785818,45.80636077015939,mantissa,16,1.0,0.0164718385785818,341,0.4,E5b_subtraction
97,0,subtraction,pre_grok,250,1.0,0.0164718385785818,45.80636077015939,mantissa,23,1.0,0.0164718385785818,341,0.4,E5b_subtraction
97,0,subtraction,pre_grok,250,1.0,0.0164718385785818,45.80636077015939,nf,2,0.1854902952909469,0.013815090060234,341,0.4,E5b_subtraction
97,0,subtraction,pre_grok,250,1.0,0.0164718385785818,45.80636077015939,nf,3,0.4321020543575287,0.0180658865720033,341,0.4,E5b_subtraction
97,0,subtraction,pre_grok,250,1.0,0.0164718385785818,45.80636077015939,nf,4,0.7055540680885315,0.0175345372408628,341,0.4,E5b_subtraction
97,0,subtraction,pre_grok,250,1.0,0.0164718385785818,45.80636077015939,nf,5,0.9109752774238586,0.0155862551182508,341,0.4,E5b_subtraction
97,0,subtraction,pre_grok,250,1.0,0.0164718385785818,45.80636077015939,nf,6,0.9891044497489928,0.0173574201762676,341,0.4,E5b_subtraction
97,0,subtraction,pre_grok,250,1.0,0.0164718385785818,45.80636077015939,nf,8,1.0,0.0168260708451271,341,0.4,E5b_subtraction
97,0,subtraction,pre_grok,250,1.0,0.0164718385785818,45.80636077015939,nf,10,1.0,0.0168260708451271,341,0.4,E5b_subtraction
97,0,subtraction,pre_grok,250,1.0,0.0164718385785818,45.80636077015939,nf,12,1.0,0.0168260708451271,341,0.4,E5b_subtraction
97,0,subtraction,pre_grok,250,1.0,0.0164718385785818,45.80636077015939,nf,16,1.0,0.0168260708451271,341,0.4,E5b_subtraction
97,0,subtraction,pre_grok,250,1.0,0.0164718385785818,45.80636077015939,nf,23,1.0,0.0164718385785818,341,0.4,E5b_subtraction
97,0,subtraction,cleaned_up,12000,1.0,0.2610697746276855,44.85503634070239,int,2,0.0100983260199427,0.0095642935484647,341,0.4,E5b_subtraction
97,0,subtraction,cleaned_up,12000,1.0,0.2610697746276855,44.85503634070239,int,3,0.0542120635509491,0.0334750264883041,341,0.4,E5b_subtraction
97,0,subtraction,cleaned_up,12000,1.0,0.2610697746276855,44.85503634070239,int,4,0.2439542859792709,0.1009564250707626,341,0.4,E5b_subtraction
97,0,subtraction,cleaned_up,12000,1.0,0.2610697746276855,44.85503634070239,int,5,0.5413234233856201,0.1744597852230072,341,0.4,E5b_subtraction
97,0,subtraction,cleaned_up,12000,1.0,0.2610697746276855,44.85503634070239,int,6,0.9394100308418274,0.2474318146705627,341,0.4,E5b_subtraction
97,0,subtraction,cleaned_up,12000,1.0,0.2610697746276855,44.85503634070239,int,8,1.0,0.2626638412475586,341,0.4,E5b_subtraction
97,0,subtraction,cleaned_up,12000,1.0,0.2610697746276855,44.85503634070239,int,10,1.0,0.2630180716514587,341,0.4,E5b_subtraction
97,0,subtraction,cleaned_up,12000,1.0,0.2610697746276855,44.85503634070239,int,12,1.0,0.2610697746276855,341,0.4,E5b_subtraction
97,0,subtraction,cleaned_up,12000,1.0,0.2610697746276855,44.85503634070239,int,16,1.0,0.2612468898296356,341,0.4,E5b_subtraction
97,0,subtraction,cleaned_up,12000,1.0,0.2610697746276855,44.85503634070239,int,23,1.0,0.2610697746276855,341,0.4,E5b_subtraction
97,0,subtraction,cleaned_up,12000,1.0,0.2610697746276855,44.85503634070239,mantissa,2,1.0,0.2571732103824615,341,0.4,E5b_subtraction
97,0,subtraction,cleaned_up,12000,1.0,0.2610697746276855,44.85503634070239,mantissa,3,1.0,0.2601841986179352,341,0.4,E5b_subtraction
97,0,subtraction,cleaned_up,12000,1.0,0.2610697746276855,44.85503634070239,mantissa,4,1.0,0.2612468898296356,341,0.4,E5b_subtraction
97,0,subtraction,cleaned_up,12000,1.0,0.2610697746276855,44.85503634070239,mantissa,5,1.0,0.2647892236709595,341,0.4,E5b_subtraction
97,0,subtraction,cleaned_up,12000,1.0,0.2610697746276855,44.85503634070239,mantissa,6,1.0,0.2614240050315857,341,0.4,E5b_subtraction
97,0,subtraction,cleaned_up,12000,1.0,0.2610697746276855,44.85503634070239,mantissa,8,1.0,0.2617782354354858,341,0.4,E5b_subtraction
97,0,subtraction,cleaned_up,12000,1.0,0.2610697746276855,44.85503634070239,mantissa,10,1.0,0.2612468898296356,341,0.4,E5b_subtraction
97,0,subtraction,cleaned_up,12000,1.0,0.2610697746276855,44.85503634070239,mantissa,12,1.0,0.2610697746276855,341,0.4,E5b_subtraction
97,0,subtraction,cleaned_up,12000,1.0,0.2610697746276855,44.85503634070239,mantissa,16,1.0,0.2610697746276855,341,0.4,E5b_subtraction
97,0,subtraction,cleaned_up,12000,1.0,0.2610697746276855,44.85503634070239,mantissa,23,1.0,0.2610697746276855,341,0.4,E5b_subtraction
97,0,subtraction,cleaned_up,12000,1.0,0.2610697746276855,44.85503634070239,nf,2,0.0239170882850885,0.0134608568623662,341,0.4,E5b_subtraction
97,0,subtraction,cleaned_up,12000,1.0,0.2610697746276855,44.85503634070239,nf,3,0.1081583872437477,0.0479985810816288,341,0.4,E5b_subtraction
97,0,subtraction,cleaned_up,12000,1.0,0.2610697746276855,44.85503634070239,nf,4,0.2891310155391693,0.1044987589120864,341,0.4,E5b_subtraction
97,0,subtraction,cleaned_up,12000,1.0,0.2610697746276855,44.85503634070239,nf,5,0.5386659502983093,0.1613531708717346,341,0.4,E5b_subtraction
97,0,subtraction,cleaned_up,12000,1.0,0.2610697746276855,44.85503634070239,nf,6,0.6991761922836304,0.1914629787206649,341,0.4,E5b_subtraction
97,0,subtraction,cleaned_up,12000,1.0,0.2610697746276855,44.85503634070239,nf,8,0.8809460401535034,0.2332624793052673,341,0.4,E5b_subtraction
97,0,subtraction,cleaned_up,12000,1.0,0.2610697746276855,44.85503634070239,nf,10,0.8809460401535034,0.2332624793052673,341,0.4,E5b_subtraction
97,0,subtraction,cleaned_up,12000,1.0,0.2610697746276855,44.85503634070239,nf,12,0.8809460401535034,0.2332624793052673,341,0.4,E5b_subtraction
97,0,subtraction,cleaned_up,12000,1.0,0.2610697746276855,44.85503634070239,nf,16,0.8809460401535034,0.2332624793052673,341,0.4,E5b_subtraction
97,0,subtraction,cleaned_up,12000,1.0,0.2610697746276855,44.85503634070239,nf,23,1.0,0.2610697746276855,341,0.4,E5b_subtraction
97,1,subtraction,pre_grok,250,0.994950830936432,0.0538434274494648,42.615186185200685,int,2,0.0297634862363338,0.0180658865720033,341,0.4,E5b_subtraction
97,1,subtraction,pre_grok,250,0.994950830936432,0.0538434274494648,42.615186185200685,int,3,0.1945256441831588,0.0552603602409362,341,0.4,E5b_subtraction
97,1,subtraction,pre_grok,250,0.994950830936432,0.0538434274494648,42.615186185200685,int,4,0.4071219861507416,0.0591569244861602,341,0.4,E5b_subtraction
97,1,subtraction,pre_grok,250,0.994950830936432,0.0538434274494648,42.615186185200685,int,5,0.6670209765434265,0.0618136711418628,341,0.4,E5b_subtraction
97,1,subtraction,pre_grok,250,0.994950830936432,0.0538434274494648,42.615186185200685,int,6,0.9000797271728516,0.0563230589032173,341,0.4,E5b_subtraction
97,1,subtraction,pre_grok,250,0.994950830936432,0.0538434274494648,42.615186185200685,int,8,0.9933563470840454,0.0552603602409362,341,0.4,E5b_subtraction
97,1,subtraction,pre_grok,250,0.994950830936432,0.0538434274494648,42.615186185200685,int,10,0.995482325553894,0.0547290109097957,341,0.4,E5b_subtraction
97,1,subtraction,pre_grok,250,0.994950830936432,0.0538434274494648,42.615186185200685,int,12,0.9952166080474854,0.0541976615786552,341,0.4,E5b_subtraction
97,1,subtraction,pre_grok,250,0.994950830936432,0.0538434274494648,42.615186185200685,int,16,0.994950830936432,0.0538434274494648,341,0.4,E5b_subtraction
97,1,subtraction,pre_grok,250,0.994950830936432,0.0538434274494648,42.615186185200685,int,23,0.994950830936432,0.0538434274494648,341,0.4,E5b_subtraction
97,1,subtraction,pre_grok,250,0.994950830936432,0.0538434274494648,42.615186185200685,mantissa,2,0.827796995639801,0.0534891970455646,341,0.4,E5b_subtraction
97,1,subtraction,pre_grok,250,0.994950830936432,0.0538434274494648,42.615186185200685,mantissa,3,0.9524315595626832,0.0550832450389862,341,0.4,E5b_subtraction
97,1,subtraction,pre_grok,250,0.994950830936432,0.0538434274494648,42.615186185200685,mantissa,4,0.9912304282188416,0.0565001778304576,341,0.4,E5b_subtraction
97,1,subtraction,pre_grok,250,0.994950830936432,0.0538434274494648,42.615186185200685,mantissa,5,0.9952166080474854,0.0545518957078456,341,0.4,E5b_subtraction
97,1,subtraction,pre_grok,250,0.994950830936432,0.0538434274494648,42.615186185200685,mantissa,6,0.9946851134300232,0.0550832450389862,341,0.4,E5b_subtraction
97,1,subtraction,pre_grok,250,0.994950830936432,0.0538434274494648,42.615186185200685,mantissa,8,0.994950830936432,0.0538434274494648,341,0.4,E5b_subtraction
97,1,subtraction,pre_grok,250,0.994950830936432,0.0538434274494648,42.615186185200685,mantissa,10,0.994950830936432,0.0538434274494648,341,0.4,E5b_subtraction
97,1,subtraction,pre_grok,250,0.994950830936432,0.0538434274494648,42.615186185200685,mantissa,12,0.994950830936432,0.0538434274494648,341,0.4,E5b_subtraction
97,1,subtraction,pre_grok,250,0.994950830936432,0.0538434274494648,42.615186185200685,mantissa,16,0.994950830936432,0.0538434274494648,341,0.4,E5b_subtraction
97,1,subtraction,pre_grok,250,0.994950830936432,0.0538434274494648,42.615186185200685,mantissa,23,0.994950830936432,0.0538434274494648,341,0.4,E5b_subtraction
97,1,subtraction,pre_grok,250,0.994950830936432,0.0538434274494648,42.615186185200685,nf,2,0.0938081294298172,0.0301098115742206,341,0.4,E5b_subtraction
97,1,subtraction,pre_grok,250,0.994950830936432,0.0538434274494648,42.615186185200685,nf,3,0.2346532046794891,0.0398512221872806,341,0.4,E5b_subtraction
97,1,subtraction,pre_grok,250,0.994950830936432,0.0538434274494648,42.615186185200685,nf,4,0.4658517241477966,0.0510095655918121,341,0.4,E5b_subtraction
97,1,subtraction,pre_grok,250,0.994950830936432,0.0538434274494648,42.615186185200685,nf,5,0.7307999134063721,0.0547290109097957,341,0.4,E5b_subtraction
97,1,subtraction,pre_grok,250,0.994950830936432,0.0538434274494648,42.615186185200685,nf,6,0.9208078980445862,0.0549061261117458,341,0.4,E5b_subtraction
97,1,subtraction,pre_grok,250,0.994950830936432,0.0538434274494648,42.615186185200685,nf,8,0.98777574300766,0.0538434274494648,341,0.4,E5b_subtraction
97,1,subtraction,pre_grok,250,0.994950830936432,0.0538434274494648,42.615186185200685,nf,10,0.98777574300766,0.0538434274494648,341,0.4,E5b_subtraction
97,1,subtraction,pre_grok,250,0.994950830936432,0.0538434274494648,42.615186185200685,nf,12,0.98777574300766,0.0538434274494648,341,0.4,E5b_subtraction
97,1,subtraction,pre_grok,250,0.994950830936432,0.0538434274494648,42.615186185200685,nf,16,0.98777574300766,0.0538434274494648,341,0.4,E5b_subtraction
97,1,subtraction,pre_grok,250,0.994950830936432,0.0538434274494648,42.615186185200685,nf,23,0.994950830936432,0.0538434274494648,341,0.4,E5b_subtraction
97,1,subtraction,just_grokked,7150,1.0,0.9009918570518494,51.30450918074572,int,2,0.0093010896816849,0.0092100603505969,341,0.4,E5b_subtraction
97,1,subtraction,just_grokked,7150,1.0,0.9009918570518494,51.30450918074572,int,3,0.0135530158877372,0.0143464393913745,341,0.4,E5b_subtraction
97,1,subtraction,just_grokked,7150,1.0,0.9009918570518494,51.30450918074572,int,4,0.2702630758285522,0.2201558649539947,341,0.4,E5b_subtraction
97,1,subtraction,just_grokked,7150,1.0,0.9009918570518494,51.30450918074572,int,5,0.8453361988067627,0.7157279253005981,341,0.4,E5b_subtraction
97,1,subtraction,just_grokked,7150,1.0,0.9009918570518494,51.30450918074572,int,6,0.9992027878761292,0.8839886784553528,341,0.4,E5b_subtraction
97,1,subtraction,just_grokked,7150,1.0,0.9009918570518494,51.30450918074572,int,8,1.0,0.8981579542160034,341,0.4,E5b_subtraction
97,1,subtraction,just_grokked,7150,1.0,0.9009918570518494,51.30450918074572,int,10,1.0,0.9002833962440491,341,0.4,E5b_subtraction
97,1,subtraction,just_grokked,7150,1.0,0.9009918570518494,51.30450918074572,int,12,1.0,0.9006376266479492,341,0.4,E5b_subtraction
97,1,subtraction,just_grokked,7150,1.0,0.9009918570518494,51.30450918074572,int,16,1.0,0.9009918570518494,341,0.4,E5b_subtraction
97,1,subtraction,just_grokked,7150,1.0,0.9009918570518494,51.30450918074572,int,23,1.0,0.9009918570518494,341,0.4,E5b_subtraction
97,1,subtraction,just_grokked,7150,1.0,0.9009918570518494,51.30450918074572,mantissa,2,1.0,0.8923131227493286,341,0.4,E5b_subtraction
97,1,subtraction,just_grokked,7150,1.0,0.9009918570518494,51.30450918074572,mantissa,3,1.0,0.8976266384124756,341,0.4,E5b_subtraction
97,1,subtraction,just_grokked,7150,1.0,0.9009918570518494,51.30450918074572,mantissa,4,1.0,0.898689329624176,341,0.4,E5b_subtraction
97,1,subtraction,just_grokked,7150,1.0,0.9009918570518494,51.30450918074572,mantissa,5,1.0,0.8999291658401489,341,0.4,E5b_subtraction
97,1,subtraction,just_grokked,7150,1.0,0.9009918570518494,51.30450918074572,mantissa,6,1.0,0.9004604816436768,341,0.4,E5b_subtraction
97,1,subtraction,just_grokked,7150,1.0,0.9009918570518494,51.30450918074572,mantissa,8,1.0,0.9008147120475768,341,0.4,E5b_subtraction
97,1,subtraction,just_grokked,7150,1.0,0.9009918570518494,51.30450918074572,mantissa,10,1.0,0.9009918570518494,341,0.4,E5b_subtraction
97,1,subtraction,just_grokked,7150,1.0,0.9009918570518494,51.30450918074572,mantissa,12,1.0,0.9009918570518494,341,0.4,E5b_subtraction
97,1,subtraction,just_grokked,7150,1.0,0.9009918570518494,51.30450918074572,mantissa,16,1.0,0.9009918570518494,341,0.4,E5b_subtraction
97,1,subtraction,just_grokked,7150,1.0,0.9009918570518494,51.30450918074572,mantissa,23,1.0,0.9009918570518494,341,0.4,E5b_subtraction
97,1,subtraction,just_grokked,7150,1.0,0.9009918570518494,51.30450918074572,nf,2,0.0324209406971931,0.0258590150624513,341,0.4,E5b_subtraction
97,1,subtraction,just_grokked,7150,1.0,0.9009918570518494,51.30450918074572,nf,3,0.1509433984756469,0.1202621310949325,341,0.4,E5b_subtraction
97,1,subtraction,just_grokked,7150,1.0,0.9009918570518494,51.30450918074572,nf,4,0.4185490310192108,0.3276655972003937,341,0.4,E5b_subtraction
97,1,subtraction,just_grokked,7150,1.0,0.9009918570518494,51.30450918074572,nf,5,0.688546359539032,0.5267446041107178,341,0.4,E5b_subtraction
97,1,subtraction,just_grokked,7150,1.0,0.9009918570518494,51.30450918074572,nf,6,0.8174328804016113,0.6385051012039185,341,0.4,E5b_subtraction
97,1,subtraction,just_grokked,7150,1.0,0.9009918570518494,51.30450918074572,nf,8,0.9322349429130554,0.7585901618003845,341,0.4,E5b_subtraction
97,1,subtraction,just_grokked,7150,1.0,0.9009918570518494,51.30450918074572,nf,10,0.9322349429130554,0.7585901618003845,341,0.4,E5b_subtraction
97,1,subtraction,just_grokked,7150,1.0,0.9009918570518494,51.30450918074572,nf,12,0.9322349429130554,0.7585901618003845,341,0.4,E5b_subtraction
97,1,subtraction,just_grokked,7150,1.0,0.9009918570518494,51.30450918074572,nf,16,0.9322349429130554,0.7585901618003845,341,0.4,E5b_subtraction
97,1,subtraction,just_grokked,7150,1.0,0.9009918570518494,51.30450918074572,nf,23,1.0,0.9009918570518494,341,0.4,E5b_subtraction
97,1,subtraction,post_grok_500,7650,1.0,0.9004604816436768,52.30654686720368,int,2,0.0132872704416513,0.0093871764838695,341,0.4,E5b_subtraction
97,1,subtraction,post_grok_500,7650,1.0,0.9004604816436768,52.30654686720368,int,3,0.0241828337311744,0.0203684028238058,341,0.4,E5b_subtraction
97,1,subtraction,post_grok_500,7650,1.0,0.9004604816436768,52.30654686720368,int,4,0.047834176570177,0.0380800552666187,341,0.4,E5b_subtraction
97,1,subtraction,post_grok_500,7650,1.0,0.9004604816436768,52.30654686720368,int,5,0.6093542575836182,0.5350690484046936,341,0.4,E5b_subtraction
97,1,subtraction,post_grok_500,7650,1.0,0.9004604816436768,52.30654686720368,int,6,0.9944193363189696,0.8599008321762085,341,0.4,E5b_subtraction
97,1,subtraction,post_grok_500,7650,1.0,0.9004604816436768,52.30654686720368,int,8,1.0,0.896209716796875,341,0.4,E5b_subtraction
97,1,subtraction,post_grok_500,7650,1.0,0.9004604816436768,52.30654686720368,int,10,1.0,0.9004604816436768,341,0.4,E5b_subtraction
97,1,subtraction,post_grok_500,7650,1.0,0.9004604816436768,52.30654686720368,int,12,1.0,0.9001062512397766,341,0.4,E5b_subtraction
97,1,subtraction,post_grok_500,7650,1.0,0.9004604816436768,52.30654686720368,int,16,1.0,0.9004604816436768,341,0.4,E5b_subtraction
97,1,subtraction,post_grok_500,7650,1.0,0.9004604816436768,52.30654686720368,int,23,1.0,0.9004604816436768,341,0.4,E5b_subtraction
97,1,subtraction,post_grok_500,7650,1.0,0.9004604816436768,52.30654686720368,mantissa,2,1.0,0.8919588923454285,341,0.4,E5b_subtraction
97,1,subtraction,post_grok_500,7650,1.0,0.9004604816436768,52.30654686720368,mantissa,3,1.0,0.896209716796875,341,0.4,E5b_subtraction
97,1,subtraction,post_grok_500,7650,1.0,0.9004604816436768,52.30654686720368,mantissa,4,1.0,0.9008147120475768,341,0.4,E5b_subtraction
97,1,subtraction,post_grok_500,7650,1.0,0.9004604816436768,52.30654686720368,mantissa,5,1.0,0.9020545482635498,341,0.4,E5b_subtraction
97,1,subtraction,post_grok_500,7650,1.0,0.9004604816436768,52.30654686720368,mantissa,6,1.0,0.9009918570518494,341,0.4,E5b_subtraction
97,1,subtraction,post_grok_500,7650,1.0,0.9004604816436768,52.30654686720368,mantissa,8,1.0,0.9004604816436768,341,0.4,E5b_subtraction
97,1,subtraction,post_grok_500,7650,1.0,0.9004604816436768,52.30654686720368,mantissa,10,1.0,0.9004604816436768,341,0.4,E5b_subtraction
97,1,subtraction,post_grok_500,7650,1.0,0.9004604816436768,52.30654686720368,mantissa,12,1.0,0.9004604816436768,341,0.4,E5b_subtraction
97,1,subtraction,post_grok_500,7650,1.0,0.9004604816436768,52.30654686720368,mantissa,16,1.0,0.9004604816436768,341,0.4,E5b_subtraction
97,1,subtraction,post_grok_500,7650,1.0,0.9004604816436768,52.30654686720368,mantissa,23,1.0,0.9004604816436768,341,0.4,E5b_subtraction
97,1,subtraction,post_grok_500,7650,1.0,0.9004604816436768,52.30654686720368,nf,2,0.022056870162487,0.0184201207011938,341,0.4,E5b_subtraction
97,1,subtraction,post_grok_500,7650,1.0,0.9004604816436768,52.30654686720368,nf,3,0.1296837627887725,0.1043216437101364,341,0.4,E5b_subtraction
97,1,subtraction,post_grok_500,7650,1.0,0.9004604816436768,52.30654686720368,nf,4,0.3497209548950195,0.2780729830265045,341,0.4,E5b_subtraction
97,1,subtraction,post_grok_500,7650,1.0,0.9004604816436768,52.30654686720368,nf,5,0.510496973991394,0.3993977904319763,341,0.4,E5b_subtraction
97,1,subtraction,post_grok_500,7650,1.0,0.9004604816436768,52.30654686720368,nf,6,0.682699978351593,0.5375487208366394,341,0.4,E5b_subtraction
97,1,subtraction,post_grok_500,7650,1.0,0.9004604816436768,52.30654686720368,nf,8,0.8891841769218445,0.7118313908576965,341,0.4,E5b_subtraction
97,1,subtraction,post_grok_500,7650,1.0,0.9004604816436768,52.30654686720368,nf,10,0.8891841769218445,0.7118313908576965,341,0.4,E5b_subtraction
97,1,subtraction,post_grok_500,7650,1.0,0.9004604816436768,52.30654686720368,nf,12,0.8891841769218445,0.7118313908576965,341,0.4,E5b_subtraction
97,1,subtraction,post_grok_500,7650,1.0,0.9004604816436768,52.30654686720368,nf,16,0.8891841769218445,0.7118313908576965,341,0.4,E5b_subtraction
97,1,subtraction,post_grok_500,7650,1.0,0.9004604816436768,52.30654686720368,nf,23,1.0,0.9004604816436768,341,0.4,E5b_subtraction
97,1,subtraction,post_grok_1500,8650,1.0,0.9144526720046996,54.187314381881,int,2,0.0087695987895131,0.0090329432860016,341,0.4,E5b_subtraction
97,1,subtraction,post_grok_1500,8650,1.0,0.9144526720046996,54.187314381881,int,3,0.0199309065937995,0.0180658865720033,341,0.4,E5b_subtraction
97,1,subtraction,post_grok_1500,8650,1.0,0.9144526720046996,54.187314381881,int,4,0.0201966520398855,0.0180658865720033,341,0.4,E5b_subtraction
97,1,subtraction,post_grok_1500,8650,1.0,0.9144526720046996,54.187314381881,int,5,0.4395429193973541,0.3887708187103271,341,0.4,E5b_subtraction
97,1,subtraction,post_grok_1500,8650,1.0,0.9144526720046996,54.187314381881,int,6,0.9726282358169556,0.8409493565559387,341,0.4,E5b_subtraction
97,1,subtraction,post_grok_1500,8650,1.0,0.9144526720046996,54.187314381881,int,8,1.0,0.912681519985199,341,0.4,E5b_subtraction
97,1,subtraction,post_grok_1500,8650,1.0,0.9144526720046996,54.187314381881,int,10,1.0,0.9128586649894714,341,0.4,E5b_subtraction
97,1,subtraction,post_grok_1500,8650,1.0,0.9144526720046996,54.187314381881,int,12,1.0,0.914275586605072,341,0.4,E5b_subtraction
97,1,subtraction,post_grok_1500,8650,1.0,0.9144526720046996,54.187314381881,int,16,1.0,0.9144526720046996,341,0.4,E5b_subtraction
97,1,subtraction,post_grok_1500,8650,1.0,0.9144526720046996,54.187314381881,int,23,1.0,0.9144526720046996,341,0.4,E5b_subtraction
97,1,subtraction,post_grok_1500,8650,1.0,0.9144526720046996,54.187314381881,mantissa,2,1.0,0.9009918570518494,341,0.4,E5b_subtraction
97,1,subtraction,post_grok_1500,8650,1.0,0.9144526720046996,54.187314381881,mantissa,3,1.0,0.9112645983695984,341,0.4,E5b_subtraction
97,1,subtraction,post_grok_1500,8650,1.0,0.9144526720046996,54.187314381881,mantissa,4,1.0,0.914275586605072,341,0.4,E5b_subtraction
97,1,subtraction,post_grok_1500,8650,1.0,0.9144526720046996,54.187314381881,mantissa,5,1.0,0.913921356201172,341,0.4,E5b_subtraction
97,1,subtraction,post_grok_1500,8650,1.0,0.9144526720046996,54.187314381881,mantissa,6,1.0,0.9144526720046996,341,0.4,E5b_subtraction
97,1,subtraction,post_grok_1500,8650,1.0,0.9144526720046996,54.187314381881,mantissa,8,1.0,0.9144526720046996,341,0.4,E5b_subtraction
97,1,subtraction,post_grok_1500,8650,1.0,0.9144526720046996,54.187314381881,mantissa,10,1.0,0.9144526720046996,341,0.4,E5b_subtraction
97,1,subtraction,post_grok_1500,8650,1.0,0.9144526720046996,54.187314381881,mantissa,12,1.0,0.9144526720046996,341,0.4,E5b_subtraction
97,1,subtraction,post_grok_1500,8650,1.0,0.9144526720046996,54.187314381881,mantissa,16,1.0,0.9144526720046996,341,0.4,E5b_subtraction
97,1,subtraction,post_grok_1500,8650,1.0,0.9144526720046996,54.187314381881,mantissa,23,1.0,0.9144526720046996,341,0.4,E5b_subtraction
97,1,subtraction,post_grok_1500,8650,1.0,0.9144526720046996,54.187314381881,nf,2,0.0300292316824197,0.0224938001483678,341,0.4,E5b_subtraction
97,1,subtraction,post_grok_1500,8650,1.0,0.9144526720046996,54.187314381881,nf,3,0.0653733760118484,0.0582713410258293,341,0.4,E5b_subtraction
97,1,subtraction,post_grok_1500,8650,1.0,0.9144526720046996,54.187314381881,nf,4,0.2450172752141952,0.1946510821580886,341,0.4,E5b_subtraction
97,1,subtraction,post_grok_1500,8650,1.0,0.9144526720046996,54.187314381881,nf,5,0.4499070048332214,0.3556500077247619,341,0.4,E5b_subtraction
97,1,subtraction,post_grok_1500,8650,1.0,0.9144526720046996,54.187314381881,nf,6,0.6027106046676636,0.4831739366054535,341,0.4,E5b_subtraction
97,1,subtraction,post_grok_1500,8650,1.0,0.9144526720046996,54.187314381881,nf,8,0.8129152059555054,0.6519659757614136,341,0.4,E5b_subtraction
97,1,subtraction,post_grok_1500,8650,1.0,0.9144526720046996,54.187314381881,nf,10,0.8129152059555054,0.6519659757614136,341,0.4,E5b_subtraction
97,1,subtraction,post_grok_1500,8650,1.0,0.9144526720046996,54.187314381881,nf,12,0.8129152059555054,0.6519659757614136,341,0.4,E5b_subtraction
97,1,subtraction,post_grok_1500,8650,1.0,0.9144526720046996,54.187314381881,nf,16,0.8129152059555054,0.6519659757614136,341,0.4,E5b_subtraction
97,1,subtraction,post_grok_1500,8650,1.0,0.9144526720046996,54.187314381881,nf,23,1.0,0.9144526720046996,341,0.4,E5b_subtraction
97,1,subtraction,post_grok_4000,11150,1.0,0.9231314063072203,55.109340567127845,int,2,0.0103640714660286,0.0100956428796052,341,0.4,E5b_subtraction
97,1,subtraction,post_grok_4000,11150,1.0,0.9231314063072203,55.109340567127845,int,3,0.0119585441425442,0.012752391397953,341,0.4,E5b_subtraction
97,1,subtraction,post_grok_4000,11150,1.0,0.9231314063072203,55.109340567127845,int,4,0.0372043587267398,0.0373715907335281,341,0.4,E5b_subtraction
97,1,subtraction,post_grok_4000,11150,1.0,0.9231314063072203,55.109340567127845,int,5,0.3890512883663177,0.3317392766475677,341,0.4,E5b_subtraction
97,1,subtraction,post_grok_4000,11150,1.0,0.9231314063072203,55.109340567127845,int,6,0.9404730200767516,0.8239461183547974,341,0.4,E5b_subtraction
97,1,subtraction,post_grok_4000,11150,1.0,0.9231314063072203,55.109340567127845,int,8,1.0,0.9234856367111206,341,0.4,E5b_subtraction
97,1,subtraction,post_grok_4000,11150,1.0,0.9231314063072203,55.109340567127845,int,10,1.0,0.9234856367111206,341,0.4,E5b_subtraction
97,1,subtraction,post_grok_4000,11150,1.0,0.9231314063072203,55.109340567127845,int,12,1.0,0.9229543209075928,341,0.4,E5b_subtraction
97,1,subtraction,post_grok_4000,11150,1.0,0.9231314063072203,55.109340567127845,int,16,1.0,0.9231314063072203,341,0.4,E5b_subtraction
97,1,subtraction,post_grok_4000,11150,1.0,0.9231314063072203,55.109340567127845,int,23,1.0,0.9231314063072203,341,0.4,E5b_subtraction
97,1,subtraction,post_grok_4000,11150,1.0,0.9231314063072203,55.109340567127845,mantissa,2,1.0,0.9171094298362732,341,0.4,E5b_subtraction
97,1,subtraction,post_grok_4000,11150,1.0,0.9231314063072203,55.109340567127845,mantissa,3,1.0,0.9222458004951476,341,0.4,E5b_subtraction
97,1,subtraction,post_grok_4000,11150,1.0,0.9231314063072203,55.109340567127845,mantissa,4,1.0,0.9224229454994202,341,0.4,E5b_subtraction
97,1,subtraction,post_grok_4000,11150,1.0,0.9231314063072203,55.109340567127845,mantissa,5,1.0,0.922600030899048,341,0.4,E5b_subtraction
97,1,subtraction,post_grok_4000,11150,1.0,0.9231314063072203,55.109340567127845,mantissa,6,1.0,0.9229543209075928,341,0.4,E5b_subtraction
97,1,subtraction,post_grok_4000,11150,1.0,0.9231314063072203,55.109340567127845,mantissa,8,1.0,0.9229543209075928,341,0.4,E5b_subtraction
97,1,subtraction,post_grok_4000,11150,1.0,0.9231314063072203,55.109340567127845,mantissa,10,1.0,0.9231314063072203,341,0.4,E5b_subtraction
97,1,subtraction,post_grok_4000,11150,1.0,0.9231314063072203,55.109340567127845,mantissa,12,1.0,0.9231314063072203,341,0.4,E5b_subtraction
97,1,subtraction,post_grok_4000,11150,1.0,0.9231314063072203,55.109340567127845,mantissa,16,1.0,0.9231314063072203,341,0.4,E5b_subtraction
97,1,subtraction,post_grok_4000,11150,1.0,0.9231314063072203,55.109340567127845,mantissa,23,1.0,0.9231314063072203,341,0.4,E5b_subtraction
97,1,subtraction,post_grok_4000,11150,1.0,0.9231314063072203,55.109340567127845,nf,2,0.0178049430251121,0.0203684028238058,341,0.4,E5b_subtraction
97,1,subtraction,post_grok_4000,11150,1.0,0.9231314063072203,55.109340567127845,nf,3,0.0696252956986427,0.0584484599530696,341,0.4,E5b_subtraction
97,1,subtraction,post_grok_4000,11150,1.0,0.9231314063072203,55.109340567127845,nf,4,0.2545841038227081,0.2054551839828491,341,0.4,E5b_subtraction
97,1,subtraction,post_grok_4000,11150,1.0,0.9231314063072203,55.109340567127845,nf,5,0.4711666107177734,0.3827488422393799,341,0.4,E5b_subtraction
97,1,subtraction,post_grok_4000,11150,1.0,0.9231314063072203,55.109340567127845,nf,6,0.6415094137191772,0.5267446041107178,341,0.4,E5b_subtraction
97,1,subtraction,post_grok_4000,11150,1.0,0.9231314063072203,55.109340567127845,nf,8,0.83364337682724,0.6983705163002014,341,0.4,E5b_subtraction
97,1,subtraction,post_grok_4000,11150,1.0,0.9231314063072203,55.109340567127845,nf,10,0.83364337682724,0.6983705163002014,341,0.4,E5b_subtraction
97,1,subtraction,post_grok_4000,11150,1.0,0.9231314063072203,55.109340567127845,nf,12,0.83364337682724,0.6983705163002014,341,0.4,E5b_subtraction
97,1,subtraction,post_grok_4000,11150,1.0,0.9231314063072203,55.109340567127845,nf,16,0.83364337682724,0.6983705163002014,341,0.4,E5b_subtraction
97,1,subtraction,post_grok_4000,11150,1.0,0.9231314063072203,55.109340567127845,nf,23,1.0,0.9231314063072203,341,0.4,E5b_subtraction
97,1,subtraction,cleaned_up,13000,0.7090087532997131,0.6089266538619995,55.01738374125864,int,2,0.0071751261129975,0.006907545030117,341,0.4,E5b_subtraction
97,1,subtraction,cleaned_up,13000,0.7090087532997131,0.6089266538619995,55.01738374125864,int,3,0.009035344235599,0.0070846616290509,341,0.4,E5b_subtraction
97,1,subtraction,cleaned_up,13000,0.7090087532997131,0.6089266538619995,55.01738374125864,int,4,0.035875629633665,0.033297911286354,341,0.4,E5b_subtraction
97,1,subtraction,cleaned_up,13000,0.7090087532997131,0.6089266538619995,55.01738374125864,int,5,0.425192654132843,0.3637973666191101,341,0.4,E5b_subtraction
97,1,subtraction,cleaned_up,13000,0.7090087532997131,0.6089266538619995,55.01738374125864,int,6,0.6090884804725647,0.5247963070869446,341,0.4,E5b_subtraction
97,1,subtraction,cleaned_up,13000,0.7090087532997131,0.6089266538619995,55.01738374125864,int,8,0.7007706761360168,0.6059156656265259,341,0.4,E5b_subtraction
97,1,subtraction,cleaned_up,13000,0.7090087532997131,0.6089266538619995,55.01738374125864,int,10,0.7098060250282288,0.6083953380584717,341,0.4,E5b_subtraction
97,1,subtraction,cleaned_up,13000,0.7090087532997131,0.6089266538619995,55.01738374125864,int,12,0.7092745304107666,0.6085724234580994,341,0.4,E5b_subtraction
97,1,subtraction,cleaned_up,13000,0.7090087532997131,0.6089266538619995,55.01738374125864,int,16,0.7095402479171753,0.6087495684623718,341,0.4,E5b_subtraction
97,1,subtraction,cleaned_up,13000,0.7090087532997131,0.6089266538619995,55.01738374125864,int,23,0.7090087532997131,0.6089266538619995,341,0.4,E5b_subtraction
97,1,subtraction,cleaned_up,13000,0.7090087532997131,0.6089266538619995,55.01738374125864,mantissa,2,0.6736646294593811,0.5805880427360535,341,0.4,E5b_subtraction
97,1,subtraction,cleaned_up,13000,0.7090087532997131,0.6089266538619995,55.01738374125864,mantissa,3,0.7044910788536072,0.6076868772506714,341,0.4,E5b_subtraction
97,1,subtraction,cleaned_up,13000,0.7090087532997131,0.6089266538619995,55.01738374125864,mantissa,4,0.7068828344345093,0.6082181930541992,341,0.4,E5b_subtraction
97,1,subtraction,cleaned_up,13000,0.7090087532997131,0.6089266538619995,55.01738374125864,mantissa,5,0.7103375196456909,0.609103798866272,341,0.4,E5b_subtraction
97,1,subtraction,cleaned_up,13000,0.7090087532997131,0.6089266538619995,55.01738374125864,mantissa,6,0.7100717425346375,0.6085724234580994,341,0.4,E5b_subtraction
97,1,subtraction,cleaned_up,13000,0.7090087532997131,0.6089266538619995,55.01738374125864,mantissa,8,0.7095402479171753,0.609103798866272,341,0.4,E5b_subtraction
97,1,subtraction,cleaned_up,13000,0.7090087532997131,0.6089266538619995,55.01738374125864,mantissa,10,0.7090087532997131,0.609103798866272,341,0.4,E5b_subtraction
97,1,subtraction,cleaned_up,13000,0.7090087532997131,0.6089266538619995,55.01738374125864,mantissa,12,0.7092745304107666,0.6087495684623718,341,0.4,E5b_subtraction
97,1,subtraction,cleaned_up,13000,0.7090087532997131,0.6089266538619995,55.01738374125864,mantissa,16,0.7090087532997131,0.6089266538619995,341,0.4,E5b_subtraction
97,1,subtraction,cleaned_up,13000,0.7090087532997131,0.6089266538619995,55.01738374125864,mantissa,23,0.7090087532997131,0.6089266538619995,341,0.4,E5b_subtraction
97,1,subtraction,cleaned_up,13000,0.7090087532997131,0.6089266538619995,55.01738374125864,nf,2,0.0292319953441619,0.0308182779699563,341,0.4,E5b_subtraction
97,1,subtraction,cleaned_up,13000,0.7090087532997131,0.6089266538619995,55.01738374125864,nf,3,0.0892904624342918,0.0809422582387924,341,0.4,E5b_subtraction
97,1,subtraction,cleaned_up,13000,0.7090087532997131,0.6089266538619995,55.01738374125864,nf,4,0.2519266605377197,0.2210414409637451,341,0.4,E5b_subtraction
97,1,subtraction,cleaned_up,13000,0.7090087532997131,0.6089266538619995,55.01738374125864,nf,5,0.3550358712673187,0.306588739156723,341,0.4,E5b_subtraction
97,1,subtraction,cleaned_up,13000,0.7090087532997131,0.6089266538619995,55.01738374125864,nf,6,0.4387456774711609,0.3804463148117065,341,0.4,E5b_subtraction
97,1,subtraction,cleaned_up,13000,0.7090087532997131,0.6089266538619995,55.01738374125864,nf,8,0.5498272776603699,0.4819341003894806,341,0.4,E5b_subtraction
97,1,subtraction,cleaned_up,13000,0.7090087532997131,0.6089266538619995,55.01738374125864,nf,10,0.5498272776603699,0.4819341003894806,341,0.4,E5b_subtraction
97,1,subtraction,cleaned_up,13000,0.7090087532997131,0.6089266538619995,55.01738374125864,nf,12,0.5498272776603699,0.4819341003894806,341,0.4,E5b_subtraction
97,1,subtraction,cleaned_up,13000,0.7090087532997131,0.6089266538619995,55.01738374125864,nf,16,0.5498272776603699,0.4819341003894806,341,0.4,E5b_subtraction
97,1,subtraction,cleaned_up,13000,0.7090087532997131,0.6089266538619995,55.01738374125864,nf,23,0.7090087532997131,0.6089266538619995,341,0.4,E5b_subtraction
97,2,subtraction,pre_grok,300,0.9936221241950988,0.0559688284993171,42.4001667365246,int,2,0.0263087954372167,0.0147006725892424,341,0.4,E5b_subtraction
97,2,subtraction,pre_grok,300,0.9936221241950988,0.0559688284993171,42.4001667365246,int,3,0.2266808450222015,0.0635848417878151,341,0.4,E5b_subtraction
97,2,subtraction,pre_grok,300,0.9936221241950988,0.0559688284993171,42.4001667365246,int,4,0.5049163103103638,0.0635848417878151,341,0.4,E5b_subtraction
97,2,subtraction,pre_grok,300,0.9936221241950988,0.0559688284993171,42.4001667365246,int,5,0.7850119471549988,0.0621679052710533,341,0.4,E5b_subtraction
97,2,subtraction,pre_grok,300,0.9936221241950988,0.0559688284993171,42.4001667365246,int,6,0.9540260434150696,0.0595111586153507,341,0.4,E5b_subtraction
97,2,subtraction,pre_grok,300,0.9936221241950988,0.0559688284993171,42.4001667365246,int,8,0.9925591349601746,0.0566772930324077,341,0.4,E5b_subtraction
97,2,subtraction,pre_grok,300,0.9936221241950988,0.0559688284993171,42.4001667365246,int,10,0.9930906295776368,0.0566772930324077,341,0.4,E5b_subtraction
97,2,subtraction,pre_grok,300,0.9936221241950988,0.0559688284993171,42.4001667365246,int,12,0.9936221241950988,0.0566772930324077,341,0.4,E5b_subtraction
97,2,subtraction,pre_grok,300,0.9936221241950988,0.0559688284993171,42.4001667365246,int,16,0.9936221241950988,0.0559688284993171,341,0.4,E5b_subtraction
97,2,subtraction,pre_grok,300,0.9936221241950988,0.0559688284993171,42.4001667365246,int,23,0.9936221241950988,0.0559688284993171,341,0.4,E5b_subtraction
97,2,subtraction,pre_grok,300,0.9936221241950988,0.0559688284993171,42.4001667365246,mantissa,2,0.8421472311019897,0.0591569244861602,341,0.4,E5b_subtraction
97,2,subtraction,pre_grok,300,0.9936221241950988,0.0559688284993171,42.4001667365246,mantissa,3,0.9707680344581604,0.0580942258238792,341,0.4,E5b_subtraction
97,2,subtraction,pre_grok,300,0.9936221241950988,0.0559688284993171,42.4001667365246,mantissa,4,0.9867127537727356,0.0572086423635482,341,0.4,E5b_subtraction
97,2,subtraction,pre_grok,300,0.9936221241950988,0.0559688284993171,42.4001667365246,mantissa,5,0.9936221241950988,0.0550832450389862,341,0.4,E5b_subtraction
97,2,subtraction,pre_grok,300,0.9936221241950988,0.0559688284993171,42.4001667365246,mantissa,6,0.9944193363189696,0.0563230589032173,341,0.4,E5b_subtraction
97,2,subtraction,pre_grok,300,0.9936221241950988,0.0559688284993171,42.4001667365246,mantissa,8,0.9936221241950988,0.0566772930324077,341,0.4,E5b_subtraction
97,2,subtraction,pre_grok,300,0.9936221241950988,0.0559688284993171,42.4001667365246,mantissa,10,0.9936221241950988,0.0559688284993171,341,0.4,E5b_subtraction
97,2,subtraction,pre_grok,300,0.9936221241950988,0.0559688284993171,42.4001667365246,mantissa,12,0.9936221241950988,0.0559688284993171,341,0.4,E5b_subtraction
97,2,subtraction,pre_grok,300,0.9936221241950988,0.0559688284993171,42.4001667365246,mantissa,16,0.9936221241950988,0.0559688284993171,341,0.4,E5b_subtraction
97,2,subtraction,pre_grok,300,0.9936221241950988,0.0559688284993171,42.4001667365246,mantissa,23,0.9936221241950988,0.0559688284993171,341,0.4,E5b_subtraction
97,2,subtraction,pre_grok,300,0.9936221241950988,0.0559688284993171,42.4001667365246,nf,2,0.1089556217193603,0.0340063758194446,341,0.4,E5b_subtraction
97,2,subtraction,pre_grok,300,0.9936221241950988,0.0559688284993171,42.4001667365246,nf,3,0.3058729767799377,0.0625221356749534,341,0.4,E5b_subtraction
97,2,subtraction,pre_grok,300,0.9936221241950988,0.0559688284993171,42.4001667365246,nf,4,0.5570023655891418,0.0639390721917152,341,0.4,E5b_subtraction
97,2,subtraction,pre_grok,300,0.9936221241950988,0.0559688284993171,42.4001667365246,nf,5,0.7900611162185669,0.0598653890192508,341,0.4,E5b_subtraction
97,2,subtraction,pre_grok,300,0.9936221241950988,0.0559688284993171,42.4001667365246,nf,6,0.9208078980445862,0.0607509724795818,341,0.4,E5b_subtraction
97,2,subtraction,pre_grok,300,0.9936221241950988,0.0559688284993171,42.4001667365246,nf,8,0.9925591349601746,0.0580942258238792,341,0.4,E5b_subtraction
97,2,subtraction,pre_grok,300,0.9936221241950988,0.0559688284993171,42.4001667365246,nf,10,0.9925591349601746,0.0580942258238792,341,0.4,E5b_subtraction
97,2,subtraction,pre_grok,300,0.9936221241950988,0.0559688284993171,42.4001667365246,nf,12,0.9925591349601746,0.0580942258238792,341,0.4,E5b_subtraction
97,2,subtraction,pre_grok,300,0.9936221241950988,0.0559688284993171,42.4001667365246,nf,16,0.9925591349601746,0.0580942258238792,341,0.4,E5b_subtraction
97,2,subtraction,pre_grok,300,0.9936221241950988,0.0559688284993171,42.4001667365246,nf,23,0.9936221241950988,0.0559688284993171,341,0.4,E5b_subtraction
97,2,subtraction,just_grokked,4450,1.0,0.9041799306869508,41.91872820451931,int,2,0.0106298169121146,0.0097414096817374,341,0.4,E5b_subtraction
97,2,subtraction,just_grokked,4450,1.0,0.9041799306869508,41.91872820451931,int,3,0.0372043587267398,0.0384342893958091,341,0.4,E5b_subtraction
97,2,subtraction,just_grokked,4450,1.0,0.9041799306869508,41.91872820451931,int,4,0.1097528561949729,0.0982996821403503,341,0.4,E5b_subtraction
97,2,subtraction,just_grokked,4450,1.0,0.9041799306869508,41.91872820451931,int,5,0.4491097629070282,0.3648600876331329,341,0.4,E5b_subtraction
97,2,subtraction,just_grokked,4450,1.0,0.9041799306869508,41.91872820451931,int,6,0.969173550605774,0.8264257907867432,341,0.4,E5b_subtraction
97,2,subtraction,just_grokked,4450,1.0,0.9041799306869508,41.91872820451931,int,8,1.0,0.9001062512397766,341,0.4,E5b_subtraction
97,2,subtraction,just_grokked,4450,1.0,0.9041799306869508,41.91872820451931,int,10,1.0,0.9045341610908508,341,0.4,E5b_subtraction
97,2,subtraction,just_grokked,4450,1.0,0.9041799306869508,41.91872820451931,int,12,1.0,0.9041799306869508,341,0.4,E5b_subtraction
97,2,subtraction,just_grokked,4450,1.0,0.9041799306869508,41.91872820451931,int,16,1.0,0.9041799306869508,341,0.4,E5b_subtraction
97,2,subtraction,just_grokked,4450,1.0,0.9041799306869508,41.91872820451931,int,23,1.0,0.9041799306869508,341,0.4,E5b_subtraction
97,2,subtraction,just_grokked,4450,1.0,0.9041799306869508,41.91872820451931,mantissa,2,0.9997342824935912,0.8887708187103271,341,0.4,E5b_subtraction
97,2,subtraction,just_grokked,4450,1.0,0.9041799306869508,41.91872820451931,mantissa,3,1.0,0.9008147120475768,341,0.4,E5b_subtraction
97,2,subtraction,just_grokked,4450,1.0,0.9041799306869508,41.91872820451931,mantissa,4,1.0,0.9013460874557496,341,0.4,E5b_subtraction
97,2,subtraction,just_grokked,4450,1.0,0.9041799306869508,41.91872820451931,mantissa,5,1.0,0.9031172394752502,341,0.4,E5b_subtraction
97,2,subtraction,just_grokked,4450,1.0,0.9041799306869508,41.91872820451931,mantissa,6,1.0,0.9038257002830504,341,0.4,E5b_subtraction
97,2,subtraction,just_grokked,4450,1.0,0.9041799306869508,41.91872820451931,mantissa,8,1.0,0.9047113060951232,341,0.4,E5b_subtraction
97,2,subtraction,just_grokked,4450,1.0,0.9041799306869508,41.91872820451931,mantissa,10,1.0,0.9043570756912231,341,0.4,E5b_subtraction
97,2,subtraction,just_grokked,4450,1.0,0.9041799306869508,41.91872820451931,mantissa,12,1.0,0.9041799306869508,341,0.4,E5b_subtraction
97,2,subtraction,just_grokked,4450,1.0,0.9041799306869508,41.91872820451931,mantissa,16,1.0,0.9043570756912231,341,0.4,E5b_subtraction
97,2,subtraction,just_grokked,4450,1.0,0.9041799306869508,41.91872820451931,mantissa,23,1.0,0.9041799306869508,341,0.4,E5b_subtraction
97,2,subtraction,just_grokked,4450,1.0,0.9041799306869508,41.91872820451931,nf,2,0.0223226156085729,0.0191285870969295,341,0.4,E5b_subtraction
97,2,subtraction,just_grokked,4450,1.0,0.9041799306869508,41.91872820451931,nf,3,0.1211799085140228,0.0873184576630592,341,0.4,E5b_subtraction
97,2,subtraction,just_grokked,4450,1.0,0.9041799306869508,41.91872820451931,nf,4,0.3688546419143677,0.2812610566616058,341,0.4,E5b_subtraction
97,2,subtraction,just_grokked,4450,1.0,0.9041799306869508,41.91872820451931,nf,5,0.6149349212646484,0.4757350385189056,341,0.4,E5b_subtraction
97,2,subtraction,just_grokked,4450,1.0,0.9041799306869508,41.91872820451931,nf,6,0.7435556650161743,0.5772228240966797,341,0.4,E5b_subtraction
97,2,subtraction,just_grokked,4450,1.0,0.9041799306869508,41.91872820451931,nf,8,0.8926388621330261,0.7089974880218506,341,0.4,E5b_subtraction
97,2,subtraction,just_grokked,4450,1.0,0.9041799306869508,41.91872820451931,nf,10,0.8926388621330261,0.7089974880218506,341,0.4,E5b_subtraction
97,2,subtraction,just_grokked,4450,1.0,0.9041799306869508,41.91872820451931,nf,12,0.8926388621330261,0.7089974880218506,341,0.4,E5b_subtraction
97,2,subtraction,just_grokked,4450,1.0,0.9041799306869508,41.91872820451931,nf,16,0.8926388621330261,0.7089974880218506,341,0.4,E5b_subtraction
97,2,subtraction,just_grokked,4450,1.0,0.9041799306869508,41.91872820451931,nf,23,1.0,0.9041799306869508,341,0.4,E5b_subtraction
97,2,subtraction,post_grok_500,4950,1.0,0.937654972076416,44.25928990860172,int,2,0.0098325805738568,0.00991852581501,341,0.4,E5b_subtraction
97,2,subtraction,post_grok_500,4950,1.0,0.937654972076416,44.25928990860172,int,3,0.0385330840945243,0.0368402414023876,341,0.4,E5b_subtraction
97,2,subtraction,post_grok_500,4950,1.0,0.937654972076416,44.25928990860172,int,4,0.1060324236750602,0.0926319509744644,341,0.4,E5b_subtraction
97,2,subtraction,post_grok_500,4950,1.0,0.937654972076416,44.25928990860172,int,5,0.3648684620857239,0.30499467253685,341,0.4,E5b_subtraction
97,2,subtraction,post_grok_500,4950,1.0,0.937654972076416,44.25928990860172,int,6,0.9728939533233644,0.8682252764701843,341,0.4,E5b_subtraction
97,2,subtraction,post_grok_500,4950,1.0,0.937654972076416,44.25928990860172,int,8,1.0,0.9353524446487428,341,0.4,E5b_subtraction
97,2,subtraction,post_grok_500,4950,1.0,0.937654972076416,44.25928990860172,int,10,1.0,0.9378320574760436,341,0.4,E5b_subtraction
97,2,subtraction,post_grok_500,4950,1.0,0.937654972076416,44.25928990860172,int,12,1.0,0.9383634328842164,341,0.4,E5b_subtraction
97,2,subtraction,post_grok_500,4950,1.0,0.937654972076416,44.25928990860172,int,16,1.0,0.9374778270721436,341,0.4,E5b_subtraction
97,2,subtraction,post_grok_500,4950,1.0,0.937654972076416,44.25928990860172,int,23,1.0,0.937654972076416,341,0.4,E5b_subtraction
97,2,subtraction,post_grok_500,4950,1.0,0.937654972076416,44.25928990860172,mantissa,2,0.9997342824935912,0.9240170121192932,341,0.4,E5b_subtraction
97,2,subtraction,post_grok_500,4950,1.0,0.937654972076416,44.25928990860172,mantissa,3,1.0,0.9357066750526428,341,0.4,E5b_subtraction
97,2,subtraction,post_grok_500,4950,1.0,0.937654972076416,44.25928990860172,mantissa,4,1.0,0.9342897534370422,341,0.4,E5b_subtraction
97,2,subtraction,post_grok_500,4950,1.0,0.937654972076416,44.25928990860172,mantissa,5,1.0,0.9394261240959167,341,0.4,E5b_subtraction
97,2,subtraction,post_grok_500,4950,1.0,0.937654972076416,44.25928990860172,mantissa,6,1.0,0.9392490386962892,341,0.4,E5b_subtraction
97,2,subtraction,post_grok_500,4950,1.0,0.937654972076416,44.25928990860172,mantissa,8,1.0,0.937654972076416,341,0.4,E5b_subtraction
97,2,subtraction,post_grok_500,4950,1.0,0.937654972076416,44.25928990860172,mantissa,10,1.0,0.937654972076416,341,0.4,E5b_subtraction
97,2,subtraction,post_grok_500,4950,1.0,0.937654972076416,44.25928990860172,mantissa,12,1.0,0.9374778270721436,341,0.4,E5b_subtraction
97,2,subtraction,post_grok_500,4950,1.0,0.937654972076416,44.25928990860172,mantissa,16,1.0,0.937654972076416,341,0.4,E5b_subtraction
97,2,subtraction,post_grok_500,4950,1.0,0.937654972076416,44.25928990860172,mantissa,23,1.0,0.937654972076416,341,0.4,E5b_subtraction
97,2,subtraction,post_grok_500,4950,1.0,0.937654972076416,44.25928990860172,nf,2,0.0196651611477136,0.0180658865720033,341,0.4,E5b_subtraction
97,2,subtraction,post_grok_500,4950,1.0,0.937654972076416,44.25928990860172,nf,3,0.1217114031314849,0.0921005979180336,341,0.4,E5b_subtraction
97,2,subtraction,post_grok_500,4950,1.0,0.937654972076416,44.25928990860172,nf,4,0.3353707194328308,0.267623096704483,341,0.4,E5b_subtraction
97,2,subtraction,post_grok_500,4950,1.0,0.937654972076416,44.25928990860172,nf,5,0.5423864126205444,0.4362380504608154,341,0.4,E5b_subtraction
97,2,subtraction,post_grok_500,4950,1.0,0.937654972076416,44.25928990860172,nf,6,0.7034280896186829,0.5681898593902588,341,0.4,E5b_subtraction
97,2,subtraction,post_grok_500,4950,1.0,0.937654972076416,44.25928990860172,nf,8,0.8867924809455872,0.7314913272857666,341,0.4,E5b_subtraction
97,2,subtraction,post_grok_500,4950,1.0,0.937654972076416,44.25928990860172,nf,10,0.8867924809455872,0.7314913272857666,341,0.4,E5b_subtraction
97,2,subtraction,post_grok_500,4950,1.0,0.937654972076416,44.25928990860172,nf,12,0.8867924809455872,0.7314913272857666,341,0.4,E5b_subtraction
97,2,subtraction,post_grok_500,4950,1.0,0.937654972076416,44.25928990860172,nf,16,0.8867924809455872,0.7314913272857666,341,0.4,E5b_subtraction
97,2,subtraction,post_grok_500,4950,1.0,0.937654972076416,44.25928990860172,nf,23,1.0,0.937654972076416,341,0.4,E5b_subtraction
97,2,subtraction,post_grok_1500,5950,1.0,0.9617428183555604,48.67631020705121,int,2,0.0114270532503724,0.0102727590128779,341,0.4,E5b_subtraction
97,2,subtraction,post_grok_1500,5950,1.0,0.9617428183555604,48.67631020705121,int,3,0.028966249898076,0.0279844142496585,341,0.4,E5b_subtraction
97,2,subtraction,post_grok_1500,5950,1.0,0.9617428183555604,48.67631020705121,int,4,0.0544778108596801,0.0504782125353813,341,0.4,E5b_subtraction
97,2,subtraction,post_grok_1500,5950,1.0,0.9617428183555604,48.67631020705121,int,5,0.2030294984579086,0.1833156198263168,341,0.4,E5b_subtraction
97,2,subtraction,post_grok_1500,5950,1.0,0.9617428183555604,48.67631020705121,int,6,0.9625298976898192,0.8804463148117065,341,0.4,E5b_subtraction
97,2,subtraction,post_grok_1500,5950,1.0,0.9617428183555604,48.67631020705121,int,8,1.0,0.96068012714386,341,0.4,E5b_subtraction
97,2,subtraction,post_grok_1500,5950,1.0,0.9617428183555604,48.67631020705121,int,10,1.0,0.963513970375061,341,0.4,E5b_subtraction
97,2,subtraction,post_grok_1500,5950,1.0,0.9617428183555604,48.67631020705121,int,12,1.0,0.961919903755188,341,0.4,E5b_subtraction
97,2,subtraction,post_grok_1500,5950,1.0,0.9617428183555604,48.67631020705121,int,16,1.0,0.9617428183555604,341,0.4,E5b_subtraction
97,2,subtraction,post_grok_1500,5950,1.0,0.9617428183555604,48.67631020705121,int,23,1.0,0.9617428183555604,341,0.4,E5b_subtraction
97,2,subtraction,post_grok_1500,5950,1.0,0.9617428183555604,48.67631020705121,mantissa,2,0.998671293258667,0.9527098536491394,341,0.4,E5b_subtraction
97,2,subtraction,post_grok_1500,5950,1.0,0.9617428183555604,48.67631020705121,mantissa,3,1.0,0.958554744720459,341,0.4,E5b_subtraction
97,2,subtraction,post_grok_1500,5950,1.0,0.9617428183555604,48.67631020705121,mantissa,4,1.0,0.9624512791633606,341,0.4,E5b_subtraction
97,2,subtraction,post_grok_1500,5950,1.0,0.9617428183555604,48.67631020705121,mantissa,5,1.0,0.9624512791633606,341,0.4,E5b_subtraction
97,2,subtraction,post_grok_1500,5950,1.0,0.9617428183555604,48.67631020705121,mantissa,6,1.0,0.9620970487594604,341,0.4,E5b_subtraction
97,2,subtraction,post_grok_1500,5950,1.0,0.9617428183555604,48.67631020705121,mantissa,8,1.0,0.9617428183555604,341,0.4,E5b_subtraction
97,2,subtraction,post_grok_1500,5950,1.0,0.9617428183555604,48.67631020705121,mantissa,10,1.0,0.9617428183555604,341,0.4,E5b_subtraction
97,2,subtraction,post_grok_1500,5950,1.0,0.9617428183555604,48.67631020705121,mantissa,12,1.0,0.9617428183555604,341,0.4,E5b_subtraction
97,2,subtraction,post_grok_1500,5950,1.0,0.9617428183555604,48.67631020705121,mantissa,16,1.0,0.9617428183555604,341,0.4,E5b_subtraction
97,2,subtraction,post_grok_1500,5950,1.0,0.9617428183555604,48.67631020705121,mantissa,23,1.0,0.9617428183555604,341,0.4,E5b_subtraction
97,2,subtraction,post_grok_1500,5950,1.0,0.9617428183555604,48.67631020705121,nf,2,0.0217911247164011,0.0184201207011938,341,0.4,E5b_subtraction
97,2,subtraction,post_grok_1500,5950,1.0,0.9617428183555604,48.67631020705121,nf,3,0.0725485011935234,0.0600425079464912,341,0.4,E5b_subtraction
97,2,subtraction,post_grok_1500,5950,1.0,0.9617428183555604,48.67631020705121,nf,4,0.1910709589719772,0.1547998636960983,341,0.4,E5b_subtraction
97,2,subtraction,post_grok_1500,5950,1.0,0.9617428183555604,48.67631020705121,nf,5,0.3571618497371673,0.298795610666275,341,0.4,E5b_subtraction
97,2,subtraction,post_grok_1500,5950,1.0,0.9617428183555604,48.67631020705121,nf,6,0.5306935906410217,0.4502302408218384,341,0.4,E5b_subtraction
97,2,subtraction,post_grok_1500,5950,1.0,0.9617428183555604,48.67631020705121,nf,8,0.741163969039917,0.6613531708717346,341,0.4,E5b_subtraction
97,2,subtraction,post_grok_1500,5950,1.0,0.9617428183555604,48.67631020705121,nf,10,0.741163969039917,0.6613531708717346,341,0.4,E5b_subtraction
97,2,subtraction,post_grok_1500,5950,1.0,0.9617428183555604,48.67631020705121,nf,12,0.741163969039917,0.6613531708717346,341,0.4,E5b_subtraction
97,2,subtraction,post_grok_1500,5950,1.0,0.9617428183555604,48.67631020705121,nf,16,0.741163969039917,0.6613531708717346,341,0.4,E5b_subtraction
97,2,subtraction,post_grok_1500,5950,1.0,0.9617428183555604,48.67631020705121,nf,23,1.0,0.9617428183555604,341,0.4,E5b_subtraction
97,2,subtraction,post_grok_4000,8450,1.0,0.9624512791633606,52.77339751314784,int,2,0.0103640714660286,0.0104498760774731,341,0.4,E5b_subtraction
97,2,subtraction,post_grok_4000,8450,1.0,0.9624512791633606,52.77339751314784,int,3,0.0305607225745916,0.0304640457034111,341,0.4,E5b_subtraction
97,2,subtraction,post_grok_4000,8450,1.0,0.9624512791633606,52.77339751314784,int,4,0.066170610487461,0.0681898668408393,341,0.4,E5b_subtraction
97,2,subtraction,post_grok_4000,8450,1.0,0.9624512791633606,52.77339751314784,int,5,0.1517406404018402,0.1475380808115005,341,0.4,E5b_subtraction
97,2,subtraction,post_grok_4000,8450,1.0,0.9624512791633606,52.77339751314784,int,6,0.7573744654655457,0.6992561221122742,341,0.4,E5b_subtraction
97,2,subtraction,post_grok_4000,8450,1.0,0.9624512791633606,52.77339751314784,int,8,1.0,0.9617428183555604,341,0.4,E5b_subtraction
97,2,subtraction,post_grok_4000,8450,1.0,0.9624512791633606,52.77339751314784,int,10,1.0,0.9617428183555604,341,0.4,E5b_subtraction
97,2,subtraction,post_grok_4000,8450,1.0,0.9624512791633606,52.77339751314784,int,12,1.0,0.9624512791633606,341,0.4,E5b_subtraction
97,2,subtraction,post_grok_4000,8450,1.0,0.9624512791633606,52.77339751314784,int,16,1.0,0.9624512791633606,341,0.4,E5b_subtraction
97,2,subtraction,post_grok_4000,8450,1.0,0.9624512791633606,52.77339751314784,int,23,1.0,0.9624512791633606,341,0.4,E5b_subtraction
97,2,subtraction,post_grok_4000,8450,1.0,0.9624512791633606,52.77339751314784,mantissa,2,0.9992027878761292,0.9560750722885132,341,0.4,E5b_subtraction
97,2,subtraction,post_grok_4000,8450,1.0,0.9624512791633606,52.77339751314784,mantissa,3,1.0,0.9599716663360596,341,0.4,E5b_subtraction
97,2,subtraction,post_grok_4000,8450,1.0,0.9624512791633606,52.77339751314784,mantissa,4,1.0,0.9622741937637328,341,0.4,E5b_subtraction
97,2,subtraction,post_grok_4000,8450,1.0,0.9624512791633606,52.77339751314784,mantissa,5,1.0,0.9615656733512878,341,0.4,E5b_subtraction
97,2,subtraction,post_grok_4000,8450,1.0,0.9624512791633606,52.77339751314784,mantissa,6,1.0,0.9622741937637328,341,0.4,E5b_subtraction
97,2,subtraction,post_grok_4000,8450,1.0,0.9624512791633606,52.77339751314784,mantissa,8,1.0,0.9626284241676332,341,0.4,E5b_subtraction
97,2,subtraction,post_grok_4000,8450,1.0,0.9624512791633606,52.77339751314784,mantissa,10,1.0,0.9624512791633606,341,0.4,E5b_subtraction
97,2,subtraction,post_grok_4000,8450,1.0,0.9624512791633606,52.77339751314784,mantissa,12,1.0,0.9624512791633606,341,0.4,E5b_subtraction
97,2,subtraction,post_grok_4000,8450,1.0,0.9624512791633606,52.77339751314784,mantissa,16,1.0,0.9624512791633606,341,0.4,E5b_subtraction
97,2,subtraction,post_grok_4000,8450,1.0,0.9624512791633606,52.77339751314784,mantissa,23,1.0,0.9624512791633606,341,0.4,E5b_subtraction
97,2,subtraction,post_grok_4000,8450,1.0,0.9624512791633606,52.77339751314784,nf,2,0.0154132340103387,0.0145235564559698,341,0.4,E5b_subtraction
97,2,subtraction,post_grok_4000,8450,1.0,0.9624512791633606,52.77339751314784,nf,3,0.0605899542570114,0.0510095655918121,341,0.4,E5b_subtraction
97,2,subtraction,post_grok_4000,8450,1.0,0.9624512791633606,52.77339751314784,nf,4,0.1209141612052917,0.1137088164687156,341,0.4,E5b_subtraction
97,2,subtraction,post_grok_4000,8450,1.0,0.9624512791633606,52.77339751314784,nf,5,0.2125963270664215,0.2029755562543869,341,0.4,E5b_subtraction
97,2,subtraction,post_grok_4000,8450,1.0,0.9624512791633606,52.77339751314784,nf,6,0.3305872976779938,0.3019837141036987,341,0.4,E5b_subtraction
97,2,subtraction,post_grok_4000,8450,1.0,0.9624512791633606,52.77339751314784,nf,8,0.5120913982391357,0.4645766913890838,341,0.4,E5b_subtraction
97,2,subtraction,post_grok_4000,8450,1.0,0.9624512791633606,52.77339751314784,nf,10,0.5120913982391357,0.4645766913890838,341,0.4,E5b_subtraction
97,2,subtraction,post_grok_4000,8450,1.0,0.9624512791633606,52.77339751314784,nf,12,0.5120913982391357,0.4645766913890838,341,0.4,E5b_subtraction
97,2,subtraction,post_grok_4000,8450,1.0,0.9624512791633606,52.77339751314784,nf,16,0.5120913982391357,0.4645766913890838,341,0.4,E5b_subtraction
97,2,subtraction,post_grok_4000,8450,1.0,0.9624512791633606,52.77339751314784,nf,23,1.0,0.9624512791633606,341,0.4,E5b_subtraction
97,2,subtraction,cleaned_up,19600,1.0,0.9636911153793336,56.9138511784701,int,2,0.0082381078973412,0.0123981582000851,341,0.4,E5b_subtraction
97,2,subtraction,cleaned_up,19600,1.0,0.9636911153793336,56.9138511784701,int,3,0.0249800700694322,0.0224938001483678,341,0.4,E5b_subtraction
97,2,subtraction,cleaned_up,19600,1.0,0.9636911153793336,56.9138511784701,int,4,0.1222428902983665,0.1039674058556556,341,0.4,E5b_subtraction
97,2,subtraction,cleaned_up,19600,1.0,0.9636911153793336,56.9138511784701,int,5,0.360616534948349,0.3214665353298187,341,0.4,E5b_subtraction
97,2,subtraction,cleaned_up,19600,1.0,0.9636911153793336,56.9138511784701,int,6,0.9558862447738647,0.9006376266479492,341,0.4,E5b_subtraction
97,2,subtraction,cleaned_up,19600,1.0,0.9636911153793336,56.9138511784701,int,8,0.9997342824935912,0.9620970487594604,341,0.4,E5b_subtraction
97,2,subtraction,cleaned_up,19600,1.0,0.9636911153793336,56.9138511784701,int,10,1.0,0.9636911153793336,341,0.4,E5b_subtraction
97,2,subtraction,cleaned_up,19600,1.0,0.9636911153793336,56.9138511784701,int,12,1.0,0.963513970375061,341,0.4,E5b_subtraction
97,2,subtraction,cleaned_up,19600,1.0,0.9636911153793336,56.9138511784701,int,16,1.0,0.9638682007789612,341,0.4,E5b_subtraction
97,2,subtraction,cleaned_up,19600,1.0,0.9636911153793336,56.9138511784701,int,23,1.0,0.9636911153793336,341,0.4,E5b_subtraction
97,2,subtraction,cleaned_up,19600,1.0,0.9636911153793336,56.9138511784701,mantissa,2,0.9997342824935912,0.9603258967399596,341,0.4,E5b_subtraction
97,2,subtraction,cleaned_up,19600,1.0,0.9636911153793336,56.9138511784701,mantissa,3,1.0,0.9628055095672609,341,0.4,E5b_subtraction
97,2,subtraction,cleaned_up,19600,1.0,0.9636911153793336,56.9138511784701,mantissa,4,1.0,0.964753806591034,341,0.4,E5b_subtraction
97,2,subtraction,cleaned_up,19600,1.0,0.9636911153793336,56.9138511784701,mantissa,5,1.0,0.9638682007789612,341,0.4,E5b_subtraction
97,2,subtraction,cleaned_up,19600,1.0,0.9636911153793336,56.9138511784701,mantissa,6,1.0,0.9640453457832336,341,0.4,E5b_subtraction
97,2,subtraction,cleaned_up,19600,1.0,0.9636911153793336,56.9138511784701,mantissa,8,1.0,0.9636911153793336,341,0.4,E5b_subtraction
97,2,subtraction,cleaned_up,19600,1.0,0.9636911153793336,56.9138511784701,mantissa,10,1.0,0.9636911153793336,341,0.4,E5b_subtraction
97,2,subtraction,cleaned_up,19600,1.0,0.9636911153793336,56.9138511784701,mantissa,12,1.0,0.9636911153793336,341,0.4,E5b_subtraction
97,2,subtraction,cleaned_up,19600,1.0,0.9636911153793336,56.9138511784701,mantissa,16,1.0,0.9636911153793336,341,0.4,E5b_subtraction
97,2,subtraction,cleaned_up,19600,1.0,0.9636911153793336,56.9138511784701,mantissa,23,1.0,0.9636911153793336,341,0.4,E5b_subtraction
97,2,subtraction,cleaned_up,19600,1.0,0.9636911153793336,56.9138511784701,nf,2,0.0114270532503724,0.0106269922107458,341,0.4,E5b_subtraction
97,2,subtraction,cleaned_up,19600,1.0,0.9636911153793336,56.9138511784701,nf,3,0.0374701023101806,0.0306411609053611,341,0.4,E5b_subtraction
97,2,subtraction,cleaned_up,19600,1.0,0.9636911153793336,56.9138511784701,nf,4,0.1017804965376854,0.0827134251594543,341,0.4,E5b_subtraction
97,2,subtraction,cleaned_up,19600,1.0,0.9636911153793336,56.9138511784701,nf,5,0.1650279015302658,0.1445270925760269,341,0.4,E5b_subtraction
97,2,subtraction,cleaned_up,19600,1.0,0.9636911153793336,56.9138511784701,nf,6,0.2301355302333831,0.2061636596918106,341,0.4,E5b_subtraction
97,2,subtraction,cleaned_up,19600,1.0,0.9636911153793336,56.9138511784701,nf,8,0.3438745737075805,0.3044633269309997,341,0.4,E5b_subtraction
97,2,subtraction,cleaned_up,19600,1.0,0.9636911153793336,56.9138511784701,nf,10,0.3438745737075805,0.3044633269309997,341,0.4,E5b_subtraction
97,2,subtraction,cleaned_up,19600,1.0,0.9636911153793336,56.9138511784701,nf,12,0.3438745737075805,0.3044633269309997,341,0.4,E5b_subtraction
97,2,subtraction,cleaned_up,19600,1.0,0.9636911153793336,56.9138511784701,nf,16,0.3438745737075805,0.3044633269309997,341,0.4,E5b_subtraction
97,2,subtraction,cleaned_up,19600,1.0,0.9636911153793336,56.9138511784701,nf,23,1.0,0.9636911153793336,341,0.4,E5b_subtraction
97,3,subtraction,pre_grok,200,1.0,0.0393198728561401,44.7236985468232,int,2,0.0465054474771022,0.0228480342775583,341,0.4,E5b_subtraction
97,3,subtraction,pre_grok,200,1.0,0.0393198728561401,44.7236985468232,int,3,0.3659314513206482,0.0370173566043376,341,0.4,E5b_subtraction
97,3,subtraction,pre_grok,200,1.0,0.0393198728561401,44.7236985468232,int,4,0.696784496307373,0.0487070493400096,341,0.4,E5b_subtraction
97,3,subtraction,pre_grok,200,1.0,0.0393198728561401,44.7236985468232,int,5,0.9625298976898192,0.0432164371013641,341,0.4,E5b_subtraction
97,3,subtraction,pre_grok,200,1.0,0.0393198728561401,44.7236985468232,int,6,0.9970768094062804,0.0407368056476116,341,0.4,E5b_subtraction
97,3,subtraction,pre_grok,200,1.0,0.0393198728561401,44.7236985468232,int,8,1.0,0.0391427539288997,341,0.4,E5b_subtraction
97,3,subtraction,pre_grok,200,1.0,0.0393198728561401,44.7236985468232,int,10,1.0,0.0391427539288997,341,0.4,E5b_subtraction
97,3,subtraction,pre_grok,200,1.0,0.0393198728561401,44.7236985468232,int,12,1.0,0.0393198728561401,341,0.4,E5b_subtraction
97,3,subtraction,pre_grok,200,1.0,0.0393198728561401,44.7236985468232,int,16,1.0,0.0393198728561401,341,0.4,E5b_subtraction
97,3,subtraction,pre_grok,200,1.0,0.0393198728561401,44.7236985468232,int,23,1.0,0.0393198728561401,341,0.4,E5b_subtraction
97,3,subtraction,pre_grok,200,1.0,0.0393198728561401,44.7236985468232,mantissa,2,0.9715652465820312,0.0407368056476116,341,0.4,E5b_subtraction
97,3,subtraction,pre_grok,200,1.0,0.0393198728561401,44.7236985468232,mantissa,3,0.998671293258667,0.0382571741938591,341,0.4,E5b_subtraction
97,3,subtraction,pre_grok,200,1.0,0.0393198728561401,44.7236985468232,mantissa,4,0.9989370107650756,0.0414452701807022,341,0.4,E5b_subtraction
97,3,subtraction,pre_grok,200,1.0,0.0393198728561401,44.7236985468232,mantissa,5,1.0,0.0400283373892307,341,0.4,E5b_subtraction
97,3,subtraction,pre_grok,200,1.0,0.0393198728561401,44.7236985468232,mantissa,6,1.0,0.0391427539288997,341,0.4,E5b_subtraction
97,3,subtraction,pre_grok,200,1.0,0.0393198728561401,44.7236985468232,mantissa,8,1.0,0.0391427539288997,341,0.4,E5b_subtraction
97,3,subtraction,pre_grok,200,1.0,0.0393198728561401,44.7236985468232,mantissa,10,1.0,0.0393198728561401,341,0.4,E5b_subtraction
97,3,subtraction,pre_grok,200,1.0,0.0393198728561401,44.7236985468232,mantissa,12,1.0,0.0393198728561401,341,0.4,E5b_subtraction
97,3,subtraction,pre_grok,200,1.0,0.0393198728561401,44.7236985468232,mantissa,16,1.0,0.0393198728561401,341,0.4,E5b_subtraction
97,3,subtraction,pre_grok,200,1.0,0.0393198728561401,44.7236985468232,mantissa,23,1.0,0.0393198728561401,341,0.4,E5b_subtraction
97,3,subtraction,pre_grok,200,1.0,0.0393198728561401,44.7236985468232,nf,2,0.1684826016426086,0.0217853337526321,341,0.4,E5b_subtraction
97,3,subtraction,pre_grok,200,1.0,0.0393198728561401,44.7236985468232,nf,3,0.5073080062866211,0.0375487059354782,341,0.4,E5b_subtraction
97,3,subtraction,pre_grok,200,1.0,0.0393198728561401,44.7236985468232,nf,4,0.7395694851875305,0.0402054563164711,341,0.4,E5b_subtraction
97,3,subtraction,pre_grok,200,1.0,0.0393198728561401,44.7236985468232,nf,5,0.9468508958816528,0.0421537384390831,341,0.4,E5b_subtraction
97,3,subtraction,pre_grok,200,1.0,0.0393198728561401,44.7236985468232,nf,6,0.9936221241950988,0.0391427539288997,341,0.4,E5b_subtraction
97,3,subtraction,pre_grok,200,1.0,0.0393198728561401,44.7236985468232,nf,8,1.0,0.0391427539288997,341,0.4,E5b_subtraction
97,3,subtraction,pre_grok,200,1.0,0.0393198728561401,44.7236985468232,nf,10,1.0,0.0391427539288997,341,0.4,E5b_subtraction
97,3,subtraction,pre_grok,200,1.0,0.0393198728561401,44.7236985468232,nf,12,1.0,0.0391427539288997,341,0.4,E5b_subtraction
97,3,subtraction,pre_grok,200,1.0,0.0393198728561401,44.7236985468232,nf,16,1.0,0.0391427539288997,341,0.4,E5b_subtraction
97,3,subtraction,pre_grok,200,1.0,0.0393198728561401,44.7236985468232,nf,23,1.0,0.0393198728561401,341,0.4,E5b_subtraction
97,3,subtraction,just_grokked,4600,1.0,0.9119730591773988,41.26121251276838,int,2,0.0100983260199427,0.0104498760774731,341,0.4,E5b_subtraction
97,3,subtraction,just_grokked,4600,1.0,0.9119730591773988,41.26121251276838,int,3,0.0268402863293886,0.0292242299765348,341,0.4,E5b_subtraction
97,3,subtraction,just_grokked,4600,1.0,0.9119730591773988,41.26121251276838,int,4,0.1033749654889106,0.0887353867292404,341,0.4,E5b_subtraction
97,3,subtraction,just_grokked,4600,1.0,0.9119730591773988,41.26121251276838,int,5,0.5700238943099976,0.4605030119419098,341,0.4,E5b_subtraction
97,3,subtraction,just_grokked,4600,1.0,0.9119730591773988,41.26121251276838,int,6,0.9875099658966064,0.8492738008499146,341,0.4,E5b_subtraction
97,3,subtraction,just_grokked,4600,1.0,0.9119730591773988,41.26121251276838,int,8,1.0,0.9082536101341248,341,0.4,E5b_subtraction
97,3,subtraction,just_grokked,4600,1.0,0.9119730591773988,41.26121251276838,int,10,1.0,0.9116188287734984,341,0.4,E5b_subtraction
97,3,subtraction,just_grokked,4600,1.0,0.9119730591773988,41.26121251276838,int,12,1.0,0.9119730591773988,341,0.4,E5b_subtraction
97,3,subtraction,just_grokked,4600,1.0,0.9119730591773988,41.26121251276838,int,16,1.0,0.911795973777771,341,0.4,E5b_subtraction
97,3,subtraction,just_grokked,4600,1.0,0.9119730591773988,41.26121251276838,int,23,1.0,0.9119730591773988,341,0.4,E5b_subtraction
97,3,subtraction,just_grokked,4600,1.0,0.9119730591773988,41.26121251276838,mantissa,2,1.0,0.8939071893692017,341,0.4,E5b_subtraction
97,3,subtraction,just_grokked,4600,1.0,0.9119730591773988,41.26121251276838,mantissa,3,1.0,0.9123272895812988,341,0.4,E5b_subtraction
97,3,subtraction,just_grokked,4600,1.0,0.9119730591773988,41.26121251276838,mantissa,4,1.0,0.9109103679656982,341,0.4,E5b_subtraction
97,3,subtraction,just_grokked,4600,1.0,0.9119730591773988,41.26121251276838,mantissa,5,1.0,0.9116188287734984,341,0.4,E5b_subtraction
97,3,subtraction,just_grokked,4600,1.0,0.9119730591773988,41.26121251276838,mantissa,6,1.0,0.9116188287734984,341,0.4,E5b_subtraction
97,3,subtraction,just_grokked,4600,1.0,0.9119730591773988,41.26121251276838,mantissa,8,1.0,0.9114417433738708,341,0.4,E5b_subtraction
97,3,subtraction,just_grokked,4600,1.0,0.9119730591773988,41.26121251276838,mantissa,10,1.0,0.9121502041816713,341,0.4,E5b_subtraction
97,3,subtraction,just_grokked,4600,1.0,0.9119730591773988,41.26121251276838,mantissa,12,1.0,0.9119730591773988,341,0.4,E5b_subtraction
97,3,subtraction,just_grokked,4600,1.0,0.9119730591773988,41.26121251276838,mantissa,16,1.0,0.9119730591773988,341,0.4,E5b_subtraction
97,3,subtraction,just_grokked,4600,1.0,0.9119730591773988,41.26121251276838,mantissa,23,1.0,0.9119730591773988,341,0.4,E5b_subtraction
97,3,subtraction,just_grokked,4600,1.0,0.9119730591773988,41.26121251276838,nf,2,0.0215253792703151,0.0200141686946153,341,0.4,E5b_subtraction
97,3,subtraction,just_grokked,4600,1.0,0.9119730591773988,41.26121251276838,nf,3,0.1227743849158287,0.0963514000177383,341,0.4,E5b_subtraction
97,3,subtraction,just_grokked,4600,1.0,0.9119730591773988,41.26121251276838,nf,4,0.2891310155391693,0.2261778265237808,341,0.4,E5b_subtraction
97,3,subtraction,just_grokked,4600,1.0,0.9119730591773988,41.26121251276838,nf,5,0.4972096681594848,0.3882394433021545,341,0.4,E5b_subtraction
97,3,subtraction,just_grokked,4600,1.0,0.9119730591773988,41.26121251276838,nf,6,0.702630877494812,0.5591568946838379,341,0.4,E5b_subtraction
97,3,subtraction,just_grokked,4600,1.0,0.9119730591773988,41.26121251276838,nf,8,0.929311752319336,0.7585901618003845,341,0.4,E5b_subtraction
97,3,subtraction,just_grokked,4600,1.0,0.9119730591773988,41.26121251276838,nf,10,0.929311752319336,0.7585901618003845,341,0.4,E5b_subtraction
97,3,subtraction,just_grokked,4600,1.0,0.9119730591773988,41.26121251276838,nf,12,0.929311752319336,0.7585901618003845,341,0.4,E5b_subtraction
97,3,subtraction,just_grokked,4600,1.0,0.9119730591773988,41.26121251276838,nf,16,0.929311752319336,0.7585901618003845,341,0.4,E5b_subtraction
97,3,subtraction,just_grokked,4600,1.0,0.9119730591773988,41.26121251276838,nf,23,1.0,0.9119730591773988,341,0.4,E5b_subtraction
97,3,subtraction,post_grok_500,5100,0.9997342824935912,0.9764434695243835,38.435205771045645,int,2,0.0095668351277709,0.0109812254086136,341,0.4,E5b_subtraction
97,3,subtraction,post_grok_500,5100,0.9997342824935912,0.9764434695243835,38.435205771045645,int,3,0.0677650794386863,0.0646475404500961,341,0.4,E5b_subtraction
97,3,subtraction,post_grok_500,5100,0.9997342824935912,0.9764434695243835,38.435205771045645,int,4,0.2633537054061889,0.2297201603651046,341,0.4,E5b_subtraction
97,3,subtraction,post_grok_500,5100,0.9997342824935912,0.9764434695243835,38.435205771045645,int,5,0.9407387971878052,0.8586609959602356,341,0.4,E5b_subtraction
97,3,subtraction,post_grok_500,5100,0.9997342824935912,0.9764434695243835,38.435205771045645,int,6,0.9992027878761292,0.9682961106300354,341,0.4,E5b_subtraction
97,3,subtraction,post_grok_500,5100,0.9997342824935912,0.9764434695243835,38.435205771045645,int,8,0.9997342824935912,0.9752036929130554,341,0.4,E5b_subtraction
97,3,subtraction,post_grok_500,5100,0.9997342824935912,0.9764434695243835,38.435205771045645,int,10,0.9997342824935912,0.9760892391204834,341,0.4,E5b_subtraction
97,3,subtraction,post_grok_500,5100,0.9997342824935912,0.9764434695243835,38.435205771045645,int,12,0.9997342824935912,0.9764434695243835,341,0.4,E5b_subtraction
97,3,subtraction,post_grok_500,5100,0.9997342824935912,0.9764434695243835,38.435205771045645,int,16,0.9997342824935912,0.9760892391204834,341,0.4,E5b_subtraction
97,3,subtraction,post_grok_500,5100,0.9997342824935912,0.9764434695243835,38.435205771045645,int,23,0.9997342824935912,0.9764434695243835,341,0.4,E5b_subtraction
97,3,subtraction,post_grok_500,5100,0.9997342824935912,0.9764434695243835,38.435205771045645,mantissa,2,0.9997342824935912,0.9760892391204834,341,0.4,E5b_subtraction
97,3,subtraction,post_grok_500,5100,0.9997342824935912,0.9764434695243835,38.435205771045645,mantissa,3,0.9997342824935912,0.9759121537208556,341,0.4,E5b_subtraction
97,3,subtraction,post_grok_500,5100,0.9997342824935912,0.9764434695243835,38.435205771045645,mantissa,4,0.9997342824935912,0.9752036929130554,341,0.4,E5b_subtraction
97,3,subtraction,post_grok_500,5100,0.9997342824935912,0.9764434695243835,38.435205771045645,mantissa,5,0.9997342824935912,0.9759121537208556,341,0.4,E5b_subtraction
97,3,subtraction,post_grok_500,5100,0.9997342824935912,0.9764434695243835,38.435205771045645,mantissa,6,0.9997342824935912,0.976620614528656,341,0.4,E5b_subtraction
97,3,subtraction,post_grok_500,5100,0.9997342824935912,0.9764434695243835,38.435205771045645,mantissa,8,0.9997342824935912,0.976620614528656,341,0.4,E5b_subtraction
97,3,subtraction,post_grok_500,5100,0.9997342824935912,0.9764434695243835,38.435205771045645,mantissa,10,0.9997342824935912,0.9760892391204834,341,0.4,E5b_subtraction
97,3,subtraction,post_grok_500,5100,0.9997342824935912,0.9764434695243835,38.435205771045645,mantissa,12,0.9997342824935912,0.976266384124756,341,0.4,E5b_subtraction
97,3,subtraction,post_grok_500,5100,0.9997342824935912,0.9764434695243835,38.435205771045645,mantissa,16,0.9997342824935912,0.9764434695243835,341,0.4,E5b_subtraction
97,3,subtraction,post_grok_500,5100,0.9997342824935912,0.9764434695243835,38.435205771045645,mantissa,23,0.9997342824935912,0.9764434695243835,341,0.4,E5b_subtraction
97,3,subtraction,post_grok_500,5100,0.9997342824935912,0.9764434695243835,38.435205771045645,nf,2,0.0308264680206775,0.0290471129119396,341,0.4,E5b_subtraction
97,3,subtraction,post_grok_500,5100,0.9997342824935912,0.9764434695243835,38.435205771045645,nf,3,0.0799893736839294,0.0671271681785583,341,0.4,E5b_subtraction
97,3,subtraction,post_grok_500,5100,0.9997342824935912,0.9764434695243835,38.435205771045645,nf,4,0.2349189519882202,0.1962451338768005,341,0.4,E5b_subtraction
97,3,subtraction,post_grok_500,5100,0.9997342824935912,0.9764434695243835,38.435205771045645,nf,5,0.4658517241477966,0.3988664448261261,341,0.4,E5b_subtraction
97,3,subtraction,post_grok_500,5100,0.9997342824935912,0.9764434695243835,38.435205771045645,nf,6,0.7539197206497192,0.6551541090011597,341,0.4,E5b_subtraction
97,3,subtraction,post_grok_500,5100,0.9997342824935912,0.9764434695243835,38.435205771045645,nf,8,0.9612011909484864,0.8896563649177551,341,0.4,E5b_subtraction
97,3,subtraction,post_grok_500,5100,0.9997342824935912,0.9764434695243835,38.435205771045645,nf,10,0.9612011909484864,0.8896563649177551,341,0.4,E5b_subtraction
97,3,subtraction,post_grok_500,5100,0.9997342824935912,0.9764434695243835,38.435205771045645,nf,12,0.9612011909484864,0.8896563649177551,341,0.4,E5b_subtraction
97,3,subtraction,post_grok_500,5100,0.9997342824935912,0.9764434695243835,38.435205771045645,nf,16,0.9612011909484864,0.8896563649177551,341,0.4,E5b_subtraction
97,3,subtraction,post_grok_500,5100,0.9997342824935912,0.9764434695243835,38.435205771045645,nf,23,0.9997342824935912,0.9764434695243835,341,0.4,E5b_subtraction
97,3,subtraction,post_grok_1500,6100,1.0,1.0,34.53906554416452,int,2,0.0108955623582005,0.0109812254086136,341,0.4,E5b_subtraction
97,3,subtraction,post_grok_1500,6100,1.0,1.0,34.53906554416452,int,3,0.0257773045450449,0.0214311014860868,341,0.4,E5b_subtraction
97,3,subtraction,post_grok_1500,6100,1.0,1.0,34.53906554416452,int,4,0.0648418813943862,0.0586255751550197,341,0.4,E5b_subtraction
97,3,subtraction,post_grok_1500,6100,1.0,1.0,34.53906554416452,int,5,0.5314908623695374,0.5247963070869446,341,0.4,E5b_subtraction
97,3,subtraction,post_grok_1500,6100,1.0,1.0,34.53906554416452,int,6,0.9978740215301514,0.9943322539329528,341,0.4,E5b_subtraction
97,3,subtraction,post_grok_1500,6100,1.0,1.0,34.53906554416452,int,8,1.0,1.0,341,0.4,E5b_subtraction
97,3,subtraction,post_grok_1500,6100,1.0,1.0,34.53906554416452,int,10,1.0,1.0,341,0.4,E5b_subtraction
97,3,subtraction,post_grok_1500,6100,1.0,1.0,34.53906554416452,int,12,1.0,1.0,341,0.4,E5b_subtraction
97,3,subtraction,post_grok_1500,6100,1.0,1.0,34.53906554416452,int,16,1.0,1.0,341,0.4,E5b_subtraction
97,3,subtraction,post_grok_1500,6100,1.0,1.0,34.53906554416452,int,23,1.0,1.0,341,0.4,E5b_subtraction
97,3,subtraction,post_grok_1500,6100,1.0,1.0,34.53906554416452,mantissa,2,1.0,1.0,341,0.4,E5b_subtraction
97,3,subtraction,post_grok_1500,6100,1.0,1.0,34.53906554416452,mantissa,3,1.0,1.0,341,0.4,E5b_subtraction
97,3,subtraction,post_grok_1500,6100,1.0,1.0,34.53906554416452,mantissa,4,1.0,1.0,341,0.4,E5b_subtraction
97,3,subtraction,post_grok_1500,6100,1.0,1.0,34.53906554416452,mantissa,5,1.0,1.0,341,0.4,E5b_subtraction
97,3,subtraction,post_grok_1500,6100,1.0,1.0,34.53906554416452,mantissa,6,1.0,1.0,341,0.4,E5b_subtraction
97,3,subtraction,post_grok_1500,6100,1.0,1.0,34.53906554416452,mantissa,8,1.0,1.0,341,0.4,E5b_subtraction
97,3,subtraction,post_grok_1500,6100,1.0,1.0,34.53906554416452,mantissa,10,1.0,1.0,341,0.4,E5b_subtraction
97,3,subtraction,post_grok_1500,6100,1.0,1.0,34.53906554416452,mantissa,12,1.0,1.0,341,0.4,E5b_subtraction
97,3,subtraction,post_grok_1500,6100,1.0,1.0,34.53906554416452,mantissa,16,1.0,1.0,341,0.4,E5b_subtraction
97,3,subtraction,post_grok_1500,6100,1.0,1.0,34.53906554416452,mantissa,23,1.0,1.0,341,0.4,E5b_subtraction
97,3,subtraction,post_grok_1500,6100,1.0,1.0,34.53906554416452,nf,2,0.0167419612407684,0.0148777896538376,341,0.4,E5b_subtraction
97,3,subtraction,post_grok_1500,6100,1.0,1.0,34.53906554416452,nf,3,0.0895562022924423,0.0835990086197853,341,0.4,E5b_subtraction
97,3,subtraction,post_grok_1500,6100,1.0,1.0,34.53906554416452,nf,4,0.2378421425819397,0.2242295444011688,341,0.4,E5b_subtraction
97,3,subtraction,post_grok_1500,6100,1.0,1.0,34.53906554416452,nf,5,0.4092479348182678,0.3900106251239776,341,0.4,E5b_subtraction
97,3,subtraction,post_grok_1500,6100,1.0,1.0,34.53906554416452,nf,6,0.580653727054596,0.5593340396881104,341,0.4,E5b_subtraction
97,3,subtraction,post_grok_1500,6100,1.0,1.0,34.53906554416452,nf,8,0.8264682292938232,0.7977328896522522,341,0.4,E5b_subtraction
97,3,subtraction,post_grok_1500,6100,1.0,1.0,34.53906554416452,nf,10,0.8264682292938232,0.7977328896522522,341,0.4,E5b_subtraction
97,3,subtraction,post_grok_1500,6100,1.0,1.0,34.53906554416452,nf,12,0.8264682292938232,0.7977328896522522,341,0.4,E5b_subtraction
97,3,subtraction,post_grok_1500,6100,1.0,1.0,34.53906554416452,nf,16,0.8264682292938232,0.7977328896522522,341,0.4,E5b_subtraction
97,3,subtraction,post_grok_1500,6100,1.0,1.0,34.53906554416452,nf,23,1.0,1.0,341,0.4,E5b_subtraction
97,3,subtraction,post_grok_4000,8600,1.0,1.0,34.77537929895737,int,2,0.0116927986964583,0.0115125747397542,341,0.4,E5b_subtraction
97,3,subtraction,post_grok_4000,8600,1.0,1.0,34.77537929895737,int,3,0.022056870162487,0.0212539844214916,341,0.4,E5b_subtraction
97,3,subtraction,post_grok_4000,8600,1.0,1.0,34.77537929895737,int,4,0.1801753938198089,0.170208990573883,341,0.4,E5b_subtraction
97,3,subtraction,post_grok_4000,8600,1.0,1.0,34.77537929895737,int,5,0.9006112217903137,0.8898335099220276,341,0.4,E5b_subtraction
97,3,subtraction,post_grok_4000,8600,1.0,1.0,34.77537929895737,int,6,1.0,1.0,341,0.4,E5b_subtraction
97,3,subtraction,post_grok_4000,8600,1.0,1.0,34.77537929895737,int,8,1.0,1.0,341,0.4,E5b_subtraction
97,3,subtraction,post_grok_4000,8600,1.0,1.0,34.77537929895737,int,10,1.0,1.0,341,0.4,E5b_subtraction
97,3,subtraction,post_grok_4000,8600,1.0,1.0,34.77537929895737,int,12,1.0,1.0,341,0.4,E5b_subtraction
97,3,subtraction,post_grok_4000,8600,1.0,1.0,34.77537929895737,int,16,1.0,1.0,341,0.4,E5b_subtraction
97,3,subtraction,post_grok_4000,8600,1.0,1.0,34.77537929895737,int,23,1.0,1.0,341,0.4,E5b_subtraction
97,3,subtraction,post_grok_4000,8600,1.0,1.0,34.77537929895737,mantissa,2,1.0,1.0,341,0.4,E5b_subtraction
97,3,subtraction,post_grok_4000,8600,1.0,1.0,34.77537929895737,mantissa,3,1.0,1.0,341,0.4,E5b_subtraction
97,3,subtraction,post_grok_4000,8600,1.0,1.0,34.77537929895737,mantissa,4,1.0,1.0,341,0.4,E5b_subtraction
97,3,subtraction,post_grok_4000,8600,1.0,1.0,34.77537929895737,mantissa,5,1.0,1.0,341,0.4,E5b_subtraction
97,3,subtraction,post_grok_4000,8600,1.0,1.0,34.77537929895737,mantissa,6,1.0,1.0,341,0.4,E5b_subtraction
97,3,subtraction,post_grok_4000,8600,1.0,1.0,34.77537929895737,mantissa,8,1.0,1.0,341,0.4,E5b_subtraction
97,3,subtraction,post_grok_4000,8600,1.0,1.0,34.77537929895737,mantissa,10,1.0,1.0,341,0.4,E5b_subtraction
97,3,subtraction,post_grok_4000,8600,1.0,1.0,34.77537929895737,mantissa,12,1.0,1.0,341,0.4,E5b_subtraction
97,3,subtraction,post_grok_4000,8600,1.0,1.0,34.77537929895737,mantissa,16,1.0,1.0,341,0.4,E5b_subtraction
97,3,subtraction,post_grok_4000,8600,1.0,1.0,34.77537929895737,mantissa,23,1.0,1.0,341,0.4,E5b_subtraction
97,3,subtraction,post_grok_4000,8600,1.0,1.0,34.77537929895737,nf,2,0.0217911247164011,0.0201912857592105,341,0.4,E5b_subtraction
97,3,subtraction,post_grok_4000,8600,1.0,1.0,34.77537929895737,nf,3,0.0574010089039802,0.0552603602409362,341,0.4,E5b_subtraction
97,3,subtraction,post_grok_4000,8600,1.0,1.0,34.77537929895737,nf,4,0.1368588954210281,0.1328373998403549,341,0.4,E5b_subtraction
97,3,subtraction,post_grok_4000,8600,1.0,1.0,34.77537929895737,nf,5,0.2739835381507873,0.2686857879161834,341,0.4,E5b_subtraction
97,3,subtraction,post_grok_4000,8600,1.0,1.0,34.77537929895737,nf,6,0.4985384047031402,0.4729011654853821,341,0.4,E5b_subtraction
97,3,subtraction,post_grok_4000,8600,1.0,1.0,34.77537929895737,nf,8,0.853574275970459,0.8205809593200684,341,0.4,E5b_subtraction
97,3,subtraction,post_grok_4000,8600,1.0,1.0,34.77537929895737,nf,10,0.853574275970459,0.8205809593200684,341,0.4,E5b_subtraction
97,3,subtraction,post_grok_4000,8600,1.0,1.0,34.77537929895737,nf,12,0.853574275970459,0.8205809593200684,341,0.4,E5b_subtraction
97,3,subtraction,post_grok_4000,8600,1.0,1.0,34.77537929895737,nf,16,0.853574275970459,0.8205809593200684,341,0.4,E5b_subtraction
97,3,subtraction,post_grok_4000,8600,1.0,1.0,34.77537929895737,nf,23,1.0,1.0,341,0.4,E5b_subtraction
97,3,subtraction,cleaned_up,30000,1.0,1.0,35.63696380300166,int,2,0.0130215249955654,0.0106269922107458,341,0.4,E5b_subtraction
97,3,subtraction,cleaned_up,30000,1.0,1.0,35.63696380300166,int,3,0.0159447249025106,0.0148777896538376,341,0.4,E5b_subtraction
97,3,subtraction,cleaned_up,30000,1.0,1.0,35.63696380300166,int,4,0.1870847791433334,0.1811902225017547,341,0.4,E5b_subtraction
97,3,subtraction,cleaned_up,30000,1.0,1.0,35.63696380300166,int,5,0.8814775347709656,0.8687566518783569,341,0.4,E5b_subtraction
97,3,subtraction,cleaned_up,30000,1.0,1.0,35.63696380300166,int,6,1.0,0.9998228549957277,341,0.4,E5b_subtraction
97,3,subtraction,cleaned_up,30000,1.0,1.0,35.63696380300166,int,8,1.0,1.0,341,0.4,E5b_subtraction
97,3,subtraction,cleaned_up,30000,1.0,1.0,35.63696380300166,int,10,1.0,1.0,341,0.4,E5b_subtraction
97,3,subtraction,cleaned_up,30000,1.0,1.0,35.63696380300166,int,12,1.0,1.0,341,0.4,E5b_subtraction
97,3,subtraction,cleaned_up,30000,1.0,1.0,35.63696380300166,int,16,1.0,1.0,341,0.4,E5b_subtraction
97,3,subtraction,cleaned_up,30000,1.0,1.0,35.63696380300166,int,23,1.0,1.0,341,0.4,E5b_subtraction
97,3,subtraction,cleaned_up,30000,1.0,1.0,35.63696380300166,mantissa,2,1.0,1.0,341,0.4,E5b_subtraction
97,3,subtraction,cleaned_up,30000,1.0,1.0,35.63696380300166,mantissa,3,1.0,1.0,341,0.4,E5b_subtraction
97,3,subtraction,cleaned_up,30000,1.0,1.0,35.63696380300166,mantissa,4,1.0,1.0,341,0.4,E5b_subtraction
97,3,subtraction,cleaned_up,30000,1.0,1.0,35.63696380300166,mantissa,5,1.0,1.0,341,0.4,E5b_subtraction
97,3,subtraction,cleaned_up,30000,1.0,1.0,35.63696380300166,mantissa,6,1.0,1.0,341,0.4,E5b_subtraction
97,3,subtraction,cleaned_up,30000,1.0,1.0,35.63696380300166,mantissa,8,1.0,1.0,341,0.4,E5b_subtraction
97,3,subtraction,cleaned_up,30000,1.0,1.0,35.63696380300166,mantissa,10,1.0,1.0,341,0.4,E5b_subtraction
97,3,subtraction,cleaned_up,30000,1.0,1.0,35.63696380300166,mantissa,12,1.0,1.0,341,0.4,E5b_subtraction
97,3,subtraction,cleaned_up,30000,1.0,1.0,35.63696380300166,mantissa,16,1.0,1.0,341,0.4,E5b_subtraction
97,3,subtraction,cleaned_up,30000,1.0,1.0,35.63696380300166,mantissa,23,1.0,1.0,341,0.4,E5b_subtraction
97,3,subtraction,cleaned_up,30000,1.0,1.0,35.63696380300166,nf,2,0.0199309065937995,0.01965993642807,341,0.4,E5b_subtraction
97,3,subtraction,cleaned_up,30000,1.0,1.0,35.63696380300166,nf,3,0.0496943928301334,0.0458731837570667,341,0.4,E5b_subtraction
97,3,subtraction,cleaned_up,30000,1.0,1.0,35.63696380300166,nf,4,0.1799096465110778,0.1806588768959045,341,0.4,E5b_subtraction
97,3,subtraction,cleaned_up,30000,1.0,1.0,35.63696380300166,nf,5,0.4517672061920166,0.4403117299079895,341,0.4,E5b_subtraction
97,3,subtraction,cleaned_up,30000,1.0,1.0,35.63696380300166,nf,6,0.7621578574180603,0.7341480851173401,341,0.4,E5b_subtraction
97,3,subtraction,cleaned_up,30000,1.0,1.0,35.63696380300166,nf,8,0.9362211227416992,0.9284449219703674,341,0.4,E5b_subtraction
97,3,subtraction,cleaned_up,30000,1.0,1.0,35.63696380300166,nf,10,0.9362211227416992,0.9284449219703674,341,0.4,E5b_subtraction
97,3,subtraction,cleaned_up,30000,1.0,1.0,35.63696380300166,nf,12,0.9362211227416992,0.9284449219703674,341,0.4,E5b_subtraction
97,3,subtraction,cleaned_up,30000,1.0,1.0,35.63696380300166,nf,16,0.9362211227416992,0.9284449219703674,341,0.4,E5b_subtraction
97,3,subtraction,cleaned_up,30000,1.0,1.0,35.63696380300166,nf,23,1.0,1.0,341,0.4,E5b_subtraction
97,4,subtraction,pre_grok,250,0.9997342824935912,0.0219624508172273,45.2531549568359,int,2,0.0430507585406303,0.0194828193634748,341,0.4,E5b_subtraction
97,4,subtraction,pre_grok,250,0.9997342824935912,0.0219624508172273,45.2531549568359,int,3,0.277438223361969,0.0249734316021204,341,0.4,E5b_subtraction
97,4,subtraction,pre_grok,250,0.9997342824935912,0.0219624508172273,45.2531549568359,int,4,0.5865001082420349,0.0232022665441036,341,0.4,E5b_subtraction
97,4,subtraction,pre_grok,250,0.9997342824935912,0.0219624508172273,45.2531549568359,int,5,0.881743311882019,0.0203684028238058,341,0.4,E5b_subtraction
97,4,subtraction,pre_grok,250,0.9997342824935912,0.0219624508172273,45.2531549568359,int,6,0.98591548204422,0.0233793836086988,341,0.4,E5b_subtraction
97,4,subtraction,pre_grok,250,0.9997342824935912,0.0219624508172273,45.2531549568359,int,8,0.9997342824935912,0.0210768692195415,341,0.4,E5b_subtraction
97,4,subtraction,pre_grok,250,0.9997342824935912,0.0219624508172273,45.2531549568359,int,10,0.9997342824935912,0.021608218550682,341,0.4,E5b_subtraction
97,4,subtraction,pre_grok,250,0.9997342824935912,0.0219624508172273,45.2531549568359,int,12,0.9997342824935912,0.0217853337526321,341,0.4,E5b_subtraction
97,4,subtraction,pre_grok,250,0.9997342824935912,0.0219624508172273,45.2531549568359,int,16,0.9997342824935912,0.0219624508172273,341,0.4,E5b_subtraction
97,4,subtraction,pre_grok,250,0.9997342824935912,0.0219624508172273,45.2531549568359,int,23,0.9997342824935912,0.0219624508172273,341,0.4,E5b_subtraction
97,4,subtraction,pre_grok,250,0.9997342824935912,0.0219624508172273,45.2531549568359,mantissa,2,0.929311752319336,0.0230251494795084,341,0.4,E5b_subtraction
97,4,subtraction,pre_grok,250,0.9997342824935912,0.0219624508172273,45.2531549568359,mantissa,3,0.9917619228363036,0.021608218550682,341,0.4,E5b_subtraction
97,4,subtraction,pre_grok,250,0.9997342824935912,0.0219624508172273,45.2531549568359,mantissa,4,0.9997342824935912,0.0221395678818225,341,0.4,E5b_subtraction
97,4,subtraction,pre_grok,250,0.9997342824935912,0.0219624508172273,45.2531549568359,mantissa,5,1.0,0.0214311014860868,341,0.4,E5b_subtraction
97,4,subtraction,pre_grok,250,0.9997342824935912,0.0219624508172273,45.2531549568359,mantissa,6,0.9997342824935912,0.0219624508172273,341,0.4,E5b_subtraction
97,4,subtraction,pre_grok,250,0.9997342824935912,0.0219624508172273,45.2531549568359,mantissa,8,0.9997342824935912,0.0219624508172273,341,0.4,E5b_subtraction
97,4,subtraction,pre_grok,250,0.9997342824935912,0.0219624508172273,45.2531549568359,mantissa,10,0.9997342824935912,0.0219624508172273,341,0.4,E5b_subtraction
97,4,subtraction,pre_grok,250,0.9997342824935912,0.0219624508172273,45.2531549568359,mantissa,12,0.9997342824935912,0.0219624508172273,341,0.4,E5b_subtraction
97,4,subtraction,pre_grok,250,0.9997342824935912,0.0219624508172273,45.2531549568359,mantissa,16,0.9997342824935912,0.0219624508172273,341,0.4,E5b_subtraction
97,4,subtraction,pre_grok,250,0.9997342824935912,0.0219624508172273,45.2531549568359,mantissa,23,0.9997342824935912,0.0219624508172273,341,0.4,E5b_subtraction
97,4,subtraction,pre_grok,250,0.9997342824935912,0.0219624508172273,45.2531549568359,nf,2,0.1504119038581848,0.0210768692195415,341,0.4,E5b_subtraction
97,4,subtraction,pre_grok,250,0.9997342824935912,0.0219624508172273,45.2531549568359,nf,3,0.3845336139202118,0.0212539844214916,341,0.4,E5b_subtraction
97,4,subtraction,pre_grok,250,0.9997342824935912,0.0219624508172273,45.2531549568359,nf,4,0.6662237644195557,0.0198370516300201,341,0.4,E5b_subtraction
97,4,subtraction,pre_grok,250,0.9997342824935912,0.0219624508172273,45.2531549568359,nf,5,0.8596864342689514,0.0200141686946153,341,0.4,E5b_subtraction
97,4,subtraction,pre_grok,250,0.9997342824935912,0.0219624508172273,45.2531549568359,nf,6,0.9782088994979858,0.0198370516300201,341,0.4,E5b_subtraction
97,4,subtraction,pre_grok,250,0.9997342824935912,0.0219624508172273,45.2531549568359,nf,8,0.9997342824935912,0.021608218550682,341,0.4,E5b_subtraction
97,4,subtraction,pre_grok,250,0.9997342824935912,0.0219624508172273,45.2531549568359,nf,10,0.9997342824935912,0.021608218550682,341,0.4,E5b_subtraction
97,4,subtraction,pre_grok,250,0.9997342824935912,0.0219624508172273,45.2531549568359,nf,12,0.9997342824935912,0.021608218550682,341,0.4,E5b_subtraction
97,4,subtraction,pre_grok,250,0.9997342824935912,0.0219624508172273,45.2531549568359,nf,16,0.9997342824935912,0.021608218550682,341,0.4,E5b_subtraction
97,4,subtraction,pre_grok,250,0.9997342824935912,0.0219624508172273,45.2531549568359,nf,23,0.9997342824935912,0.0219624508172273,341,0.4,E5b_subtraction
97,4,subtraction,just_grokked,5850,1.0,0.9084307551383972,44.231118796858624,int,2,0.0100983260199427,0.0093871764838695,341,0.4,E5b_subtraction
97,4,subtraction,just_grokked,5850,1.0,0.9084307551383972,44.231118796858624,int,3,0.0486314110457897,0.0462274178862571,341,0.4,E5b_subtraction
97,4,subtraction,just_grokked,5850,1.0,0.9084307551383972,44.231118796858624,int,4,0.1116130724549293,0.0936946496367454,341,0.4,E5b_subtraction
97,4,subtraction,just_grokked,5850,1.0,0.9084307551383972,44.231118796858624,int,5,0.8764283657073975,0.7027984261512756,341,0.4,E5b_subtraction
97,4,subtraction,just_grokked,5850,1.0,0.9084307551383972,44.231118796858624,int,6,0.9994685053825378,0.8882394433021545,341,0.4,E5b_subtraction
97,4,subtraction,just_grokked,5850,1.0,0.9084307551383972,44.231118796858624,int,8,1.0,0.9066595435142516,341,0.4,E5b_subtraction
97,4,subtraction,just_grokked,5850,1.0,0.9084307551383972,44.231118796858624,int,10,1.0,0.9080765247344972,341,0.4,E5b_subtraction
97,4,subtraction,just_grokked,5850,1.0,0.9084307551383972,44.231118796858624,int,12,1.0,0.9091392159461976,341,0.4,E5b_subtraction
97,4,subtraction,just_grokked,5850,1.0,0.9084307551383972,44.231118796858624,int,16,1.0,0.9084307551383972,341,0.4,E5b_subtraction
97,4,subtraction,just_grokked,5850,1.0,0.9084307551383972,44.231118796858624,int,23,1.0,0.9084307551383972,341,0.4,E5b_subtraction
97,4,subtraction,just_grokked,5850,1.0,0.9084307551383972,44.231118796858624,mantissa,2,1.0,0.90240877866745,341,0.4,E5b_subtraction
97,4,subtraction,just_grokked,5850,1.0,0.9084307551383972,44.231118796858624,mantissa,3,1.0,0.9050655364990234,341,0.4,E5b_subtraction
97,4,subtraction,just_grokked,5850,1.0,0.9084307551383972,44.231118796858624,mantissa,4,1.0,0.9086078405380248,341,0.4,E5b_subtraction
97,4,subtraction,just_grokked,5850,1.0,0.9084307551383972,44.231118796858624,mantissa,5,1.0,0.9082536101341248,341,0.4,E5b_subtraction
97,4,subtraction,just_grokked,5850,1.0,0.9084307551383972,44.231118796858624,mantissa,6,1.0,0.9084307551383972,341,0.4,E5b_subtraction
97,4,subtraction,just_grokked,5850,1.0,0.9084307551383972,44.231118796858624,mantissa,8,1.0,0.9086078405380248,341,0.4,E5b_subtraction
97,4,subtraction,just_grokked,5850,1.0,0.9084307551383972,44.231118796858624,mantissa,10,1.0,0.9084307551383972,341,0.4,E5b_subtraction
97,4,subtraction,just_grokked,5850,1.0,0.9084307551383972,44.231118796858624,mantissa,12,1.0,0.9084307551383972,341,0.4,E5b_subtraction
97,4,subtraction,just_grokked,5850,1.0,0.9084307551383972,44.231118796858624,mantissa,16,1.0,0.9084307551383972,341,0.4,E5b_subtraction
97,4,subtraction,just_grokked,5850,1.0,0.9084307551383972,44.231118796858624,mantissa,23,1.0,0.9084307551383972,341,0.4,E5b_subtraction
97,4,subtraction,just_grokked,5850,1.0,0.9084307551383972,44.231118796858624,nf,2,0.0321551971137523,0.023556500673294,341,0.4,E5b_subtraction
97,4,subtraction,just_grokked,5850,1.0,0.9084307551383972,44.231118796858624,nf,3,0.1408450752496719,0.0979454442858696,341,0.4,E5b_subtraction
97,4,subtraction,just_grokked,5850,1.0,0.9084307551383972,44.231118796858624,nf,4,0.3377624154090881,0.2221041470766067,341,0.4,E5b_subtraction
97,4,subtraction,just_grokked,5850,1.0,0.9084307551383972,44.231118796858624,nf,5,0.625564694404602,0.4179950356483459,341,0.4,E5b_subtraction
97,4,subtraction,just_grokked,5850,1.0,0.9084307551383972,44.231118796858624,nf,6,0.8429444432258606,0.6092808842658997,341,0.4,E5b_subtraction
97,4,subtraction,just_grokked,5850,1.0,0.9084307551383972,44.231118796858624,nf,8,0.9728939533233644,0.7814381718635559,341,0.4,E5b_subtraction
97,4,subtraction,just_grokked,5850,1.0,0.9084307551383972,44.231118796858624,nf,10,0.9728939533233644,0.7814381718635559,341,0.4,E5b_subtraction
97,4,subtraction,just_grokked,5850,1.0,0.9084307551383972,44.231118796858624,nf,12,0.9728939533233644,0.7814381718635559,341,0.4,E5b_subtraction
97,4,subtraction,just_grokked,5850,1.0,0.9084307551383972,44.231118796858624,nf,16,0.9728939533233644,0.7814381718635559,341,0.4,E5b_subtraction
97,4,subtraction,just_grokked,5850,1.0,0.9084307551383972,44.231118796858624,nf,23,1.0,0.9084307551383972,341,0.4,E5b_subtraction
97,4,subtraction,post_grok_500,6350,1.0,0.9794544577598572,41.50408430568424,int,2,0.0098325805738568,0.008855827152729,341,0.4,E5b_subtraction
97,4,subtraction,post_grok_500,6350,1.0,0.9794544577598572,41.50408430568424,int,3,0.036672867834568,0.0426850877702236,341,0.4,E5b_subtraction
97,4,subtraction,post_grok_500,6350,1.0,0.9794544577598572,41.50408430568424,int,4,0.0744087174534797,0.0665958225727081,341,0.4,E5b_subtraction
97,4,subtraction,post_grok_500,6350,1.0,0.9794544577598572,41.50408430568424,int,5,0.5585968494415283,0.502479612827301,341,0.4,E5b_subtraction
97,4,subtraction,post_grok_500,6350,1.0,0.9794544577598572,41.50408430568424,int,6,1.0,0.9705986380577089,341,0.4,E5b_subtraction
97,4,subtraction,post_grok_500,6350,1.0,0.9794544577598572,41.50408430568424,int,8,1.0,0.9799858331680298,341,0.4,E5b_subtraction
97,4,subtraction,post_grok_500,6350,1.0,0.9794544577598572,41.50408430568424,int,10,1.0,0.9794544577598572,341,0.4,E5b_subtraction
97,4,subtraction,post_grok_500,6350,1.0,0.9794544577598572,41.50408430568424,int,12,1.0,0.9796316027641296,341,0.4,E5b_subtraction
97,4,subtraction,post_grok_500,6350,1.0,0.9794544577598572,41.50408430568424,int,16,1.0,0.9794544577598572,341,0.4,E5b_subtraction
97,4,subtraction,post_grok_500,6350,1.0,0.9794544577598572,41.50408430568424,int,23,1.0,0.9794544577598572,341,0.4,E5b_subtraction
97,4,subtraction,post_grok_500,6350,1.0,0.9794544577598572,41.50408430568424,mantissa,2,1.0,0.9753807783126832,341,0.4,E5b_subtraction
97,4,subtraction,post_grok_500,6350,1.0,0.9794544577598572,41.50408430568424,mantissa,3,1.0,0.9792773723602296,341,0.4,E5b_subtraction
97,4,subtraction,post_grok_500,6350,1.0,0.9794544577598572,41.50408430568424,mantissa,4,1.0,0.9792773723602296,341,0.4,E5b_subtraction
97,4,subtraction,post_grok_500,6350,1.0,0.9794544577598572,41.50408430568424,mantissa,5,1.0,0.9792773723602296,341,0.4,E5b_subtraction
97,4,subtraction,post_grok_500,6350,1.0,0.9794544577598572,41.50408430568424,mantissa,6,1.0,0.9796316027641296,341,0.4,E5b_subtraction
97,4,subtraction,post_grok_500,6350,1.0,0.9794544577598572,41.50408430568424,mantissa,8,1.0,0.9792773723602296,341,0.4,E5b_subtraction
97,4,subtraction,post_grok_500,6350,1.0,0.9794544577598572,41.50408430568424,mantissa,10,1.0,0.9794544577598572,341,0.4,E5b_subtraction
97,4,subtraction,post_grok_500,6350,1.0,0.9794544577598572,41.50408430568424,mantissa,12,1.0,0.9794544577598572,341,0.4,E5b_subtraction
97,4,subtraction,post_grok_500,6350,1.0,0.9794544577598572,41.50408430568424,mantissa,16,1.0,0.9794544577598572,341,0.4,E5b_subtraction
97,4,subtraction,post_grok_500,6350,1.0,0.9794544577598572,41.50408430568424,mantissa,23,1.0,0.9794544577598572,341,0.4,E5b_subtraction
97,4,subtraction,post_grok_500,6350,1.0,0.9794544577598572,41.50408430568424,nf,2,0.0279032681137323,0.0221395678818225,341,0.4,E5b_subtraction
97,4,subtraction,post_grok_500,6350,1.0,0.9794544577598572,41.50408430568424,nf,3,0.0611214451491832,0.0497697480022907,341,0.4,E5b_subtraction
97,4,subtraction,post_grok_500,6350,1.0,0.9794544577598572,41.50408430568424,nf,4,0.146425724029541,0.1190223172307014,341,0.4,E5b_subtraction
97,4,subtraction,post_grok_500,6350,1.0,0.9794544577598572,41.50408430568424,nf,5,0.3523784279823303,0.2886999547481537,341,0.4,E5b_subtraction
97,4,subtraction,post_grok_500,6350,1.0,0.9794544577598572,41.50408430568424,nf,6,0.5655062198638916,0.4899043440818786,341,0.4,E5b_subtraction
97,4,subtraction,post_grok_500,6350,1.0,0.9794544577598572,41.50408430568424,nf,8,0.8939675688743591,0.8195182085037231,341,0.4,E5b_subtraction
97,4,subtraction,post_grok_500,6350,1.0,0.9794544577598572,41.50408430568424,nf,10,0.8939675688743591,0.8195182085037231,341,0.4,E5b_subtraction
97,4,subtraction,post_grok_500,6350,1.0,0.9794544577598572,41.50408430568424,nf,12,0.8939675688743591,0.8195182085037231,341,0.4,E5b_subtraction
97,4,subtraction,post_grok_500,6350,1.0,0.9794544577598572,41.50408430568424,nf,16,0.8939675688743591,0.8195182085037231,341,0.4,E5b_subtraction
97,4,subtraction,post_grok_500,6350,1.0,0.9794544577598572,41.50408430568424,nf,23,1.0,0.9794544577598572,341,0.4,E5b_subtraction
97,4,subtraction,post_grok_1500,7350,1.0,0.989727258682251,38.3295930533847,int,2,0.0082381078973412,0.0106269922107458,341,0.4,E5b_subtraction
97,4,subtraction,post_grok_1500,7350,1.0,0.989727258682251,38.3295930533847,int,3,0.0255115590989589,0.0276301801204681,341,0.4,E5b_subtraction
97,4,subtraction,post_grok_1500,7350,1.0,0.989727258682251,38.3295930533847,int,4,0.1241031065583229,0.1213248297572135,341,0.4,E5b_subtraction
97,4,subtraction,post_grok_1500,7350,1.0,0.989727258682251,38.3295930533847,int,5,0.7432899475097656,0.6974849104881287,341,0.4,E5b_subtraction
97,4,subtraction,post_grok_1500,7350,1.0,0.989727258682251,38.3295930533847,int,6,1.0,0.9787459969520568,341,0.4,E5b_subtraction
97,4,subtraction,post_grok_1500,7350,1.0,0.989727258682251,38.3295930533847,int,8,1.0,0.989727258682251,341,0.4,E5b_subtraction
97,4,subtraction,post_grok_1500,7350,1.0,0.989727258682251,38.3295930533847,int,10,1.0,0.9895501136779784,341,0.4,E5b_subtraction
97,4,subtraction,post_grok_1500,7350,1.0,0.989727258682251,38.3295930533847,int,12,1.0,0.989727258682251,341,0.4,E5b_subtraction
97,4,subtraction,post_grok_1500,7350,1.0,0.989727258682251,38.3295930533847,int,16,1.0,0.989727258682251,341,0.4,E5b_subtraction
97,4,subtraction,post_grok_1500,7350,1.0,0.989727258682251,38.3295930533847,int,23,1.0,0.989727258682251,341,0.4,E5b_subtraction
97,4,subtraction,post_grok_1500,7350,1.0,0.989727258682251,38.3295930533847,mantissa,2,1.0,0.9877789616584778,341,0.4,E5b_subtraction
97,4,subtraction,post_grok_1500,7350,1.0,0.989727258682251,38.3295930533847,mantissa,3,1.0,0.9888416528701782,341,0.4,E5b_subtraction
97,4,subtraction,post_grok_1500,7350,1.0,0.989727258682251,38.3295930533847,mantissa,4,1.0,0.9891958832740784,341,0.4,E5b_subtraction
97,4,subtraction,post_grok_1500,7350,1.0,0.989727258682251,38.3295930533847,mantissa,5,1.0,0.9895501136779784,341,0.4,E5b_subtraction
97,4,subtraction,post_grok_1500,7350,1.0,0.989727258682251,38.3295930533847,mantissa,6,1.0,0.9895501136779784,341,0.4,E5b_subtraction
97,4,subtraction,post_grok_1500,7350,1.0,0.989727258682251,38.3295930533847,mantissa,8,1.0,0.989727258682251,341,0.4,E5b_subtraction
97,4,subtraction,post_grok_1500,7350,1.0,0.989727258682251,38.3295930533847,mantissa,10,1.0,0.989727258682251,341,0.4,E5b_subtraction
97,4,subtraction,post_grok_1500,7350,1.0,0.989727258682251,38.3295930533847,mantissa,12,1.0,0.989727258682251,341,0.4,E5b_subtraction
97,4,subtraction,post_grok_1500,7350,1.0,0.989727258682251,38.3295930533847,mantissa,16,1.0,0.989727258682251,341,0.4,E5b_subtraction
97,4,subtraction,post_grok_1500,7350,1.0,0.989727258682251,38.3295930533847,mantissa,23,1.0,0.989727258682251,341,0.4,E5b_subtraction
97,4,subtraction,post_grok_1500,7350,1.0,0.989727258682251,38.3295930533847,nf,2,0.018070688471198,0.0223166849464178,341,0.4,E5b_subtraction
97,4,subtraction,post_grok_1500,7350,1.0,0.989727258682251,38.3295930533847,nf,3,0.0555407926440238,0.0462274178862571,341,0.4,E5b_subtraction
97,4,subtraction,post_grok_1500,7350,1.0,0.989727258682251,38.3295930533847,nf,4,0.119851179420948,0.1112291887402534,341,0.4,E5b_subtraction
97,4,subtraction,post_grok_1500,7350,1.0,0.989727258682251,38.3295930533847,nf,5,0.2163167744874954,0.2059865295886993,341,0.4,E5b_subtraction
97,4,subtraction,post_grok_1500,7350,1.0,0.989727258682251,38.3295930533847,nf,6,0.3276641070842743,0.3055260181427002,341,0.4,E5b_subtraction
97,4,subtraction,post_grok_1500,7350,1.0,0.989727258682251,38.3295930533847,nf,8,0.559394121170044,0.5166489481925964,341,0.4,E5b_subtraction
97,4,subtraction,post_grok_1500,7350,1.0,0.989727258682251,38.3295930533847,nf,10,0.559394121170044,0.5166489481925964,341,0.4,E5b_subtraction
97,4,subtraction,post_grok_1500,7350,1.0,0.989727258682251,38.3295930533847,nf,12,0.559394121170044,0.5166489481925964,341,0.4,E5b_subtraction
97,4,subtraction,post_grok_1500,7350,1.0,0.989727258682251,38.3295930533847,nf,16,0.559394121170044,0.5166489481925964,341,0.4,E5b_subtraction
97,4,subtraction,post_grok_1500,7350,1.0,0.989727258682251,38.3295930533847,nf,23,1.0,0.989727258682251,341,0.4,E5b_subtraction
97,4,subtraction,post_grok_4000,9850,1.0,0.9874247312545776,42.174285014185465,int,2,0.0130215249955654,0.00991852581501,341,0.4,E5b_subtraction
97,4,subtraction,post_grok_4000,9850,1.0,0.9874247312545776,42.174285014185465,int,3,0.0574010089039802,0.0619907900691032,341,0.4,E5b_subtraction
97,4,subtraction,post_grok_4000,9850,1.0,0.9874247312545776,42.174285014185465,int,4,0.3345734775066376,0.3218207657337188,341,0.4,E5b_subtraction
97,4,subtraction,post_grok_4000,9850,1.0,0.9874247312545776,42.174285014185465,int,5,0.940207302570343,0.9121502041816713,341,0.4,E5b_subtraction
97,4,subtraction,post_grok_4000,9850,1.0,0.9874247312545776,42.174285014185465,int,6,1.0,0.9854764342308044,341,0.4,E5b_subtraction
97,4,subtraction,post_grok_4000,9850,1.0,0.9874247312545776,42.174285014185465,int,8,1.0,0.9870705008506776,341,0.4,E5b_subtraction
97,4,subtraction,post_grok_4000,9850,1.0,0.9874247312545776,42.174285014185465,int,10,1.0,0.9874247312545776,341,0.4,E5b_subtraction
97,4,subtraction,post_grok_4000,9850,1.0,0.9874247312545776,42.174285014185465,int,12,1.0,0.9874247312545776,341,0.4,E5b_subtraction
97,4,subtraction,post_grok_4000,9850,1.0,0.9874247312545776,42.174285014185465,int,16,1.0,0.9874247312545776,341,0.4,E5b_subtraction
97,4,subtraction,post_grok_4000,9850,1.0,0.9874247312545776,42.174285014185465,int,23,1.0,0.9874247312545776,341,0.4,E5b_subtraction
97,4,subtraction,post_grok_4000,9850,1.0,0.9874247312545776,42.174285014185465,mantissa,2,0.9997342824935912,0.985653519630432,341,0.4,E5b_subtraction
97,4,subtraction,post_grok_4000,9850,1.0,0.9874247312545776,42.174285014185465,mantissa,3,1.0,0.9874247312545776,341,0.4,E5b_subtraction
97,4,subtraction,post_grok_4000,9850,1.0,0.9874247312545776,42.174285014185465,mantissa,4,1.0,0.9874247312545776,341,0.4,E5b_subtraction
97,4,subtraction,post_grok_4000,9850,1.0,0.9874247312545776,42.174285014185465,mantissa,5,1.0,0.986893355846405,341,0.4,E5b_subtraction
97,4,subtraction,post_grok_4000,9850,1.0,0.9874247312545776,42.174285014185465,mantissa,6,1.0,0.9874247312545776,341,0.4,E5b_subtraction
97,4,subtraction,post_grok_4000,9850,1.0,0.9874247312545776,42.174285014185465,mantissa,8,1.0,0.9874247312545776,341,0.4,E5b_subtraction
97,4,subtraction,post_grok_4000,9850,1.0,0.9874247312545776,42.174285014185465,mantissa,10,1.0,0.9872475862503052,341,0.4,E5b_subtraction
97,4,subtraction,post_grok_4000,9850,1.0,0.9874247312545776,42.174285014185465,mantissa,12,1.0,0.9874247312545776,341,0.4,E5b_subtraction
97,4,subtraction,post_grok_4000,9850,1.0,0.9874247312545776,42.174285014185465,mantissa,16,1.0,0.9874247312545776,341,0.4,E5b_subtraction
97,4,subtraction,post_grok_4000,9850,1.0,0.9874247312545776,42.174285014185465,mantissa,23,1.0,0.9874247312545776,341,0.4,E5b_subtraction
97,4,subtraction,post_grok_4000,9850,1.0,0.9874247312545776,42.174285014185465,nf,2,0.0164762157946825,0.0154091389849781,341,0.4,E5b_subtraction
97,4,subtraction,post_grok_4000,9850,1.0,0.9874247312545776,42.174285014185465,nf,3,0.0422535203397274,0.0379029400646686,341,0.4,E5b_subtraction
97,4,subtraction,post_grok_4000,9850,1.0,0.9874247312545776,42.174285014185465,nf,4,0.1310124844312667,0.1225646436214447,341,0.4,E5b_subtraction
97,4,subtraction,post_grok_4000,9850,1.0,0.9874247312545776,42.174285014185465,nf,5,0.2370449155569076,0.2146652489900589,341,0.4,E5b_subtraction
97,4,subtraction,post_grok_4000,9850,1.0,0.9874247312545776,42.174285014185465,nf,6,0.4451235830783844,0.3960325717926025,341,0.4,E5b_subtraction
97,4,subtraction,post_grok_4000,9850,1.0,0.9874247312545776,42.174285014185465,nf,8,0.8612809181213379,0.8258944153785706,341,0.4,E5b_subtraction
97,4,subtraction,post_grok_4000,9850,1.0,0.9874247312545776,42.174285014185465,nf,10,0.8612809181213379,0.8258944153785706,341,0.4,E5b_subtraction
97,4,subtraction,post_grok_4000,9850,1.0,0.9874247312545776,42.174285014185465,nf,12,0.8612809181213379,0.8258944153785706,341,0.4,E5b_subtraction
97,4,subtraction,post_grok_4000,9850,1.0,0.9874247312545776,42.174285014185465,nf,16,0.8612809181213379,0.8258944153785706,341,0.4,E5b_subtraction
97,4,subtraction,post_grok_4000,9850,1.0,0.9874247312545776,42.174285014185465,nf,23,1.0,0.9874247312545776,341,0.4,E5b_subtraction
97,4,subtraction,cleaned_up,17400,1.0,0.9872475862503052,45.968768059514986,int,2,0.0108955623582005,0.0100956428796052,341,0.4,E5b_subtraction
97,4,subtraction,cleaned_up,17400,1.0,0.9872475862503052,45.968768059514986,int,3,0.0271060317754745,0.0251505486667156,341,0.4,E5b_subtraction
97,4,subtraction,cleaned_up,17400,1.0,0.9872475862503052,45.968768059514986,int,4,0.209673136472702,0.2066950052976608,341,0.4,E5b_subtraction
97,4,subtraction,cleaned_up,17400,1.0,0.9872475862503052,45.968768059514986,int,5,0.8214190602302551,0.803577721118927,341,0.4,E5b_subtraction
97,4,subtraction,cleaned_up,17400,1.0,0.9872475862503052,45.968768059514986,int,6,0.9984055161476136,0.9847679734230042,341,0.4,E5b_subtraction
97,4,subtraction,cleaned_up,17400,1.0,0.9872475862503052,45.968768059514986,int,8,1.0,0.9865391254425048,341,0.4,E5b_subtraction
97,4,subtraction,cleaned_up,17400,1.0,0.9872475862503052,45.968768059514986,int,10,1.0,0.9879560470581056,341,0.4,E5b_subtraction
97,4,subtraction,cleaned_up,17400,1.0,0.9872475862503052,45.968768059514986,int,12,1.0,0.9870705008506776,341,0.4,E5b_subtraction
97,4,subtraction,cleaned_up,17400,1.0,0.9872475862503052,45.968768059514986,int,16,1.0,0.9872475862503052,341,0.4,E5b_subtraction
97,4,subtraction,cleaned_up,17400,1.0,0.9872475862503052,45.968768059514986,int,23,1.0,0.9872475862503052,341,0.4,E5b_subtraction
97,4,subtraction,cleaned_up,17400,1.0,0.9872475862503052,45.968768059514986,mantissa,2,1.0,0.985653519630432,341,0.4,E5b_subtraction
97,4,subtraction,cleaned_up,17400,1.0,0.9872475862503052,45.968768059514986,mantissa,3,1.0,0.9863620400428772,341,0.4,E5b_subtraction
97,4,subtraction,cleaned_up,17400,1.0,0.9872475862503052,45.968768059514986,mantissa,4,1.0,0.9872475862503052,341,0.4,E5b_subtraction
97,4,subtraction,cleaned_up,17400,1.0,0.9872475862503052,45.968768059514986,mantissa,5,1.0,0.9870705008506776,341,0.4,E5b_subtraction
97,4,subtraction,cleaned_up,17400,1.0,0.9872475862503052,45.968768059514986,mantissa,6,1.0,0.9870705008506776,341,0.4,E5b_subtraction
97,4,subtraction,cleaned_up,17400,1.0,0.9872475862503052,45.968768059514986,mantissa,8,1.0,0.9872475862503052,341,0.4,E5b_subtraction
97,4,subtraction,cleaned_up,17400,1.0,0.9872475862503052,45.968768059514986,mantissa,10,1.0,0.9872475862503052,341,0.4,E5b_subtraction
97,4,subtraction,cleaned_up,17400,1.0,0.9872475862503052,45.968768059514986,mantissa,12,1.0,0.9872475862503052,341,0.4,E5b_subtraction
97,4,subtraction,cleaned_up,17400,1.0,0.9872475862503052,45.968768059514986,mantissa,16,1.0,0.9872475862503052,341,0.4,E5b_subtraction
97,4,subtraction,cleaned_up,17400,1.0,0.9872475862503052,45.968768059514986,mantissa,23,1.0,0.9872475862503052,341,0.4,E5b_subtraction
97,4,subtraction,cleaned_up,17400,1.0,0.9872475862503052,45.968768059514986,nf,2,0.0116927986964583,0.0134608568623662,341,0.4,E5b_subtraction
97,4,subtraction,cleaned_up,17400,1.0,0.9872475862503052,45.968768059514986,nf,3,0.0178049430251121,0.0162947215139865,341,0.4,E5b_subtraction
97,4,subtraction,cleaned_up,17400,1.0,0.9872475862503052,45.968768059514986,nf,4,0.0236513428390026,0.0251505486667156,341,0.4,E5b_subtraction
97,4,subtraction,cleaned_up,17400,1.0,0.9872475862503052,45.968768059514986,nf,5,0.0369386114180088,0.0336521416902542,341,0.4,E5b_subtraction
97,4,subtraction,cleaned_up,17400,1.0,0.9872475862503052,45.968768059514986,nf,6,0.0566037744283676,0.0515409149229526,341,0.4,E5b_subtraction
97,4,subtraction,cleaned_up,17400,1.0,0.9872475862503052,45.968768059514986,nf,8,0.1195854395627975,0.1076868548989296,341,0.4,E5b_subtraction
97,4,subtraction,cleaned_up,17400,1.0,0.9872475862503052,45.968768059514986,nf,10,0.1195854395627975,0.1076868548989296,341,0.4,E5b_subtraction
97,4,subtraction,cleaned_up,17400,1.0,0.9872475862503052,45.968768059514986,nf,12,0.1195854395627975,0.1076868548989296,341,0.4,E5b_subtraction
97,4,subtraction,cleaned_up,17400,1.0,0.9872475862503052,45.968768059514986,nf,16,0.1195854395627975,0.1076868548989296,341,0.4,E5b_subtraction
97,4,subtraction,cleaned_up,17400,1.0,0.9872475862503052,45.968768059514986,nf,23,1.0,0.9872475862503052,341,0.4,E5b_subtraction
97,5,subtraction,pre_grok,200,0.9981397986412048,0.0072617782279849,46.76325275128326,int,2,0.0350783951580524,0.0111583424732089,341,0.4,E5b_subtraction
97,5,subtraction,pre_grok,200,0.9981397986412048,0.0072617782279849,46.76325275128326,int,3,0.3231464326381683,0.0095642935484647,341,0.4,E5b_subtraction
97,5,subtraction,pre_grok,200,0.9981397986412048,0.0072617782279849,46.76325275128326,int,4,0.7193728685379028,0.0092100603505969,341,0.4,E5b_subtraction
97,5,subtraction,pre_grok,200,0.9981397986412048,0.0072617782279849,46.76325275128326,int,5,0.9351581335067748,0.0077931275591254,341,0.4,E5b_subtraction
97,5,subtraction,pre_grok,200,0.9981397986412048,0.0072617782279849,46.76325275128326,int,6,0.9952166080474854,0.0076160114258527,341,0.4,E5b_subtraction
97,5,subtraction,pre_grok,200,0.9981397986412048,0.0072617782279849,46.76325275128326,int,8,0.9981397986412048,0.0067304284311831,341,0.4,E5b_subtraction
97,5,subtraction,pre_grok,200,0.9981397986412048,0.0072617782279849,46.76325275128326,int,10,0.9981397986412048,0.0072617782279849,341,0.4,E5b_subtraction
97,5,subtraction,pre_grok,200,0.9981397986412048,0.0072617782279849,46.76325275128326,int,12,0.9981397986412048,0.0072617782279849,341,0.4,E5b_subtraction
97,5,subtraction,pre_grok,200,0.9981397986412048,0.0072617782279849,46.76325275128326,int,16,0.9981397986412048,0.0072617782279849,341,0.4,E5b_subtraction
97,5,subtraction,pre_grok,200,0.9981397986412048,0.0072617782279849,46.76325275128326,int,23,0.9981397986412048,0.0072617782279849,341,0.4,E5b_subtraction
97,5,subtraction,pre_grok,200,0.9981397986412048,0.0072617782279849,46.76325275128326,mantissa,2,0.9593409299850464,0.0081473607569932,341,0.4,E5b_subtraction
97,5,subtraction,pre_grok,200,0.9981397986412048,0.0072617782279849,46.76325275128326,mantissa,3,0.9965453147888184,0.0070846616290509,341,0.4,E5b_subtraction
97,5,subtraction,pre_grok,200,0.9981397986412048,0.0072617782279849,46.76325275128326,mantissa,4,0.9984055161476136,0.0072617782279849,341,0.4,E5b_subtraction
97,5,subtraction,pre_grok,200,0.9981397986412048,0.0072617782279849,46.76325275128326,mantissa,5,0.9981397986412048,0.0074388948269188,341,0.4,E5b_subtraction
97,5,subtraction,pre_grok,200,0.9981397986412048,0.0072617782279849,46.76325275128326,mantissa,6,0.9981397986412048,0.0070846616290509,341,0.4,E5b_subtraction
97,5,subtraction,pre_grok,200,0.9981397986412048,0.0072617782279849,46.76325275128326,mantissa,8,0.9981397986412048,0.0072617782279849,341,0.4,E5b_subtraction
97,5,subtraction,pre_grok,200,0.9981397986412048,0.0072617782279849,46.76325275128326,mantissa,10,0.9981397986412048,0.0072617782279849,341,0.4,E5b_subtraction
97,5,subtraction,pre_grok,200,0.9981397986412048,0.0072617782279849,46.76325275128326,mantissa,12,0.9981397986412048,0.0072617782279849,341,0.4,E5b_subtraction
97,5,subtraction,pre_grok,200,0.9981397986412048,0.0072617782279849,46.76325275128326,mantissa,16,0.9981397986412048,0.0072617782279849,341,0.4,E5b_subtraction
97,5,subtraction,pre_grok,200,0.9981397986412048,0.0072617782279849,46.76325275128326,mantissa,23,0.9981397986412048,0.0072617782279849,341,0.4,E5b_subtraction
97,5,subtraction,pre_grok,200,0.9981397986412048,0.0072617782279849,46.76325275128326,nf,2,0.1923996806144714,0.0085015939548611,341,0.4,E5b_subtraction
97,5,subtraction,pre_grok,200,0.9981397986412048,0.0072617782279849,46.76325275128326,nf,3,0.4738240838050842,0.0083244778215885,341,0.4,E5b_subtraction
97,5,subtraction,pre_grok,200,0.9981397986412048,0.0072617782279849,46.76325275128326,nf,4,0.7446186542510986,0.0095642935484647,341,0.4,E5b_subtraction
97,5,subtraction,pre_grok,200,0.9981397986412048,0.0072617782279849,46.76325275128326,nf,5,0.92293381690979,0.0063761956989765,341,0.4,E5b_subtraction
97,5,subtraction,pre_grok,200,0.9981397986412048,0.0072617782279849,46.76325275128326,nf,6,0.9893701672554016,0.0072617782279849,341,0.4,E5b_subtraction
97,5,subtraction,pre_grok,200,0.9981397986412048,0.0072617782279849,46.76325275128326,nf,8,0.9981397986412048,0.0072617782279849,341,0.4,E5b_subtraction
97,5,subtraction,pre_grok,200,0.9981397986412048,0.0072617782279849,46.76325275128326,nf,10,0.9981397986412048,0.0072617782279849,341,0.4,E5b_subtraction
97,5,subtraction,pre_grok,200,0.9981397986412048,0.0072617782279849,46.76325275128326,nf,12,0.9981397986412048,0.0072617782279849,341,0.4,E5b_subtraction
97,5,subtraction,pre_grok,200,0.9981397986412048,0.0072617782279849,46.76325275128326,nf,16,0.9981397986412048,0.0072617782279849,341,0.4,E5b_subtraction
97,5,subtraction,pre_grok,200,0.9981397986412048,0.0072617782279849,46.76325275128326,nf,23,0.9981397986412048,0.0072617782279849,341,0.4,E5b_subtraction
97,5,subtraction,cleaned_up,12000,0.9984055161476136,0.0288699958473444,46.55497466855143,int,2,0.0103640714660286,0.0115125747397542,341,0.4,E5b_subtraction
97,5,subtraction,cleaned_up,12000,0.9984055161476136,0.0288699958473444,46.55497466855143,int,3,0.0406590476632118,0.016648955643177,341,0.4,E5b_subtraction
97,5,subtraction,cleaned_up,12000,0.9984055161476136,0.0288699958473444,46.55497466855143,int,4,0.22907255589962,0.0221395678818225,341,0.4,E5b_subtraction
97,5,subtraction,cleaned_up,12000,0.9984055161476136,0.0288699958473444,46.55497466855143,int,5,0.7188413739204407,0.0242649652063846,341,0.4,E5b_subtraction
97,5,subtraction,cleaned_up,12000,0.9984055161476136,0.0288699958473444,46.55497466855143,int,6,0.960138201713562,0.0294013451784849,341,0.4,E5b_subtraction
97,5,subtraction,cleaned_up,12000,0.9984055161476136,0.0288699958473444,46.55497466855143,int,8,0.996811032295227,0.0281615294516086,341,0.4,E5b_subtraction
97,5,subtraction,cleaned_up,12000,0.9984055161476136,0.0288699958473444,46.55497466855143,int,10,0.9984055161476136,0.0286928787827491,341,0.4,E5b_subtraction
97,5,subtraction,cleaned_up,12000,0.9984055161476136,0.0288699958473444,46.55497466855143,int,12,0.9984055161476136,0.0288699958473444,341,0.4,E5b_subtraction
97,5,subtraction,cleaned_up,12000,0.9984055161476136,0.0288699958473444,46.55497466855143,int,16,0.9984055161476136,0.0288699958473444,341,0.4,E5b_subtraction
97,5,subtraction,cleaned_up,12000,0.9984055161476136,0.0288699958473444,46.55497466855143,int,23,0.9984055161476136,0.0288699958473444,341,0.4,E5b_subtraction
97,5,subtraction,cleaned_up,12000,0.9984055161476136,0.0288699958473444,46.55497466855143,mantissa,2,0.9891044497489928,0.0274530630558729,341,0.4,E5b_subtraction
97,5,subtraction,cleaned_up,12000,0.9984055161476136,0.0288699958473444,46.55497466855143,mantissa,3,0.9962795972824096,0.0286928787827491,341,0.4,E5b_subtraction
97,5,subtraction,cleaned_up,12000,0.9984055161476136,0.0288699958473444,46.55497466855143,mantissa,4,0.9978740215301514,0.0286928787827491,341,0.4,E5b_subtraction
97,5,subtraction,cleaned_up,12000,0.9984055161476136,0.0288699958473444,46.55497466855143,mantissa,5,0.9981397986412048,0.0285157635807991,341,0.4,E5b_subtraction
97,5,subtraction,cleaned_up,12000,0.9984055161476136,0.0288699958473444,46.55497466855143,mantissa,6,0.9981397986412048,0.0283386465162038,341,0.4,E5b_subtraction
97,5,subtraction,cleaned_up,12000,0.9984055161476136,0.0288699958473444,46.55497466855143,mantissa,8,0.9984055161476136,0.0286928787827491,341,0.4,E5b_subtraction
97,5,subtraction,cleaned_up,12000,0.9984055161476136,0.0288699958473444,46.55497466855143,mantissa,10,0.9984055161476136,0.0288699958473444,341,0.4,E5b_subtraction
97,5,subtraction,cleaned_up,12000,0.9984055161476136,0.0288699958473444,46.55497466855143,mantissa,12,0.9984055161476136,0.0288699958473444,341,0.4,E5b_subtraction
97,5,subtraction,cleaned_up,12000,0.9984055161476136,0.0288699958473444,46.55497466855143,mantissa,16,0.9984055161476136,0.0288699958473444,341,0.4,E5b_subtraction
97,5,subtraction,cleaned_up,12000,0.9984055161476136,0.0288699958473444,46.55497466855143,mantissa,23,0.9984055161476136,0.0288699958473444,341,0.4,E5b_subtraction
97,5,subtraction,cleaned_up,12000,0.9984055161476136,0.0288699958473444,46.55497466855143,nf,2,0.0348126478493213,0.0104498760774731,341,0.4,E5b_subtraction
97,5,subtraction,cleaned_up,12000,0.9984055161476136,0.0288699958473444,46.55497466855143,nf,3,0.1429710388183593,0.0150549057871103,341,0.4,E5b_subtraction
97,5,subtraction,cleaned_up,12000,0.9984055161476136,0.0288699958473444,46.55497466855143,nf,4,0.3781557381153106,0.0189514700323343,341,0.4,E5b_subtraction
97,5,subtraction,cleaned_up,12000,0.9984055161476136,0.0288699958473444,46.55497466855143,nf,5,0.5955354571342468,0.0223166849464178,341,0.4,E5b_subtraction
97,5,subtraction,cleaned_up,12000,0.9984055161476136,0.0288699958473444,46.55497466855143,nf,6,0.7568429708480835,0.0237336158752441,341,0.4,E5b_subtraction
97,5,subtraction,cleaned_up,12000,0.9984055161476136,0.0288699958473444,46.55497466855143,nf,8,0.904331624507904,0.0260361321270465,341,0.4,E5b_subtraction
97,5,subtraction,cleaned_up,12000,0.9984055161476136,0.0288699958473444,46.55497466855143,nf,10,0.904331624507904,0.0260361321270465,341,0.4,E5b_subtraction
97,5,subtraction,cleaned_up,12000,0.9984055161476136,0.0288699958473444,46.55497466855143,nf,12,0.904331624507904,0.0260361321270465,341,0.4,E5b_subtraction
97,5,subtraction,cleaned_up,12000,0.9984055161476136,0.0288699958473444,46.55497466855143,nf,16,0.904331624507904,0.0260361321270465,341,0.4,E5b_subtraction
97,5,subtraction,cleaned_up,12000,0.9984055161476136,0.0288699958473444,46.55497466855143,nf,23,0.9984055161476136,0.0288699958473444,341,0.4,E5b_subtraction
97,6,subtraction,pre_grok,300,0.9976083040237428,0.0407368056476116,42.27186691110386,int,2,0.0263087954372167,0.0132837407290935,341,0.4,E5b_subtraction
97,6,subtraction,pre_grok,300,0.9976083040237428,0.0407368056476116,42.27186691110386,int,3,0.1719372868537902,0.0458731837570667,341,0.4,E5b_subtraction
97,6,subtraction,pre_grok,300,0.9976083040237428,0.0407368056476116,42.27186691110386,int,4,0.4281158745288849,0.0487070493400096,341,0.4,E5b_subtraction
97,6,subtraction,pre_grok,300,0.9976083040237428,0.0407368056476116,42.27186691110386,int,5,0.7018336653709412,0.0469358824193477,341,0.4,E5b_subtraction
97,6,subtraction,pre_grok,300,0.9976083040237428,0.0407368056476116,42.27186691110386,int,6,0.9354238510131836,0.0412681549787521,341,0.4,E5b_subtraction
97,6,subtraction,pre_grok,300,0.9976083040237428,0.0407368056476116,42.27186691110386,int,8,0.9978740215301514,0.0403825715184211,341,0.4,E5b_subtraction
97,6,subtraction,pre_grok,300,0.9976083040237428,0.0407368056476116,42.27186691110386,int,10,0.9965453147888184,0.0412681549787521,341,0.4,E5b_subtraction
97,6,subtraction,pre_grok,300,0.9976083040237428,0.0407368056476116,42.27186691110386,int,12,0.9976083040237428,0.0407368056476116,341,0.4,E5b_subtraction
97,6,subtraction,pre_grok,300,0.9976083040237428,0.0407368056476116,42.27186691110386,int,16,0.9976083040237428,0.0405596867203712,341,0.4,E5b_subtraction
97,6,subtraction,pre_grok,300,0.9976083040237428,0.0407368056476116,42.27186691110386,int,23,0.9976083040237428,0.0407368056476116,341,0.4,E5b_subtraction
97,6,subtraction,pre_grok,300,0.9976083040237428,0.0407368056476116,42.27186691110386,mantissa,2,0.8588891625404358,0.0430393181741237,341,0.4,E5b_subtraction
97,6,subtraction,pre_grok,300,0.9976083040237428,0.0407368056476116,42.27186691110386,mantissa,3,0.9681105613708496,0.0386114045977592,341,0.4,E5b_subtraction
97,6,subtraction,pre_grok,300,0.9976083040237428,0.0407368056476116,42.27186691110386,mantissa,4,0.9922933578491212,0.0412681549787521,341,0.4,E5b_subtraction
97,6,subtraction,pre_grok,300,0.9976083040237428,0.0407368056476116,42.27186691110386,mantissa,5,0.9976083040237428,0.0410910360515117,341,0.4,E5b_subtraction
97,6,subtraction,pre_grok,300,0.9976083040237428,0.0407368056476116,42.27186691110386,mantissa,6,0.9976083040237428,0.0407368056476116,341,0.4,E5b_subtraction
97,6,subtraction,pre_grok,300,0.9976083040237428,0.0407368056476116,42.27186691110386,mantissa,8,0.9976083040237428,0.0409139208495616,341,0.4,E5b_subtraction
97,6,subtraction,pre_grok,300,0.9976083040237428,0.0407368056476116,42.27186691110386,mantissa,10,0.9976083040237428,0.0407368056476116,341,0.4,E5b_subtraction
97,6,subtraction,pre_grok,300,0.9976083040237428,0.0407368056476116,42.27186691110386,mantissa,12,0.9976083040237428,0.0407368056476116,341,0.4,E5b_subtraction
97,6,subtraction,pre_grok,300,0.9976083040237428,0.0407368056476116,42.27186691110386,mantissa,16,0.9976083040237428,0.0407368056476116,341,0.4,E5b_subtraction
97,6,subtraction,pre_grok,300,0.9976083040237428,0.0407368056476116,42.27186691110386,mantissa,23,0.9976083040237428,0.0407368056476116,341,0.4,E5b_subtraction
97,6,subtraction,pre_grok,300,0.9976083040237428,0.0407368056476116,42.27186691110386,nf,2,0.0898219496011734,0.0306411609053611,341,0.4,E5b_subtraction
97,6,subtraction,pre_grok,300,0.9976083040237428,0.0407368056476116,42.27186691110386,nf,3,0.2649481892585754,0.0396741032600402,341,0.4,E5b_subtraction
97,6,subtraction,pre_grok,300,0.9976083040237428,0.0407368056476116,42.27186691110386,nf,4,0.5083709955215454,0.0437477864325046,341,0.4,E5b_subtraction
97,6,subtraction,pre_grok,300,0.9976083040237428,0.0407368056476116,42.27186691110386,nf,5,0.7618921399116516,0.0435706675052642,341,0.4,E5b_subtraction
97,6,subtraction,pre_grok,300,0.9976083040237428,0.0407368056476116,42.27186691110386,nf,6,0.9008769392967224,0.0412681549787521,341,0.4,E5b_subtraction
97,6,subtraction,pre_grok,300,0.9976083040237428,0.0407368056476116,42.27186691110386,nf,8,0.9962795972824096,0.0398512221872806,341,0.4,E5b_subtraction
97,6,subtraction,pre_grok,300,0.9976083040237428,0.0407368056476116,42.27186691110386,nf,10,0.9962795972824096,0.0398512221872806,341,0.4,E5b_subtraction
97,6,subtraction,pre_grok,300,0.9976083040237428,0.0407368056476116,42.27186691110386,nf,12,0.9962795972824096,0.0398512221872806,341,0.4,E5b_subtraction
97,6,subtraction,pre_grok,300,0.9976083040237428,0.0407368056476116,42.27186691110386,nf,16,0.9962795972824096,0.0398512221872806,341,0.4,E5b_subtraction
97,6,subtraction,pre_grok,300,0.9976083040237428,0.0407368056476116,42.27186691110386,nf,23,0.9976083040237428,0.0407368056476116,341,0.4,E5b_subtraction
97,6,subtraction,cleaned_up,12000,1.0,0.2865745723247528,42.67098194641888,int,2,0.0103640714660286,0.0090329432860016,341,0.4,E5b_subtraction
97,6,subtraction,cleaned_up,12000,1.0,0.2865745723247528,42.67098194641888,int,3,0.028966249898076,0.0226709172129631,341,0.4,E5b_subtraction
97,6,subtraction,cleaned_up,12000,1.0,0.2865745723247528,42.67098194641888,int,4,0.1841615736484527,0.0800566747784614,341,0.4,E5b_subtraction
97,6,subtraction,cleaned_up,12000,1.0,0.2865745723247528,42.67098194641888,int,5,0.6949242949485779,0.2010272741317749,341,0.4,E5b_subtraction
97,6,subtraction,cleaned_up,12000,1.0,0.2865745723247528,42.67098194641888,int,6,0.990433156490326,0.2716967761516571,341,0.4,E5b_subtraction
97,6,subtraction,cleaned_up,12000,1.0,0.2865745723247528,42.67098194641888,int,8,1.0,0.281615287065506,341,0.4,E5b_subtraction
97,6,subtraction,cleaned_up,12000,1.0,0.2865745723247528,42.67098194641888,int,10,1.0,0.2860432267189026,341,0.4,E5b_subtraction
97,6,subtraction,cleaned_up,12000,1.0,0.2865745723247528,42.67098194641888,int,12,1.0,0.2862203419208526,341,0.4,E5b_subtraction
97,6,subtraction,cleaned_up,12000,1.0,0.2865745723247528,42.67098194641888,int,16,1.0,0.2867516875267029,341,0.4,E5b_subtraction
97,6,subtraction,cleaned_up,12000,1.0,0.2865745723247528,42.67098194641888,int,23,1.0,0.2865745723247528,341,0.4,E5b_subtraction
97,6,subtraction,cleaned_up,12000,1.0,0.2865745723247528,42.67098194641888,mantissa,2,0.9997342824935912,0.281615287065506,341,0.4,E5b_subtraction
97,6,subtraction,cleaned_up,12000,1.0,0.2865745723247528,42.67098194641888,mantissa,3,1.0,0.2821466624736786,341,0.4,E5b_subtraction
97,6,subtraction,cleaned_up,12000,1.0,0.2865745723247528,42.67098194641888,mantissa,4,1.0,0.28551185131073,341,0.4,E5b_subtraction
97,6,subtraction,cleaned_up,12000,1.0,0.2865745723247528,42.67098194641888,mantissa,5,1.0,0.2858661115169525,341,0.4,E5b_subtraction
97,6,subtraction,cleaned_up,12000,1.0,0.2865745723247528,42.67098194641888,mantissa,6,1.0,0.2849805057048797,341,0.4,E5b_subtraction
97,6,subtraction,cleaned_up,12000,1.0,0.2865745723247528,42.67098194641888,mantissa,8,1.0,0.2865745723247528,341,0.4,E5b_subtraction
97,6,subtraction,cleaned_up,12000,1.0,0.2865745723247528,42.67098194641888,mantissa,10,1.0,0.2867516875267029,341,0.4,E5b_subtraction
97,6,subtraction,cleaned_up,12000,1.0,0.2865745723247528,42.67098194641888,mantissa,12,1.0,0.2865745723247528,341,0.4,E5b_subtraction
97,6,subtraction,cleaned_up,12000,1.0,0.2865745723247528,42.67098194641888,mantissa,16,1.0,0.2865745723247528,341,0.4,E5b_subtraction
97,6,subtraction,cleaned_up,12000,1.0,0.2865745723247528,42.67098194641888,mantissa,23,1.0,0.2865745723247528,341,0.4,E5b_subtraction
97,6,subtraction,cleaned_up,12000,1.0,0.2865745723247528,42.67098194641888,nf,2,0.032952431589365,0.0198370516300201,341,0.4,E5b_subtraction
97,6,subtraction,cleaned_up,12000,1.0,0.2865745723247528,42.67098194641888,nf,3,0.1142705306410789,0.0517180301249027,341,0.4,E5b_subtraction
97,6,subtraction,cleaned_up,12000,1.0,0.2865745723247528,42.67098194641888,nf,4,0.2771724760532379,0.1027275919914245,341,0.4,E5b_subtraction
97,6,subtraction,cleaned_up,12000,1.0,0.2865745723247528,42.67098194641888,nf,5,0.463725745677948,0.1461211442947387,341,0.4,E5b_subtraction
97,6,subtraction,cleaned_up,12000,1.0,0.2865745723247528,42.67098194641888,nf,6,0.6271591782569885,0.1776478886604309,341,0.4,E5b_subtraction
97,6,subtraction,cleaned_up,12000,1.0,0.2865745723247528,42.67098194641888,nf,8,0.8206218481063843,0.2210414409637451,341,0.4,E5b_subtraction
97,6,subtraction,cleaned_up,12000,1.0,0.2865745723247528,42.67098194641888,nf,10,0.8206218481063843,0.2210414409637451,341,0.4,E5b_subtraction
97,6,subtraction,cleaned_up,12000,1.0,0.2865745723247528,42.67098194641888,nf,12,0.8206218481063843,0.2210414409637451,341,0.4,E5b_subtraction
97,6,subtraction,cleaned_up,12000,1.0,0.2865745723247528,42.67098194641888,nf,16,0.8206218481063843,0.2210414409637451,341,0.4,E5b_subtraction
97,6,subtraction,cleaned_up,12000,1.0,0.2865745723247528,42.67098194641888,nf,23,1.0,0.2865745723247528,341,0.4,E5b_subtraction
97,7,subtraction,pre_grok,250,0.998671293258667,0.0949344635009765,43.287672270085885,int,2,0.0273717772215604,0.017711654305458,341,0.4,E5b_subtraction
97,7,subtraction,pre_grok,250,0.998671293258667,0.0949344635009765,43.287672270085885,int,3,0.2139250636100769,0.0541976615786552,341,0.4,E5b_subtraction
97,7,subtraction,pre_grok,250,0.998671293258667,0.0949344635009765,43.287672270085885,int,4,0.4775445163249969,0.0915692523121833,341,0.4,E5b_subtraction
97,7,subtraction,pre_grok,250,0.998671293258667,0.0949344635009765,43.287672270085885,int,5,0.7427584528923035,0.0963514000177383,341,0.4,E5b_subtraction
97,7,subtraction,pre_grok,250,0.998671293258667,0.0949344635009765,43.287672270085885,int,6,0.941004514694214,0.0958200469613075,341,0.4,E5b_subtraction
97,7,subtraction,pre_grok,250,0.998671293258667,0.0949344635009765,43.287672270085885,int,8,0.9976083040237428,0.0933404192328453,341,0.4,E5b_subtraction
97,7,subtraction,pre_grok,250,0.998671293258667,0.0949344635009765,43.287672270085885,int,10,0.998671293258667,0.0940488800406456,341,0.4,E5b_subtraction
97,7,subtraction,pre_grok,250,0.998671293258667,0.0949344635009765,43.287672270085885,int,12,0.998671293258667,0.0949344635009765,341,0.4,E5b_subtraction
97,7,subtraction,pre_grok,250,0.998671293258667,0.0949344635009765,43.287672270085885,int,16,0.998671293258667,0.0949344635009765,341,0.4,E5b_subtraction
97,7,subtraction,pre_grok,250,0.998671293258667,0.0949344635009765,43.287672270085885,int,23,0.998671293258667,0.0949344635009765,341,0.4,E5b_subtraction
97,7,subtraction,pre_grok,250,0.998671293258667,0.0949344635009765,43.287672270085885,mantissa,2,0.8708477020263672,0.0995394960045814,341,0.4,E5b_subtraction
97,7,subtraction,pre_grok,250,0.998671293258667,0.0949344635009765,43.287672270085885,mantissa,3,0.9848524928092957,0.0928090661764144,341,0.4,E5b_subtraction
97,7,subtraction,pre_grok,250,0.998671293258667,0.0949344635009765,43.287672270085885,mantissa,4,0.995482325553894,0.0947573482990264,341,0.4,E5b_subtraction
97,7,subtraction,pre_grok,250,0.998671293258667,0.0949344635009765,43.287672270085885,mantissa,5,0.9981397986412048,0.0952887013554573,341,0.4,E5b_subtraction
97,7,subtraction,pre_grok,250,0.998671293258667,0.0949344635009765,43.287672270085885,mantissa,6,0.998671293258667,0.0951115787029266,341,0.4,E5b_subtraction
97,7,subtraction,pre_grok,250,0.998671293258667,0.0949344635009765,43.287672270085885,mantissa,8,0.9984055161476136,0.0945802330970764,341,0.4,E5b_subtraction
97,7,subtraction,pre_grok,250,0.998671293258667,0.0949344635009765,43.287672270085885,mantissa,10,0.9984055161476136,0.0945802330970764,341,0.4,E5b_subtraction
97,7,subtraction,pre_grok,250,0.998671293258667,0.0949344635009765,43.287672270085885,mantissa,12,0.998671293258667,0.0949344635009765,341,0.4,E5b_subtraction
97,7,subtraction,pre_grok,250,0.998671293258667,0.0949344635009765,43.287672270085885,mantissa,16,0.998671293258667,0.0949344635009765,341,0.4,E5b_subtraction
97,7,subtraction,pre_grok,250,0.998671293258667,0.0949344635009765,43.287672270085885,mantissa,23,0.998671293258667,0.0949344635009765,341,0.4,E5b_subtraction
97,7,subtraction,pre_grok,250,0.998671293258667,0.0949344635009765,43.287672270085885,nf,2,0.1150677651166915,0.0350690744817256,341,0.4,E5b_subtraction
97,7,subtraction,pre_grok,250,0.998671293258667,0.0949344635009765,43.287672270085885,nf,3,0.2755779922008514,0.0655331164598465,341,0.4,E5b_subtraction
97,7,subtraction,pre_grok,250,0.998671293258667,0.0949344635009765,43.287672270085885,nf,4,0.5543449521064758,0.0839532390236854,341,0.4,E5b_subtraction
97,7,subtraction,pre_grok,250,0.998671293258667,0.0949344635009765,43.287672270085885,nf,5,0.7847462296485901,0.0929861813783645,341,0.4,E5b_subtraction
97,7,subtraction,pre_grok,250,0.998671293258667,0.0949344635009765,43.287672270085885,nf,6,0.9503056406974792,0.0956429317593574,341,0.4,E5b_subtraction
97,7,subtraction,pre_grok,250,0.998671293258667,0.0949344635009765,43.287672270085885,nf,8,0.9978740215301514,0.0954658165574073,341,0.4,E5b_subtraction
97,7,subtraction,pre_grok,250,0.998671293258667,0.0949344635009765,43.287672270085885,nf,10,0.9978740215301514,0.0954658165574073,341,0.4,E5b_subtraction
97,7,subtraction,pre_grok,250,0.998671293258667,0.0949344635009765,43.287672270085885,nf,12,0.9978740215301514,0.0954658165574073,341,0.4,E5b_subtraction
97,7,subtraction,pre_grok,250,0.998671293258667,0.0949344635009765,43.287672270085885,nf,16,0.9978740215301514,0.0954658165574073,341,0.4,E5b_subtraction
97,7,subtraction,pre_grok,250,0.998671293258667,0.0949344635009765,43.287672270085885,nf,23,0.998671293258667,0.0949344635009765,341,0.4,E5b_subtraction
97,7,subtraction,just_grokked,4200,1.0,0.9025858640670776,48.533459413521,int,2,0.0103640714660286,0.0092100603505969,341,0.4,E5b_subtraction
97,7,subtraction,just_grokked,4200,1.0,0.9025858640670776,48.533459413521,int,3,0.0308264680206775,0.0318809784948825,341,0.4,E5b_subtraction
97,7,subtraction,just_grokked,4200,1.0,0.9025858640670776,48.533459413521,int,4,0.1060324236750602,0.0940488800406456,341,0.4,E5b_subtraction
97,7,subtraction,just_grokked,4200,1.0,0.9025858640670776,48.533459413521,int,5,0.5657719969749451,0.4798087179660797,341,0.4,E5b_subtraction
97,7,subtraction,just_grokked,4200,1.0,0.9025858640670776,48.533459413521,int,6,0.9938878417015076,0.8689337372779846,341,0.4,E5b_subtraction
97,7,subtraction,just_grokked,4200,1.0,0.9025858640670776,48.533459413521,int,8,1.0,0.8981579542160034,341,0.4,E5b_subtraction
97,7,subtraction,just_grokked,4200,1.0,0.9025858640670776,48.533459413521,int,10,1.0,0.9029401540756226,341,0.4,E5b_subtraction
97,7,subtraction,just_grokked,4200,1.0,0.9025858640670776,48.533459413521,int,12,1.0,0.9025858640670776,341,0.4,E5b_subtraction
97,7,subtraction,just_grokked,4200,1.0,0.9025858640670776,48.533459413521,int,16,1.0,0.90276300907135,341,0.4,E5b_subtraction
97,7,subtraction,just_grokked,4200,1.0,0.9025858640670776,48.533459413521,int,23,1.0,0.9025858640670776,341,0.4,E5b_subtraction
97,7,subtraction,just_grokked,4200,1.0,0.9025858640670776,48.533459413521,mantissa,2,0.9989370107650756,0.8914275765419006,341,0.4,E5b_subtraction
97,7,subtraction,just_grokked,4200,1.0,0.9025858640670776,48.533459413521,mantissa,3,1.0,0.8992207050323486,341,0.4,E5b_subtraction
97,7,subtraction,just_grokked,4200,1.0,0.9025858640670776,48.533459413521,mantissa,4,1.0,0.9017003178596495,341,0.4,E5b_subtraction
97,7,subtraction,just_grokked,4200,1.0,0.9025858640670776,48.533459413521,mantissa,5,1.0,0.90276300907135,341,0.4,E5b_subtraction
97,7,subtraction,just_grokked,4200,1.0,0.9025858640670776,48.533459413521,mantissa,6,1.0,0.90240877866745,341,0.4,E5b_subtraction
97,7,subtraction,just_grokked,4200,1.0,0.9025858640670776,48.533459413521,mantissa,8,1.0,0.90276300907135,341,0.4,E5b_subtraction
97,7,subtraction,just_grokked,4200,1.0,0.9025858640670776,48.533459413521,mantissa,10,1.0,0.9025858640670776,341,0.4,E5b_subtraction
97,7,subtraction,just_grokked,4200,1.0,0.9025858640670776,48.533459413521,mantissa,12,1.0,0.90276300907135,341,0.4,E5b_subtraction
97,7,subtraction,just_grokked,4200,1.0,0.9025858640670776,48.533459413521,mantissa,16,1.0,0.9025858640670776,341,0.4,E5b_subtraction
97,7,subtraction,just_grokked,4200,1.0,0.9025858640670776,48.533459413521,mantissa,23,1.0,0.9025858640670776,341,0.4,E5b_subtraction
97,7,subtraction,just_grokked,4200,1.0,0.9025858640670776,48.533459413521,nf,2,0.0268402863293886,0.0263903643935918,341,0.4,E5b_subtraction
97,7,subtraction,just_grokked,4200,1.0,0.9025858640670776,48.533459413521,nf,3,0.1001860201358795,0.0818278416991233,341,0.4,E5b_subtraction
97,7,subtraction,just_grokked,4200,1.0,0.9025858640670776,48.533459413521,nf,4,0.3018867969512939,0.252036839723587,341,0.4,E5b_subtraction
97,7,subtraction,just_grokked,4200,1.0,0.9025858640670776,48.533459413521,nf,5,0.5426521301269531,0.4381863176822662,341,0.4,E5b_subtraction
97,7,subtraction,just_grokked,4200,1.0,0.9025858640670776,48.533459413521,nf,6,0.721233069896698,0.5883811712265015,341,0.4,E5b_subtraction
97,7,subtraction,just_grokked,4200,1.0,0.9025858640670776,48.533459413521,nf,8,0.8785543441772461,0.7350336313247681,341,0.4,E5b_subtraction
97,7,subtraction,just_grokked,4200,1.0,0.9025858640670776,48.533459413521,nf,10,0.8785543441772461,0.7350336313247681,341,0.4,E5b_subtraction
97,7,subtraction,just_grokked,4200,1.0,0.9025858640670776,48.533459413521,nf,12,0.8785543441772461,0.7350336313247681,341,0.4,E5b_subtraction
97,7,subtraction,just_grokked,4200,1.0,0.9025858640670776,48.533459413521,nf,16,0.8785543441772461,0.7350336313247681,341,0.4,E5b_subtraction
97,7,subtraction,just_grokked,4200,1.0,0.9025858640670776,48.533459413521,nf,23,1.0,0.9025858640670776,341,0.4,E5b_subtraction
97,7,subtraction,post_grok_500,4700,1.0,0.9165781140327454,50.971449784579775,int,2,0.0093010896816849,0.00991852581501,341,0.4,E5b_subtraction
97,7,subtraction,post_grok_500,4700,1.0,0.9165781140327454,50.971449784579775,int,3,0.0231198519468307,0.0244420822709798,341,0.4,E5b_subtraction
97,7,subtraction,post_grok_500,4700,1.0,0.9165781140327454,50.971449784579775,int,4,0.0667020976543426,0.0506553314626216,341,0.4,E5b_subtraction
97,7,subtraction,post_grok_500,4700,1.0,0.9165781140327454,50.971449784579775,int,5,0.3162370324134826,0.2605384290218353,341,0.4,E5b_subtraction
97,7,subtraction,post_grok_500,4700,1.0,0.9165781140327454,50.971449784579775,int,6,0.9354238510131836,0.8049947023391724,341,0.4,E5b_subtraction
97,7,subtraction,post_grok_500,4700,1.0,0.9165781140327454,50.971449784579775,int,8,1.0,0.9110875129699708,341,0.4,E5b_subtraction
97,7,subtraction,post_grok_500,4700,1.0,0.9165781140327454,50.971449784579775,int,10,1.0,0.9155154228210448,341,0.4,E5b_subtraction
97,7,subtraction,post_grok_500,4700,1.0,0.9165781140327454,50.971449784579775,int,12,1.0,0.916755199432373,341,0.4,E5b_subtraction
97,7,subtraction,post_grok_500,4700,1.0,0.9165781140327454,50.971449784579775,int,16,1.0,0.9165781140327454,341,0.4,E5b_subtraction
97,7,subtraction,post_grok_500,4700,1.0,0.9165781140327454,50.971449784579775,int,23,1.0,0.9165781140327454,341,0.4,E5b_subtraction
97,7,subtraction,post_grok_500,4700,1.0,0.9165781140327454,50.971449784579775,mantissa,2,0.9984055161476136,0.9057739973068236,341,0.4,E5b_subtraction
97,7,subtraction,post_grok_500,4700,1.0,0.9165781140327454,50.971449784579775,mantissa,3,1.0,0.9100247621536256,341,0.4,E5b_subtraction
97,7,subtraction,post_grok_500,4700,1.0,0.9165781140327454,50.971449784579775,mantissa,4,1.0,0.9165781140327454,341,0.4,E5b_subtraction
97,7,subtraction,post_grok_500,4700,1.0,0.9165781140327454,50.971449784579775,mantissa,5,1.0,0.9148069620132446,341,0.4,E5b_subtraction
97,7,subtraction,post_grok_500,4700,1.0,0.9165781140327454,50.971449784579775,mantissa,6,1.0,0.9160467386245728,341,0.4,E5b_subtraction
97,7,subtraction,post_grok_500,4700,1.0,0.9165781140327454,50.971449784579775,mantissa,8,1.0,0.9165781140327454,341,0.4,E5b_subtraction
97,7,subtraction,post_grok_500,4700,1.0,0.9165781140327454,50.971449784579775,mantissa,10,1.0,0.9165781140327454,341,0.4,E5b_subtraction
97,7,subtraction,post_grok_500,4700,1.0,0.9165781140327454,50.971449784579775,mantissa,12,1.0,0.9165781140327454,341,0.4,E5b_subtraction
97,7,subtraction,post_grok_500,4700,1.0,0.9165781140327454,50.971449784579775,mantissa,16,1.0,0.9165781140327454,341,0.4,E5b_subtraction
97,7,subtraction,post_grok_500,4700,1.0,0.9165781140327454,50.971449784579775,mantissa,23,1.0,0.9165781140327454,341,0.4,E5b_subtraction
97,7,subtraction,post_grok_500,4700,1.0,0.9165781140327454,50.971449784579775,nf,2,0.058729737997055,0.0515409149229526,341,0.4,E5b_subtraction
97,7,subtraction,post_grok_500,4700,1.0,0.9165781140327454,50.971449784579775,nf,3,0.1381876170635223,0.1156570985913276,341,0.4,E5b_subtraction
97,7,subtraction,post_grok_500,4700,1.0,0.9165781140327454,50.971449784579775,nf,4,0.3106563985347748,0.2536308765411377,341,0.4,E5b_subtraction
97,7,subtraction,post_grok_500,4700,1.0,0.9165781140327454,50.971449784579775,nf,5,0.4669146835803985,0.3981579840183258,341,0.4,E5b_subtraction
97,7,subtraction,post_grok_500,4700,1.0,0.9165781140327454,50.971449784579775,nf,6,0.5822482109069824,0.4957492053508758,341,0.4,E5b_subtraction
97,7,subtraction,post_grok_500,4700,1.0,0.9165781140327454,50.971449784579775,nf,8,0.7913898229598999,0.6790648102760315,341,0.4,E5b_subtraction
97,7,subtraction,post_grok_500,4700,1.0,0.9165781140327454,50.971449784579775,nf,10,0.7913898229598999,0.6790648102760315,341,0.4,E5b_subtraction
97,7,subtraction,post_grok_500,4700,1.0,0.9165781140327454,50.971449784579775,nf,12,0.7913898229598999,0.6790648102760315,341,0.4,E5b_subtraction
97,7,subtraction,post_grok_500,4700,1.0,0.9165781140327454,50.971449784579775,nf,16,0.7913898229598999,0.6790648102760315,341,0.4,E5b_subtraction
97,7,subtraction,post_grok_500,4700,1.0,0.9165781140327454,50.971449784579775,nf,23,1.0,0.9165781140327454,341,0.4,E5b_subtraction
97,7,subtraction,post_grok_1500,5700,1.0,0.910556137561798,52.55596588834612,int,2,0.0106298169121146,0.0104498760774731,341,0.4,E5b_subtraction
97,7,subtraction,post_grok_1500,5700,1.0,0.910556137561798,52.55596588834612,int,3,0.0334839224815368,0.031349629163742,341,0.4,E5b_subtraction
97,7,subtraction,post_grok_1500,5700,1.0,0.910556137561798,52.55596588834612,int,4,0.0781291499733924,0.0692525655031204,341,0.4,E5b_subtraction
97,7,subtraction,post_grok_1500,5700,1.0,0.910556137561798,52.55596588834612,int,5,0.3941004574298858,0.3506907522678375,341,0.4,E5b_subtraction
97,7,subtraction,post_grok_1500,5700,1.0,0.910556137561798,52.55596588834612,int,6,0.9189476370811462,0.7862203121185303,341,0.4,E5b_subtraction
97,7,subtraction,post_grok_1500,5700,1.0,0.910556137561798,52.55596588834612,int,8,1.0,0.9109103679656982,341,0.4,E5b_subtraction
97,7,subtraction,post_grok_1500,5700,1.0,0.910556137561798,52.55596588834612,int,10,1.0,0.9110875129699708,341,0.4,E5b_subtraction
97,7,subtraction,post_grok_1500,5700,1.0,0.910556137561798,52.55596588834612,int,12,1.0,0.9109103679656982,341,0.4,E5b_subtraction
97,7,subtraction,post_grok_1500,5700,1.0,0.910556137561798,52.55596588834612,int,16,1.0,0.910556137561798,341,0.4,E5b_subtraction
97,7,subtraction,post_grok_1500,5700,1.0,0.910556137561798,52.55596588834612,int,23,1.0,0.910556137561798,341,0.4,E5b_subtraction
97,7,subtraction,post_grok_1500,5700,1.0,0.910556137561798,52.55596588834612,mantissa,2,0.9970768094062804,0.9001062512397766,341,0.4,E5b_subtraction
97,7,subtraction,post_grok_1500,5700,1.0,0.910556137561798,52.55596588834612,mantissa,3,1.0,0.9096705317497252,341,0.4,E5b_subtraction
97,7,subtraction,post_grok_1500,5700,1.0,0.910556137561798,52.55596588834612,mantissa,4,1.0,0.9114417433738708,341,0.4,E5b_subtraction
97,7,subtraction,post_grok_1500,5700,1.0,0.910556137561798,52.55596588834612,mantissa,5,1.0,0.9110875129699708,341,0.4,E5b_subtraction
97,7,subtraction,post_grok_1500,5700,1.0,0.910556137561798,52.55596588834612,mantissa,6,1.0,0.9110875129699708,341,0.4,E5b_subtraction
97,7,subtraction,post_grok_1500,5700,1.0,0.910556137561798,52.55596588834612,mantissa,8,1.0,0.910556137561798,341,0.4,E5b_subtraction
97,7,subtraction,post_grok_1500,5700,1.0,0.910556137561798,52.55596588834612,mantissa,10,1.0,0.9107332229614258,341,0.4,E5b_subtraction
97,7,subtraction,post_grok_1500,5700,1.0,0.910556137561798,52.55596588834612,mantissa,12,1.0,0.910556137561798,341,0.4,E5b_subtraction
97,7,subtraction,post_grok_1500,5700,1.0,0.910556137561798,52.55596588834612,mantissa,16,1.0,0.910556137561798,341,0.4,E5b_subtraction
97,7,subtraction,post_grok_1500,5700,1.0,0.910556137561798,52.55596588834612,mantissa,23,1.0,0.910556137561798,341,0.4,E5b_subtraction
97,7,subtraction,post_grok_1500,5700,1.0,0.910556137561798,52.55596588834612,nf,2,0.0191336702555418,0.01965993642807,341,0.4,E5b_subtraction
97,7,subtraction,post_grok_1500,5700,1.0,0.910556137561798,52.55596588834612,nf,3,0.0797236263751983,0.0761601105332374,341,0.4,E5b_subtraction
97,7,subtraction,post_grok_1500,5700,1.0,0.910556137561798,52.55596588834612,nf,4,0.1947913914918899,0.1654268503189087,341,0.4,E5b_subtraction
97,7,subtraction,post_grok_1500,5700,1.0,0.910556137561798,52.55596588834612,nf,5,0.3630082309246063,0.3126106858253479,341,0.4,E5b_subtraction
97,7,subtraction,post_grok_1500,5700,1.0,0.910556137561798,52.55596588834612,nf,6,0.5065107941627502,0.4378320872783661,341,0.4,E5b_subtraction
97,7,subtraction,post_grok_1500,5700,1.0,0.910556137561798,52.55596588834612,nf,8,0.721233069896698,0.6145943999290466,341,0.4,E5b_subtraction
97,7,subtraction,post_grok_1500,5700,1.0,0.910556137561798,52.55596588834612,nf,10,0.721233069896698,0.6145943999290466,341,0.4,E5b_subtraction
97,7,subtraction,post_grok_1500,5700,1.0,0.910556137561798,52.55596588834612,nf,12,0.721233069896698,0.6145943999290466,341,0.4,E5b_subtraction
97,7,subtraction,post_grok_1500,5700,1.0,0.910556137561798,52.55596588834612,nf,16,0.721233069896698,0.6145943999290466,341,0.4,E5b_subtraction
97,7,subtraction,post_grok_1500,5700,1.0,0.910556137561798,52.55596588834612,nf,23,1.0,0.910556137561798,341,0.4,E5b_subtraction
97,7,subtraction,post_grok_4000,8200,1.0,0.9286220073699952,61.0035514696651,int,2,0.0077066170051693,0.0116896918043494,341,0.4,E5b_subtraction
97,7,subtraction,post_grok_4000,8200,1.0,0.9286220073699952,61.0035514696651,int,3,0.0276375226676464,0.0269217137247324,341,0.4,E5b_subtraction
97,7,subtraction,post_grok_4000,8200,1.0,0.9286220073699952,61.0035514696651,int,4,0.0411905385553836,0.0371944718062877,341,0.4,E5b_subtraction
97,7,subtraction,post_grok_4000,8200,1.0,0.9286220073699952,61.0035514696651,int,5,0.2240233868360519,0.1927028000354766,341,0.4,E5b_subtraction
97,7,subtraction,post_grok_4000,8200,1.0,0.9286220073699952,61.0035514696651,int,6,0.8854637145996094,0.7649663686752319,341,0.4,E5b_subtraction
97,7,subtraction,post_grok_4000,8200,1.0,0.9286220073699952,61.0035514696651,int,8,1.0,0.9264966249465942,341,0.4,E5b_subtraction
97,7,subtraction,post_grok_4000,8200,1.0,0.9286220073699952,61.0035514696651,int,10,1.0,0.9286220073699952,341,0.4,E5b_subtraction
97,7,subtraction,post_grok_4000,8200,1.0,0.9286220073699952,61.0035514696651,int,12,1.0,0.9284449219703674,341,0.4,E5b_subtraction
97,7,subtraction,post_grok_4000,8200,1.0,0.9286220073699952,61.0035514696651,int,16,1.0,0.9286220073699952,341,0.4,E5b_subtraction
97,7,subtraction,post_grok_4000,8200,1.0,0.9286220073699952,61.0035514696651,int,23,1.0,0.9286220073699952,341,0.4,E5b_subtraction
97,7,subtraction,post_grok_4000,8200,1.0,0.9286220073699952,61.0035514696651,mantissa,2,0.9992027878761292,0.9202975630760192,341,0.4,E5b_subtraction
97,7,subtraction,post_grok_4000,8200,1.0,0.9286220073699952,61.0035514696651,mantissa,3,1.0,0.9275593161582948,341,0.4,E5b_subtraction
97,7,subtraction,post_grok_4000,8200,1.0,0.9286220073699952,61.0035514696651,mantissa,4,1.0,0.926142394542694,341,0.4,E5b_subtraction
97,7,subtraction,post_grok_4000,8200,1.0,0.9286220073699952,61.0035514696651,mantissa,5,1.0,0.9272050857543944,341,0.4,E5b_subtraction
97,7,subtraction,post_grok_4000,8200,1.0,0.9286220073699952,61.0035514696651,mantissa,6,1.0,0.9279135465621948,341,0.4,E5b_subtraction
97,7,subtraction,post_grok_4000,8200,1.0,0.9286220073699952,61.0035514696651,mantissa,8,1.0,0.9287991523742676,341,0.4,E5b_subtraction
97,7,subtraction,post_grok_4000,8200,1.0,0.9286220073699952,61.0035514696651,mantissa,10,1.0,0.9284449219703674,341,0.4,E5b_subtraction
97,7,subtraction,post_grok_4000,8200,1.0,0.9286220073699952,61.0035514696651,mantissa,12,1.0,0.9286220073699952,341,0.4,E5b_subtraction
97,7,subtraction,post_grok_4000,8200,1.0,0.9286220073699952,61.0035514696651,mantissa,16,1.0,0.9286220073699952,341,0.4,E5b_subtraction
97,7,subtraction,post_grok_4000,8200,1.0,0.9286220073699952,61.0035514696651,mantissa,23,1.0,0.9286220073699952,341,0.4,E5b_subtraction
97,7,subtraction,post_grok_4000,8200,1.0,0.9286220073699952,61.0035514696651,nf,2,0.0132872704416513,0.0136379739269614,341,0.4,E5b_subtraction
97,7,subtraction,post_grok_4000,8200,1.0,0.9286220073699952,61.0035514696651,nf,3,0.0823810771107673,0.0715550854802131,341,0.4,E5b_subtraction
97,7,subtraction,post_grok_4000,8200,1.0,0.9286220073699952,61.0035514696651,nf,4,0.2157852798700332,0.1849096715450287,341,0.4,E5b_subtraction
97,7,subtraction,post_grok_4000,8200,1.0,0.9286220073699952,61.0035514696651,nf,5,0.3733723163604736,0.3200495839118957,341,0.4,E5b_subtraction
97,7,subtraction,post_grok_4000,8200,1.0,0.9286220073699952,61.0035514696651,nf,6,0.4985384047031402,0.4250797033309936,341,0.4,E5b_subtraction
97,7,subtraction,post_grok_4000,8200,1.0,0.9286220073699952,61.0035514696651,nf,8,0.676853597164154,0.5812965035438538,341,0.4,E5b_subtraction
97,7,subtraction,post_grok_4000,8200,1.0,0.9286220073699952,61.0035514696651,nf,10,0.676853597164154,0.5812965035438538,341,0.4,E5b_subtraction
97,7,subtraction,post_grok_4000,8200,1.0,0.9286220073699952,61.0035514696651,nf,12,0.676853597164154,0.5812965035438538,341,0.4,E5b_subtraction
97,7,subtraction,post_grok_4000,8200,1.0,0.9286220073699952,61.0035514696651,nf,16,0.676853597164154,0.5812965035438538,341,0.4,E5b_subtraction
97,7,subtraction,post_grok_4000,8200,1.0,0.9286220073699952,61.0035514696651,nf,23,1.0,0.9286220073699952,341,0.4,E5b_subtraction
97,7,subtraction,cleaned_up,30000,1.0,0.9551895260810852,68.86624082194841,int,2,0.0119585441425442,0.0092100603505969,341,0.4,E5b_subtraction
97,7,subtraction,cleaned_up,30000,1.0,0.9551895260810852,68.86624082194841,int,3,0.0151474885642528,0.016648955643177,341,0.4,E5b_subtraction
97,7,subtraction,cleaned_up,30000,1.0,0.9551895260810852,68.86624082194841,int,4,0.0263087954372167,0.0244420822709798,341,0.4,E5b_subtraction
97,7,subtraction,cleaned_up,30000,1.0,0.9551895260810852,68.86624082194841,int,5,0.4802019596099853,0.4566064476966858,341,0.4,E5b_subtraction
97,7,subtraction,cleaned_up,30000,1.0,0.9551895260810852,68.86624082194841,int,6,0.8014881610870361,0.7430039048194885,341,0.4,E5b_subtraction
97,7,subtraction,cleaned_up,30000,1.0,0.9551895260810852,68.86624082194841,int,8,1.0,0.9543039202690125,341,0.4,E5b_subtraction
97,7,subtraction,cleaned_up,30000,1.0,0.9551895260810852,68.86624082194841,int,10,1.0,0.955720841884613,341,0.4,E5b_subtraction
97,7,subtraction,cleaned_up,30000,1.0,0.9551895260810852,68.86624082194841,int,12,1.0,0.9546581506729126,341,0.4,E5b_subtraction
97,7,subtraction,cleaned_up,30000,1.0,0.9551895260810852,68.86624082194841,int,16,1.0,0.9551895260810852,341,0.4,E5b_subtraction
97,7,subtraction,cleaned_up,30000,1.0,0.9551895260810852,68.86624082194841,int,23,1.0,0.9551895260810852,341,0.4,E5b_subtraction
97,7,subtraction,cleaned_up,30000,1.0,0.9551895260810852,68.86624082194841,mantissa,2,0.996811032295227,0.9509387016296388,341,0.4,E5b_subtraction
97,7,subtraction,cleaned_up,30000,1.0,0.9551895260810852,68.86624082194841,mantissa,3,0.9994685053825378,0.9527098536491394,341,0.4,E5b_subtraction
97,7,subtraction,cleaned_up,30000,1.0,0.9551895260810852,68.86624082194841,mantissa,4,1.0,0.9534183144569396,341,0.4,E5b_subtraction
97,7,subtraction,cleaned_up,30000,1.0,0.9551895260810852,68.86624082194841,mantissa,5,1.0,0.9539496898651124,341,0.4,E5b_subtraction
97,7,subtraction,cleaned_up,30000,1.0,0.9551895260810852,68.86624082194841,mantissa,6,1.0,0.9553666114807128,341,0.4,E5b_subtraction
97,7,subtraction,cleaned_up,30000,1.0,0.9551895260810852,68.86624082194841,mantissa,8,1.0,0.9551895260810852,341,0.4,E5b_subtraction
97,7,subtraction,cleaned_up,30000,1.0,0.9551895260810852,68.86624082194841,mantissa,10,1.0,0.9551895260810852,341,0.4,E5b_subtraction
97,7,subtraction,cleaned_up,30000,1.0,0.9551895260810852,68.86624082194841,mantissa,12,1.0,0.9551895260810852,341,0.4,E5b_subtraction
97,7,subtraction,cleaned_up,30000,1.0,0.9551895260810852,68.86624082194841,mantissa,16,1.0,0.9551895260810852,341,0.4,E5b_subtraction
97,7,subtraction,cleaned_up,30000,1.0,0.9551895260810852,68.86624082194841,mantissa,23,1.0,0.9551895260810852,341,0.4,E5b_subtraction
97,7,subtraction,cleaned_up,30000,1.0,0.9551895260810852,68.86624082194841,nf,2,0.0095668351277709,0.0115125747397542,341,0.4,E5b_subtraction
97,7,subtraction,cleaned_up,30000,1.0,0.9551895260810852,68.86624082194841,nf,3,0.0132872704416513,0.017711654305458,341,0.4,E5b_subtraction
97,7,subtraction,cleaned_up,30000,1.0,0.9551895260810852,68.86624082194841,nf,4,0.0217911247164011,0.0297555793076753,341,0.4,E5b_subtraction
97,7,subtraction,cleaned_up,30000,1.0,0.9551895260810852,68.86624082194841,nf,5,0.0510231181979179,0.0616365559399127,341,0.4,E5b_subtraction
97,7,subtraction,cleaned_up,30000,1.0,0.9551895260810852,68.86624082194841,nf,6,0.0964655876159668,0.1050301119685173,341,0.4,E5b_subtraction
97,7,subtraction,cleaned_up,30000,1.0,0.9551895260810852,68.86624082194841,nf,8,0.1666223704814911,0.1739284396171569,341,0.4,E5b_subtraction
97,7,subtraction,cleaned_up,30000,1.0,0.9551895260810852,68.86624082194841,nf,10,0.1666223704814911,0.1739284396171569,341,0.4,E5b_subtraction
97,7,subtraction,cleaned_up,30000,1.0,0.9551895260810852,68.86624082194841,nf,12,0.1666223704814911,0.1739284396171569,341,0.4,E5b_subtraction
97,7,subtraction,cleaned_up,30000,1.0,0.9551895260810852,68.86624082194841,nf,16,0.1666223704814911,0.1739284396171569,341,0.4,E5b_subtraction
97,7,subtraction,cleaned_up,30000,1.0,0.9551895260810852,68.86624082194841,nf,23,1.0,0.9551895260810852,341,0.4,E5b_subtraction
97,8,subtraction,pre_grok,200,0.9989370107650756,0.0113354586064815,45.89198271081087,int,2,0.0504916310310363,0.0145235564559698,341,0.4,E5b_subtraction
97,8,subtraction,pre_grok,200,0.9989370107650756,0.0113354586064815,45.89198271081087,int,3,0.3348392248153686,0.0173574201762676,341,0.4,E5b_subtraction
97,8,subtraction,pre_grok,200,0.9989370107650756,0.0113354586064815,45.89198271081087,int,4,0.6396492123603821,0.015763372182846,341,0.4,E5b_subtraction
97,8,subtraction,pre_grok,200,0.9989370107650756,0.0113354586064815,45.89198271081087,int,5,0.9192134141921996,0.0116896918043494,341,0.4,E5b_subtraction
97,8,subtraction,pre_grok,200,0.9989370107650756,0.0113354586064815,45.89198271081087,int,6,0.9917619228363036,0.0104498760774731,341,0.4,E5b_subtraction
97,8,subtraction,pre_grok,200,0.9989370107650756,0.0113354586064815,45.89198271081087,int,8,0.9984055161476136,0.0116896918043494,341,0.4,E5b_subtraction
97,8,subtraction,pre_grok,200,0.9989370107650756,0.0113354586064815,45.89198271081087,int,10,0.9989370107650756,0.0113354586064815,341,0.4,E5b_subtraction
97,8,subtraction,pre_grok,200,0.9989370107650756,0.0113354586064815,45.89198271081087,int,12,0.9989370107650756,0.0113354586064815,341,0.4,E5b_subtraction
97,8,subtraction,pre_grok,200,0.9989370107650756,0.0113354586064815,45.89198271081087,int,16,0.9989370107650756,0.0113354586064815,341,0.4,E5b_subtraction
97,8,subtraction,pre_grok,200,0.9989370107650756,0.0113354586064815,45.89198271081087,int,23,0.9989370107650756,0.0113354586064815,341,0.4,E5b_subtraction
97,8,subtraction,pre_grok,200,0.9989370107650756,0.0113354586064815,45.89198271081087,mantissa,2,0.9407387971878052,0.0123981582000851,341,0.4,E5b_subtraction
97,8,subtraction,pre_grok,200,0.9989370107650756,0.0113354586064815,45.89198271081087,mantissa,3,0.9933563470840454,0.0111583424732089,341,0.4,E5b_subtraction
97,8,subtraction,pre_grok,200,0.9989370107650756,0.0113354586064815,45.89198271081087,mantissa,4,0.9981397986412048,0.010804109275341,341,0.4,E5b_subtraction
97,8,subtraction,pre_grok,200,0.9989370107650756,0.0113354586064815,45.89198271081087,mantissa,5,0.9989370107650756,0.011866807937622,341,0.4,E5b_subtraction
97,8,subtraction,pre_grok,200,0.9989370107650756,0.0113354586064815,45.89198271081087,mantissa,6,0.9992027878761292,0.0111583424732089,341,0.4,E5b_subtraction
97,8,subtraction,pre_grok,200,0.9989370107650756,0.0113354586064815,45.89198271081087,mantissa,8,0.998671293258667,0.0113354586064815,341,0.4,E5b_subtraction
97,8,subtraction,pre_grok,200,0.9989370107650756,0.0113354586064815,45.89198271081087,mantissa,10,0.9989370107650756,0.0113354586064815,341,0.4,E5b_subtraction
97,8,subtraction,pre_grok,200,0.9989370107650756,0.0113354586064815,45.89198271081087,mantissa,12,0.9989370107650756,0.0113354586064815,341,0.4,E5b_subtraction
97,8,subtraction,pre_grok,200,0.9989370107650756,0.0113354586064815,45.89198271081087,mantissa,16,0.9989370107650756,0.0113354586064815,341,0.4,E5b_subtraction
97,8,subtraction,pre_grok,200,0.9989370107650756,0.0113354586064815,45.89198271081087,mantissa,23,0.9989370107650756,0.0113354586064815,341,0.4,E5b_subtraction
97,8,subtraction,pre_grok,200,0.9989370107650756,0.0113354586064815,45.89198271081087,nf,2,0.1799096465110778,0.0132837407290935,341,0.4,E5b_subtraction
97,8,subtraction,pre_grok,200,0.9989370107650756,0.0113354586064815,45.89198271081087,nf,3,0.4549561440944671,0.0155862551182508,341,0.4,E5b_subtraction
97,8,subtraction,pre_grok,200,0.9989370107650756,0.0113354586064815,45.89198271081087,nf,4,0.7082115411758423,0.0139922071248292,341,0.4,E5b_subtraction
97,8,subtraction,pre_grok,200,0.9989370107650756,0.0113354586064815,45.89198271081087,nf,5,0.901674211025238,0.0120439250022172,341,0.4,E5b_subtraction
97,8,subtraction,pre_grok,200,0.9989370107650756,0.0113354586064815,45.89198271081087,nf,6,0.984586775302887,0.0115125747397542,341,0.4,E5b_subtraction
97,8,subtraction,pre_grok,200,0.9989370107650756,0.0113354586064815,45.89198271081087,nf,8,0.998671293258667,0.0113354586064815,341,0.4,E5b_subtraction
97,8,subtraction,pre_grok,200,0.9989370107650756,0.0113354586064815,45.89198271081087,nf,10,0.998671293258667,0.0113354586064815,341,0.4,E5b_subtraction
97,8,subtraction,pre_grok,200,0.9989370107650756,0.0113354586064815,45.89198271081087,nf,12,0.998671293258667,0.0113354586064815,341,0.4,E5b_subtraction
97,8,subtraction,pre_grok,200,0.9989370107650756,0.0113354586064815,45.89198271081087,nf,16,0.998671293258667,0.0113354586064815,341,0.4,E5b_subtraction
97,8,subtraction,pre_grok,200,0.9989370107650756,0.0113354586064815,45.89198271081087,nf,23,0.9989370107650756,0.0113354586064815,341,0.4,E5b_subtraction
97,8,subtraction,cleaned_up,12000,0.9989370107650756,0.1891604661941528,43.18436989157928,int,2,0.0093010896816849,0.0090329432860016,341,0.4,E5b_subtraction
97,8,subtraction,cleaned_up,12000,0.9989370107650756,0.1891604661941528,43.18436989157928,int,3,0.0544778108596801,0.0246191993355751,341,0.4,E5b_subtraction
97,8,subtraction,cleaned_up,12000,0.9989370107650756,0.1891604661941528,43.18436989157928,int,4,0.2694658637046814,0.0690754503011703,341,0.4,E5b_subtraction
97,8,subtraction,cleaned_up,12000,0.9989370107650756,0.1891604661941528,43.18436989157928,int,5,0.707148551940918,0.1385051310062408,341,0.4,E5b_subtraction
97,8,subtraction,cleaned_up,12000,0.9989370107650756,0.1891604661941528,43.18436989157928,int,6,0.9649215936660768,0.1843783259391784,341,0.4,E5b_subtraction
97,8,subtraction,cleaned_up,12000,0.9989370107650756,0.1891604661941528,43.18436989157928,int,8,0.9989370107650756,0.1879206448793411,341,0.4,E5b_subtraction
97,8,subtraction,cleaned_up,12000,0.9989370107650756,0.1891604661941528,43.18436989157928,int,10,0.9989370107650756,0.1891604661941528,341,0.4,E5b_subtraction
97,8,subtraction,cleaned_up,12000,0.9989370107650756,0.1891604661941528,43.18436989157928,int,12,0.9989370107650756,0.1884520053863525,341,0.4,E5b_subtraction
97,8,subtraction,cleaned_up,12000,0.9989370107650756,0.1891604661941528,43.18436989157928,int,16,0.9989370107650756,0.1889833509922027,341,0.4,E5b_subtraction
97,8,subtraction,cleaned_up,12000,0.9989370107650756,0.1891604661941528,43.18436989157928,int,23,0.9989370107650756,0.1891604661941528,341,0.4,E5b_subtraction
97,8,subtraction,cleaned_up,12000,0.9989370107650756,0.1891604661941528,43.18436989157928,mantissa,2,0.996811032295227,0.1886291205883026,341,0.4,E5b_subtraction
97,8,subtraction,cleaned_up,12000,0.9989370107650756,0.1891604661941528,43.18436989157928,mantissa,3,0.998671293258667,0.1884520053863525,341,0.4,E5b_subtraction
97,8,subtraction,cleaned_up,12000,0.9989370107650756,0.1891604661941528,43.18436989157928,mantissa,4,0.9989370107650756,0.1888062357902526,341,0.4,E5b_subtraction
97,8,subtraction,cleaned_up,12000,0.9989370107650756,0.1891604661941528,43.18436989157928,mantissa,5,0.9992027878761292,0.1904002875089645,341,0.4,E5b_subtraction
97,8,subtraction,cleaned_up,12000,0.9989370107650756,0.1891604661941528,43.18436989157928,mantissa,6,0.9989370107650756,0.1868579536676406,341,0.4,E5b_subtraction
97,8,subtraction,cleaned_up,12000,0.9989370107650756,0.1891604661941528,43.18436989157928,mantissa,8,0.9989370107650756,0.1888062357902526,341,0.4,E5b_subtraction
97,8,subtraction,cleaned_up,12000,0.9989370107650756,0.1891604661941528,43.18436989157928,mantissa,10,0.9989370107650756,0.1889833509922027,341,0.4,E5b_subtraction
97,8,subtraction,cleaned_up,12000,0.9989370107650756,0.1891604661941528,43.18436989157928,mantissa,12,0.9989370107650756,0.1891604661941528,341,0.4,E5b_subtraction
97,8,subtraction,cleaned_up,12000,0.9989370107650756,0.1891604661941528,43.18436989157928,mantissa,16,0.9989370107650756,0.1891604661941528,341,0.4,E5b_subtraction
97,8,subtraction,cleaned_up,12000,0.9989370107650756,0.1891604661941528,43.18436989157928,mantissa,23,0.9989370107650756,0.1891604661941528,341,0.4,E5b_subtraction
97,8,subtraction,cleaned_up,12000,0.9989370107650756,0.1891604661941528,43.18436989157928,nf,2,0.0318894498050212,0.017711654305458,341,0.4,E5b_subtraction
97,8,subtraction,cleaned_up,12000,0.9989370107650756,0.1891604661941528,43.18436989157928,nf,3,0.1158649995923042,0.0336521416902542,341,0.4,E5b_subtraction
97,8,subtraction,cleaned_up,12000,0.9989370107650756,0.1891604661941528,43.18436989157928,nf,4,0.3494552373886108,0.0874955728650093,341,0.4,E5b_subtraction
97,8,subtraction,cleaned_up,12000,0.9989370107650756,0.1891604661941528,43.18436989157928,nf,5,0.5445123314857483,0.1202621310949325,341,0.4,E5b_subtraction
97,8,subtraction,cleaned_up,12000,0.9989370107650756,0.1891604661941528,43.18436989157928,nf,6,0.7095402479171753,0.1386822462081909,341,0.4,E5b_subtraction
97,8,subtraction,cleaned_up,12000,0.9989370107650756,0.1891604661941528,43.18436989157928,nf,8,0.8711134791374207,0.1572794914245605,341,0.4,E5b_subtraction
97,8,subtraction,cleaned_up,12000,0.9989370107650756,0.1891604661941528,43.18436989157928,nf,10,0.8711134791374207,0.1572794914245605,341,0.4,E5b_subtraction
97,8,subtraction,cleaned_up,12000,0.9989370107650756,0.1891604661941528,43.18436989157928,nf,12,0.8711134791374207,0.1572794914245605,341,0.4,E5b_subtraction
97,8,subtraction,cleaned_up,12000,0.9989370107650756,0.1891604661941528,43.18436989157928,nf,16,0.8711134791374207,0.1572794914245605,341,0.4,E5b_subtraction
97,8,subtraction,cleaned_up,12000,0.9989370107650756,0.1891604661941528,43.18436989157928,nf,23,0.9989370107650756,0.1891604661941528,341,0.4,E5b_subtraction
97,9,subtraction,pre_grok,250,1.0,0.0143464393913745,46.00598304390202,int,2,0.0340154133737087,0.0148777896538376,341,0.4,E5b_subtraction
97,9,subtraction,pre_grok,250,1.0,0.0143464393913745,46.00598304390202,int,3,0.2761094868183136,0.0164718385785818,341,0.4,E5b_subtraction
97,9,subtraction,pre_grok,250,1.0,0.0143464393913745,46.00598304390202,int,4,0.6757906079292297,0.0148777896538376,341,0.4,E5b_subtraction
97,9,subtraction,pre_grok,250,1.0,0.0143464393913745,46.00598304390202,int,5,0.9391443133354188,0.0150549057871103,341,0.4,E5b_subtraction
97,9,subtraction,pre_grok,250,1.0,0.0143464393913745,46.00598304390202,int,6,0.9984055161476136,0.0139922071248292,341,0.4,E5b_subtraction
97,9,subtraction,pre_grok,250,1.0,0.0143464393913745,46.00598304390202,int,8,1.0,0.0143464393913745,341,0.4,E5b_subtraction
97,9,subtraction,pre_grok,250,1.0,0.0143464393913745,46.00598304390202,int,10,1.0,0.0141693232581019,341,0.4,E5b_subtraction
97,9,subtraction,pre_grok,250,1.0,0.0143464393913745,46.00598304390202,int,12,1.0,0.0143464393913745,341,0.4,E5b_subtraction
97,9,subtraction,pre_grok,250,1.0,0.0143464393913745,46.00598304390202,int,16,1.0,0.0143464393913745,341,0.4,E5b_subtraction
97,9,subtraction,pre_grok,250,1.0,0.0143464393913745,46.00598304390202,int,23,1.0,0.0143464393913745,341,0.4,E5b_subtraction
97,9,subtraction,pre_grok,250,1.0,0.0143464393913745,46.00598304390202,mantissa,2,0.9548232555389404,0.0141693232581019,341,0.4,E5b_subtraction
97,9,subtraction,pre_grok,250,1.0,0.0143464393913745,46.00598304390202,mantissa,3,0.9997342824935912,0.0141693232581019,341,0.4,E5b_subtraction
97,9,subtraction,pre_grok,250,1.0,0.0143464393913745,46.00598304390202,mantissa,4,1.0,0.0152320228517055,341,0.4,E5b_subtraction
97,9,subtraction,pre_grok,250,1.0,0.0143464393913745,46.00598304390202,mantissa,5,1.0,0.0148777896538376,341,0.4,E5b_subtraction
97,9,subtraction,pre_grok,250,1.0,0.0143464393913745,46.00598304390202,mantissa,6,1.0,0.0147006725892424,341,0.4,E5b_subtraction
97,9,subtraction,pre_grok,250,1.0,0.0143464393913745,46.00598304390202,mantissa,8,1.0,0.0143464393913745,341,0.4,E5b_subtraction
97,9,subtraction,pre_grok,250,1.0,0.0143464393913745,46.00598304390202,mantissa,10,1.0,0.0143464393913745,341,0.4,E5b_subtraction
97,9,subtraction,pre_grok,250,1.0,0.0143464393913745,46.00598304390202,mantissa,12,1.0,0.0143464393913745,341,0.4,E5b_subtraction
97,9,subtraction,pre_grok,250,1.0,0.0143464393913745,46.00598304390202,mantissa,16,1.0,0.0143464393913745,341,0.4,E5b_subtraction
97,9,subtraction,pre_grok,250,1.0,0.0143464393913745,46.00598304390202,mantissa,23,1.0,0.0143464393913745,341,0.4,E5b_subtraction
97,9,subtraction,pre_grok,250,1.0,0.0143464393913745,46.00598304390202,nf,2,0.1666223704814911,0.0109812254086136,341,0.4,E5b_subtraction
97,9,subtraction,pre_grok,250,1.0,0.0143464393913745,46.00598304390202,nf,3,0.425192654132843,0.0120439250022172,341,0.4,E5b_subtraction
97,9,subtraction,pre_grok,250,1.0,0.0143464393913745,46.00598304390202,nf,4,0.6880148649215698,0.0125752743333578,341,0.4,E5b_subtraction
97,9,subtraction,pre_grok,250,1.0,0.0143464393913745,46.00598304390202,nf,5,0.919744908809662,0.012752391397953,341,0.4,E5b_subtraction
97,9,subtraction,pre_grok,250,1.0,0.0143464393913745,46.00598304390202,nf,6,0.9888386726379396,0.0148777896538376,341,0.4,E5b_subtraction
97,9,subtraction,pre_grok,250,1.0,0.0143464393913745,46.00598304390202,nf,8,1.0,0.0145235564559698,341,0.4,E5b_subtraction
97,9,subtraction,pre_grok,250,1.0,0.0143464393913745,46.00598304390202,nf,10,1.0,0.0145235564559698,341,0.4,E5b_subtraction
97,9,subtraction,pre_grok,250,1.0,0.0143464393913745,46.00598304390202,nf,12,1.0,0.0145235564559698,341,0.4,E5b_subtraction
97,9,subtraction,pre_grok,250,1.0,0.0143464393913745,46.00598304390202,nf,16,1.0,0.0145235564559698,341,0.4,E5b_subtraction
97,9,subtraction,pre_grok,250,1.0,0.0143464393913745,46.00598304390202,nf,23,1.0,0.0143464393913745,341,0.4,E5b_subtraction
97,9,subtraction,cleaned_up,12000,0.9957481026649476,0.4509387016296386,42.53352051391541,int,2,0.0122242895886302,0.0081473607569932,341,0.4,E5b_subtraction
97,9,subtraction,cleaned_up,12000,0.9957481026649476,0.4509387016296386,42.53352051391541,int,3,0.0619186833500862,0.0425079688429832,341,0.4,E5b_subtraction
97,9,subtraction,cleaned_up,12000,0.9957481026649476,0.4509387016296386,42.53352051391541,int,4,0.2293382883071899,0.1066241562366485,341,0.4,E5b_subtraction
97,9,subtraction,cleaned_up,12000,0.9957481026649476,0.4509387016296386,42.53352051391541,int,5,0.721233069896698,0.2989727258682251,341,0.4,E5b_subtraction
97,9,subtraction,cleaned_up,12000,0.9957481026649476,0.4509387016296386,42.53352051391541,int,6,0.9782088994979858,0.4319872558116913,341,0.4,E5b_subtraction
97,9,subtraction,cleaned_up,12000,0.9957481026649476,0.4509387016296386,42.53352051391541,int,8,0.995482325553894,0.445448100566864,341,0.4,E5b_subtraction
97,9,subtraction,cleaned_up,12000,0.9957481026649476,0.4509387016296386,42.53352051391541,int,10,0.995482325553894,0.4514700770378113,341,0.4,E5b_subtraction
97,9,subtraction,cleaned_up,12000,0.9957481026649476,0.4509387016296386,42.53352051391541,int,12,0.9957481026649476,0.4507615864276886,341,0.4,E5b_subtraction
97,9,subtraction,cleaned_up,12000,0.9957481026649476,0.4509387016296386,42.53352051391541,int,16,0.9957481026649476,0.4511158168315887,341,0.4,E5b_subtraction
97,9,subtraction,cleaned_up,12000,0.9957481026649476,0.4509387016296386,42.53352051391541,int,23,0.9957481026649476,0.4509387016296386,341,0.4,E5b_subtraction
97,9,subtraction,cleaned_up,12000,0.9957481026649476,0.4509387016296386,42.53352051391541,mantissa,2,0.9920276403427124,0.4450938701629638,341,0.4,E5b_subtraction
97,9,subtraction,cleaned_up,12000,0.9957481026649476,0.4509387016296386,42.53352051391541,mantissa,3,0.9938878417015076,0.4459794461727142,341,0.4,E5b_subtraction
97,9,subtraction,cleaned_up,12000,0.9957481026649476,0.4509387016296386,42.53352051391541,mantissa,4,0.9957481026649476,0.4470421373844147,341,0.4,E5b_subtraction
97,9,subtraction,cleaned_up,12000,0.9957481026649476,0.4509387016296386,42.53352051391541,mantissa,5,0.9946851134300232,0.4514700770378113,341,0.4,E5b_subtraction
97,9,subtraction,cleaned_up,12000,0.9957481026649476,0.4509387016296386,42.53352051391541,mantissa,6,0.9952166080474854,0.4498760104179382,341,0.4,E5b_subtraction
97,9,subtraction,cleaned_up,12000,0.9957481026649476,0.4509387016296386,42.53352051391541,mantissa,8,0.9957481026649476,0.4507615864276886,341,0.4,E5b_subtraction
97,9,subtraction,cleaned_up,12000,0.9957481026649476,0.4509387016296386,42.53352051391541,mantissa,10,0.9957481026649476,0.4505844712257385,341,0.4,E5b_subtraction
97,9,subtraction,cleaned_up,12000,0.9957481026649476,0.4509387016296386,42.53352051391541,mantissa,12,0.9957481026649476,0.4511158168315887,341,0.4,E5b_subtraction
97,9,subtraction,cleaned_up,12000,0.9957481026649476,0.4509387016296386,42.53352051391541,mantissa,16,0.9957481026649476,0.4509387016296386,341,0.4,E5b_subtraction
97,9,subtraction,cleaned_up,12000,0.9957481026649476,0.4509387016296386,42.53352051391541,mantissa,23,0.9957481026649476,0.4509387016296386,341,0.4,E5b_subtraction
97,9,subtraction,cleaned_up,12000,0.9957481026649476,0.4509387016296386,42.53352051391541,nf,2,0.0435822494328022,0.0301098115742206,341,0.4,E5b_subtraction
97,9,subtraction,cleaned_up,12000,0.9957481026649476,0.4509387016296386,42.53352051391541,nf,3,0.1132075488567352,0.0634077191352844,341,0.4,E5b_subtraction
97,9,subtraction,cleaned_up,12000,0.9957481026649476,0.4509387016296386,42.53352051391541,nf,4,0.3425458371639251,0.1703861057758331,341,0.4,E5b_subtraction
97,9,subtraction,cleaned_up,12000,0.9957481026649476,0.4509387016296386,42.53352051391541,nf,5,0.584374189376831,0.259829968214035,341,0.4,E5b_subtraction
97,9,subtraction,cleaned_up,12000,0.9957481026649476,0.4509387016296386,42.53352051391541,nf,6,0.745681643486023,0.3248317241668701,341,0.4,E5b_subtraction
97,9,subtraction,cleaned_up,12000,0.9957481026649476,0.4509387016296386,42.53352051391541,nf,8,0.8846665024757385,0.3846971392631531,341,0.4,E5b_subtraction
97,9,subtraction,cleaned_up,12000,0.9957481026649476,0.4509387016296386,42.53352051391541,nf,10,0.8846665024757385,0.3846971392631531,341,0.4,E5b_subtraction
97,9,subtraction,cleaned_up,12000,0.9957481026649476,0.4509387016296386,42.53352051391541,nf,12,0.8846665024757385,0.3846971392631531,341,0.4,E5b_subtraction
97,9,subtraction,cleaned_up,12000,0.9957481026649476,0.4509387016296386,42.53352051391541,nf,16,0.8846665024757385,0.3846971392631531,341,0.4,E5b_subtraction
97,9,subtraction,cleaned_up,12000,0.9957481026649476,0.4509387016296386,42.53352051391541,nf,23,0.9957481026649476,0.4509387016296386,341,0.4,E5b_subtraction
97,10,subtraction,pre_grok,200,0.9965453147888184,0.010804109275341,46.199040902904095,int,2,0.0321551971137523,0.0100956428796052,341,0.4,E5b_subtraction
97,10,subtraction,pre_grok,200,0.9965453147888184,0.010804109275341,46.199040902904095,int,3,0.3207547068595886,0.0143464393913745,341,0.4,E5b_subtraction
97,10,subtraction,pre_grok,200,0.9965453147888184,0.010804109275341,46.199040902904095,int,4,0.6553282141685486,0.0125752743333578,341,0.4,E5b_subtraction
97,10,subtraction,pre_grok,200,0.9965453147888184,0.010804109275341,46.199040902904095,int,5,0.913898468017578,0.0116896918043494,341,0.4,E5b_subtraction
97,10,subtraction,pre_grok,200,0.9965453147888184,0.010804109275341,46.199040902904095,int,6,0.9875099658966064,0.0113354586064815,341,0.4,E5b_subtraction
97,10,subtraction,pre_grok,200,0.9965453147888184,0.010804109275341,46.199040902904095,int,8,0.996811032295227,0.0111583424732089,341,0.4,E5b_subtraction
97,10,subtraction,pre_grok,200,0.9965453147888184,0.010804109275341,46.199040902904095,int,10,0.9965453147888184,0.0106269922107458,341,0.4,E5b_subtraction
97,10,subtraction,pre_grok,200,0.9965453147888184,0.010804109275341,46.199040902904095,int,12,0.9965453147888184,0.010804109275341,341,0.4,E5b_subtraction
97,10,subtraction,pre_grok,200,0.9965453147888184,0.010804109275341,46.199040902904095,int,16,0.9965453147888184,0.010804109275341,341,0.4,E5b_subtraction
97,10,subtraction,pre_grok,200,0.9965453147888184,0.010804109275341,46.199040902904095,int,23,0.9965453147888184,0.010804109275341,341,0.4,E5b_subtraction
97,10,subtraction,pre_grok,200,0.9965453147888184,0.010804109275341,46.199040902904095,mantissa,2,0.9439277052879332,0.0129295075312256,341,0.4,E5b_subtraction
97,10,subtraction,pre_grok,200,0.9965453147888184,0.010804109275341,46.199040902904095,mantissa,3,0.9938878417015076,0.0109812254086136,341,0.4,E5b_subtraction
97,10,subtraction,pre_grok,200,0.9965453147888184,0.010804109275341,46.199040902904095,mantissa,4,0.996811032295227,0.011866807937622,341,0.4,E5b_subtraction
97,10,subtraction,pre_grok,200,0.9965453147888184,0.010804109275341,46.199040902904095,mantissa,5,0.996811032295227,0.0106269922107458,341,0.4,E5b_subtraction
97,10,subtraction,pre_grok,200,0.9965453147888184,0.010804109275341,46.199040902904095,mantissa,6,0.996811032295227,0.0109812254086136,341,0.4,E5b_subtraction
97,10,subtraction,pre_grok,200,0.9965453147888184,0.010804109275341,46.199040902904095,mantissa,8,0.9965453147888184,0.010804109275341,341,0.4,E5b_subtraction
97,10,subtraction,pre_grok,200,0.9965453147888184,0.010804109275341,46.199040902904095,mantissa,10,0.9965453147888184,0.0106269922107458,341,0.4,E5b_subtraction
97,10,subtraction,pre_grok,200,0.9965453147888184,0.010804109275341,46.199040902904095,mantissa,12,0.9965453147888184,0.010804109275341,341,0.4,E5b_subtraction
97,10,subtraction,pre_grok,200,0.9965453147888184,0.010804109275341,46.199040902904095,mantissa,16,0.9965453147888184,0.010804109275341,341,0.4,E5b_subtraction
97,10,subtraction,pre_grok,200,0.9965453147888184,0.010804109275341,46.199040902904095,mantissa,23,0.9965453147888184,0.010804109275341,341,0.4,E5b_subtraction
97,10,subtraction,pre_grok,200,0.9965453147888184,0.010804109275341,46.199040902904095,nf,2,0.1684826016426086,0.0081473607569932,341,0.4,E5b_subtraction
97,10,subtraction,pre_grok,200,0.9965453147888184,0.010804109275341,46.199040902904095,nf,3,0.4233324527740478,0.0102727590128779,341,0.4,E5b_subtraction
97,10,subtraction,pre_grok,200,0.9965453147888184,0.010804109275341,46.199040902904095,nf,4,0.6970502138137817,0.0100956428796052,341,0.4,E5b_subtraction
97,10,subtraction,pre_grok,200,0.9965453147888184,0.010804109275341,46.199040902904095,nf,5,0.901674211025238,0.0097414096817374,341,0.4,E5b_subtraction
97,10,subtraction,pre_grok,200,0.9965453147888184,0.010804109275341,46.199040902904095,nf,6,0.9829922914505004,0.0104498760774731,341,0.4,E5b_subtraction
97,10,subtraction,pre_grok,200,0.9965453147888184,0.010804109275341,46.199040902904095,nf,8,0.9965453147888184,0.0104498760774731,341,0.4,E5b_subtraction
97,10,subtraction,pre_grok,200,0.9965453147888184,0.010804109275341,46.199040902904095,nf,10,0.9965453147888184,0.0104498760774731,341,0.4,E5b_subtraction
97,10,subtraction,pre_grok,200,0.9965453147888184,0.010804109275341,46.199040902904095,nf,12,0.9965453147888184,0.0104498760774731,341,0.4,E5b_subtraction
97,10,subtraction,pre_grok,200,0.9965453147888184,0.010804109275341,46.199040902904095,nf,16,0.9965453147888184,0.0104498760774731,341,0.4,E5b_subtraction
97,10,subtraction,pre_grok,200,0.9965453147888184,0.010804109275341,46.199040902904095,nf,23,0.9965453147888184,0.010804109275341,341,0.4,E5b_subtraction
97,10,subtraction,just_grokked,11250,1.0,0.9034714698791504,38.286596217620925,int,2,0.0095668351277709,0.0100956428796052,341,0.4,E5b_subtraction
97,10,subtraction,just_grokked,11250,1.0,0.9034714698791504,38.286596217620925,int,3,0.0228541065007448,0.0191285870969295,341,0.4,E5b_subtraction
97,10,subtraction,just_grokked,11250,1.0,0.9034714698791504,38.286596217620925,int,4,0.2447515279054641,0.187743529677391,341,0.4,E5b_subtraction
97,10,subtraction,just_grokked,11250,1.0,0.9034714698791504,38.286596217620925,int,5,0.7281424403190613,0.5867871046066284,341,0.4,E5b_subtraction
97,10,subtraction,just_grokked,11250,1.0,0.9034714698791504,38.286596217620925,int,6,0.9984055161476136,0.8880623579025269,341,0.4,E5b_subtraction
97,10,subtraction,just_grokked,11250,1.0,0.9034714698791504,38.286596217620925,int,8,1.0,0.9045341610908508,341,0.4,E5b_subtraction
97,10,subtraction,just_grokked,11250,1.0,0.9034714698791504,38.286596217620925,int,10,1.0,0.9036486148834229,341,0.4,E5b_subtraction
97,10,subtraction,just_grokked,11250,1.0,0.9034714698791504,38.286596217620925,int,12,1.0,0.9031172394752502,341,0.4,E5b_subtraction
97,10,subtraction,just_grokked,11250,1.0,0.9034714698791504,38.286596217620925,int,16,1.0,0.9034714698791504,341,0.4,E5b_subtraction
97,10,subtraction,just_grokked,11250,1.0,0.9034714698791504,38.286596217620925,int,23,1.0,0.9034714698791504,341,0.4,E5b_subtraction
97,10,subtraction,just_grokked,11250,1.0,0.9034714698791504,38.286596217620925,mantissa,2,1.0,0.8958554863929749,341,0.4,E5b_subtraction
97,10,subtraction,just_grokked,11250,1.0,0.9034714698791504,38.286596217620925,mantissa,3,1.0,0.9013460874557496,341,0.4,E5b_subtraction
97,10,subtraction,just_grokked,11250,1.0,0.9034714698791504,38.286596217620925,mantissa,4,1.0,0.9015231728553772,341,0.4,E5b_subtraction
97,10,subtraction,just_grokked,11250,1.0,0.9034714698791504,38.286596217620925,mantissa,5,1.0,0.9032943844795228,341,0.4,E5b_subtraction
97,10,subtraction,just_grokked,11250,1.0,0.9034714698791504,38.286596217620925,mantissa,6,1.0,0.9038257002830504,341,0.4,E5b_subtraction
97,10,subtraction,just_grokked,11250,1.0,0.9034714698791504,38.286596217620925,mantissa,8,1.0,0.9032943844795228,341,0.4,E5b_subtraction
97,10,subtraction,just_grokked,11250,1.0,0.9034714698791504,38.286596217620925,mantissa,10,1.0,0.9034714698791504,341,0.4,E5b_subtraction
97,10,subtraction,just_grokked,11250,1.0,0.9034714698791504,38.286596217620925,mantissa,12,1.0,0.9034714698791504,341,0.4,E5b_subtraction
97,10,subtraction,just_grokked,11250,1.0,0.9034714698791504,38.286596217620925,mantissa,16,1.0,0.9034714698791504,341,0.4,E5b_subtraction
97,10,subtraction,just_grokked,11250,1.0,0.9034714698791504,38.286596217620925,mantissa,23,1.0,0.9034714698791504,341,0.4,E5b_subtraction
97,10,subtraction,just_grokked,11250,1.0,0.9034714698791504,38.286596217620925,nf,2,0.0326866880059242,0.0299326945096254,341,0.4,E5b_subtraction
97,10,subtraction,just_grokked,11250,1.0,0.9034714698791504,38.286596217620925,nf,3,0.0935423895716667,0.0809422582387924,341,0.4,E5b_subtraction
97,10,subtraction,just_grokked,11250,1.0,0.9034714698791504,38.286596217620925,nf,4,0.286739319562912,0.2295430302619934,341,0.4,E5b_subtraction
97,10,subtraction,just_grokked,11250,1.0,0.9034714698791504,38.286596217620925,nf,5,0.520861029624939,0.4183492660522461,341,0.4,E5b_subtraction
97,10,subtraction,just_grokked,11250,1.0,0.9034714698791504,38.286596217620925,nf,6,0.6896093487739563,0.5540205240249634,341,0.4,E5b_subtraction
97,10,subtraction,just_grokked,11250,1.0,0.9034714698791504,38.286596217620925,nf,8,0.8647356033325195,0.7088204026222229,341,0.4,E5b_subtraction
97,10,subtraction,just_grokked,11250,1.0,0.9034714698791504,38.286596217620925,nf,10,0.8647356033325195,0.7088204026222229,341,0.4,E5b_subtraction
97,10,subtraction,just_grokked,11250,1.0,0.9034714698791504,38.286596217620925,nf,12,0.8647356033325195,0.7088204026222229,341,0.4,E5b_subtraction
97,10,subtraction,just_grokked,11250,1.0,0.9034714698791504,38.286596217620925,nf,16,0.8647356033325195,0.7088204026222229,341,0.4,E5b_subtraction
97,10,subtraction,just_grokked,11250,1.0,0.9034714698791504,38.286596217620925,nf,23,1.0,0.9034714698791504,341,0.4,E5b_subtraction
97,10,subtraction,post_grok_500,11750,1.0,0.9394261240959167,37.59546122853891,int,2,0.0098325805738568,0.0106269922107458,341,0.4,E5b_subtraction
97,10,subtraction,post_grok_500,11750,1.0,0.9394261240959167,37.59546122853891,int,3,0.0100983260199427,0.0132837407290935,341,0.4,E5b_subtraction
97,10,subtraction,post_grok_500,11750,1.0,0.9394261240959167,37.59546122853891,int,4,0.0696252956986427,0.0623450204730033,341,0.4,E5b_subtraction
97,10,subtraction,post_grok_500,11750,1.0,0.9394261240959167,37.59546122853891,int,5,0.473026841878891,0.3871767520904541,341,0.4,E5b_subtraction
97,10,subtraction,post_grok_500,11750,1.0,0.9394261240959167,37.59546122853891,int,6,0.996811032295227,0.9277364611625672,341,0.4,E5b_subtraction
97,10,subtraction,post_grok_500,11750,1.0,0.9394261240959167,37.59546122853891,int,8,1.0,0.9408430457115172,341,0.4,E5b_subtraction
97,10,subtraction,post_grok_500,11750,1.0,0.9394261240959167,37.59546122853891,int,10,1.0,0.9397803544998168,341,0.4,E5b_subtraction
97,10,subtraction,post_grok_500,11750,1.0,0.9394261240959167,37.59546122853891,int,12,1.0,0.9394261240959167,341,0.4,E5b_subtraction
97,10,subtraction,post_grok_500,11750,1.0,0.9394261240959167,37.59546122853891,int,16,1.0,0.9394261240959167,341,0.4,E5b_subtraction
97,10,subtraction,post_grok_500,11750,1.0,0.9394261240959167,37.59546122853891,int,23,1.0,0.9394261240959167,341,0.4,E5b_subtraction
97,10,subtraction,post_grok_500,11750,1.0,0.9394261240959167,37.59546122853891,mantissa,2,0.9997342824935912,0.9344668984413148,341,0.4,E5b_subtraction
97,10,subtraction,post_grok_500,11750,1.0,0.9394261240959167,37.59546122853891,mantissa,3,1.0,0.937300741672516,341,0.4,E5b_subtraction
97,10,subtraction,post_grok_500,11750,1.0,0.9394261240959167,37.59546122853891,mantissa,4,1.0,0.9397803544998168,341,0.4,E5b_subtraction
97,10,subtraction,post_grok_500,11750,1.0,0.9394261240959167,37.59546122853891,mantissa,5,1.0,0.9399574995040894,341,0.4,E5b_subtraction
97,10,subtraction,post_grok_500,11750,1.0,0.9394261240959167,37.59546122853891,mantissa,6,1.0,0.9394261240959167,341,0.4,E5b_subtraction
97,10,subtraction,post_grok_500,11750,1.0,0.9394261240959167,37.59546122853891,mantissa,8,1.0,0.9392490386962892,341,0.4,E5b_subtraction
97,10,subtraction,post_grok_500,11750,1.0,0.9394261240959167,37.59546122853891,mantissa,10,1.0,0.9394261240959167,341,0.4,E5b_subtraction
97,10,subtraction,post_grok_500,11750,1.0,0.9394261240959167,37.59546122853891,mantissa,12,1.0,0.9394261240959167,341,0.4,E5b_subtraction
97,10,subtraction,post_grok_500,11750,1.0,0.9394261240959167,37.59546122853891,mantissa,16,1.0,0.9394261240959167,341,0.4,E5b_subtraction
97,10,subtraction,post_grok_500,11750,1.0,0.9394261240959167,37.59546122853891,mantissa,23,1.0,0.9394261240959167,341,0.4,E5b_subtraction
97,10,subtraction,post_grok_500,11750,1.0,0.9394261240959167,37.59546122853891,nf,2,0.0239170882850885,0.0168260708451271,341,0.4,E5b_subtraction
97,10,subtraction,post_grok_500,11750,1.0,0.9394261240959167,37.59546122853891,nf,3,0.080520860850811,0.0710237324237823,341,0.4,E5b_subtraction
97,10,subtraction,post_grok_500,11750,1.0,0.9394261240959167,37.59546122853891,nf,4,0.2064841836690902,0.1795961707830429,341,0.4,E5b_subtraction
97,10,subtraction,post_grok_500,11750,1.0,0.9394261240959167,37.59546122853891,nf,5,0.3832048773765564,0.3097768425941467,341,0.4,E5b_subtraction
97,10,subtraction,post_grok_500,11750,1.0,0.9394261240959167,37.59546122853891,nf,6,0.5471698045730591,0.4558979868888855,341,0.4,E5b_subtraction
97,10,subtraction,post_grok_500,11750,1.0,0.9394261240959167,37.59546122853891,nf,8,0.7560456991195679,0.642755925655365,341,0.4,E5b_subtraction
97,10,subtraction,post_grok_500,11750,1.0,0.9394261240959167,37.59546122853891,nf,10,0.7560456991195679,0.642755925655365,341,0.4,E5b_subtraction
97,10,subtraction,post_grok_500,11750,1.0,0.9394261240959167,37.59546122853891,nf,12,0.7560456991195679,0.642755925655365,341,0.4,E5b_subtraction
97,10,subtraction,post_grok_500,11750,1.0,0.9394261240959167,37.59546122853891,nf,16,0.7560456991195679,0.642755925655365,341,0.4,E5b_subtraction
97,10,subtraction,post_grok_500,11750,1.0,0.9394261240959167,37.59546122853891,nf,23,1.0,0.9394261240959167,341,0.4,E5b_subtraction
97,10,subtraction,post_grok_1500,12750,1.0,0.9640453457832336,38.51640642158826,int,2,0.0106298169121146,0.0106269922107458,341,0.4,E5b_subtraction
97,10,subtraction,post_grok_1500,12750,1.0,0.9640453457832336,38.51640642158826,int,3,0.0108955623582005,0.016648955643177,341,0.4,E5b_subtraction
97,10,subtraction,post_grok_1500,12750,1.0,0.9640453457832336,38.51640642158826,int,4,0.0435822494328022,0.0444562509655952,341,0.4,E5b_subtraction
97,10,subtraction,post_grok_1500,12750,1.0,0.9640453457832336,38.51640642158826,int,5,0.1990433186292648,0.1822529137134552,341,0.4,E5b_subtraction
97,10,subtraction,post_grok_1500,12750,1.0,0.9640453457832336,38.51640642158826,int,6,0.9125697612762452,0.8498051762580872,341,0.4,E5b_subtraction
97,10,subtraction,post_grok_1500,12750,1.0,0.9640453457832336,38.51640642158826,int,8,1.0,0.9620970487594604,341,0.4,E5b_subtraction
97,10,subtraction,post_grok_1500,12750,1.0,0.9640453457832336,38.51640642158826,int,10,1.0,0.9642224311828612,341,0.4,E5b_subtraction
97,10,subtraction,post_grok_1500,12750,1.0,0.9640453457832336,38.51640642158826,int,12,1.0,0.9642224311828612,341,0.4,E5b_subtraction
97,10,subtraction,post_grok_1500,12750,1.0,0.9640453457832336,38.51640642158826,int,16,1.0,0.9640453457832336,341,0.4,E5b_subtraction
97,10,subtraction,post_grok_1500,12750,1.0,0.9640453457832336,38.51640642158826,int,23,1.0,0.9640453457832336,341,0.4,E5b_subtraction
97,10,subtraction,post_grok_1500,12750,1.0,0.9640453457832336,38.51640642158826,mantissa,2,1.0,0.9589089751243592,341,0.4,E5b_subtraction
97,10,subtraction,post_grok_1500,12750,1.0,0.9640453457832336,38.51640642158826,mantissa,3,1.0,0.9643995761871338,341,0.4,E5b_subtraction
97,10,subtraction,post_grok_1500,12750,1.0,0.9640453457832336,38.51640642158826,mantissa,4,1.0,0.964753806591034,341,0.4,E5b_subtraction
97,10,subtraction,post_grok_1500,12750,1.0,0.9640453457832336,38.51640642158826,mantissa,5,1.0,0.9642224311828612,341,0.4,E5b_subtraction
97,10,subtraction,post_grok_1500,12750,1.0,0.9640453457832336,38.51640642158826,mantissa,6,1.0,0.964753806591034,341,0.4,E5b_subtraction
97,10,subtraction,post_grok_1500,12750,1.0,0.9640453457832336,38.51640642158826,mantissa,8,1.0,0.9640453457832336,341,0.4,E5b_subtraction
97,10,subtraction,post_grok_1500,12750,1.0,0.9640453457832336,38.51640642158826,mantissa,10,1.0,0.9640453457832336,341,0.4,E5b_subtraction
97,10,subtraction,post_grok_1500,12750,1.0,0.9640453457832336,38.51640642158826,mantissa,12,1.0,0.9640453457832336,341,0.4,E5b_subtraction
97,10,subtraction,post_grok_1500,12750,1.0,0.9640453457832336,38.51640642158826,mantissa,16,1.0,0.9640453457832336,341,0.4,E5b_subtraction
97,10,subtraction,post_grok_1500,12750,1.0,0.9640453457832336,38.51640642158826,mantissa,23,1.0,0.9640453457832336,341,0.4,E5b_subtraction
97,10,subtraction,post_grok_1500,12750,1.0,0.9640453457832336,38.51640642158826,nf,2,0.014350252225995,0.008855827152729,341,0.4,E5b_subtraction
97,10,subtraction,post_grok_1500,12750,1.0,0.9640453457832336,38.51640642158826,nf,3,0.0340154133737087,0.0263903643935918,341,0.4,E5b_subtraction
97,10,subtraction,post_grok_1500,12750,1.0,0.9640453457832336,38.51640642158826,nf,4,0.0640446469187736,0.0504782125353813,341,0.4,E5b_subtraction
97,10,subtraction,post_grok_1500,12750,1.0,0.9640453457832336,38.51640642158826,nf,5,0.117193728685379,0.0912150219082832,341,0.4,E5b_subtraction
97,10,subtraction,post_grok_1500,12750,1.0,0.9640453457832336,38.51640642158826,nf,6,0.1878820061683654,0.1503719389438629,341,0.4,E5b_subtraction
97,10,subtraction,post_grok_1500,12750,1.0,0.9640453457832336,38.51640642158826,nf,8,0.3792186975479126,0.3216436505317688,341,0.4,E5b_subtraction
97,10,subtraction,post_grok_1500,12750,1.0,0.9640453457832336,38.51640642158826,nf,10,0.3792186975479126,0.3216436505317688,341,0.4,E5b_subtraction
97,10,subtraction,post_grok_1500,12750,1.0,0.9640453457832336,38.51640642158826,nf,12,0.3792186975479126,0.3216436505317688,341,0.4,E5b_subtraction
97,10,subtraction,post_grok_1500,12750,1.0,0.9640453457832336,38.51640642158826,nf,16,0.3792186975479126,0.3216436505317688,341,0.4,E5b_subtraction
97,10,subtraction,post_grok_1500,12750,1.0,0.9640453457832336,38.51640642158826,nf,23,1.0,0.9640453457832336,341,0.4,E5b_subtraction
97,10,subtraction,post_grok_4000,15250,1.0,0.977506160736084,39.84494547677328,int,2,0.0103640714660286,0.00991852581501,341,0.4,E5b_subtraction
97,10,subtraction,post_grok_4000,15250,1.0,0.977506160736084,39.84494547677328,int,3,0.0196651611477136,0.0194828193634748,341,0.4,E5b_subtraction
97,10,subtraction,post_grok_4000,15250,1.0,0.977506160736084,39.84494547677328,int,4,0.0560722835361957,0.0522493794560432,341,0.4,E5b_subtraction
97,10,subtraction,post_grok_4000,15250,1.0,0.977506160736084,39.84494547677328,int,5,0.4677119255065918,0.4321643710136413,341,0.4,E5b_subtraction
97,10,subtraction,post_grok_4000,15250,1.0,0.977506160736084,39.84494547677328,int,6,0.9997342824935912,0.9702444076538086,341,0.4,E5b_subtraction
97,10,subtraction,post_grok_4000,15250,1.0,0.977506160736084,39.84494547677328,int,8,1.0,0.9769748449325562,341,0.4,E5b_subtraction
97,10,subtraction,post_grok_4000,15250,1.0,0.977506160736084,39.84494547677328,int,10,1.0,0.9771519303321838,341,0.4,E5b_subtraction
97,10,subtraction,post_grok_4000,15250,1.0,0.977506160736084,39.84494547677328,int,12,1.0,0.977506160736084,341,0.4,E5b_subtraction
97,10,subtraction,post_grok_4000,15250,1.0,0.977506160736084,39.84494547677328,int,16,1.0,0.977506160736084,341,0.4,E5b_subtraction
97,10,subtraction,post_grok_4000,15250,1.0,0.977506160736084,39.84494547677328,int,23,1.0,0.977506160736084,341,0.4,E5b_subtraction
97,10,subtraction,post_grok_4000,15250,1.0,0.977506160736084,39.84494547677328,mantissa,2,0.9997342824935912,0.9739638566970824,341,0.4,E5b_subtraction
97,10,subtraction,post_grok_4000,15250,1.0,0.977506160736084,39.84494547677328,mantissa,3,1.0,0.9771519303321838,341,0.4,E5b_subtraction
97,10,subtraction,post_grok_4000,15250,1.0,0.977506160736084,39.84494547677328,mantissa,4,1.0,0.977506160736084,341,0.4,E5b_subtraction
97,10,subtraction,post_grok_4000,15250,1.0,0.977506160736084,39.84494547677328,mantissa,5,1.0,0.9776833057403564,341,0.4,E5b_subtraction
97,10,subtraction,post_grok_4000,15250,1.0,0.977506160736084,39.84494547677328,mantissa,6,1.0,0.9778604507446288,341,0.4,E5b_subtraction
97,10,subtraction,post_grok_4000,15250,1.0,0.977506160736084,39.84494547677328,mantissa,8,1.0,0.977506160736084,341,0.4,E5b_subtraction
97,10,subtraction,post_grok_4000,15250,1.0,0.977506160736084,39.84494547677328,mantissa,10,1.0,0.977506160736084,341,0.4,E5b_subtraction
97,10,subtraction,post_grok_4000,15250,1.0,0.977506160736084,39.84494547677328,mantissa,12,1.0,0.977506160736084,341,0.4,E5b_subtraction
97,10,subtraction,post_grok_4000,15250,1.0,0.977506160736084,39.84494547677328,mantissa,16,1.0,0.977506160736084,341,0.4,E5b_subtraction
97,10,subtraction,post_grok_4000,15250,1.0,0.977506160736084,39.84494547677328,mantissa,23,1.0,0.977506160736084,341,0.4,E5b_subtraction
97,10,subtraction,post_grok_4000,15250,1.0,0.977506160736084,39.84494547677328,nf,2,0.0151474885642528,0.010804109275341,341,0.4,E5b_subtraction
97,10,subtraction,post_grok_4000,15250,1.0,0.977506160736084,39.84494547677328,nf,3,0.0401275567710399,0.031349629163742,341,0.4,E5b_subtraction
97,10,subtraction,post_grok_4000,15250,1.0,0.977506160736084,39.84494547677328,nf,4,0.1148020178079605,0.1002479642629623,341,0.4,E5b_subtraction
97,10,subtraction,post_grok_4000,15250,1.0,0.977506160736084,39.84494547677328,nf,5,0.1892107427120208,0.1625929772853851,341,0.4,E5b_subtraction
97,10,subtraction,post_grok_4000,15250,1.0,0.977506160736084,39.84494547677328,nf,6,0.297369122505188,0.2451292872428894,341,0.4,E5b_subtraction
97,10,subtraction,post_grok_4000,15250,1.0,0.977506160736084,39.84494547677328,nf,8,0.5588626265525818,0.4943322539329529,341,0.4,E5b_subtraction
97,10,subtraction,post_grok_4000,15250,1.0,0.977506160736084,39.84494547677328,nf,10,0.5588626265525818,0.4943322539329529,341,0.4,E5b_subtraction
97,10,subtraction,post_grok_4000,15250,1.0,0.977506160736084,39.84494547677328,nf,12,0.5588626265525818,0.4943322539329529,341,0.4,E5b_subtraction
97,10,subtraction,post_grok_4000,15250,1.0,0.977506160736084,39.84494547677328,nf,16,0.5588626265525818,0.4943322539329529,341,0.4,E5b_subtraction
97,10,subtraction,post_grok_4000,15250,1.0,0.977506160736084,39.84494547677328,nf,23,1.0,0.977506160736084,341,0.4,E5b_subtraction
97,10,subtraction,cleaned_up,30000,1.0,0.9787459969520568,38.19044451123492,int,2,0.0156789794564247,0.0131066236644983,341,0.4,E5b_subtraction
97,10,subtraction,cleaned_up,30000,1.0,0.9787459969520568,38.19044451123492,int,3,0.068562313914299,0.0692525655031204,341,0.4,E5b_subtraction
97,10,subtraction,cleaned_up,30000,1.0,0.9787459969520568,38.19044451123492,int,4,0.1615732163190841,0.1579879522323608,341,0.4,E5b_subtraction
97,10,subtraction,cleaned_up,30000,1.0,0.9787459969520568,38.19044451123492,int,5,0.8004251718521118,0.7812610864639282,341,0.4,E5b_subtraction
97,10,subtraction,cleaned_up,30000,1.0,0.9787459969520568,38.19044451123492,int,6,0.9992027878761292,0.976620614528656,341,0.4,E5b_subtraction
97,10,subtraction,cleaned_up,30000,1.0,0.9787459969520568,38.19044451123492,int,8,1.0,0.9787459969520568,341,0.4,E5b_subtraction
97,10,subtraction,cleaned_up,30000,1.0,0.9787459969520568,38.19044451123492,int,10,1.0,0.9789231419563292,341,0.4,E5b_subtraction
97,10,subtraction,cleaned_up,30000,1.0,0.9787459969520568,38.19044451123492,int,12,1.0,0.9787459969520568,341,0.4,E5b_subtraction
97,10,subtraction,cleaned_up,30000,1.0,0.9787459969520568,38.19044451123492,int,16,1.0,0.9787459969520568,341,0.4,E5b_subtraction
97,10,subtraction,cleaned_up,30000,1.0,0.9787459969520568,38.19044451123492,int,23,1.0,0.9787459969520568,341,0.4,E5b_subtraction
97,10,subtraction,cleaned_up,30000,1.0,0.9787459969520568,38.19044451123492,mantissa,2,1.0,0.9783917665481568,341,0.4,E5b_subtraction
97,10,subtraction,cleaned_up,30000,1.0,0.9787459969520568,38.19044451123492,mantissa,3,1.0,0.9785689115524292,341,0.4,E5b_subtraction
97,10,subtraction,cleaned_up,30000,1.0,0.9787459969520568,38.19044451123492,mantissa,4,1.0,0.9789231419563292,341,0.4,E5b_subtraction
97,10,subtraction,cleaned_up,30000,1.0,0.9787459969520568,38.19044451123492,mantissa,5,1.0,0.9789231419563292,341,0.4,E5b_subtraction
97,10,subtraction,cleaned_up,30000,1.0,0.9787459969520568,38.19044451123492,mantissa,6,1.0,0.9787459969520568,341,0.4,E5b_subtraction
97,10,subtraction,cleaned_up,30000,1.0,0.9787459969520568,38.19044451123492,mantissa,8,1.0,0.9789231419563292,341,0.4,E5b_subtraction
97,10,subtraction,cleaned_up,30000,1.0,0.9787459969520568,38.19044451123492,mantissa,10,1.0,0.9787459969520568,341,0.4,E5b_subtraction
97,10,subtraction,cleaned_up,30000,1.0,0.9787459969520568,38.19044451123492,mantissa,12,1.0,0.9787459969520568,341,0.4,E5b_subtraction
97,10,subtraction,cleaned_up,30000,1.0,0.9787459969520568,38.19044451123492,mantissa,16,1.0,0.9787459969520568,341,0.4,E5b_subtraction
97,10,subtraction,cleaned_up,30000,1.0,0.9787459969520568,38.19044451123492,mantissa,23,1.0,0.9787459969520568,341,0.4,E5b_subtraction
97,10,subtraction,cleaned_up,30000,1.0,0.9787459969520568,38.19044451123492,nf,2,0.0111613078042864,0.0097414096817374,341,0.4,E5b_subtraction
97,10,subtraction,cleaned_up,30000,1.0,0.9787459969520568,38.19044451123492,nf,3,0.0467711947858333,0.0508324466645717,341,0.4,E5b_subtraction
97,10,subtraction,cleaned_up,30000,1.0,0.9787459969520568,38.19044451123492,nf,4,0.1695455759763717,0.1648955047130584,341,0.4,E5b_subtraction
97,10,subtraction,cleaned_up,30000,1.0,0.9787459969520568,38.19044451123492,nf,5,0.2755779922008514,0.2614240050315857,341,0.4,E5b_subtraction
97,10,subtraction,cleaned_up,30000,1.0,0.9787459969520568,38.19044451123492,nf,6,0.3547701239585876,0.3372299075126648,341,0.4,E5b_subtraction
97,10,subtraction,cleaned_up,30000,1.0,0.9787459969520568,38.19044451123492,nf,8,0.4379484355449676,0.4128586649894714,341,0.4,E5b_subtraction
97,10,subtraction,cleaned_up,30000,1.0,0.9787459969520568,38.19044451123492,nf,10,0.4379484355449676,0.4128586649894714,341,0.4,E5b_subtraction
97,10,subtraction,cleaned_up,30000,1.0,0.9787459969520568,38.19044451123492,nf,12,0.4379484355449676,0.4128586649894714,341,0.4,E5b_subtraction
97,10,subtraction,cleaned_up,30000,1.0,0.9787459969520568,38.19044451123492,nf,16,0.4379484355449676,0.4128586649894714,341,0.4,E5b_subtraction
97,10,subtraction,cleaned_up,30000,1.0,0.9787459969520568,38.19044451123492,nf,23,1.0,0.9787459969520568,341,0.4,E5b_subtraction
97,11,subtraction,pre_grok,200,0.9960138201713562,0.011866807937622,45.66746493701087,int,2,0.0342811569571495,0.015763372182846,341,0.4,E5b_subtraction
97,11,subtraction,pre_grok,200,0.9960138201713562,0.011866807937622,45.66746493701087,int,3,0.3396226465702057,0.0180658865720033,341,0.4,E5b_subtraction
97,11,subtraction,pre_grok,200,0.9960138201713562,0.011866807937622,45.66746493701087,int,4,0.6888121366500854,0.0148777896538376,341,0.4,E5b_subtraction
97,11,subtraction,pre_grok,200,0.9960138201713562,0.011866807937622,45.66746493701087,int,5,0.901142716407776,0.0131066236644983,341,0.4,E5b_subtraction
97,11,subtraction,pre_grok,200,0.9960138201713562,0.011866807937622,45.66746493701087,int,6,0.9821950793266296,0.0122210411354899,341,0.4,E5b_subtraction
97,11,subtraction,pre_grok,200,0.9960138201713562,0.011866807937622,45.66746493701087,int,8,0.9952166080474854,0.0116896918043494,341,0.4,E5b_subtraction
97,11,subtraction,pre_grok,200,0.9960138201713562,0.011866807937622,45.66746493701087,int,10,0.9960138201713562,0.011866807937622,341,0.4,E5b_subtraction
97,11,subtraction,pre_grok,200,0.9960138201713562,0.011866807937622,45.66746493701087,int,12,0.9960138201713562,0.011866807937622,341,0.4,E5b_subtraction
97,11,subtraction,pre_grok,200,0.9960138201713562,0.011866807937622,45.66746493701087,int,16,0.9960138201713562,0.011866807937622,341,0.4,E5b_subtraction
97,11,subtraction,pre_grok,200,0.9960138201713562,0.011866807937622,45.66746493701087,int,23,0.9960138201713562,0.011866807937622,341,0.4,E5b_subtraction
97,11,subtraction,pre_grok,200,0.9960138201713562,0.011866807937622,45.66746493701087,mantissa,2,0.9221366047859192,0.0125752743333578,341,0.4,E5b_subtraction
97,11,subtraction,pre_grok,200,0.9960138201713562,0.011866807937622,45.66746493701087,mantissa,3,0.98591548204422,0.0123981582000851,341,0.4,E5b_subtraction
97,11,subtraction,pre_grok,200,0.9960138201713562,0.011866807937622,45.66746493701087,mantissa,4,0.994153618812561,0.0116896918043494,341,0.4,E5b_subtraction
97,11,subtraction,pre_grok,200,0.9960138201713562,0.011866807937622,45.66746493701087,mantissa,5,0.9965453147888184,0.0120439250022172,341,0.4,E5b_subtraction
97,11,subtraction,pre_grok,200,0.9960138201713562,0.011866807937622,45.66746493701087,mantissa,6,0.9960138201713562,0.0125752743333578,341,0.4,E5b_subtraction
97,11,subtraction,pre_grok,200,0.9960138201713562,0.011866807937622,45.66746493701087,mantissa,8,0.9962795972824096,0.0120439250022172,341,0.4,E5b_subtraction
97,11,subtraction,pre_grok,200,0.9960138201713562,0.011866807937622,45.66746493701087,mantissa,10,0.9960138201713562,0.011866807937622,341,0.4,E5b_subtraction
97,11,subtraction,pre_grok,200,0.9960138201713562,0.011866807937622,45.66746493701087,mantissa,12,0.9960138201713562,0.011866807937622,341,0.4,E5b_subtraction
97,11,subtraction,pre_grok,200,0.9960138201713562,0.011866807937622,45.66746493701087,mantissa,16,0.9960138201713562,0.011866807937622,341,0.4,E5b_subtraction
97,11,subtraction,pre_grok,200,0.9960138201713562,0.011866807937622,45.66746493701087,mantissa,23,0.9960138201713562,0.011866807937622,341,0.4,E5b_subtraction
97,11,subtraction,pre_grok,200,0.9960138201713562,0.011866807937622,45.66746493701087,nf,2,0.2123305946588516,0.016648955643177,341,0.4,E5b_subtraction
97,11,subtraction,pre_grok,200,0.9960138201713562,0.011866807937622,45.66746493701087,nf,3,0.4714323580265045,0.0162947215139865,341,0.4,E5b_subtraction
97,11,subtraction,pre_grok,200,0.9960138201713562,0.011866807937622,45.66746493701087,nf,4,0.7260164618492126,0.0139922071248292,341,0.4,E5b_subtraction
97,11,subtraction,pre_grok,200,0.9960138201713562,0.011866807937622,45.66746493701087,nf,5,0.8870581984519958,0.012752391397953,341,0.4,E5b_subtraction
97,11,subtraction,pre_grok,200,0.9960138201713562,0.011866807937622,45.66746493701087,nf,6,0.97183096408844,0.0123981582000851,341,0.4,E5b_subtraction
97,11,subtraction,pre_grok,200,0.9960138201713562,0.011866807937622,45.66746493701087,nf,8,0.994153618812561,0.0120439250022172,341,0.4,E5b_subtraction
97,11,subtraction,pre_grok,200,0.9960138201713562,0.011866807937622,45.66746493701087,nf,10,0.994153618812561,0.0120439250022172,341,0.4,E5b_subtraction
97,11,subtraction,pre_grok,200,0.9960138201713562,0.011866807937622,45.66746493701087,nf,12,0.994153618812561,0.0120439250022172,341,0.4,E5b_subtraction
97,11,subtraction,pre_grok,200,0.9960138201713562,0.011866807937622,45.66746493701087,nf,16,0.994153618812561,0.0120439250022172,341,0.4,E5b_subtraction
97,11,subtraction,pre_grok,200,0.9960138201713562,0.011866807937622,45.66746493701087,nf,23,0.9960138201713562,0.011866807937622,341,0.4,E5b_subtraction
97,11,subtraction,cleaned_up,12000,1.0,0.5008856058120728,42.29189466248991,int,2,0.0093010896816849,0.0093871764838695,341,0.4,E5b_subtraction
97,11,subtraction,cleaned_up,12000,1.0,0.5008856058120728,42.29189466248991,int,3,0.0305607225745916,0.0201912857592105,341,0.4,E5b_subtraction
97,11,subtraction,cleaned_up,12000,1.0,0.5008856058120728,42.29189466248991,int,4,0.1376561224460601,0.0789939761161804,341,0.4,E5b_subtraction
97,11,subtraction,cleaned_up,12000,1.0,0.5008856058120728,42.29189466248991,int,5,0.647355854511261,0.2984413802623749,341,0.4,E5b_subtraction
97,11,subtraction,cleaned_up,12000,1.0,0.5008856058120728,42.29189466248991,int,6,0.9891044497489928,0.4672334492206573,341,0.4,E5b_subtraction
97,11,subtraction,cleaned_up,12000,1.0,0.5008856058120728,42.29189466248991,int,8,1.0,0.4976974725723266,341,0.4,E5b_subtraction
97,11,subtraction,cleaned_up,12000,1.0,0.5008856058120728,42.29189466248991,int,10,1.0,0.5019482970237732,341,0.4,E5b_subtraction
97,11,subtraction,cleaned_up,12000,1.0,0.5008856058120728,42.29189466248991,int,12,1.0,0.5007084608078003,341,0.4,E5b_subtraction
97,11,subtraction,cleaned_up,12000,1.0,0.5008856058120728,42.29189466248991,int,16,1.0,0.5008856058120728,341,0.4,E5b_subtraction
97,11,subtraction,cleaned_up,12000,1.0,0.5008856058120728,42.29189466248991,int,23,1.0,0.5008856058120728,341,0.4,E5b_subtraction
97,11,subtraction,cleaned_up,12000,1.0,0.5008856058120728,42.29189466248991,mantissa,2,1.0,0.4861848950386047,341,0.4,E5b_subtraction
97,11,subtraction,cleaned_up,12000,1.0,0.5008856058120728,42.29189466248991,mantissa,3,1.0,0.4962805509567261,341,0.4,E5b_subtraction
97,11,subtraction,cleaned_up,12000,1.0,0.5008856058120728,42.29189466248991,mantissa,4,1.0,0.5007084608078003,341,0.4,E5b_subtraction
97,11,subtraction,cleaned_up,12000,1.0,0.5008856058120728,42.29189466248991,mantissa,5,1.0,0.5031880736351013,341,0.4,E5b_subtraction
97,11,subtraction,cleaned_up,12000,1.0,0.5008856058120728,42.29189466248991,mantissa,6,1.0,0.5010626912117004,341,0.4,E5b_subtraction
97,11,subtraction,cleaned_up,12000,1.0,0.5008856058120728,42.29189466248991,mantissa,8,1.0,0.5014169216156006,341,0.4,E5b_subtraction
97,11,subtraction,cleaned_up,12000,1.0,0.5008856058120728,42.29189466248991,mantissa,10,1.0,0.5008856058120728,341,0.4,E5b_subtraction
97,11,subtraction,cleaned_up,12000,1.0,0.5008856058120728,42.29189466248991,mantissa,12,1.0,0.5008856058120728,341,0.4,E5b_subtraction
97,11,subtraction,cleaned_up,12000,1.0,0.5008856058120728,42.29189466248991,mantissa,16,1.0,0.5008856058120728,341,0.4,E5b_subtraction
97,11,subtraction,cleaned_up,12000,1.0,0.5008856058120728,42.29189466248991,mantissa,23,1.0,0.5008856058120728,341,0.4,E5b_subtraction
97,11,subtraction,cleaned_up,12000,1.0,0.5008856058120728,42.29189466248991,nf,2,0.0233855973929166,0.017711654305458,341,0.4,E5b_subtraction
97,11,subtraction,cleaned_up,12000,1.0,0.5008856058120728,42.29189466248991,nf,3,0.1057666763663292,0.0598653890192508,341,0.4,E5b_subtraction
97,11,subtraction,cleaned_up,12000,1.0,0.5008856058120728,42.29189466248991,nf,4,0.2968376278877258,0.1425788104534149,341,0.4,E5b_subtraction
97,11,subtraction,cleaned_up,12000,1.0,0.5008856058120728,42.29189466248991,nf,5,0.5652405023574829,0.2592986226081848,341,0.4,E5b_subtraction
97,11,subtraction,cleaned_up,12000,1.0,0.5008856058120728,42.29189466248991,nf,6,0.727079451084137,0.3264257907867431,341,0.4,E5b_subtraction
97,11,subtraction,cleaned_up,12000,1.0,0.5008856058120728,42.29189466248991,nf,8,0.8992825150489807,0.4086078703403473,341,0.4,E5b_subtraction
97,11,subtraction,cleaned_up,12000,1.0,0.5008856058120728,42.29189466248991,nf,10,0.8992825150489807,0.4086078703403473,341,0.4,E5b_subtraction
97,11,subtraction,cleaned_up,12000,1.0,0.5008856058120728,42.29189466248991,nf,12,0.8992825150489807,0.4086078703403473,341,0.4,E5b_subtraction
97,11,subtraction,cleaned_up,12000,1.0,0.5008856058120728,42.29189466248991,nf,16,0.8992825150489807,0.4086078703403473,341,0.4,E5b_subtraction
97,11,subtraction,cleaned_up,12000,1.0,0.5008856058120728,42.29189466248991,nf,23,1.0,0.5008856058120728,341,0.4,E5b_subtraction
97,12,subtraction,pre_grok,500,0.995482325553894,0.297201544046402,37.33165920000728,int,2,0.0098325805738568,0.0077931275591254,341,0.4,E5b_subtraction
97,12,subtraction,pre_grok,500,0.995482325553894,0.297201544046402,37.33165920000728,int,3,0.0847727879881858,0.0651788860559463,341,0.4,E5b_subtraction
97,12,subtraction,pre_grok,500,0.995482325553894,0.297201544046402,37.33165920000728,int,4,0.1485516875982284,0.1048529893159866,341,0.4,E5b_subtraction
97,12,subtraction,pre_grok,500,0.995482325553894,0.297201544046402,37.33165920000728,int,5,0.3850651085376739,0.1615302860736847,341,0.4,E5b_subtraction
97,12,subtraction,pre_grok,500,0.995482325553894,0.297201544046402,37.33165920000728,int,6,0.6173266172409058,0.2375132739543914,341,0.4,E5b_subtraction
97,12,subtraction,pre_grok,500,0.995482325553894,0.297201544046402,37.33165920000728,int,8,0.976880133152008,0.293304979801178,341,0.4,E5b_subtraction
97,12,subtraction,pre_grok,500,0.995482325553894,0.297201544046402,37.33165920000728,int,10,0.9957481026649476,0.2959617376327514,341,0.4,E5b_subtraction
97,12,subtraction,pre_grok,500,0.995482325553894,0.297201544046402,37.33165920000728,int,12,0.9957481026649476,0.2977329194545746,341,0.4,E5b_subtraction
97,12,subtraction,pre_grok,500,0.995482325553894,0.297201544046402,37.33165920000728,int,16,0.995482325553894,0.297201544046402,341,0.4,E5b_subtraction
97,12,subtraction,pre_grok,500,0.995482325553894,0.297201544046402,37.33165920000728,int,23,0.995482325553894,0.297201544046402,341,0.4,E5b_subtraction
97,12,subtraction,pre_grok,500,0.995482325553894,0.297201544046402,37.33165920000728,mantissa,2,0.7491363286972046,0.2470775693655014,341,0.4,E5b_subtraction
97,12,subtraction,pre_grok,500,0.995482325553894,0.297201544046402,37.33165920000728,mantissa,3,0.921605110168457,0.2782500982284546,341,0.4,E5b_subtraction
97,12,subtraction,pre_grok,500,0.995482325553894,0.297201544046402,37.33165920000728,mantissa,4,0.9821950793266296,0.2938363552093506,341,0.4,E5b_subtraction
97,12,subtraction,pre_grok,500,0.995482325553894,0.297201544046402,37.33165920000728,mantissa,5,0.9936221241950988,0.2941905856132507,341,0.4,E5b_subtraction
97,12,subtraction,pre_grok,500,0.995482325553894,0.297201544046402,37.33165920000728,mantissa,6,0.9960138201713562,0.2952532768249511,341,0.4,E5b_subtraction
97,12,subtraction,pre_grok,500,0.995482325553894,0.297201544046402,37.33165920000728,mantissa,8,0.995482325553894,0.297378659248352,341,0.4,E5b_subtraction
97,12,subtraction,pre_grok,500,0.995482325553894,0.297201544046402,37.33165920000728,mantissa,10,0.995482325553894,0.2968473136425018,341,0.4,E5b_subtraction
97,12,subtraction,pre_grok,500,0.995482325553894,0.297201544046402,37.33165920000728,mantissa,12,0.995482325553894,0.2970244288444519,341,0.4,E5b_subtraction
97,12,subtraction,pre_grok,500,0.995482325553894,0.297201544046402,37.33165920000728,mantissa,16,0.995482325553894,0.297201544046402,341,0.4,E5b_subtraction
97,12,subtraction,pre_grok,500,0.995482325553894,0.297201544046402,37.33165920000728,mantissa,23,0.995482325553894,0.297201544046402,341,0.4,E5b_subtraction
97,12,subtraction,pre_grok,500,0.995482325553894,0.297201544046402,37.33165920000728,nf,2,0.0597927197813987,0.0446333698928356,341,0.4,E5b_subtraction
97,12,subtraction,pre_grok,500,0.995482325553894,0.297201544046402,37.33165920000728,nf,3,0.1884135007858276,0.0970598608255386,341,0.4,E5b_subtraction
97,12,subtraction,pre_grok,500,0.995482325553894,0.297201544046402,37.33165920000728,nf,4,0.3157055675983429,0.158519297838211,341,0.4,E5b_subtraction
97,12,subtraction,pre_grok,500,0.995482325553894,0.297201544046402,37.33165920000728,nf,5,0.5952697396278381,0.2334395945072174,341,0.4,E5b_subtraction
97,12,subtraction,pre_grok,500,0.995482325553894,0.297201544046402,37.33165920000728,nf,6,0.8360350728034973,0.2803754806518554,341,0.4,E5b_subtraction
97,12,subtraction,pre_grok,500,0.995482325553894,0.297201544046402,37.33165920000728,nf,8,0.9795376062393188,0.2927736341953277,341,0.4,E5b_subtraction
97,12,subtraction,pre_grok,500,0.995482325553894,0.297201544046402,37.33165920000728,nf,10,0.9795376062393188,0.2927736341953277,341,0.4,E5b_subtraction
97,12,subtraction,pre_grok,500,0.995482325553894,0.297201544046402,37.33165920000728,nf,12,0.9795376062393188,0.2927736341953277,341,0.4,E5b_subtraction
97,12,subtraction,pre_grok,500,0.995482325553894,0.297201544046402,37.33165920000728,nf,16,0.9795376062393188,0.2927736341953277,341,0.4,E5b_subtraction
97,12,subtraction,pre_grok,500,0.995482325553894,0.297201544046402,37.33165920000728,nf,23,0.995482325553894,0.297201544046402,341,0.4,E5b_subtraction
97,12,subtraction,just_grokked,4500,1.0,0.9054197669029236,40.01578586937781,int,2,0.0095668351277709,0.0090329432860016,341,0.4,E5b_subtraction
97,12,subtraction,just_grokked,4500,1.0,0.9054197669029236,40.01578586937781,int,3,0.0146159976720809,0.012752391397953,341,0.4,E5b_subtraction
97,12,subtraction,just_grokked,4500,1.0,0.9054197669029236,40.01578586937781,int,4,0.0672335922718048,0.0536663122475147,341,0.4,E5b_subtraction
97,12,subtraction,just_grokked,4500,1.0,0.9054197669029236,40.01578586937781,int,5,0.5434494018554688,0.4514700770378113,341,0.4,E5b_subtraction
97,12,subtraction,just_grokked,4500,1.0,0.9054197669029236,40.01578586937781,int,6,0.9566835165023804,0.812964916229248,341,0.4,E5b_subtraction
97,12,subtraction,just_grokked,4500,1.0,0.9054197669029236,40.01578586937781,int,8,1.0,0.9008147120475768,341,0.4,E5b_subtraction
97,12,subtraction,just_grokked,4500,1.0,0.9054197669029236,40.01578586937781,int,10,1.0,0.9052426218986512,341,0.4,E5b_subtraction
97,12,subtraction,just_grokked,4500,1.0,0.9054197669029236,40.01578586937781,int,12,1.0,0.9059510827064514,341,0.4,E5b_subtraction
97,12,subtraction,just_grokked,4500,1.0,0.9054197669029236,40.01578586937781,int,16,1.0,0.9055968523025512,341,0.4,E5b_subtraction
97,12,subtraction,just_grokked,4500,1.0,0.9054197669029236,40.01578586937781,int,23,1.0,0.9054197669029236,341,0.4,E5b_subtraction
97,12,subtraction,just_grokked,4500,1.0,0.9054197669029236,40.01578586937781,mantissa,2,0.9997342824935912,0.8949698805809021,341,0.4,E5b_subtraction
97,12,subtraction,just_grokked,4500,1.0,0.9054197669029236,40.01578586937781,mantissa,3,1.0,0.9031172394752502,341,0.4,E5b_subtraction
97,12,subtraction,just_grokked,4500,1.0,0.9054197669029236,40.01578586937781,mantissa,4,1.0,0.9032943844795228,341,0.4,E5b_subtraction
97,12,subtraction,just_grokked,4500,1.0,0.9054197669029236,40.01578586937781,mantissa,5,1.0,0.9050655364990234,341,0.4,E5b_subtraction
97,12,subtraction,just_grokked,4500,1.0,0.9054197669029236,40.01578586937781,mantissa,6,1.0,0.904888391494751,341,0.4,E5b_subtraction
97,12,subtraction,just_grokked,4500,1.0,0.9054197669029236,40.01578586937781,mantissa,8,1.0,0.9055968523025512,341,0.4,E5b_subtraction
97,12,subtraction,just_grokked,4500,1.0,0.9054197669029236,40.01578586937781,mantissa,10,1.0,0.9055968523025512,341,0.4,E5b_subtraction
97,12,subtraction,just_grokked,4500,1.0,0.9054197669029236,40.01578586937781,mantissa,12,1.0,0.9055968523025512,341,0.4,E5b_subtraction
97,12,subtraction,just_grokked,4500,1.0,0.9054197669029236,40.01578586937781,mantissa,16,1.0,0.9054197669029236,341,0.4,E5b_subtraction
97,12,subtraction,just_grokked,4500,1.0,0.9054197669029236,40.01578586937781,mantissa,23,1.0,0.9054197669029236,341,0.4,E5b_subtraction
97,12,subtraction,just_grokked,4500,1.0,0.9054197669029236,40.01578586937781,nf,2,0.0281690135598182,0.0295784622430801,341,0.4,E5b_subtraction
97,12,subtraction,just_grokked,4500,1.0,0.9054197669029236,40.01578586937781,nf,3,0.1384533643722534,0.1151257529854774,341,0.4,E5b_subtraction
97,12,subtraction,just_grokked,4500,1.0,0.9054197669029236,40.01578586937781,nf,4,0.3539728820323944,0.2810839414596557,341,0.4,E5b_subtraction
97,12,subtraction,just_grokked,4500,1.0,0.9054197669029236,40.01578586937781,nf,5,0.5405261516571045,0.4229542911052704,341,0.4,E5b_subtraction
97,12,subtraction,just_grokked,4500,1.0,0.9054197669029236,40.01578586937781,nf,6,0.6954557299613953,0.5495926141738892,341,0.4,E5b_subtraction
97,12,subtraction,just_grokked,4500,1.0,0.9054197669029236,40.01578586937781,nf,8,0.852245569229126,0.7008501291275024,341,0.4,E5b_subtraction
97,12,subtraction,just_grokked,4500,1.0,0.9054197669029236,40.01578586937781,nf,10,0.852245569229126,0.7008501291275024,341,0.4,E5b_subtraction
97,12,subtraction,just_grokked,4500,1.0,0.9054197669029236,40.01578586937781,nf,12,0.852245569229126,0.7008501291275024,341,0.4,E5b_subtraction
97,12,subtraction,just_grokked,4500,1.0,0.9054197669029236,40.01578586937781,nf,16,0.852245569229126,0.7008501291275024,341,0.4,E5b_subtraction
97,12,subtraction,just_grokked,4500,1.0,0.9054197669029236,40.01578586937781,nf,23,1.0,0.9054197669029236,341,0.4,E5b_subtraction
97,12,subtraction,post_grok_500,5000,1.0,0.9218915700912476,38.533453906933744,int,2,0.0114270532503724,0.00991852581501,341,0.4,E5b_subtraction
97,12,subtraction,post_grok_500,5000,1.0,0.9218915700912476,38.533453906933744,int,3,0.0164762157946825,0.0147006725892424,341,0.4,E5b_subtraction
97,12,subtraction,post_grok_500,5000,1.0,0.9218915700912476,38.533453906933744,int,4,0.141908049583435,0.1207934841513633,341,0.4,E5b_subtraction
97,12,subtraction,post_grok_500,5000,1.0,0.9218915700912476,38.533453906933744,int,5,0.5200637578964233,0.4525327682495117,341,0.4,E5b_subtraction
97,12,subtraction,post_grok_500,5000,1.0,0.9218915700912476,38.533453906933744,int,6,0.97183096408844,0.8648600578308105,341,0.4,E5b_subtraction
97,12,subtraction,post_grok_500,5000,1.0,0.9218915700912476,38.533453906933744,int,8,0.9994685053825378,0.92171448469162,341,0.4,E5b_subtraction
97,12,subtraction,post_grok_500,5000,1.0,0.9218915700912476,38.533453906933744,int,10,1.0,0.9211831092834472,341,0.4,E5b_subtraction
97,12,subtraction,post_grok_500,5000,1.0,0.9218915700912476,38.533453906933744,int,12,1.0,0.9218915700912476,341,0.4,E5b_subtraction
97,12,subtraction,post_grok_500,5000,1.0,0.9218915700912476,38.533453906933744,int,16,1.0,0.92171448469162,341,0.4,E5b_subtraction
97,12,subtraction,post_grok_500,5000,1.0,0.9218915700912476,38.533453906933744,int,23,1.0,0.9218915700912476,341,0.4,E5b_subtraction
97,12,subtraction,post_grok_500,5000,1.0,0.9218915700912476,38.533453906933744,mantissa,2,1.0,0.913921356201172,341,0.4,E5b_subtraction
97,12,subtraction,post_grok_500,5000,1.0,0.9218915700912476,38.533453906933744,mantissa,3,1.0,0.9215373396873474,341,0.4,E5b_subtraction
97,12,subtraction,post_grok_500,5000,1.0,0.9218915700912476,38.533453906933744,mantissa,4,1.0,0.9210060238838196,341,0.4,E5b_subtraction
97,12,subtraction,post_grok_500,5000,1.0,0.9218915700912476,38.533453906933744,mantissa,5,1.0,0.9229543209075928,341,0.4,E5b_subtraction
97,12,subtraction,post_grok_500,5000,1.0,0.9218915700912476,38.533453906933744,mantissa,6,1.0,0.9211831092834472,341,0.4,E5b_subtraction
97,12,subtraction,post_grok_500,5000,1.0,0.9218915700912476,38.533453906933744,mantissa,8,1.0,0.9218915700912476,341,0.4,E5b_subtraction
97,12,subtraction,post_grok_500,5000,1.0,0.9218915700912476,38.533453906933744,mantissa,10,1.0,0.9218915700912476,341,0.4,E5b_subtraction
97,12,subtraction,post_grok_500,5000,1.0,0.9218915700912476,38.533453906933744,mantissa,12,1.0,0.9218915700912476,341,0.4,E5b_subtraction
97,12,subtraction,post_grok_500,5000,1.0,0.9218915700912476,38.533453906933744,mantissa,16,1.0,0.9218915700912476,341,0.4,E5b_subtraction
97,12,subtraction,post_grok_500,5000,1.0,0.9218915700912476,38.533453906933744,mantissa,23,1.0,0.9218915700912476,341,0.4,E5b_subtraction
97,12,subtraction,post_grok_500,5000,1.0,0.9218915700912476,38.533453906933744,nf,2,0.0294977407902479,0.0274530630558729,341,0.4,E5b_subtraction
97,12,subtraction,post_grok_500,5000,1.0,0.9218915700912476,38.533453906933744,nf,3,0.1068296581506729,0.0885582715272903,341,0.4,E5b_subtraction
97,12,subtraction,post_grok_500,5000,1.0,0.9218915700912476,38.533453906933744,nf,4,0.317565768957138,0.2649663388729095,341,0.4,E5b_subtraction
97,12,subtraction,post_grok_500,5000,1.0,0.9218915700912476,38.533453906933744,nf,5,0.551687479019165,0.4486362040042877,341,0.4,E5b_subtraction
97,12,subtraction,post_grok_500,5000,1.0,0.9218915700912476,38.533453906933744,nf,6,0.6893436312675476,0.5708466172218323,341,0.4,E5b_subtraction
97,12,subtraction,post_grok_500,5000,1.0,0.9218915700912476,38.533453906933744,nf,8,0.8440074324607849,0.7265320420265198,341,0.4,E5b_subtraction
97,12,subtraction,post_grok_500,5000,1.0,0.9218915700912476,38.533453906933744,nf,10,0.8440074324607849,0.7265320420265198,341,0.4,E5b_subtraction
97,12,subtraction,post_grok_500,5000,1.0,0.9218915700912476,38.533453906933744,nf,12,0.8440074324607849,0.7265320420265198,341,0.4,E5b_subtraction
97,12,subtraction,post_grok_500,5000,1.0,0.9218915700912476,38.533453906933744,nf,16,0.8440074324607849,0.7265320420265198,341,0.4,E5b_subtraction
97,12,subtraction,post_grok_500,5000,1.0,0.9218915700912476,38.533453906933744,nf,23,1.0,0.9218915700912476,341,0.4,E5b_subtraction
97,12,subtraction,post_grok_1500,6000,1.0,0.949521780014038,41.02259798485857,int,2,0.0103640714660286,0.0097414096817374,341,0.4,E5b_subtraction
97,12,subtraction,post_grok_1500,6000,1.0,0.949521780014038,41.02259798485857,int,3,0.0172734521329402,0.0171803049743175,341,0.4,E5b_subtraction
97,12,subtraction,post_grok_1500,6000,1.0,0.949521780014038,41.02259798485857,int,4,0.1538665890693664,0.1319518238306045,341,0.4,E5b_subtraction
97,12,subtraction,post_grok_1500,6000,1.0,0.949521780014038,41.02259798485857,int,5,0.3948976993560791,0.3680481612682342,341,0.4,E5b_subtraction
97,12,subtraction,post_grok_1500,6000,1.0,0.949521780014038,41.02259798485857,int,6,0.92293381690979,0.8366985321044922,341,0.4,E5b_subtraction
97,12,subtraction,post_grok_1500,6000,1.0,0.949521780014038,41.02259798485857,int,8,1.0,0.9456251859664916,341,0.4,E5b_subtraction
97,12,subtraction,post_grok_1500,6000,1.0,0.949521780014038,41.02259798485857,int,10,1.0,0.9482819437980652,341,0.4,E5b_subtraction
97,12,subtraction,post_grok_1500,6000,1.0,0.949521780014038,41.02259798485857,int,12,1.0,0.949167549610138,341,0.4,E5b_subtraction
97,12,subtraction,post_grok_1500,6000,1.0,0.949521780014038,41.02259798485857,int,16,1.0,0.949521780014038,341,0.4,E5b_subtraction
97,12,subtraction,post_grok_1500,6000,1.0,0.949521780014038,41.02259798485857,int,23,1.0,0.949521780014038,341,0.4,E5b_subtraction
97,12,subtraction,post_grok_1500,6000,1.0,0.949521780014038,41.02259798485857,mantissa,2,0.9997342824935912,0.9433227181434632,341,0.4,E5b_subtraction
97,12,subtraction,post_grok_1500,6000,1.0,0.949521780014038,41.02259798485857,mantissa,3,1.0,0.9481048583984376,341,0.4,E5b_subtraction
97,12,subtraction,post_grok_1500,6000,1.0,0.949521780014038,41.02259798485857,mantissa,4,1.0,0.947927713394165,341,0.4,E5b_subtraction
97,12,subtraction,post_grok_1500,6000,1.0,0.949521780014038,41.02259798485857,mantissa,5,1.0,0.9489904046058656,341,0.4,E5b_subtraction
97,12,subtraction,post_grok_1500,6000,1.0,0.949521780014038,41.02259798485857,mantissa,6,1.0,0.949521780014038,341,0.4,E5b_subtraction
97,12,subtraction,post_grok_1500,6000,1.0,0.949521780014038,41.02259798485857,mantissa,8,1.0,0.949167549610138,341,0.4,E5b_subtraction
97,12,subtraction,post_grok_1500,6000,1.0,0.949521780014038,41.02259798485857,mantissa,10,1.0,0.9493446350097656,341,0.4,E5b_subtraction
97,12,subtraction,post_grok_1500,6000,1.0,0.949521780014038,41.02259798485857,mantissa,12,1.0,0.949521780014038,341,0.4,E5b_subtraction
97,12,subtraction,post_grok_1500,6000,1.0,0.949521780014038,41.02259798485857,mantissa,16,1.0,0.949521780014038,341,0.4,E5b_subtraction
97,12,subtraction,post_grok_1500,6000,1.0,0.949521780014038,41.02259798485857,mantissa,23,1.0,0.949521780014038,341,0.4,E5b_subtraction
97,12,subtraction,post_grok_1500,6000,1.0,0.949521780014038,41.02259798485857,nf,2,0.0252458155155181,0.01965993642807,341,0.4,E5b_subtraction
97,12,subtraction,post_grok_1500,6000,1.0,0.949521780014038,41.02259798485857,nf,3,0.1397820860147476,0.1153028681874275,341,0.4,E5b_subtraction
97,12,subtraction,post_grok_1500,6000,1.0,0.949521780014038,41.02259798485857,nf,4,0.351315438747406,0.3002125322818756,341,0.4,E5b_subtraction
97,12,subtraction,post_grok_1500,6000,1.0,0.949521780014038,41.02259798485857,nf,5,0.4714323580265045,0.4287991523742676,341,0.4,E5b_subtraction
97,12,subtraction,post_grok_1500,6000,1.0,0.949521780014038,41.02259798485857,nf,6,0.5567366480827332,0.5083244442939758,341,0.4,E5b_subtraction
97,12,subtraction,post_grok_1500,6000,1.0,0.949521780014038,41.02259798485857,nf,8,0.6574541330337524,0.5982996821403503,341,0.4,E5b_subtraction
97,12,subtraction,post_grok_1500,6000,1.0,0.949521780014038,41.02259798485857,nf,10,0.6574541330337524,0.5982996821403503,341,0.4,E5b_subtraction
97,12,subtraction,post_grok_1500,6000,1.0,0.949521780014038,41.02259798485857,nf,12,0.6574541330337524,0.5982996821403503,341,0.4,E5b_subtraction
97,12,subtraction,post_grok_1500,6000,1.0,0.949521780014038,41.02259798485857,nf,16,0.6574541330337524,0.5982996821403503,341,0.4,E5b_subtraction
97,12,subtraction,post_grok_1500,6000,1.0,0.949521780014038,41.02259798485857,nf,23,1.0,0.949521780014038,341,0.4,E5b_subtraction
97,12,subtraction,post_grok_4000,8500,1.0,0.9867162704467772,45.462809816342656,int,2,0.0098325805738568,0.0090329432860016,341,0.4,E5b_subtraction
97,12,subtraction,post_grok_4000,8500,1.0,0.9867162704467772,45.462809816342656,int,3,0.0055806539021432,0.0031880978494882,341,0.4,E5b_subtraction
97,12,subtraction,post_grok_4000,8500,1.0,0.9867162704467772,45.462809816342656,int,4,0.1605102270841598,0.1501948237419128,341,0.4,E5b_subtraction
97,12,subtraction,post_grok_4000,8500,1.0,0.9867162704467772,45.462809816342656,int,5,0.4336965084075928,0.4169323444366455,341,0.4,E5b_subtraction
97,12,subtraction,post_grok_4000,8500,1.0,0.9867162704467772,45.462809816342656,int,6,0.8695189952850342,0.8149132132530212,341,0.4,E5b_subtraction
97,12,subtraction,post_grok_4000,8500,1.0,0.9867162704467772,45.462809816342656,int,8,1.0,0.9838823676109314,341,0.4,E5b_subtraction
97,12,subtraction,post_grok_4000,8500,1.0,0.9867162704467772,45.462809816342656,int,10,1.0,0.9858306646347046,341,0.4,E5b_subtraction
97,12,subtraction,post_grok_4000,8500,1.0,0.9867162704467772,45.462809816342656,int,12,1.0,0.9872475862503052,341,0.4,E5b_subtraction
97,12,subtraction,post_grok_4000,8500,1.0,0.9867162704467772,45.462809816342656,int,16,1.0,0.9867162704467772,341,0.4,E5b_subtraction
97,12,subtraction,post_grok_4000,8500,1.0,0.9867162704467772,45.462809816342656,int,23,1.0,0.9867162704467772,341,0.4,E5b_subtraction
97,12,subtraction,post_grok_4000,8500,1.0,0.9867162704467772,45.462809816342656,mantissa,2,0.9984055161476136,0.98069429397583,341,0.4,E5b_subtraction
97,12,subtraction,post_grok_4000,8500,1.0,0.9867162704467772,45.462809816342656,mantissa,3,1.0,0.9835281372070312,341,0.4,E5b_subtraction
97,12,subtraction,post_grok_4000,8500,1.0,0.9867162704467772,45.462809816342656,mantissa,4,1.0,0.9863620400428772,341,0.4,E5b_subtraction
97,12,subtraction,post_grok_4000,8500,1.0,0.9867162704467772,45.462809816342656,mantissa,5,1.0,0.986007809638977,341,0.4,E5b_subtraction
97,12,subtraction,post_grok_4000,8500,1.0,0.9867162704467772,45.462809816342656,mantissa,6,1.0,0.9872475862503052,341,0.4,E5b_subtraction
97,12,subtraction,post_grok_4000,8500,1.0,0.9867162704467772,45.462809816342656,mantissa,8,1.0,0.9867162704467772,341,0.4,E5b_subtraction
97,12,subtraction,post_grok_4000,8500,1.0,0.9867162704467772,45.462809816342656,mantissa,10,1.0,0.9867162704467772,341,0.4,E5b_subtraction
97,12,subtraction,post_grok_4000,8500,1.0,0.9867162704467772,45.462809816342656,mantissa,12,1.0,0.9867162704467772,341,0.4,E5b_subtraction
97,12,subtraction,post_grok_4000,8500,1.0,0.9867162704467772,45.462809816342656,mantissa,16,1.0,0.9867162704467772,341,0.4,E5b_subtraction
97,12,subtraction,post_grok_4000,8500,1.0,0.9867162704467772,45.462809816342656,mantissa,23,1.0,0.9867162704467772,341,0.4,E5b_subtraction
97,12,subtraction,post_grok_4000,8500,1.0,0.9867162704467772,45.462809816342656,nf,2,0.0443794839084148,0.0417995043098926,341,0.4,E5b_subtraction
97,12,subtraction,post_grok_4000,8500,1.0,0.9867162704467772,45.462809816342656,nf,3,0.1328727155923843,0.1234502270817756,341,0.4,E5b_subtraction
97,12,subtraction,post_grok_4000,8500,1.0,0.9867162704467772,45.462809816342656,nf,4,0.317300021648407,0.2995040714740753,341,0.4,E5b_subtraction
97,12,subtraction,post_grok_4000,8500,1.0,0.9867162704467772,45.462809816342656,nf,5,0.4727610945701599,0.4465107917785644,341,0.4,E5b_subtraction
97,12,subtraction,post_grok_4000,8500,1.0,0.9867162704467772,45.462809816342656,nf,6,0.5599256157875061,0.5292242169380188,341,0.4,E5b_subtraction
97,12,subtraction,post_grok_4000,8500,1.0,0.9867162704467772,45.462809816342656,nf,8,0.7161839008331299,0.6767622828483582,341,0.4,E5b_subtraction
97,12,subtraction,post_grok_4000,8500,1.0,0.9867162704467772,45.462809816342656,nf,10,0.7161839008331299,0.6767622828483582,341,0.4,E5b_subtraction
97,12,subtraction,post_grok_4000,8500,1.0,0.9867162704467772,45.462809816342656,nf,12,0.7161839008331299,0.6767622828483582,341,0.4,E5b_subtraction
97,12,subtraction,post_grok_4000,8500,1.0,0.9867162704467772,45.462809816342656,nf,16,0.7161839008331299,0.6767622828483582,341,0.4,E5b_subtraction
97,12,subtraction,post_grok_4000,8500,1.0,0.9867162704467772,45.462809816342656,nf,23,1.0,0.9867162704467772,341,0.4,E5b_subtraction
97,12,subtraction,cleaned_up,30000,1.0,0.9950407147407532,34.98582261273516,int,2,0.0063778897747397,0.0072617782279849,341,0.4,E5b_subtraction
97,12,subtraction,cleaned_up,30000,1.0,0.9950407147407532,34.98582261273516,int,3,0.0212596338242292,0.021608218550682,341,0.4,E5b_subtraction
97,12,subtraction,cleaned_up,30000,1.0,0.9950407147407532,34.98582261273516,int,4,0.1517406404018402,0.1470067352056503,341,0.4,E5b_subtraction
97,12,subtraction,cleaned_up,30000,1.0,0.9950407147407532,34.98582261273516,int,5,0.4459207952022552,0.4295076131820678,341,0.4,E5b_subtraction
97,12,subtraction,cleaned_up,30000,1.0,0.9950407147407532,34.98582261273516,int,6,0.707148551940918,0.681721568107605,341,0.4,E5b_subtraction
97,12,subtraction,cleaned_up,30000,1.0,0.9950407147407532,34.98582261273516,int,8,0.9872442483901978,0.9668791890144348,341,0.4,E5b_subtraction
97,12,subtraction,cleaned_up,30000,1.0,0.9950407147407532,34.98582261273516,int,10,1.0,0.9941551685333252,341,0.4,E5b_subtraction
97,12,subtraction,cleaned_up,30000,1.0,0.9950407147407532,34.98582261273516,int,12,1.0,0.9950407147407532,341,0.4,E5b_subtraction
97,12,subtraction,cleaned_up,30000,1.0,0.9950407147407532,34.98582261273516,int,16,1.0,0.9950407147407532,341,0.4,E5b_subtraction
97,12,subtraction,cleaned_up,30000,1.0,0.9950407147407532,34.98582261273516,int,23,1.0,0.9950407147407532,341,0.4,E5b_subtraction
97,12,subtraction,cleaned_up,30000,1.0,0.9950407147407532,34.98582261273516,mantissa,2,1.0,0.9932695627212524,341,0.4,E5b_subtraction
97,12,subtraction,cleaned_up,30000,1.0,0.9950407147407532,34.98582261273516,mantissa,3,1.0,0.9948636293411256,341,0.4,E5b_subtraction
97,12,subtraction,cleaned_up,30000,1.0,0.9950407147407532,34.98582261273516,mantissa,4,1.0,0.9939780235290528,341,0.4,E5b_subtraction
97,12,subtraction,cleaned_up,30000,1.0,0.9950407147407532,34.98582261273516,mantissa,5,1.0,0.9945093989372252,341,0.4,E5b_subtraction
97,12,subtraction,cleaned_up,30000,1.0,0.9950407147407532,34.98582261273516,mantissa,6,1.0,0.9948636293411256,341,0.4,E5b_subtraction
97,12,subtraction,cleaned_up,30000,1.0,0.9950407147407532,34.98582261273516,mantissa,8,1.0,0.9950407147407532,341,0.4,E5b_subtraction
97,12,subtraction,cleaned_up,30000,1.0,0.9950407147407532,34.98582261273516,mantissa,10,1.0,0.9950407147407532,341,0.4,E5b_subtraction
97,12,subtraction,cleaned_up,30000,1.0,0.9950407147407532,34.98582261273516,mantissa,12,1.0,0.9950407147407532,341,0.4,E5b_subtraction
97,12,subtraction,cleaned_up,30000,1.0,0.9950407147407532,34.98582261273516,mantissa,16,1.0,0.9950407147407532,341,0.4,E5b_subtraction
97,12,subtraction,cleaned_up,30000,1.0,0.9950407147407532,34.98582261273516,mantissa,23,1.0,0.9950407147407532,341,0.4,E5b_subtraction
97,12,subtraction,cleaned_up,30000,1.0,0.9950407147407532,34.98582261273516,nf,2,0.0334839224815368,0.0331207923591136,341,0.4,E5b_subtraction
97,12,subtraction,cleaned_up,30000,1.0,0.9950407147407532,34.98582261273516,nf,3,0.0932766422629356,0.0866099894046783,341,0.4,E5b_subtraction
97,12,subtraction,cleaned_up,30000,1.0,0.9950407147407532,34.98582261273516,nf,4,0.181238368153572,0.1709174662828445,341,0.4,E5b_subtraction
97,12,subtraction,cleaned_up,30000,1.0,0.9950407147407532,34.98582261273516,nf,5,0.4315705597400665,0.4029401242733001,341,0.4,E5b_subtraction
97,12,subtraction,cleaned_up,30000,1.0,0.9950407147407532,34.98582261273516,nf,6,0.6144034266471863,0.5885582566261292,341,0.4,E5b_subtraction
97,12,subtraction,cleaned_up,30000,1.0,0.9950407147407532,34.98582261273516,nf,8,0.773850679397583,0.7499114274978638,341,0.4,E5b_subtraction
97,12,subtraction,cleaned_up,30000,1.0,0.9950407147407532,34.98582261273516,nf,10,0.773850679397583,0.7499114274978638,341,0.4,E5b_subtraction
97,12,subtraction,cleaned_up,30000,1.0,0.9950407147407532,34.98582261273516,nf,12,0.773850679397583,0.7499114274978638,341,0.4,E5b_subtraction
97,12,subtraction,cleaned_up,30000,1.0,0.9950407147407532,34.98582261273516,nf,16,0.773850679397583,0.7499114274978638,341,0.4,E5b_subtraction
97,12,subtraction,cleaned_up,30000,1.0,0.9950407147407532,34.98582261273516,nf,23,1.0,0.9950407147407532,341,0.4,E5b_subtraction
97,13,subtraction,pre_grok,250,1.0,0.0214311014860868,45.73564155579044,int,2,0.0326866880059242,0.015763372182846,341,0.4,E5b_subtraction
97,13,subtraction,pre_grok,250,1.0,0.0214311014860868,45.73564155579044,int,3,0.3382939100265503,0.0285157635807991,341,0.4,E5b_subtraction
97,13,subtraction,pre_grok,250,1.0,0.0214311014860868,45.73564155579044,int,4,0.6933298110961914,0.0221395678818225,341,0.4,E5b_subtraction
97,13,subtraction,pre_grok,250,1.0,0.0214311014860868,45.73564155579044,int,5,0.9367526173591614,0.0239107329398393,341,0.4,E5b_subtraction
97,13,subtraction,pre_grok,250,1.0,0.0214311014860868,45.73564155579044,int,6,0.9960138201713562,0.021608218550682,341,0.4,E5b_subtraction
97,13,subtraction,pre_grok,250,1.0,0.0214311014860868,45.73564155579044,int,8,1.0,0.0214311014860868,341,0.4,E5b_subtraction
97,13,subtraction,pre_grok,250,1.0,0.0214311014860868,45.73564155579044,int,10,1.0,0.021608218550682,341,0.4,E5b_subtraction
97,13,subtraction,pre_grok,250,1.0,0.0214311014860868,45.73564155579044,int,12,1.0,0.0214311014860868,341,0.4,E5b_subtraction
97,13,subtraction,pre_grok,250,1.0,0.0214311014860868,45.73564155579044,int,16,1.0,0.0214311014860868,341,0.4,E5b_subtraction
97,13,subtraction,pre_grok,250,1.0,0.0214311014860868,45.73564155579044,int,23,1.0,0.0214311014860868,341,0.4,E5b_subtraction
97,13,subtraction,pre_grok,250,1.0,0.0214311014860868,45.73564155579044,mantissa,2,0.961466908454895,0.0226709172129631,341,0.4,E5b_subtraction
97,13,subtraction,pre_grok,250,1.0,0.0214311014860868,45.73564155579044,mantissa,3,0.9992027878761292,0.0208997521549463,341,0.4,E5b_subtraction
97,13,subtraction,pre_grok,250,1.0,0.0214311014860868,45.73564155579044,mantissa,4,1.0,0.0210768692195415,341,0.4,E5b_subtraction
97,13,subtraction,pre_grok,250,1.0,0.0214311014860868,45.73564155579044,mantissa,5,1.0,0.0219624508172273,341,0.4,E5b_subtraction
97,13,subtraction,pre_grok,250,1.0,0.0214311014860868,45.73564155579044,mantissa,6,1.0,0.0217853337526321,341,0.4,E5b_subtraction
97,13,subtraction,pre_grok,250,1.0,0.0214311014860868,45.73564155579044,mantissa,8,1.0,0.021608218550682,341,0.4,E5b_subtraction
97,13,subtraction,pre_grok,250,1.0,0.0214311014860868,45.73564155579044,mantissa,10,1.0,0.0214311014860868,341,0.4,E5b_subtraction
97,13,subtraction,pre_grok,250,1.0,0.0214311014860868,45.73564155579044,mantissa,12,1.0,0.021608218550682,341,0.4,E5b_subtraction
97,13,subtraction,pre_grok,250,1.0,0.0214311014860868,45.73564155579044,mantissa,16,1.0,0.0214311014860868,341,0.4,E5b_subtraction
97,13,subtraction,pre_grok,250,1.0,0.0214311014860868,45.73564155579044,mantissa,23,1.0,0.0214311014860868,341,0.4,E5b_subtraction
97,13,subtraction,pre_grok,250,1.0,0.0214311014860868,45.73564155579044,nf,2,0.1695455759763717,0.0180658865720033,341,0.4,E5b_subtraction
97,13,subtraction,pre_grok,250,1.0,0.0214311014860868,45.73564155579044,nf,3,0.4600053131580353,0.0208997521549463,341,0.4,E5b_subtraction
97,13,subtraction,pre_grok,250,1.0,0.0214311014860868,45.73564155579044,nf,4,0.7281424403190613,0.0191285870969295,341,0.4,E5b_subtraction
97,13,subtraction,pre_grok,250,1.0,0.0214311014860868,45.73564155579044,nf,5,0.9208078980445862,0.0200141686946153,341,0.4,E5b_subtraction
97,13,subtraction,pre_grok,250,1.0,0.0214311014860868,45.73564155579044,nf,6,0.9906989336013794,0.021608218550682,341,0.4,E5b_subtraction
97,13,subtraction,pre_grok,250,1.0,0.0214311014860868,45.73564155579044,nf,8,1.0,0.0214311014860868,341,0.4,E5b_subtraction
97,13,subtraction,pre_grok,250,1.0,0.0214311014860868,45.73564155579044,nf,10,1.0,0.0214311014860868,341,0.4,E5b_subtraction
97,13,subtraction,pre_grok,250,1.0,0.0214311014860868,45.73564155579044,nf,12,1.0,0.0214311014860868,341,0.4,E5b_subtraction
97,13,subtraction,pre_grok,250,1.0,0.0214311014860868,45.73564155579044,nf,16,1.0,0.0214311014860868,341,0.4,E5b_subtraction
97,13,subtraction,pre_grok,250,1.0,0.0214311014860868,45.73564155579044,nf,23,1.0,0.0214311014860868,341,0.4,E5b_subtraction
97,13,subtraction,just_grokked,9900,0.9994685053825378,0.9022316336631776,34.95869293679632,int,2,0.0077066170051693,0.0100956428796052,341,0.4,E5b_subtraction
97,13,subtraction,just_grokked,9900,0.9994685053825378,0.9022316336631776,34.95869293679632,int,3,0.090619184076786,0.0685441046953201,341,0.4,E5b_subtraction
97,13,subtraction,just_grokked,9900,0.9994685053825378,0.9022316336631776,34.95869293679632,int,4,0.5094339847564697,0.4164009988307953,341,0.4,E5b_subtraction
97,13,subtraction,just_grokked,9900,0.9994685053825378,0.9022316336631776,34.95869293679632,int,5,0.9343608617782592,0.7750619649887085,341,0.4,E5b_subtraction
97,13,subtraction,just_grokked,9900,0.9994685053825378,0.9022316336631776,34.95869293679632,int,6,0.998671293258667,0.8898335099220276,341,0.4,E5b_subtraction
97,13,subtraction,just_grokked,9900,0.9994685053825378,0.9022316336631776,34.95869293679632,int,8,0.9994685053825378,0.9013460874557496,341,0.4,E5b_subtraction
97,13,subtraction,just_grokked,9900,0.9994685053825378,0.9022316336631776,34.95869293679632,int,10,0.9994685053825378,0.90276300907135,341,0.4,E5b_subtraction
97,13,subtraction,just_grokked,9900,0.9994685053825378,0.9022316336631776,34.95869293679632,int,12,0.9994685053825378,0.9031172394752502,341,0.4,E5b_subtraction
97,13,subtraction,just_grokked,9900,0.9994685053825378,0.9022316336631776,34.95869293679632,int,16,0.9994685053825378,0.9022316336631776,341,0.4,E5b_subtraction
97,13,subtraction,just_grokked,9900,0.9994685053825378,0.9022316336631776,34.95869293679632,int,23,0.9994685053825378,0.9022316336631776,341,0.4,E5b_subtraction
97,13,subtraction,just_grokked,9900,0.9994685053825378,0.9022316336631776,34.95869293679632,mantissa,2,0.9981397986412048,0.8953241109848022,341,0.4,E5b_subtraction
97,13,subtraction,just_grokked,9900,0.9994685053825378,0.9022316336631776,34.95869293679632,mantissa,3,0.9994685053825378,0.9006376266479492,341,0.4,E5b_subtraction
97,13,subtraction,just_grokked,9900,0.9994685053825378,0.9022316336631776,34.95869293679632,mantissa,4,0.9992027878761292,0.9025858640670776,341,0.4,E5b_subtraction
97,13,subtraction,just_grokked,9900,0.9994685053825378,0.9022316336631776,34.95869293679632,mantissa,5,0.9992027878761292,0.9017003178596495,341,0.4,E5b_subtraction
97,13,subtraction,just_grokked,9900,0.9994685053825378,0.9022316336631776,34.95869293679632,mantissa,6,0.9994685053825378,0.90276300907135,341,0.4,E5b_subtraction
97,13,subtraction,just_grokked,9900,0.9994685053825378,0.9022316336631776,34.95869293679632,mantissa,8,0.9994685053825378,0.9022316336631776,341,0.4,E5b_subtraction
97,13,subtraction,just_grokked,9900,0.9994685053825378,0.9022316336631776,34.95869293679632,mantissa,10,0.9994685053825378,0.9022316336631776,341,0.4,E5b_subtraction
97,13,subtraction,just_grokked,9900,0.9994685053825378,0.9022316336631776,34.95869293679632,mantissa,12,0.9994685053825378,0.9022316336631776,341,0.4,E5b_subtraction
97,13,subtraction,just_grokked,9900,0.9994685053825378,0.9022316336631776,34.95869293679632,mantissa,16,0.9994685053825378,0.9022316336631776,341,0.4,E5b_subtraction
97,13,subtraction,just_grokked,9900,0.9994685053825378,0.9022316336631776,34.95869293679632,mantissa,23,0.9994685053825378,0.9022316336631776,341,0.4,E5b_subtraction
97,13,subtraction,just_grokked,9900,0.9994685053825378,0.9022316336631776,34.95869293679632,nf,2,0.0201966520398855,0.0154091389849781,341,0.4,E5b_subtraction
97,13,subtraction,just_grokked,9900,0.9994685053825378,0.9022316336631776,34.95869293679632,nf,3,0.0305607225745916,0.0288699958473444,341,0.4,E5b_subtraction
97,13,subtraction,just_grokked,9900,0.9994685053825378,0.9022316336631776,34.95869293679632,nf,4,0.137124627828598,0.1096351370215416,341,0.4,E5b_subtraction
97,13,subtraction,just_grokked,9900,0.9994685053825378,0.9022316336631776,34.95869293679632,nf,5,0.3587563037872314,0.2784272134304046,341,0.4,E5b_subtraction
97,13,subtraction,just_grokked,9900,0.9994685053825378,0.9022316336631776,34.95869293679632,nf,6,0.6040393114089966,0.468827486038208,341,0.4,E5b_subtraction
97,13,subtraction,just_grokked,9900,0.9994685053825378,0.9022316336631776,34.95869293679632,nf,8,0.8400212526321411,0.6888062357902527,341,0.4,E5b_subtraction
97,13,subtraction,just_grokked,9900,0.9994685053825378,0.9022316336631776,34.95869293679632,nf,10,0.8400212526321411,0.6888062357902527,341,0.4,E5b_subtraction
97,13,subtraction,just_grokked,9900,0.9994685053825378,0.9022316336631776,34.95869293679632,nf,12,0.8400212526321411,0.6888062357902527,341,0.4,E5b_subtraction
97,13,subtraction,just_grokked,9900,0.9994685053825378,0.9022316336631776,34.95869293679632,nf,16,0.8400212526321411,0.6888062357902527,341,0.4,E5b_subtraction
97,13,subtraction,just_grokked,9900,0.9994685053825378,0.9022316336631776,34.95869293679632,nf,23,0.9994685053825378,0.9022316336631776,341,0.4,E5b_subtraction
97,13,subtraction,post_grok_500,10400,0.9976083040237428,0.9218915700912476,34.23525563530285,int,2,0.0114270532503724,0.0109812254086136,341,0.4,E5b_subtraction
97,13,subtraction,post_grok_500,10400,0.9976083040237428,0.9218915700912476,34.23525563530285,int,3,0.06882806122303,0.0687212198972702,341,0.4,E5b_subtraction
97,13,subtraction,post_grok_500,10400,0.9976083040237428,0.9218915700912476,34.23525563530285,int,4,0.5870316028594971,0.5042507648468018,341,0.4,E5b_subtraction
97,13,subtraction,post_grok_500,10400,0.9976083040237428,0.9218915700912476,34.23525563530285,int,5,0.8971565365791321,0.7812610864639282,341,0.4,E5b_subtraction
97,13,subtraction,post_grok_500,10400,0.9976083040237428,0.9218915700912476,34.23525563530285,int,6,0.9925591349601746,0.9015231728553772,341,0.4,E5b_subtraction
97,13,subtraction,post_grok_500,10400,0.9976083040237428,0.9218915700912476,34.23525563530285,int,8,0.9973425269126892,0.9208288788795472,341,0.4,E5b_subtraction
97,13,subtraction,post_grok_500,10400,0.9976083040237428,0.9218915700912476,34.23525563530285,int,10,0.9976083040237428,0.92171448469162,341,0.4,E5b_subtraction
97,13,subtraction,post_grok_500,10400,0.9976083040237428,0.9218915700912476,34.23525563530285,int,12,0.9976083040237428,0.92171448469162,341,0.4,E5b_subtraction
97,13,subtraction,post_grok_500,10400,0.9976083040237428,0.9218915700912476,34.23525563530285,int,16,0.9976083040237428,0.9218915700912476,341,0.4,E5b_subtraction
97,13,subtraction,post_grok_500,10400,0.9976083040237428,0.9218915700912476,34.23525563530285,int,23,0.9976083040237428,0.9218915700912476,341,0.4,E5b_subtraction
97,13,subtraction,post_grok_500,10400,0.9976083040237428,0.9218915700912476,34.23525563530285,mantissa,2,0.9946851134300232,0.9112645983695984,341,0.4,E5b_subtraction
97,13,subtraction,post_grok_500,10400,0.9976083040237428,0.9218915700912476,34.23525563530285,mantissa,3,0.9981397986412048,0.917995035648346,341,0.4,E5b_subtraction
97,13,subtraction,post_grok_500,10400,0.9976083040237428,0.9218915700912476,34.23525563530285,mantissa,4,0.9976083040237428,0.9215373396873474,341,0.4,E5b_subtraction
97,13,subtraction,post_grok_500,10400,0.9976083040237428,0.9218915700912476,34.23525563530285,mantissa,5,0.9976083040237428,0.92171448469162,341,0.4,E5b_subtraction
97,13,subtraction,post_grok_500,10400,0.9976083040237428,0.9218915700912476,34.23525563530285,mantissa,6,0.9973425269126892,0.9210060238838196,341,0.4,E5b_subtraction
97,13,subtraction,post_grok_500,10400,0.9976083040237428,0.9218915700912476,34.23525563530285,mantissa,8,0.9976083040237428,0.9218915700912476,341,0.4,E5b_subtraction
97,13,subtraction,post_grok_500,10400,0.9976083040237428,0.9218915700912476,34.23525563530285,mantissa,10,0.9976083040237428,0.92171448469162,341,0.4,E5b_subtraction
97,13,subtraction,post_grok_500,10400,0.9976083040237428,0.9218915700912476,34.23525563530285,mantissa,12,0.9976083040237428,0.9218915700912476,341,0.4,E5b_subtraction
97,13,subtraction,post_grok_500,10400,0.9976083040237428,0.9218915700912476,34.23525563530285,mantissa,16,0.9976083040237428,0.9218915700912476,341,0.4,E5b_subtraction
97,13,subtraction,post_grok_500,10400,0.9976083040237428,0.9218915700912476,34.23525563530285,mantissa,23,0.9976083040237428,0.9218915700912476,341,0.4,E5b_subtraction
97,13,subtraction,post_grok_500,10400,0.9976083040237428,0.9218915700912476,34.23525563530285,nf,2,0.0098325805738568,0.0116896918043494,341,0.4,E5b_subtraction
97,13,subtraction,post_grok_500,10400,0.9976083040237428,0.9218915700912476,34.23525563530285,nf,3,0.0263087954372167,0.0295784622430801,341,0.4,E5b_subtraction
97,13,subtraction,post_grok_500,10400,0.9976083040237428,0.9218915700912476,34.23525563530285,nf,4,0.0876959860324859,0.0731491297483444,341,0.4,E5b_subtraction
97,13,subtraction,post_grok_500,10400,0.9976083040237428,0.9218915700912476,34.23525563530285,nf,5,0.1854902952909469,0.1553312093019485,341,0.4,E5b_subtraction
97,13,subtraction,post_grok_500,10400,0.9976083040237428,0.9218915700912476,34.23525563530285,nf,6,0.3010895550251007,0.2546935975551605,341,0.4,E5b_subtraction
97,13,subtraction,post_grok_500,10400,0.9976083040237428,0.9218915700912476,34.23525563530285,nf,8,0.5290991067886353,0.4452709853649139,341,0.4,E5b_subtraction
97,13,subtraction,post_grok_500,10400,0.9976083040237428,0.9218915700912476,34.23525563530285,nf,10,0.5290991067886353,0.4452709853649139,341,0.4,E5b_subtraction
97,13,subtraction,post_grok_500,10400,0.9976083040237428,0.9218915700912476,34.23525563530285,nf,12,0.5290991067886353,0.4452709853649139,341,0.4,E5b_subtraction
97,13,subtraction,post_grok_500,10400,0.9976083040237428,0.9218915700912476,34.23525563530285,nf,16,0.5290991067886353,0.4452709853649139,341,0.4,E5b_subtraction
97,13,subtraction,post_grok_500,10400,0.9976083040237428,0.9218915700912476,34.23525563530285,nf,23,0.9976083040237428,0.9218915700912476,341,0.4,E5b_subtraction
97,13,subtraction,post_grok_1500,11400,1.0,0.9512929320335388,35.558424546841685,int,2,0.0127557795494794,0.0097414096817374,341,0.4,E5b_subtraction
97,13,subtraction,post_grok_1500,11400,1.0,0.9512929320335388,35.558424546841685,int,3,0.0244485791772604,0.0200141686946153,341,0.4,E5b_subtraction
97,13,subtraction,post_grok_1500,11400,1.0,0.9512929320335388,35.558424546841685,int,4,0.2226946651935577,0.2001416981220245,341,0.4,E5b_subtraction
97,13,subtraction,post_grok_1500,11400,1.0,0.9512929320335388,35.558424546841685,int,5,0.8363008499145508,0.7389302253723145,341,0.4,E5b_subtraction
97,13,subtraction,post_grok_1500,11400,1.0,0.9512929320335388,35.558424546841685,int,6,0.9893701672554016,0.8976266384124756,341,0.4,E5b_subtraction
97,13,subtraction,post_grok_1500,11400,1.0,0.9512929320335388,35.558424546841685,int,8,1.0,0.9498760104179382,341,0.4,E5b_subtraction
97,13,subtraction,post_grok_1500,11400,1.0,0.9512929320335388,35.558424546841685,int,10,1.0,0.9509387016296388,341,0.4,E5b_subtraction
97,13,subtraction,post_grok_1500,11400,1.0,0.9512929320335388,35.558424546841685,int,12,1.0,0.9512929320335388,341,0.4,E5b_subtraction
97,13,subtraction,post_grok_1500,11400,1.0,0.9512929320335388,35.558424546841685,int,16,1.0,0.9512929320335388,341,0.4,E5b_subtraction
97,13,subtraction,post_grok_1500,11400,1.0,0.9512929320335388,35.558424546841685,int,23,1.0,0.9512929320335388,341,0.4,E5b_subtraction
97,13,subtraction,post_grok_1500,11400,1.0,0.9512929320335388,35.558424546841685,mantissa,2,1.0,0.9440311789512634,341,0.4,E5b_subtraction
97,13,subtraction,post_grok_1500,11400,1.0,0.9512929320335388,35.558424546841685,mantissa,3,1.0,0.950053095817566,341,0.4,E5b_subtraction
97,13,subtraction,post_grok_1500,11400,1.0,0.9512929320335388,35.558424546841685,mantissa,4,1.0,0.9512929320335388,341,0.4,E5b_subtraction
97,13,subtraction,post_grok_1500,11400,1.0,0.9512929320335388,35.558424546841685,mantissa,5,1.0,0.950761616230011,341,0.4,E5b_subtraction
97,13,subtraction,post_grok_1500,11400,1.0,0.9512929320335388,35.558424546841685,mantissa,6,1.0,0.9505844712257384,341,0.4,E5b_subtraction
97,13,subtraction,post_grok_1500,11400,1.0,0.9512929320335388,35.558424546841685,mantissa,8,1.0,0.9511158466339112,341,0.4,E5b_subtraction
97,13,subtraction,post_grok_1500,11400,1.0,0.9512929320335388,35.558424546841685,mantissa,10,1.0,0.9512929320335388,341,0.4,E5b_subtraction
97,13,subtraction,post_grok_1500,11400,1.0,0.9512929320335388,35.558424546841685,mantissa,12,1.0,0.9512929320335388,341,0.4,E5b_subtraction
97,13,subtraction,post_grok_1500,11400,1.0,0.9512929320335388,35.558424546841685,mantissa,16,1.0,0.9512929320335388,341,0.4,E5b_subtraction
97,13,subtraction,post_grok_1500,11400,1.0,0.9512929320335388,35.558424546841685,mantissa,23,1.0,0.9512929320335388,341,0.4,E5b_subtraction
97,13,subtraction,post_grok_1500,11400,1.0,0.9512929320335388,35.558424546841685,nf,2,0.0207281429320573,0.0217853337526321,341,0.4,E5b_subtraction
97,13,subtraction,post_grok_1500,11400,1.0,0.9512929320335388,35.558424546841685,nf,3,0.0494286492466926,0.0363088920712471,341,0.4,E5b_subtraction
97,13,subtraction,post_grok_1500,11400,1.0,0.9512929320335388,35.558424546841685,nf,4,0.0789263918995857,0.0688983350992202,341,0.4,E5b_subtraction
97,13,subtraction,post_grok_1500,11400,1.0,0.9512929320335388,35.558424546841685,nf,5,0.1751262247562408,0.1540913879871368,341,0.4,E5b_subtraction
97,13,subtraction,post_grok_1500,11400,1.0,0.9512929320335388,35.558424546841685,nf,6,0.297369122505188,0.2607155442237854,341,0.4,E5b_subtraction
97,13,subtraction,post_grok_1500,11400,1.0,0.9512929320335388,35.558424546841685,nf,8,0.5764018297195435,0.4948636293411255,341,0.4,E5b_subtraction
97,13,subtraction,post_grok_1500,11400,1.0,0.9512929320335388,35.558424546841685,nf,10,0.5764018297195435,0.4948636293411255,341,0.4,E5b_subtraction
97,13,subtraction,post_grok_1500,11400,1.0,0.9512929320335388,35.558424546841685,nf,12,0.5764018297195435,0.4948636293411255,341,0.4,E5b_subtraction
97,13,subtraction,post_grok_1500,11400,1.0,0.9512929320335388,35.558424546841685,nf,16,0.5764018297195435,0.4948636293411255,341,0.4,E5b_subtraction
97,13,subtraction,post_grok_1500,11400,1.0,0.9512929320335388,35.558424546841685,nf,23,1.0,0.9512929320335388,341,0.4,E5b_subtraction
97,13,subtraction,post_grok_4000,13900,1.0,0.984059512615204,36.51944302996977,int,2,0.0140845067799091,0.0116896918043494,341,0.4,E5b_subtraction
97,13,subtraction,post_grok_4000,13900,1.0,0.984059512615204,36.51944302996977,int,3,0.0419877767562866,0.0347148403525352,341,0.4,E5b_subtraction
97,13,subtraction,post_grok_4000,13900,1.0,0.984059512615204,36.51944302996977,int,4,0.2885995209217071,0.2681544423103332,341,0.4,E5b_subtraction
97,13,subtraction,post_grok_4000,13900,1.0,0.984059512615204,36.51944302996977,int,5,0.8926388621330261,0.8490967154502869,341,0.4,E5b_subtraction
97,13,subtraction,post_grok_4000,13900,1.0,0.984059512615204,36.51944302996977,int,6,0.9997342824935912,0.976266384124756,341,0.4,E5b_subtraction
97,13,subtraction,post_grok_4000,13900,1.0,0.984059512615204,36.51944302996977,int,8,1.0,0.984413743019104,341,0.4,E5b_subtraction
97,13,subtraction,post_grok_4000,13900,1.0,0.984059512615204,36.51944302996977,int,10,1.0,0.9837052822113036,341,0.4,E5b_subtraction
97,13,subtraction,post_grok_4000,13900,1.0,0.984059512615204,36.51944302996977,int,12,1.0,0.9842365980148317,341,0.4,E5b_subtraction
97,13,subtraction,post_grok_4000,13900,1.0,0.984059512615204,36.51944302996977,int,16,1.0,0.984059512615204,341,0.4,E5b_subtraction
97,13,subtraction,post_grok_4000,13900,1.0,0.984059512615204,36.51944302996977,int,23,1.0,0.984059512615204,341,0.4,E5b_subtraction
97,13,subtraction,post_grok_4000,13900,1.0,0.984059512615204,36.51944302996977,mantissa,2,0.9997342824935912,0.98034006357193,341,0.4,E5b_subtraction
97,13,subtraction,post_grok_4000,13900,1.0,0.984059512615204,36.51944302996977,mantissa,3,1.0,0.9837052822113036,341,0.4,E5b_subtraction
97,13,subtraction,post_grok_4000,13900,1.0,0.984059512615204,36.51944302996977,mantissa,4,1.0,0.9829968214035034,341,0.4,E5b_subtraction
97,13,subtraction,post_grok_4000,13900,1.0,0.984059512615204,36.51944302996977,mantissa,5,1.0,0.984059512615204,341,0.4,E5b_subtraction
97,13,subtraction,post_grok_4000,13900,1.0,0.984059512615204,36.51944302996977,mantissa,6,1.0,0.984413743019104,341,0.4,E5b_subtraction
97,13,subtraction,post_grok_4000,13900,1.0,0.984059512615204,36.51944302996977,mantissa,8,1.0,0.984059512615204,341,0.4,E5b_subtraction
97,13,subtraction,post_grok_4000,13900,1.0,0.984059512615204,36.51944302996977,mantissa,10,1.0,0.984059512615204,341,0.4,E5b_subtraction
97,13,subtraction,post_grok_4000,13900,1.0,0.984059512615204,36.51944302996977,mantissa,12,1.0,0.984059512615204,341,0.4,E5b_subtraction
97,13,subtraction,post_grok_4000,13900,1.0,0.984059512615204,36.51944302996977,mantissa,16,1.0,0.984059512615204,341,0.4,E5b_subtraction
97,13,subtraction,post_grok_4000,13900,1.0,0.984059512615204,36.51944302996977,mantissa,23,1.0,0.984059512615204,341,0.4,E5b_subtraction
97,13,subtraction,post_grok_4000,13900,1.0,0.984059512615204,36.51944302996977,nf,2,0.0257773045450449,0.0207226350903511,341,0.4,E5b_subtraction
97,13,subtraction,post_grok_4000,13900,1.0,0.984059512615204,36.51944302996977,nf,3,0.1009832620620727,0.0905065536499023,341,0.4,E5b_subtraction
97,13,subtraction,post_grok_4000,13900,1.0,0.984059512615204,36.51944302996977,nf,4,0.2498006969690323,0.2323769032955169,341,0.4,E5b_subtraction
97,13,subtraction,post_grok_4000,13900,1.0,0.984059512615204,36.51944302996977,nf,5,0.4631942510604858,0.4291533827781677,341,0.4,E5b_subtraction
97,13,subtraction,post_grok_4000,13900,1.0,0.984059512615204,36.51944302996977,nf,6,0.645495593547821,0.586609959602356,341,0.4,E5b_subtraction
97,13,subtraction,post_grok_4000,13900,1.0,0.984059512615204,36.51944302996977,nf,8,0.8841350078582764,0.820758044719696,341,0.4,E5b_subtraction
97,13,subtraction,post_grok_4000,13900,1.0,0.984059512615204,36.51944302996977,nf,10,0.8841350078582764,0.820758044719696,341,0.4,E5b_subtraction
97,13,subtraction,post_grok_4000,13900,1.0,0.984059512615204,36.51944302996977,nf,12,0.8841350078582764,0.820758044719696,341,0.4,E5b_subtraction
97,13,subtraction,post_grok_4000,13900,1.0,0.984059512615204,36.51944302996977,nf,16,0.8841350078582764,0.820758044719696,341,0.4,E5b_subtraction
97,13,subtraction,post_grok_4000,13900,1.0,0.984059512615204,36.51944302996977,nf,23,1.0,0.984059512615204,341,0.4,E5b_subtraction
97,13,subtraction,cleaned_up,30000,0.9994685053825378,0.9936237931251526,43.989627157314885,int,2,0.0119585441425442,0.0109812254086136,341,0.4,E5b_subtraction
97,13,subtraction,cleaned_up,30000,0.9994685053825378,0.9936237931251526,43.989627157314885,int,3,0.0411905385553836,0.0324123278260231,341,0.4,E5b_subtraction
97,13,subtraction,cleaned_up,30000,0.9994685053825378,0.9936237931251526,43.989627157314885,int,4,0.1761892139911651,0.1772936582565307,341,0.4,E5b_subtraction
97,13,subtraction,cleaned_up,30000,0.9994685053825378,0.9936237931251526,43.989627157314885,int,5,0.5596598386764526,0.5226709246635437,341,0.4,E5b_subtraction
97,13,subtraction,cleaned_up,30000,0.9994685053825378,0.9936237931251526,43.989627157314885,int,6,0.9925591349601746,0.978214681148529,341,0.4,E5b_subtraction
97,13,subtraction,cleaned_up,30000,0.9994685053825378,0.9936237931251526,43.989627157314885,int,8,0.9994685053825378,0.9923839569091796,341,0.4,E5b_subtraction
97,13,subtraction,cleaned_up,30000,0.9994685053825378,0.9936237931251526,43.989627157314885,int,10,0.9994685053825378,0.99344664812088,341,0.4,E5b_subtraction
97,13,subtraction,cleaned_up,30000,0.9994685053825378,0.9936237931251526,43.989627157314885,int,12,0.9994685053825378,0.99344664812088,341,0.4,E5b_subtraction
97,13,subtraction,cleaned_up,30000,0.9994685053825378,0.9936237931251526,43.989627157314885,int,16,0.9994685053825378,0.9936237931251526,341,0.4,E5b_subtraction
97,13,subtraction,cleaned_up,30000,0.9994685053825378,0.9936237931251526,43.989627157314885,int,23,0.9994685053825378,0.9936237931251526,341,0.4,E5b_subtraction
97,13,subtraction,cleaned_up,30000,0.9994685053825378,0.9936237931251526,43.989627157314885,mantissa,2,0.998671293258667,0.9876018166542052,341,0.4,E5b_subtraction
97,13,subtraction,cleaned_up,30000,0.9994685053825378,0.9936237931251526,43.989627157314885,mantissa,3,0.9992027878761292,0.992561101913452,341,0.4,E5b_subtraction
97,13,subtraction,cleaned_up,30000,0.9994685053825378,0.9936237931251526,43.989627157314885,mantissa,4,0.9994685053825378,0.99309241771698,341,0.4,E5b_subtraction
97,13,subtraction,cleaned_up,30000,0.9994685053825378,0.9936237931251526,43.989627157314885,mantissa,5,0.9994685053825378,0.9932695627212524,341,0.4,E5b_subtraction
97,13,subtraction,cleaned_up,30000,0.9994685053825378,0.9936237931251526,43.989627157314885,mantissa,6,0.9994685053825378,0.9932695627212524,341,0.4,E5b_subtraction
97,13,subtraction,cleaned_up,30000,0.9994685053825378,0.9936237931251526,43.989627157314885,mantissa,8,0.9994685053825378,0.9936237931251526,341,0.4,E5b_subtraction
97,13,subtraction,cleaned_up,30000,0.9994685053825378,0.9936237931251526,43.989627157314885,mantissa,10,0.9994685053825378,0.9936237931251526,341,0.4,E5b_subtraction
97,13,subtraction,cleaned_up,30000,0.9994685053825378,0.9936237931251526,43.989627157314885,mantissa,12,0.9994685053825378,0.9936237931251526,341,0.4,E5b_subtraction
97,13,subtraction,cleaned_up,30000,0.9994685053825378,0.9936237931251526,43.989627157314885,mantissa,16,0.9994685053825378,0.9936237931251526,341,0.4,E5b_subtraction
97,13,subtraction,cleaned_up,30000,0.9994685053825378,0.9936237931251526,43.989627157314885,mantissa,23,0.9994685053825378,0.9936237931251526,341,0.4,E5b_subtraction
97,13,subtraction,cleaned_up,30000,0.9994685053825378,0.9936237931251526,43.989627157314885,nf,2,0.0175391975790262,0.0122210411354899,341,0.4,E5b_subtraction
97,13,subtraction,cleaned_up,30000,0.9994685053825378,0.9936237931251526,43.989627157314885,nf,3,0.0217911247164011,0.0185972359031438,341,0.4,E5b_subtraction
97,13,subtraction,cleaned_up,30000,0.9994685053825378,0.9936237931251526,43.989627157314885,nf,4,0.0302949771285057,0.0263903643935918,341,0.4,E5b_subtraction
97,13,subtraction,cleaned_up,30000,0.9994685053825378,0.9936237931251526,43.989627157314885,nf,5,0.0483656674623489,0.0405596867203712,341,0.4,E5b_subtraction
97,13,subtraction,cleaned_up,30000,0.9994685053825378,0.9936237931251526,43.989627157314885,nf,6,0.0831783190369606,0.0795253291726112,341,0.4,E5b_subtraction
97,13,subtraction,cleaned_up,30000,0.9994685053825378,0.9936237931251526,43.989627157314885,nf,8,0.2115333527326584,0.1884520053863525,341,0.4,E5b_subtraction
97,13,subtraction,cleaned_up,30000,0.9994685053825378,0.9936237931251526,43.989627157314885,nf,10,0.2115333527326584,0.1884520053863525,341,0.4,E5b_subtraction
97,13,subtraction,cleaned_up,30000,0.9994685053825378,0.9936237931251526,43.989627157314885,nf,12,0.2115333527326584,0.1884520053863525,341,0.4,E5b_subtraction
97,13,subtraction,cleaned_up,30000,0.9994685053825378,0.9936237931251526,43.989627157314885,nf,16,0.2115333527326584,0.1884520053863525,341,0.4,E5b_subtraction
97,13,subtraction,cleaned_up,30000,0.9994685053825378,0.9936237931251526,43.989627157314885,nf,23,0.9994685053825378,0.9936237931251526,341,0.4,E5b_subtraction
97,14,subtraction,pre_grok,250,1.0,0.0109812254086136,46.9513380970566,int,2,0.0417220294475555,0.0113354586064815,341,0.4,E5b_subtraction
97,14,subtraction,pre_grok,250,1.0,0.0109812254086136,46.9513380970566,int,3,0.3648684620857239,0.0102727590128779,341,0.4,E5b_subtraction
97,14,subtraction,pre_grok,250,1.0,0.0109812254086136,46.9513380970566,int,4,0.759766161441803,0.0113354586064815,341,0.4,E5b_subtraction
97,14,subtraction,pre_grok,250,1.0,0.0109812254086136,46.9513380970566,int,5,0.967844784259796,0.0102727590128779,341,0.4,E5b_subtraction
97,14,subtraction,pre_grok,250,1.0,0.0109812254086136,46.9513380970566,int,6,0.9994685053825378,0.0104498760774731,341,0.4,E5b_subtraction
97,14,subtraction,pre_grok,250,1.0,0.0109812254086136,46.9513380970566,int,8,1.0,0.0115125747397542,341,0.4,E5b_subtraction
97,14,subtraction,pre_grok,250,1.0,0.0109812254086136,46.9513380970566,int,10,1.0,0.010804109275341,341,0.4,E5b_subtraction
97,14,subtraction,pre_grok,250,1.0,0.0109812254086136,46.9513380970566,int,12,1.0,0.0109812254086136,341,0.4,E5b_subtraction
97,14,subtraction,pre_grok,250,1.0,0.0109812254086136,46.9513380970566,int,16,1.0,0.0109812254086136,341,0.4,E5b_subtraction
97,14,subtraction,pre_grok,250,1.0,0.0109812254086136,46.9513380970566,int,23,1.0,0.0109812254086136,341,0.4,E5b_subtraction
97,14,subtraction,pre_grok,250,1.0,0.0109812254086136,46.9513380970566,mantissa,2,0.9784746170043944,0.0116896918043494,341,0.4,E5b_subtraction
97,14,subtraction,pre_grok,250,1.0,0.0109812254086136,46.9513380970566,mantissa,3,0.9997342824935912,0.0120439250022172,341,0.4,E5b_subtraction
97,14,subtraction,pre_grok,250,1.0,0.0109812254086136,46.9513380970566,mantissa,4,1.0,0.0111583424732089,341,0.4,E5b_subtraction
97,14,subtraction,pre_grok,250,1.0,0.0109812254086136,46.9513380970566,mantissa,5,1.0,0.010804109275341,341,0.4,E5b_subtraction
97,14,subtraction,pre_grok,250,1.0,0.0109812254086136,46.9513380970566,mantissa,6,1.0,0.0113354586064815,341,0.4,E5b_subtraction
97,14,subtraction,pre_grok,250,1.0,0.0109812254086136,46.9513380970566,mantissa,8,1.0,0.0109812254086136,341,0.4,E5b_subtraction
97,14,subtraction,pre_grok,250,1.0,0.0109812254086136,46.9513380970566,mantissa,10,1.0,0.0109812254086136,341,0.4,E5b_subtraction
97,14,subtraction,pre_grok,250,1.0,0.0109812254086136,46.9513380970566,mantissa,12,1.0,0.0109812254086136,341,0.4,E5b_subtraction
97,14,subtraction,pre_grok,250,1.0,0.0109812254086136,46.9513380970566,mantissa,16,1.0,0.0109812254086136,341,0.4,E5b_subtraction
97,14,subtraction,pre_grok,250,1.0,0.0109812254086136,46.9513380970566,mantissa,23,1.0,0.0109812254086136,341,0.4,E5b_subtraction
97,14,subtraction,pre_grok,250,1.0,0.0109812254086136,46.9513380970566,nf,2,0.2001062929630279,0.0097414096817374,341,0.4,E5b_subtraction
97,14,subtraction,pre_grok,250,1.0,0.0109812254086136,46.9513380970566,nf,3,0.4964124262332916,0.0115125747397542,341,0.4,E5b_subtraction
97,14,subtraction,pre_grok,250,1.0,0.0109812254086136,46.9513380970566,nf,4,0.7775710821151733,0.0115125747397542,341,0.4,E5b_subtraction
97,14,subtraction,pre_grok,250,1.0,0.0109812254086136,46.9513380970566,nf,5,0.947382390499115,0.0115125747397542,341,0.4,E5b_subtraction
97,14,subtraction,pre_grok,250,1.0,0.0109812254086136,46.9513380970566,nf,6,0.9970768094062804,0.0120439250022172,341,0.4,E5b_subtraction
97,14,subtraction,pre_grok,250,1.0,0.0109812254086136,46.9513380970566,nf,8,1.0,0.0120439250022172,341,0.4,E5b_subtraction
97,14,subtraction,pre_grok,250,1.0,0.0109812254086136,46.9513380970566,nf,10,1.0,0.0120439250022172,341,0.4,E5b_subtraction
97,14,subtraction,pre_grok,250,1.0,0.0109812254086136,46.9513380970566,nf,12,1.0,0.0120439250022172,341,0.4,E5b_subtraction
97,14,subtraction,pre_grok,250,1.0,0.0109812254086136,46.9513380970566,nf,16,1.0,0.0120439250022172,341,0.4,E5b_subtraction
97,14,subtraction,pre_grok,250,1.0,0.0109812254086136,46.9513380970566,nf,23,1.0,0.0109812254086136,341,0.4,E5b_subtraction
97,14,subtraction,just_grokked,5750,1.0,0.9224229454994202,36.1359239514965,int,2,0.0122242895886302,0.008855827152729,341,0.4,E5b_subtraction
97,14,subtraction,just_grokked,5750,1.0,0.9224229454994202,36.1359239514965,int,3,0.0292319953441619,0.0331207923591136,341,0.4,E5b_subtraction
97,14,subtraction,just_grokked,5750,1.0,0.9224229454994202,36.1359239514965,int,4,0.1078926399350166,0.0793482065200805,341,0.4,E5b_subtraction
97,14,subtraction,just_grokked,5750,1.0,0.9224229454994202,36.1359239514965,int,5,0.8200903534889221,0.6301806569099426,341,0.4,E5b_subtraction
97,14,subtraction,just_grokked,5750,1.0,0.9224229454994202,36.1359239514965,int,6,0.9992027878761292,0.8935529589653015,341,0.4,E5b_subtraction
97,14,subtraction,just_grokked,5750,1.0,0.9224229454994202,36.1359239514965,int,8,1.0,0.9229543209075928,341,0.4,E5b_subtraction
97,14,subtraction,just_grokked,5750,1.0,0.9224229454994202,36.1359239514965,int,10,1.0,0.9211831092834472,341,0.4,E5b_subtraction
97,14,subtraction,just_grokked,5750,1.0,0.9224229454994202,36.1359239514965,int,12,1.0,0.9224229454994202,341,0.4,E5b_subtraction
97,14,subtraction,just_grokked,5750,1.0,0.9224229454994202,36.1359239514965,int,16,1.0,0.9222458004951476,341,0.4,E5b_subtraction
97,14,subtraction,just_grokked,5750,1.0,0.9224229454994202,36.1359239514965,int,23,1.0,0.9224229454994202,341,0.4,E5b_subtraction
97,14,subtraction,just_grokked,5750,1.0,0.9224229454994202,36.1359239514965,mantissa,2,1.0,0.9164009690284728,341,0.4,E5b_subtraction
97,14,subtraction,just_grokked,5750,1.0,0.9224229454994202,36.1359239514965,mantissa,3,1.0,0.9206517934799194,341,0.4,E5b_subtraction
97,14,subtraction,just_grokked,5750,1.0,0.9224229454994202,36.1359239514965,mantissa,4,1.0,0.9231314063072203,341,0.4,E5b_subtraction
97,14,subtraction,just_grokked,5750,1.0,0.9224229454994202,36.1359239514965,mantissa,5,1.0,0.9234856367111206,341,0.4,E5b_subtraction
97,14,subtraction,just_grokked,5750,1.0,0.9224229454994202,36.1359239514965,mantissa,6,1.0,0.92171448469162,341,0.4,E5b_subtraction
97,14,subtraction,just_grokked,5750,1.0,0.9224229454994202,36.1359239514965,mantissa,8,1.0,0.9224229454994202,341,0.4,E5b_subtraction
97,14,subtraction,just_grokked,5750,1.0,0.9224229454994202,36.1359239514965,mantissa,10,1.0,0.9222458004951476,341,0.4,E5b_subtraction
97,14,subtraction,just_grokked,5750,1.0,0.9224229454994202,36.1359239514965,mantissa,12,1.0,0.9224229454994202,341,0.4,E5b_subtraction
97,14,subtraction,just_grokked,5750,1.0,0.9224229454994202,36.1359239514965,mantissa,16,1.0,0.9224229454994202,341,0.4,E5b_subtraction
97,14,subtraction,just_grokked,5750,1.0,0.9224229454994202,36.1359239514965,mantissa,23,1.0,0.9224229454994202,341,0.4,E5b_subtraction
97,14,subtraction,just_grokked,5750,1.0,0.9224229454994202,36.1359239514965,nf,2,0.018336433917284,0.0159404892474412,341,0.4,E5b_subtraction
97,14,subtraction,just_grokked,5750,1.0,0.9224229454994202,36.1359239514965,nf,3,0.1504119038581848,0.1098122522234916,341,0.4,E5b_subtraction
97,14,subtraction,just_grokked,5750,1.0,0.9224229454994202,36.1359239514965,nf,4,0.4735583364963531,0.3393552899360657,341,0.4,E5b_subtraction
97,14,subtraction,just_grokked,5750,1.0,0.9224229454994202,36.1359239514965,nf,5,0.7361147999763489,0.5416224002838135,341,0.4,E5b_subtraction
97,14,subtraction,just_grokked,5750,1.0,0.9224229454994202,36.1359239514965,nf,6,0.888918399810791,0.6868579387664795,341,0.4,E5b_subtraction
97,14,subtraction,just_grokked,5750,1.0,0.9224229454994202,36.1359239514965,nf,8,0.98591548204422,0.8312079310417175,341,0.4,E5b_subtraction
97,14,subtraction,just_grokked,5750,1.0,0.9224229454994202,36.1359239514965,nf,10,0.98591548204422,0.8312079310417175,341,0.4,E5b_subtraction
97,14,subtraction,just_grokked,5750,1.0,0.9224229454994202,36.1359239514965,nf,12,0.98591548204422,0.8312079310417175,341,0.4,E5b_subtraction
97,14,subtraction,just_grokked,5750,1.0,0.9224229454994202,36.1359239514965,nf,16,0.98591548204422,0.8312079310417175,341,0.4,E5b_subtraction
97,14,subtraction,just_grokked,5750,1.0,0.9224229454994202,36.1359239514965,nf,23,1.0,0.9224229454994202,341,0.4,E5b_subtraction
97,14,subtraction,post_grok_500,6250,0.8671272993087769,0.8251859545707703,33.5761384318646,int,2,0.0114270532503724,0.0083244778215885,341,0.4,E5b_subtraction
97,14,subtraction,post_grok_500,6250,0.8671272993087769,0.8251859545707703,33.5761384318646,int,3,0.0664363577961921,0.0662415847182273,341,0.4,E5b_subtraction
97,14,subtraction,post_grok_500,6250,0.8671272993087769,0.8251859545707703,33.5761384318646,int,4,0.1387191116809845,0.1245129257440567,341,0.4,E5b_subtraction
97,14,subtraction,post_grok_500,6250,0.8671272993087769,0.8251859545707703,33.5761384318646,int,5,0.789263904094696,0.7392844557762146,341,0.4,E5b_subtraction
97,14,subtraction,post_grok_500,6250,0.8671272993087769,0.8251859545707703,33.5761384318646,int,6,0.8283284902572632,0.790825366973877,341,0.4,E5b_subtraction
97,14,subtraction,post_grok_500,6250,0.8671272993087769,0.8251859545707703,33.5761384318646,int,8,0.8652670979499817,0.8253630995750427,341,0.4,E5b_subtraction
97,14,subtraction,post_grok_500,6250,0.8671272993087769,0.8251859545707703,33.5761384318646,int,10,0.8665958046913147,0.8251859545707703,341,0.4,E5b_subtraction
97,14,subtraction,post_grok_500,6250,0.8671272993087769,0.8251859545707703,33.5761384318646,int,12,0.8673930168151855,0.826071560382843,341,0.4,E5b_subtraction
97,14,subtraction,post_grok_500,6250,0.8671272993087769,0.8251859545707703,33.5761384318646,int,16,0.8671272993087769,0.8251859545707703,341,0.4,E5b_subtraction
97,14,subtraction,post_grok_500,6250,0.8671272993087769,0.8251859545707703,33.5761384318646,int,23,0.8671272993087769,0.8251859545707703,341,0.4,E5b_subtraction
97,14,subtraction,post_grok_500,6250,0.8671272993087769,0.8251859545707703,33.5761384318646,mantissa,2,0.8615466356277466,0.8172157406806946,341,0.4,E5b_subtraction
97,14,subtraction,post_grok_500,6250,0.8671272993087769,0.8251859545707703,33.5761384318646,mantissa,3,0.8607494235038757,0.8211122751235962,341,0.4,E5b_subtraction
97,14,subtraction,post_grok_500,6250,0.8671272993087769,0.8251859545707703,33.5761384318646,mantissa,4,0.8599521517753601,0.8202267289161682,341,0.4,E5b_subtraction
97,14,subtraction,post_grok_500,6250,0.8671272993087769,0.8251859545707703,33.5761384318646,mantissa,5,0.8673930168151855,0.8250088691711426,341,0.4,E5b_subtraction
97,14,subtraction,post_grok_500,6250,0.8671272993087769,0.8251859545707703,33.5761384318646,mantissa,6,0.8657985925674438,0.8258944153785706,341,0.4,E5b_subtraction
97,14,subtraction,post_grok_500,6250,0.8671272993087769,0.8251859545707703,33.5761384318646,mantissa,8,0.8665958046913147,0.8253630995750427,341,0.4,E5b_subtraction
97,14,subtraction,post_grok_500,6250,0.8671272993087769,0.8251859545707703,33.5761384318646,mantissa,10,0.8668615221977234,0.8253630995750427,341,0.4,E5b_subtraction
97,14,subtraction,post_grok_500,6250,0.8671272993087769,0.8251859545707703,33.5761384318646,mantissa,12,0.8671272993087769,0.8251859545707703,341,0.4,E5b_subtraction
97,14,subtraction,post_grok_500,6250,0.8671272993087769,0.8251859545707703,33.5761384318646,mantissa,16,0.8671272993087769,0.8251859545707703,341,0.4,E5b_subtraction
97,14,subtraction,post_grok_500,6250,0.8671272993087769,0.8251859545707703,33.5761384318646,mantissa,23,0.8671272993087769,0.8251859545707703,341,0.4,E5b_subtraction
97,14,subtraction,post_grok_500,6250,0.8671272993087769,0.8251859545707703,33.5761384318646,nf,2,0.0287005044519901,0.023556500673294,341,0.4,E5b_subtraction
97,14,subtraction,post_grok_500,6250,0.8671272993087769,0.8251859545707703,33.5761384318646,nf,3,0.0969970747828483,0.0805880278348922,341,0.4,E5b_subtraction
97,14,subtraction,post_grok_500,6250,0.8671272993087769,0.8251859545707703,33.5761384318646,nf,4,0.1841615736484527,0.1567481458187103,341,0.4,E5b_subtraction
97,14,subtraction,post_grok_500,6250,0.8671272993087769,0.8251859545707703,33.5761384318646,nf,5,0.3202232420444488,0.2798441350460052,341,0.4,E5b_subtraction
97,14,subtraction,post_grok_500,6250,0.8671272993087769,0.8251859545707703,33.5761384318646,nf,6,0.4477810263633728,0.3944385349750519,341,0.4,E5b_subtraction
97,14,subtraction,post_grok_500,6250,0.8671272993087769,0.8251859545707703,33.5761384318646,nf,8,0.6391177177429199,0.5809422731399536,341,0.4,E5b_subtraction
97,14,subtraction,post_grok_500,6250,0.8671272993087769,0.8251859545707703,33.5761384318646,nf,10,0.6391177177429199,0.5809422731399536,341,0.4,E5b_subtraction
97,14,subtraction,post_grok_500,6250,0.8671272993087769,0.8251859545707703,33.5761384318646,nf,12,0.6391177177429199,0.5809422731399536,341,0.4,E5b_subtraction
97,14,subtraction,post_grok_500,6250,0.8671272993087769,0.8251859545707703,33.5761384318646,nf,16,0.6391177177429199,0.5809422731399536,341,0.4,E5b_subtraction
97,14,subtraction,post_grok_500,6250,0.8671272993087769,0.8251859545707703,33.5761384318646,nf,23,0.8671272993087769,0.8251859545707703,341,0.4,E5b_subtraction
97,14,subtraction,post_grok_1500,7250,1.0,1.0,33.54654452157135,int,2,0.0106298169121146,0.0106269922107458,341,0.4,E5b_subtraction
97,14,subtraction,post_grok_1500,7250,1.0,1.0,33.54654452157135,int,3,0.0164762157946825,0.016648955643177,341,0.4,E5b_subtraction
97,14,subtraction,post_grok_1500,7250,1.0,1.0,33.54654452157135,int,4,0.0385330840945243,0.0432164371013641,341,0.4,E5b_subtraction
97,14,subtraction,post_grok_1500,7250,1.0,1.0,33.54654452157135,int,5,0.4031358063220978,0.4013460874557495,341,0.4,E5b_subtraction
97,14,subtraction,post_grok_1500,7250,1.0,1.0,33.54654452157135,int,6,0.9981397986412048,0.996811866760254,341,0.4,E5b_subtraction
97,14,subtraction,post_grok_1500,7250,1.0,1.0,33.54654452157135,int,8,1.0,1.0,341,0.4,E5b_subtraction
97,14,subtraction,post_grok_1500,7250,1.0,1.0,33.54654452157135,int,10,1.0,1.0,341,0.4,E5b_subtraction
97,14,subtraction,post_grok_1500,7250,1.0,1.0,33.54654452157135,int,12,1.0,1.0,341,0.4,E5b_subtraction
97,14,subtraction,post_grok_1500,7250,1.0,1.0,33.54654452157135,int,16,1.0,1.0,341,0.4,E5b_subtraction
97,14,subtraction,post_grok_1500,7250,1.0,1.0,33.54654452157135,int,23,1.0,1.0,341,0.4,E5b_subtraction
97,14,subtraction,post_grok_1500,7250,1.0,1.0,33.54654452157135,mantissa,2,1.0,1.0,341,0.4,E5b_subtraction
97,14,subtraction,post_grok_1500,7250,1.0,1.0,33.54654452157135,mantissa,3,1.0,1.0,341,0.4,E5b_subtraction
97,14,subtraction,post_grok_1500,7250,1.0,1.0,33.54654452157135,mantissa,4,1.0,1.0,341,0.4,E5b_subtraction
97,14,subtraction,post_grok_1500,7250,1.0,1.0,33.54654452157135,mantissa,5,1.0,1.0,341,0.4,E5b_subtraction
97,14,subtraction,post_grok_1500,7250,1.0,1.0,33.54654452157135,mantissa,6,1.0,1.0,341,0.4,E5b_subtraction
97,14,subtraction,post_grok_1500,7250,1.0,1.0,33.54654452157135,mantissa,8,1.0,1.0,341,0.4,E5b_subtraction
97,14,subtraction,post_grok_1500,7250,1.0,1.0,33.54654452157135,mantissa,10,1.0,1.0,341,0.4,E5b_subtraction
97,14,subtraction,post_grok_1500,7250,1.0,1.0,33.54654452157135,mantissa,12,1.0,1.0,341,0.4,E5b_subtraction
97,14,subtraction,post_grok_1500,7250,1.0,1.0,33.54654452157135,mantissa,16,1.0,1.0,341,0.4,E5b_subtraction
97,14,subtraction,post_grok_1500,7250,1.0,1.0,33.54654452157135,mantissa,23,1.0,1.0,341,0.4,E5b_subtraction
97,14,subtraction,post_grok_1500,7250,1.0,1.0,33.54654452157135,nf,2,0.0178049430251121,0.0175345372408628,341,0.4,E5b_subtraction
97,14,subtraction,post_grok_1500,7250,1.0,1.0,33.54654452157135,nf,3,0.2354504466056823,0.2164364159107208,341,0.4,E5b_subtraction
97,14,subtraction,post_grok_1500,7250,1.0,1.0,33.54654452157135,nf,4,0.4809992015361786,0.4543039202690124,341,0.4,E5b_subtraction
97,14,subtraction,post_grok_1500,7250,1.0,1.0,33.54654452157135,nf,5,0.6524050235748291,0.6321289539337158,341,0.4,E5b_subtraction
97,14,subtraction,post_grok_1500,7250,1.0,1.0,33.54654452157135,nf,6,0.8068031072616577,0.7856889963150024,341,0.4,E5b_subtraction
97,14,subtraction,post_grok_1500,7250,1.0,1.0,33.54654452157135,nf,8,0.9327664375305176,0.9334041476249696,341,0.4,E5b_subtraction
97,14,subtraction,post_grok_1500,7250,1.0,1.0,33.54654452157135,nf,10,0.9327664375305176,0.9334041476249696,341,0.4,E5b_subtraction
97,14,subtraction,post_grok_1500,7250,1.0,1.0,33.54654452157135,nf,12,0.9327664375305176,0.9334041476249696,341,0.4,E5b_subtraction
97,14,subtraction,post_grok_1500,7250,1.0,1.0,33.54654452157135,nf,16,0.9327664375305176,0.9334041476249696,341,0.4,E5b_subtraction
97,14,subtraction,post_grok_1500,7250,1.0,1.0,33.54654452157135,nf,23,1.0,1.0,341,0.4,E5b_subtraction
97,14,subtraction,post_grok_4000,9750,1.0,1.0,33.6224208856611,int,2,0.0100983260199427,0.0104498760774731,341,0.4,E5b_subtraction
97,14,subtraction,post_grok_4000,9750,1.0,1.0,33.6224208856611,int,3,0.0140845067799091,0.0150549057871103,341,0.4,E5b_subtraction
97,14,subtraction,post_grok_4000,9750,1.0,1.0,33.6224208856611,int,4,0.0273717772215604,0.031349629163742,341,0.4,E5b_subtraction
97,14,subtraction,post_grok_4000,9750,1.0,1.0,33.6224208856611,int,5,0.5655062198638916,0.5586255788803101,341,0.4,E5b_subtraction
97,14,subtraction,post_grok_4000,9750,1.0,1.0,33.6224208856611,int,6,1.0,1.0,341,0.4,E5b_subtraction
97,14,subtraction,post_grok_4000,9750,1.0,1.0,33.6224208856611,int,8,1.0,1.0,341,0.4,E5b_subtraction
97,14,subtraction,post_grok_4000,9750,1.0,1.0,33.6224208856611,int,10,1.0,1.0,341,0.4,E5b_subtraction
97,14,subtraction,post_grok_4000,9750,1.0,1.0,33.6224208856611,int,12,1.0,1.0,341,0.4,E5b_subtraction
97,14,subtraction,post_grok_4000,9750,1.0,1.0,33.6224208856611,int,16,1.0,1.0,341,0.4,E5b_subtraction
97,14,subtraction,post_grok_4000,9750,1.0,1.0,33.6224208856611,int,23,1.0,1.0,341,0.4,E5b_subtraction
97,14,subtraction,post_grok_4000,9750,1.0,1.0,33.6224208856611,mantissa,2,1.0,1.0,341,0.4,E5b_subtraction
97,14,subtraction,post_grok_4000,9750,1.0,1.0,33.6224208856611,mantissa,3,1.0,1.0,341,0.4,E5b_subtraction
97,14,subtraction,post_grok_4000,9750,1.0,1.0,33.6224208856611,mantissa,4,1.0,1.0,341,0.4,E5b_subtraction
97,14,subtraction,post_grok_4000,9750,1.0,1.0,33.6224208856611,mantissa,5,1.0,1.0,341,0.4,E5b_subtraction
97,14,subtraction,post_grok_4000,9750,1.0,1.0,33.6224208856611,mantissa,6,1.0,1.0,341,0.4,E5b_subtraction
97,14,subtraction,post_grok_4000,9750,1.0,1.0,33.6224208856611,mantissa,8,1.0,1.0,341,0.4,E5b_subtraction
97,14,subtraction,post_grok_4000,9750,1.0,1.0,33.6224208856611,mantissa,10,1.0,1.0,341,0.4,E5b_subtraction
97,14,subtraction,post_grok_4000,9750,1.0,1.0,33.6224208856611,mantissa,12,1.0,1.0,341,0.4,E5b_subtraction
97,14,subtraction,post_grok_4000,9750,1.0,1.0,33.6224208856611,mantissa,16,1.0,1.0,341,0.4,E5b_subtraction
97,14,subtraction,post_grok_4000,9750,1.0,1.0,33.6224208856611,mantissa,23,1.0,1.0,341,0.4,E5b_subtraction
97,14,subtraction,post_grok_4000,9750,1.0,1.0,33.6224208856611,nf,2,0.0132872704416513,0.011866807937622,341,0.4,E5b_subtraction
97,14,subtraction,post_grok_4000,9750,1.0,1.0,33.6224208856611,nf,3,0.0815838426351547,0.0729720145463943,341,0.4,E5b_subtraction
97,14,subtraction,post_grok_4000,9750,1.0,1.0,33.6224208856611,nf,4,0.2965718805789947,0.2892313003540039,341,0.4,E5b_subtraction
97,14,subtraction,post_grok_4000,9750,1.0,1.0,33.6224208856611,nf,5,0.3895827829837799,0.3707049190998077,341,0.4,E5b_subtraction
97,14,subtraction,post_grok_4000,9750,1.0,1.0,33.6224208856611,nf,6,0.5601913332939148,0.5304640531539917,341,0.4,E5b_subtraction
97,14,subtraction,post_grok_4000,9750,1.0,1.0,33.6224208856611,nf,8,0.8591549396514893,0.8370527625083923,341,0.4,E5b_subtraction
97,14,subtraction,post_grok_4000,9750,1.0,1.0,33.6224208856611,nf,10,0.8591549396514893,0.8370527625083923,341,0.4,E5b_subtraction
97,14,subtraction,post_grok_4000,9750,1.0,1.0,33.6224208856611,nf,12,0.8591549396514893,0.8370527625083923,341,0.4,E5b_subtraction
97,14,subtraction,post_grok_4000,9750,1.0,1.0,33.6224208856611,nf,16,0.8591549396514893,0.8370527625083923,341,0.4,E5b_subtraction
97,14,subtraction,post_grok_4000,9750,1.0,1.0,33.6224208856611,nf,23,1.0,1.0,341,0.4,E5b_subtraction
97,14,subtraction,cleaned_up,30000,1.0,1.0,32.71026955581535,int,2,0.0122242895886302,0.010804109275341,341,0.4,E5b_subtraction
97,14,subtraction,cleaned_up,30000,1.0,1.0,32.71026955581535,int,3,0.018336433917284,0.0182430036365985,341,0.4,E5b_subtraction
97,14,subtraction,cleaned_up,30000,1.0,1.0,32.71026955581535,int,4,0.0669678449630737,0.0690754503011703,341,0.4,E5b_subtraction
97,14,subtraction,cleaned_up,30000,1.0,1.0,32.71026955581535,int,5,0.8913101553916931,0.8779667019844055,341,0.4,E5b_subtraction
97,14,subtraction,cleaned_up,30000,1.0,1.0,32.71026955581535,int,6,1.0,1.0,341,0.4,E5b_subtraction
97,14,subtraction,cleaned_up,30000,1.0,1.0,32.71026955581535,int,8,1.0,1.0,341,0.4,E5b_subtraction
97,14,subtraction,cleaned_up,30000,1.0,1.0,32.71026955581535,int,10,1.0,1.0,341,0.4,E5b_subtraction
97,14,subtraction,cleaned_up,30000,1.0,1.0,32.71026955581535,int,12,1.0,1.0,341,0.4,E5b_subtraction
97,14,subtraction,cleaned_up,30000,1.0,1.0,32.71026955581535,int,16,1.0,1.0,341,0.4,E5b_subtraction
97,14,subtraction,cleaned_up,30000,1.0,1.0,32.71026955581535,int,23,1.0,1.0,341,0.4,E5b_subtraction
97,14,subtraction,cleaned_up,30000,1.0,1.0,32.71026955581535,mantissa,2,1.0,1.0,341,0.4,E5b_subtraction
97,14,subtraction,cleaned_up,30000,1.0,1.0,32.71026955581535,mantissa,3,1.0,1.0,341,0.4,E5b_subtraction
97,14,subtraction,cleaned_up,30000,1.0,1.0,32.71026955581535,mantissa,4,1.0,1.0,341,0.4,E5b_subtraction
97,14,subtraction,cleaned_up,30000,1.0,1.0,32.71026955581535,mantissa,5,1.0,1.0,341,0.4,E5b_subtraction
97,14,subtraction,cleaned_up,30000,1.0,1.0,32.71026955581535,mantissa,6,1.0,1.0,341,0.4,E5b_subtraction
97,14,subtraction,cleaned_up,30000,1.0,1.0,32.71026955581535,mantissa,8,1.0,1.0,341,0.4,E5b_subtraction
97,14,subtraction,cleaned_up,30000,1.0,1.0,32.71026955581535,mantissa,10,1.0,1.0,341,0.4,E5b_subtraction
97,14,subtraction,cleaned_up,30000,1.0,1.0,32.71026955581535,mantissa,12,1.0,1.0,341,0.4,E5b_subtraction
97,14,subtraction,cleaned_up,30000,1.0,1.0,32.71026955581535,mantissa,16,1.0,1.0,341,0.4,E5b_subtraction
97,14,subtraction,cleaned_up,30000,1.0,1.0,32.71026955581535,mantissa,23,1.0,1.0,341,0.4,E5b_subtraction
97,14,subtraction,cleaned_up,30000,1.0,1.0,32.71026955581535,nf,2,0.0276375226676464,0.0203684028238058,341,0.4,E5b_subtraction
97,14,subtraction,cleaned_up,30000,1.0,1.0,32.71026955581535,nf,3,0.0853042751550674,0.0752745270729065,341,0.4,E5b_subtraction
97,14,subtraction,cleaned_up,30000,1.0,1.0,32.71026955581535,nf,4,0.2354504466056823,0.2229897230863571,341,0.4,E5b_subtraction
97,14,subtraction,cleaned_up,30000,1.0,1.0,32.71026955581535,nf,5,0.5872973799705505,0.5541976690292358,341,0.4,E5b_subtraction
97,14,subtraction,cleaned_up,30000,1.0,1.0,32.71026955581535,nf,6,0.7781025767326355,0.7635493874549866,341,0.4,E5b_subtraction
97,14,subtraction,cleaned_up,30000,1.0,1.0,32.71026955581535,nf,8,0.9824607968330384,0.977506160736084,341,0.4,E5b_subtraction
97,14,subtraction,cleaned_up,30000,1.0,1.0,32.71026955581535,nf,10,0.9824607968330384,0.977506160736084,341,0.4,E5b_subtraction
97,14,subtraction,cleaned_up,30000,1.0,1.0,32.71026955581535,nf,12,0.9824607968330384,0.977506160736084,341,0.4,E5b_subtraction
97,14,subtraction,cleaned_up,30000,1.0,1.0,32.71026955581535,nf,16,0.9824607968330384,0.977506160736084,341,0.4,E5b_subtraction
97,14,subtraction,cleaned_up,30000,1.0,1.0,32.71026955581535,nf,23,1.0,1.0,341,0.4,E5b_subtraction
97,15,subtraction,pre_grok,300,0.998671293258667,0.0811193734407424,42.13519798272357,int,2,0.0247143246233463,0.0170031879097223,341,0.4,E5b_subtraction
97,15,subtraction,pre_grok,300,0.998671293258667,0.0811193734407424,42.13519798272357,int,3,0.1676853597164154,0.0570315271615982,341,0.4,E5b_subtraction
97,15,subtraction,pre_grok,300,0.998671293258667,0.0811193734407424,42.13519798272357,int,4,0.3720435798168182,0.0658873543143272,341,0.4,E5b_subtraction
97,15,subtraction,pre_grok,300,0.998671293258667,0.0811193734407424,42.13519798272357,int,5,0.7201700806617737,0.0855472907423973,341,0.4,E5b_subtraction
97,15,subtraction,pre_grok,300,0.998671293258667,0.0811193734407424,42.13519798272357,int,6,0.9285144805908204,0.0793482065200805,341,0.4,E5b_subtraction
97,15,subtraction,pre_grok,300,0.998671293258667,0.0811193734407424,42.13519798272357,int,8,0.9944193363189696,0.0812964886426925,341,0.4,E5b_subtraction
97,15,subtraction,pre_grok,300,0.998671293258667,0.0811193734407424,42.13519798272357,int,10,0.9984055161476136,0.0814736112952232,341,0.4,E5b_subtraction
97,15,subtraction,pre_grok,300,0.998671293258667,0.0811193734407424,42.13519798272357,int,12,0.9984055161476136,0.0814736112952232,341,0.4,E5b_subtraction
97,15,subtraction,pre_grok,300,0.998671293258667,0.0811193734407424,42.13519798272357,int,16,0.998671293258667,0.0811193734407424,341,0.4,E5b_subtraction
97,15,subtraction,pre_grok,300,0.998671293258667,0.0811193734407424,42.13519798272357,int,23,0.998671293258667,0.0811193734407424,341,0.4,E5b_subtraction
97,15,subtraction,pre_grok,300,0.998671293258667,0.0811193734407424,42.13519798272357,mantissa,2,0.8317831754684448,0.0772228091955185,341,0.4,E5b_subtraction
97,15,subtraction,pre_grok,300,0.998671293258667,0.0811193734407424,42.13519798272357,mantissa,3,0.9681105613708496,0.0795253291726112,341,0.4,E5b_subtraction
97,15,subtraction,pre_grok,300,0.998671293258667,0.0811193734407424,42.13519798272357,mantissa,4,0.9976083040237428,0.0827134251594543,341,0.4,E5b_subtraction
97,15,subtraction,pre_grok,300,0.998671293258667,0.0811193734407424,42.13519798272357,mantissa,5,0.998671293258667,0.0823591947555542,341,0.4,E5b_subtraction
97,15,subtraction,pre_grok,300,0.998671293258667,0.0811193734407424,42.13519798272357,mantissa,6,1.0,0.0802337899804115,341,0.4,E5b_subtraction
97,15,subtraction,pre_grok,300,0.998671293258667,0.0811193734407424,42.13519798272357,mantissa,8,0.9984055161476136,0.0816507264971733,341,0.4,E5b_subtraction
97,15,subtraction,pre_grok,300,0.998671293258667,0.0811193734407424,42.13519798272357,mantissa,10,0.998671293258667,0.0816507264971733,341,0.4,E5b_subtraction
97,15,subtraction,pre_grok,300,0.998671293258667,0.0811193734407424,42.13519798272357,mantissa,12,0.998671293258667,0.0811193734407424,341,0.4,E5b_subtraction
97,15,subtraction,pre_grok,300,0.998671293258667,0.0811193734407424,42.13519798272357,mantissa,16,0.998671293258667,0.0811193734407424,341,0.4,E5b_subtraction
97,15,subtraction,pre_grok,300,0.998671293258667,0.0811193734407424,42.13519798272357,mantissa,23,0.998671293258667,0.0811193734407424,341,0.4,E5b_subtraction
97,15,subtraction,pre_grok,300,0.998671293258667,0.0811193734407424,42.13519798272357,nf,2,0.1068296581506729,0.0393198728561401,341,0.4,E5b_subtraction
97,15,subtraction,pre_grok,300,0.998671293258667,0.0811193734407424,42.13519798272357,nf,3,0.2575072944164276,0.0556145943701267,341,0.4,E5b_subtraction
97,15,subtraction,pre_grok,300,0.998671293258667,0.0811193734407424,42.13519798272357,nf,4,0.483922392129898,0.0681898668408393,341,0.4,E5b_subtraction
97,15,subtraction,pre_grok,300,0.998671293258667,0.0811193734407424,42.13519798272357,nf,5,0.7956417798995972,0.0821820721030235,341,0.4,E5b_subtraction
97,15,subtraction,pre_grok,300,0.998671293258667,0.0811193734407424,42.13519798272357,nf,6,0.9069890975952148,0.0797024443745613,341,0.4,E5b_subtraction
97,15,subtraction,pre_grok,300,0.998671293258667,0.0811193734407424,42.13519798272357,nf,8,0.9989370107650756,0.0820049569010734,341,0.4,E5b_subtraction
97,15,subtraction,pre_grok,300,0.998671293258667,0.0811193734407424,42.13519798272357,nf,10,0.9989370107650756,0.0820049569010734,341,0.4,E5b_subtraction
97,15,subtraction,pre_grok,300,0.998671293258667,0.0811193734407424,42.13519798272357,nf,12,0.9989370107650756,0.0820049569010734,341,0.4,E5b_subtraction
97,15,subtraction,pre_grok,300,0.998671293258667,0.0811193734407424,42.13519798272357,nf,16,0.9989370107650756,0.0820049569010734,341,0.4,E5b_subtraction
97,15,subtraction,pre_grok,300,0.998671293258667,0.0811193734407424,42.13519798272357,nf,23,0.998671293258667,0.0811193734407424,341,0.4,E5b_subtraction
97,15,subtraction,just_grokked,11400,1.0,0.9001062512397766,53.04895188952798,int,2,0.0100983260199427,0.0097414096817374,341,0.4,E5b_subtraction
97,15,subtraction,just_grokked,11400,1.0,0.9001062512397766,53.04895188952798,int,3,0.0127557795494794,0.0143464393913745,341,0.4,E5b_subtraction
97,15,subtraction,just_grokked,11400,1.0,0.9001062512397766,53.04895188952798,int,4,0.0398618131875991,0.0356004238128662,341,0.4,E5b_subtraction
97,15,subtraction,just_grokked,11400,1.0,0.9001062512397766,53.04895188952798,int,5,0.0802551135420799,0.0696068033576011,341,0.4,E5b_subtraction
97,15,subtraction,just_grokked,11400,1.0,0.9001062512397766,53.04895188952798,int,6,0.8809460401535034,0.7192702889442444,341,0.4,E5b_subtraction
97,15,subtraction,just_grokked,11400,1.0,0.9001062512397766,53.04895188952798,int,8,1.0,0.8956783413887024,341,0.4,E5b_subtraction
97,15,subtraction,just_grokked,11400,1.0,0.9001062512397766,53.04895188952798,int,10,1.0,0.9008147120475768,341,0.4,E5b_subtraction
97,15,subtraction,just_grokked,11400,1.0,0.9001062512397766,53.04895188952798,int,12,1.0,0.9001062512397766,341,0.4,E5b_subtraction
97,15,subtraction,just_grokked,11400,1.0,0.9001062512397766,53.04895188952798,int,16,1.0,0.9001062512397766,341,0.4,E5b_subtraction
97,15,subtraction,just_grokked,11400,1.0,0.9001062512397766,53.04895188952798,int,23,1.0,0.9001062512397766,341,0.4,E5b_subtraction
97,15,subtraction,just_grokked,11400,1.0,0.9001062512397766,53.04895188952798,mantissa,2,0.9984055161476136,0.8878852128982544,341,0.4,E5b_subtraction
97,15,subtraction,just_grokked,11400,1.0,0.9001062512397766,53.04895188952798,mantissa,3,1.0,0.8974494934082031,341,0.4,E5b_subtraction
97,15,subtraction,just_grokked,11400,1.0,0.9001062512397766,53.04895188952798,mantissa,4,1.0,0.8988664150238037,341,0.4,E5b_subtraction
97,15,subtraction,just_grokked,11400,1.0,0.9001062512397766,53.04895188952798,mantissa,5,1.0,0.8995749354362488,341,0.4,E5b_subtraction
97,15,subtraction,just_grokked,11400,1.0,0.9001062512397766,53.04895188952798,mantissa,6,1.0,0.8993977904319763,341,0.4,E5b_subtraction
97,15,subtraction,just_grokked,11400,1.0,0.9001062512397766,53.04895188952798,mantissa,8,1.0,0.9001062512397766,341,0.4,E5b_subtraction
97,15,subtraction,just_grokked,11400,1.0,0.9001062512397766,53.04895188952798,mantissa,10,1.0,0.9001062512397766,341,0.4,E5b_subtraction
97,15,subtraction,just_grokked,11400,1.0,0.9001062512397766,53.04895188952798,mantissa,12,1.0,0.9001062512397766,341,0.4,E5b_subtraction
97,15,subtraction,just_grokked,11400,1.0,0.9001062512397766,53.04895188952798,mantissa,16,1.0,0.9001062512397766,341,0.4,E5b_subtraction
97,15,subtraction,just_grokked,11400,1.0,0.9001062512397766,53.04895188952798,mantissa,23,1.0,0.9001062512397766,341,0.4,E5b_subtraction
97,15,subtraction,just_grokked,11400,1.0,0.9001062512397766,53.04895188952798,nf,2,0.0119585441425442,0.0102727590128779,341,0.4,E5b_subtraction
97,15,subtraction,just_grokked,11400,1.0,0.9001062512397766,53.04895188952798,nf,3,0.0361413769423961,0.0306411609053611,341,0.4,E5b_subtraction
97,15,subtraction,just_grokked,11400,1.0,0.9001062512397766,53.04895188952798,nf,4,0.0768004283308982,0.0589798092842102,341,0.4,E5b_subtraction
97,15,subtraction,just_grokked,11400,1.0,0.9001062512397766,53.04895188952798,nf,5,0.126494824886322,0.0984767973423004,341,0.4,E5b_subtraction
97,15,subtraction,just_grokked,11400,1.0,0.9001062512397766,53.04895188952798,nf,6,0.209673136472702,0.1675522476434707,341,0.4,E5b_subtraction
97,15,subtraction,just_grokked,11400,1.0,0.9001062512397766,53.04895188952798,nf,8,0.4275843799114227,0.3336875736713409,341,0.4,E5b_subtraction
97,15,subtraction,just_grokked,11400,1.0,0.9001062512397766,53.04895188952798,nf,10,0.4275843799114227,0.3336875736713409,341,0.4,E5b_subtraction
97,15,subtraction,just_grokked,11400,1.0,0.9001062512397766,53.04895188952798,nf,12,0.4275843799114227,0.3336875736713409,341,0.4,E5b_subtraction
97,15,subtraction,just_grokked,11400,1.0,0.9001062512397766,53.04895188952798,nf,16,0.4275843799114227,0.3336875736713409,341,0.4,E5b_subtraction
97,15,subtraction,just_grokked,11400,1.0,0.9001062512397766,53.04895188952798,nf,23,1.0,0.9001062512397766,341,0.4,E5b_subtraction
97,15,subtraction,post_grok_500,11900,0.9891044497489928,0.8841657638549805,54.72457395067964,int,2,0.0111613078042864,0.00991852581501,341,0.4,E5b_subtraction
97,15,subtraction,post_grok_500,11900,0.9891044497489928,0.8841657638549805,54.72457395067964,int,3,0.0263087954372167,0.0270988307893276,341,0.4,E5b_subtraction
97,15,subtraction,post_grok_500,11900,0.9891044497489928,0.8841657638549805,54.72457395067964,int,4,0.1076268926262855,0.0883811563253402,341,0.4,E5b_subtraction
97,15,subtraction,post_grok_500,11900,0.9891044497489928,0.8841657638549805,54.72457395067964,int,5,0.6518735289573669,0.5568544268608093,341,0.4,E5b_subtraction
97,15,subtraction,post_grok_500,11900,0.9891044497489928,0.8841657638549805,54.72457395067964,int,6,0.9455221891403198,0.8397095203399658,341,0.4,E5b_subtraction
97,15,subtraction,post_grok_500,11900,0.9891044497489928,0.8841657638549805,54.72457395067964,int,8,0.9872442483901978,0.8839886784553528,341,0.4,E5b_subtraction
97,15,subtraction,post_grok_500,11900,0.9891044497489928,0.8841657638549805,54.72457395067964,int,10,0.9891044497489928,0.8838115334510803,341,0.4,E5b_subtraction
97,15,subtraction,post_grok_500,11900,0.9891044497489928,0.8841657638549805,54.72457395067964,int,12,0.9891044497489928,0.8841657638549805,341,0.4,E5b_subtraction
97,15,subtraction,post_grok_500,11900,0.9891044497489928,0.8841657638549805,54.72457395067964,int,16,0.9891044497489928,0.8841657638549805,341,0.4,E5b_subtraction
97,15,subtraction,post_grok_500,11900,0.9891044497489928,0.8841657638549805,54.72457395067964,int,23,0.9891044497489928,0.8841657638549805,341,0.4,E5b_subtraction
97,15,subtraction,post_grok_500,11900,0.9891044497489928,0.8841657638549805,54.72457395067964,mantissa,2,0.9843209981918336,0.8754870891571045,341,0.4,E5b_subtraction
97,15,subtraction,post_grok_500,11900,0.9891044497489928,0.8841657638549805,54.72457395067964,mantissa,3,0.98777574300766,0.8841657638549805,341,0.4,E5b_subtraction
97,15,subtraction,post_grok_500,11900,0.9891044497489928,0.8841657638549805,54.72457395067964,mantissa,4,0.9880414605140686,0.8834573030471802,341,0.4,E5b_subtraction
97,15,subtraction,post_grok_500,11900,0.9891044497489928,0.8841657638549805,54.72457395067964,mantissa,5,0.9888386726379396,0.8834573030471802,341,0.4,E5b_subtraction
97,15,subtraction,post_grok_500,11900,0.9891044497489928,0.8841657638549805,54.72457395067964,mantissa,6,0.9888386726379396,0.8846971392631531,341,0.4,E5b_subtraction
97,15,subtraction,post_grok_500,11900,0.9891044497489928,0.8841657638549805,54.72457395067964,mantissa,8,0.9891044497489928,0.8843429088592529,341,0.4,E5b_subtraction
97,15,subtraction,post_grok_500,11900,0.9891044497489928,0.8841657638549805,54.72457395067964,mantissa,10,0.9891044497489928,0.8841657638549805,341,0.4,E5b_subtraction
97,15,subtraction,post_grok_500,11900,0.9891044497489928,0.8841657638549805,54.72457395067964,mantissa,12,0.9891044497489928,0.8841657638549805,341,0.4,E5b_subtraction
97,15,subtraction,post_grok_500,11900,0.9891044497489928,0.8841657638549805,54.72457395067964,mantissa,16,0.9891044497489928,0.8841657638549805,341,0.4,E5b_subtraction
97,15,subtraction,post_grok_500,11900,0.9891044497489928,0.8841657638549805,54.72457395067964,mantissa,23,0.9891044497489928,0.8841657638549805,341,0.4,E5b_subtraction
97,15,subtraction,post_grok_500,11900,0.9891044497489928,0.8841657638549805,54.72457395067964,nf,2,0.0225883610546588,0.0180658865720033,341,0.4,E5b_subtraction
97,15,subtraction,post_grok_500,11900,0.9891044497489928,0.8841657638549805,54.72457395067964,nf,3,0.0443794839084148,0.0380800552666187,341,0.4,E5b_subtraction
97,15,subtraction,post_grok_500,11900,0.9891044497489928,0.8841657638549805,54.72457395067964,nf,4,0.098060056567192,0.0793482065200805,341,0.4,E5b_subtraction
97,15,subtraction,post_grok_500,11900,0.9891044497489928,0.8841657638549805,54.72457395067964,nf,5,0.1793781518936157,0.1535600423812866,341,0.4,E5b_subtraction
97,15,subtraction,post_grok_500,11900,0.9891044497489928,0.8841657638549805,54.72457395067964,nf,6,0.2939144372940063,0.2476089298725128,341,0.4,E5b_subtraction
97,15,subtraction,post_grok_500,11900,0.9891044497489928,0.8841657638549805,54.72457395067964,nf,8,0.510496973991394,0.4397803843021393,341,0.4,E5b_subtraction
97,15,subtraction,post_grok_500,11900,0.9891044497489928,0.8841657638549805,54.72457395067964,nf,10,0.510496973991394,0.4397803843021393,341,0.4,E5b_subtraction
97,15,subtraction,post_grok_500,11900,0.9891044497489928,0.8841657638549805,54.72457395067964,nf,12,0.510496973991394,0.4397803843021393,341,0.4,E5b_subtraction
97,15,subtraction,post_grok_500,11900,0.9891044497489928,0.8841657638549805,54.72457395067964,nf,16,0.510496973991394,0.4397803843021393,341,0.4,E5b_subtraction
97,15,subtraction,post_grok_500,11900,0.9891044497489928,0.8841657638549805,54.72457395067964,nf,23,0.9891044497489928,0.8841657638549805,341,0.4,E5b_subtraction
97,15,subtraction,post_grok_1500,12900,1.0,0.9383634328842164,57.64416072814527,int,2,0.0087695987895131,0.0113354586064815,341,0.4,E5b_subtraction
97,15,subtraction,post_grok_1500,12900,1.0,0.9383634328842164,57.64416072814527,int,3,0.0340154133737087,0.0258590150624513,341,0.4,E5b_subtraction
97,15,subtraction,post_grok_1500,12900,1.0,0.9383634328842164,57.64416072814527,int,4,0.1373903751373291,0.1285866051912307,341,0.4,E5b_subtraction
97,15,subtraction,post_grok_1500,12900,1.0,0.9383634328842164,57.64416072814527,int,5,0.8599521517753601,0.7842720150947571,341,0.4,E5b_subtraction
97,15,subtraction,post_grok_1500,12900,1.0,0.9383634328842164,57.64416072814527,int,6,0.9891044497489928,0.9254339337348938,341,0.4,E5b_subtraction
97,15,subtraction,post_grok_1500,12900,1.0,0.9383634328842164,57.64416072814527,int,8,0.9997342824935912,0.9383634328842164,341,0.4,E5b_subtraction
97,15,subtraction,post_grok_1500,12900,1.0,0.9383634328842164,57.64416072814527,int,10,1.0,0.9387176632881165,341,0.4,E5b_subtraction
97,15,subtraction,post_grok_1500,12900,1.0,0.9383634328842164,57.64416072814527,int,12,1.0,0.9387176632881165,341,0.4,E5b_subtraction
97,15,subtraction,post_grok_1500,12900,1.0,0.9383634328842164,57.64416072814527,int,16,1.0,0.9383634328842164,341,0.4,E5b_subtraction
97,15,subtraction,post_grok_1500,12900,1.0,0.9383634328842164,57.64416072814527,int,23,1.0,0.9383634328842164,341,0.4,E5b_subtraction
97,15,subtraction,post_grok_1500,12900,1.0,0.9383634328842164,57.64416072814527,mantissa,2,0.9978740215301514,0.935175359249115,341,0.4,E5b_subtraction
97,15,subtraction,post_grok_1500,12900,1.0,0.9383634328842164,57.64416072814527,mantissa,3,0.9997342824935912,0.9364151358604432,341,0.4,E5b_subtraction
97,15,subtraction,post_grok_1500,12900,1.0,0.9383634328842164,57.64416072814527,mantissa,4,1.0,0.9392490386962892,341,0.4,E5b_subtraction
97,15,subtraction,post_grok_1500,12900,1.0,0.9383634328842164,57.64416072814527,mantissa,5,1.0,0.9383634328842164,341,0.4,E5b_subtraction
97,15,subtraction,post_grok_1500,12900,1.0,0.9383634328842164,57.64416072814527,mantissa,6,1.0,0.9383634328842164,341,0.4,E5b_subtraction
97,15,subtraction,post_grok_1500,12900,1.0,0.9383634328842164,57.64416072814527,mantissa,8,1.0,0.9385405778884888,341,0.4,E5b_subtraction
97,15,subtraction,post_grok_1500,12900,1.0,0.9383634328842164,57.64416072814527,mantissa,10,1.0,0.9383634328842164,341,0.4,E5b_subtraction
97,15,subtraction,post_grok_1500,12900,1.0,0.9383634328842164,57.64416072814527,mantissa,12,1.0,0.9383634328842164,341,0.4,E5b_subtraction
97,15,subtraction,post_grok_1500,12900,1.0,0.9383634328842164,57.64416072814527,mantissa,16,1.0,0.9383634328842164,341,0.4,E5b_subtraction
97,15,subtraction,post_grok_1500,12900,1.0,0.9383634328842164,57.64416072814527,mantissa,23,1.0,0.9383634328842164,341,0.4,E5b_subtraction
97,15,subtraction,post_grok_1500,12900,1.0,0.9383634328842164,57.64416072814527,nf,2,0.0138187613338232,0.0132837407290935,341,0.4,E5b_subtraction
97,15,subtraction,post_grok_1500,12900,1.0,0.9383634328842164,57.64416072814527,nf,3,0.040393304079771,0.0371944718062877,341,0.4,E5b_subtraction
97,15,subtraction,post_grok_1500,12900,1.0,0.9383634328842164,57.64416072814527,nf,4,0.068562313914299,0.0614594407379627,341,0.4,E5b_subtraction
97,15,subtraction,post_grok_1500,12900,1.0,0.9383634328842164,57.64416072814527,nf,5,0.146425724029541,0.1252214014530182,341,0.4,E5b_subtraction
97,15,subtraction,post_grok_1500,12900,1.0,0.9383634328842164,57.64416072814527,nf,6,0.2341217100620269,0.1996103376150131,341,0.4,E5b_subtraction
97,15,subtraction,post_grok_1500,12900,1.0,0.9383634328842164,57.64416072814527,nf,8,0.4841881394386291,0.4153382778167724,341,0.4,E5b_subtraction
97,15,subtraction,post_grok_1500,12900,1.0,0.9383634328842164,57.64416072814527,nf,10,0.4841881394386291,0.4153382778167724,341,0.4,E5b_subtraction
97,15,subtraction,post_grok_1500,12900,1.0,0.9383634328842164,57.64416072814527,nf,12,0.4841881394386291,0.4153382778167724,341,0.4,E5b_subtraction
97,15,subtraction,post_grok_1500,12900,1.0,0.9383634328842164,57.64416072814527,nf,16,0.4841881394386291,0.4153382778167724,341,0.4,E5b_subtraction
97,15,subtraction,post_grok_1500,12900,1.0,0.9383634328842164,57.64416072814527,nf,23,1.0,0.9383634328842164,341,0.4,E5b_subtraction
97,15,subtraction,post_grok_4000,15400,1.0,0.9456251859664916,59.57329894537575,int,2,0.0069093806669116,0.0074388948269188,341,0.4,E5b_subtraction
97,15,subtraction,post_grok_4000,15400,1.0,0.9456251859664916,59.57329894537575,int,3,0.0079723624512553,0.0092100603505969,341,0.4,E5b_subtraction
97,15,subtraction,post_grok_4000,15400,1.0,0.9456251859664916,59.57329894537575,int,4,0.040393304079771,0.0432164371013641,341,0.4,E5b_subtraction
97,15,subtraction,post_grok_4000,15400,1.0,0.9456251859664916,59.57329894537575,int,5,0.403933048248291,0.3537017405033111,341,0.4,E5b_subtraction
97,15,subtraction,post_grok_4000,15400,1.0,0.9456251859664916,59.57329894537575,int,6,0.995482325553894,0.9328728318214417,341,0.4,E5b_subtraction
97,15,subtraction,post_grok_4000,15400,1.0,0.9456251859664916,59.57329894537575,int,8,1.0,0.9445624947547911,341,0.4,E5b_subtraction
97,15,subtraction,post_grok_4000,15400,1.0,0.9456251859664916,59.57329894537575,int,10,1.0,0.9459794163703918,341,0.4,E5b_subtraction
97,15,subtraction,post_grok_4000,15400,1.0,0.9456251859664916,59.57329894537575,int,12,1.0,0.9458023309707642,341,0.4,E5b_subtraction
97,15,subtraction,post_grok_4000,15400,1.0,0.9456251859664916,59.57329894537575,int,16,1.0,0.9456251859664916,341,0.4,E5b_subtraction
97,15,subtraction,post_grok_4000,15400,1.0,0.9456251859664916,59.57329894537575,int,23,1.0,0.9456251859664916,341,0.4,E5b_subtraction
97,15,subtraction,post_grok_4000,15400,1.0,0.9456251859664916,59.57329894537575,mantissa,2,0.9960138201713562,0.9371235966682434,341,0.4,E5b_subtraction
97,15,subtraction,post_grok_4000,15400,1.0,0.9456251859664916,59.57329894537575,mantissa,3,1.0,0.945093870162964,341,0.4,E5b_subtraction
97,15,subtraction,post_grok_4000,15400,1.0,0.9456251859664916,59.57329894537575,mantissa,4,1.0,0.9440311789512634,341,0.4,E5b_subtraction
97,15,subtraction,post_grok_4000,15400,1.0,0.9456251859664916,59.57329894537575,mantissa,5,1.0,0.945093870162964,341,0.4,E5b_subtraction
97,15,subtraction,post_grok_4000,15400,1.0,0.9456251859664916,59.57329894537575,mantissa,6,1.0,0.9458023309707642,341,0.4,E5b_subtraction
97,15,subtraction,post_grok_4000,15400,1.0,0.9456251859664916,59.57329894537575,mantissa,8,1.0,0.9458023309707642,341,0.4,E5b_subtraction
97,15,subtraction,post_grok_4000,15400,1.0,0.9456251859664916,59.57329894537575,mantissa,10,1.0,0.9456251859664916,341,0.4,E5b_subtraction
97,15,subtraction,post_grok_4000,15400,1.0,0.9456251859664916,59.57329894537575,mantissa,12,1.0,0.9456251859664916,341,0.4,E5b_subtraction
97,15,subtraction,post_grok_4000,15400,1.0,0.9456251859664916,59.57329894537575,mantissa,16,1.0,0.9456251859664916,341,0.4,E5b_subtraction
97,15,subtraction,post_grok_4000,15400,1.0,0.9456251859664916,59.57329894537575,mantissa,23,1.0,0.9456251859664916,341,0.4,E5b_subtraction
97,15,subtraction,post_grok_4000,15400,1.0,0.9456251859664916,59.57329894537575,nf,2,0.0087695987895131,0.0115125747397542,341,0.4,E5b_subtraction
97,15,subtraction,post_grok_4000,15400,1.0,0.9456251859664916,59.57329894537575,nf,3,0.0085038533434271,0.0097414096817374,341,0.4,E5b_subtraction
97,15,subtraction,post_grok_4000,15400,1.0,0.9456251859664916,59.57329894537575,nf,4,0.036672867834568,0.0371944718062877,341,0.4,E5b_subtraction
97,15,subtraction,post_grok_4000,15400,1.0,0.9456251859664916,59.57329894537575,nf,5,0.0956683531403541,0.0851930528879165,341,0.4,E5b_subtraction
97,15,subtraction,post_grok_4000,15400,1.0,0.9456251859664916,59.57329894537575,nf,6,0.1536008566617965,0.1374424397945404,341,0.4,E5b_subtraction
97,15,subtraction,post_grok_4000,15400,1.0,0.9456251859664916,59.57329894537575,nf,8,0.2971033751964569,0.2555791735649109,341,0.4,E5b_subtraction
97,15,subtraction,post_grok_4000,15400,1.0,0.9456251859664916,59.57329894537575,nf,10,0.2971033751964569,0.2555791735649109,341,0.4,E5b_subtraction
97,15,subtraction,post_grok_4000,15400,1.0,0.9456251859664916,59.57329894537575,nf,12,0.2971033751964569,0.2555791735649109,341,0.4,E5b_subtraction
97,15,subtraction,post_grok_4000,15400,1.0,0.9456251859664916,59.57329894537575,nf,16,0.2971033751964569,0.2555791735649109,341,0.4,E5b_subtraction
97,15,subtraction,post_grok_4000,15400,1.0,0.9456251859664916,59.57329894537575,nf,23,1.0,0.9456251859664916,341,0.4,E5b_subtraction
97,15,subtraction,cleaned_up,27300,1.0,0.9498760104179382,59.28963399107232,int,2,0.0100983260199427,0.0095642935484647,341,0.4,E5b_subtraction
97,15,subtraction,cleaned_up,27300,1.0,0.9498760104179382,59.28963399107232,int,3,0.0108955623582005,0.0090329432860016,341,0.4,E5b_subtraction
97,15,subtraction,cleaned_up,27300,1.0,0.9498760104179382,59.28963399107232,int,4,0.0826468244194984,0.0791710913181305,341,0.4,E5b_subtraction
97,15,subtraction,cleaned_up,27300,1.0,0.9498760104179382,59.28963399107232,int,5,0.278766930103302,0.2626638412475586,341,0.4,E5b_subtraction
97,15,subtraction,cleaned_up,27300,1.0,0.9498760104179382,59.28963399107232,int,6,0.7674727439880371,0.6925256848335266,341,0.4,E5b_subtraction
97,15,subtraction,cleaned_up,27300,1.0,0.9498760104179382,59.28963399107232,int,8,1.0,0.9509387016296388,341,0.4,E5b_subtraction
97,15,subtraction,cleaned_up,27300,1.0,0.9498760104179382,59.28963399107232,int,10,1.0,0.950053095817566,341,0.4,E5b_subtraction
97,15,subtraction,cleaned_up,27300,1.0,0.9498760104179382,59.28963399107232,int,12,1.0,0.9496988654136658,341,0.4,E5b_subtraction
97,15,subtraction,cleaned_up,27300,1.0,0.9498760104179382,59.28963399107232,int,16,1.0,0.9498760104179382,341,0.4,E5b_subtraction
97,15,subtraction,cleaned_up,27300,1.0,0.9498760104179382,59.28963399107232,int,23,1.0,0.9498760104179382,341,0.4,E5b_subtraction
97,15,subtraction,cleaned_up,27300,1.0,0.9498760104179382,59.28963399107232,mantissa,2,0.9976083040237428,0.9445624947547911,341,0.4,E5b_subtraction
97,15,subtraction,cleaned_up,27300,1.0,0.9498760104179382,59.28963399107232,mantissa,3,0.9997342824935912,0.9493446350097656,341,0.4,E5b_subtraction
97,15,subtraction,cleaned_up,27300,1.0,0.9498760104179382,59.28963399107232,mantissa,4,1.0,0.9509387016296388,341,0.4,E5b_subtraction
97,15,subtraction,cleaned_up,27300,1.0,0.9498760104179382,59.28963399107232,mantissa,5,1.0,0.9498760104179382,341,0.4,E5b_subtraction
97,15,subtraction,cleaned_up,27300,1.0,0.9498760104179382,59.28963399107232,mantissa,6,1.0,0.9502302408218384,341,0.4,E5b_subtraction
97,15,subtraction,cleaned_up,27300,1.0,0.9498760104179382,59.28963399107232,mantissa,8,1.0,0.9502302408218384,341,0.4,E5b_subtraction
97,15,subtraction,cleaned_up,27300,1.0,0.9498760104179382,59.28963399107232,mantissa,10,1.0,0.9498760104179382,341,0.4,E5b_subtraction
97,15,subtraction,cleaned_up,27300,1.0,0.9498760104179382,59.28963399107232,mantissa,12,1.0,0.9498760104179382,341,0.4,E5b_subtraction
97,15,subtraction,cleaned_up,27300,1.0,0.9498760104179382,59.28963399107232,mantissa,16,1.0,0.9498760104179382,341,0.4,E5b_subtraction
97,15,subtraction,cleaned_up,27300,1.0,0.9498760104179382,59.28963399107232,mantissa,23,1.0,0.9498760104179382,341,0.4,E5b_subtraction
97,15,subtraction,cleaned_up,27300,1.0,0.9498760104179382,59.28963399107232,nf,2,0.0135530158877372,0.0113354586064815,341,0.4,E5b_subtraction
97,15,subtraction,cleaned_up,27300,1.0,0.9498760104179382,59.28963399107232,nf,3,0.0241828337311744,0.0223166849464178,341,0.4,E5b_subtraction
97,15,subtraction,cleaned_up,27300,1.0,0.9498760104179382,59.28963399107232,nf,4,0.0698910430073738,0.0632306039333343,341,0.4,E5b_subtraction
97,15,subtraction,cleaned_up,27300,1.0,0.9498760104179382,59.28963399107232,nf,5,0.1291522681713104,0.1232731118798255,341,0.4,E5b_subtraction
97,15,subtraction,cleaned_up,27300,1.0,0.9498760104179382,59.28963399107232,nf,6,0.2040924727916717,0.1833156198263168,341,0.4,E5b_subtraction
97,15,subtraction,cleaned_up,27300,1.0,0.9498760104179382,59.28963399107232,nf,8,0.4281158745288849,0.3850513696670532,341,0.4,E5b_subtraction
97,15,subtraction,cleaned_up,27300,1.0,0.9498760104179382,59.28963399107232,nf,10,0.4281158745288849,0.3850513696670532,341,0.4,E5b_subtraction
97,15,subtraction,cleaned_up,27300,1.0,0.9498760104179382,59.28963399107232,nf,12,0.4281158745288849,0.3850513696670532,341,0.4,E5b_subtraction
97,15,subtraction,cleaned_up,27300,1.0,0.9498760104179382,59.28963399107232,nf,16,0.4281158745288849,0.3850513696670532,341,0.4,E5b_subtraction
97,15,subtraction,cleaned_up,27300,1.0,0.9498760104179382,59.28963399107232,nf,23,1.0,0.9498760104179382,341,0.4,E5b_subtraction
97,16,subtraction,pre_grok,250,1.0,0.0129295075312256,45.6648058789182,int,2,0.0382673405110836,0.0155862551182508,341,0.4,E5b_subtraction
97,16,subtraction,pre_grok,250,1.0,0.0129295075312256,45.6648058789182,int,3,0.317300021648407,0.017711654305458,341,0.4,E5b_subtraction
97,16,subtraction,pre_grok,250,1.0,0.0129295075312256,45.6648058789182,int,4,0.6973159909248352,0.0161176044493913,341,0.4,E5b_subtraction
97,16,subtraction,pre_grok,250,1.0,0.0129295075312256,45.6648058789182,int,5,0.9503056406974792,0.0129295075312256,341,0.4,E5b_subtraction
97,16,subtraction,pre_grok,250,1.0,0.0129295075312256,45.6648058789182,int,6,0.9957481026649476,0.0125752743333578,341,0.4,E5b_subtraction
97,16,subtraction,pre_grok,250,1.0,0.0129295075312256,45.6648058789182,int,8,1.0,0.0132837407290935,341,0.4,E5b_subtraction
97,16,subtraction,pre_grok,250,1.0,0.0129295075312256,45.6648058789182,int,10,1.0,0.0129295075312256,341,0.4,E5b_subtraction
97,16,subtraction,pre_grok,250,1.0,0.0129295075312256,45.6648058789182,int,12,1.0,0.0129295075312256,341,0.4,E5b_subtraction
97,16,subtraction,pre_grok,250,1.0,0.0129295075312256,45.6648058789182,int,16,1.0,0.0129295075312256,341,0.4,E5b_subtraction
97,16,subtraction,pre_grok,250,1.0,0.0129295075312256,45.6648058789182,int,23,1.0,0.0129295075312256,341,0.4,E5b_subtraction
97,16,subtraction,pre_grok,250,1.0,0.0129295075312256,45.6648058789182,mantissa,2,0.9744884371757508,0.0122210411354899,341,0.4,E5b_subtraction
97,16,subtraction,pre_grok,250,1.0,0.0129295075312256,45.6648058789182,mantissa,3,0.998671293258667,0.0134608568623662,341,0.4,E5b_subtraction
97,16,subtraction,pre_grok,250,1.0,0.0129295075312256,45.6648058789182,mantissa,4,1.0,0.0123981582000851,341,0.4,E5b_subtraction
97,16,subtraction,pre_grok,250,1.0,0.0129295075312256,45.6648058789182,mantissa,5,1.0,0.0123981582000851,341,0.4,E5b_subtraction
97,16,subtraction,pre_grok,250,1.0,0.0129295075312256,45.6648058789182,mantissa,6,1.0,0.0129295075312256,341,0.4,E5b_subtraction
97,16,subtraction,pre_grok,250,1.0,0.0129295075312256,45.6648058789182,mantissa,8,1.0,0.0131066236644983,341,0.4,E5b_subtraction
97,16,subtraction,pre_grok,250,1.0,0.0129295075312256,45.6648058789182,mantissa,10,1.0,0.0129295075312256,341,0.4,E5b_subtraction
97,16,subtraction,pre_grok,250,1.0,0.0129295075312256,45.6648058789182,mantissa,12,1.0,0.0129295075312256,341,0.4,E5b_subtraction
97,16,subtraction,pre_grok,250,1.0,0.0129295075312256,45.6648058789182,mantissa,16,1.0,0.0129295075312256,341,0.4,E5b_subtraction
97,16,subtraction,pre_grok,250,1.0,0.0129295075312256,45.6648058789182,mantissa,23,1.0,0.0129295075312256,341,0.4,E5b_subtraction
97,16,subtraction,pre_grok,250,1.0,0.0129295075312256,45.6648058789182,nf,2,0.1862875372171402,0.0150549057871103,341,0.4,E5b_subtraction
97,16,subtraction,pre_grok,250,1.0,0.0129295075312256,45.6648058789182,nf,3,0.4414031505584717,0.0139922071248292,341,0.4,E5b_subtraction
97,16,subtraction,pre_grok,250,1.0,0.0129295075312256,45.6648058789182,nf,4,0.7377092838287354,0.012752391397953,341,0.4,E5b_subtraction
97,16,subtraction,pre_grok,250,1.0,0.0129295075312256,45.6648058789182,nf,5,0.9231995940208436,0.011866807937622,341,0.4,E5b_subtraction
97,16,subtraction,pre_grok,250,1.0,0.0129295075312256,45.6648058789182,nf,6,0.9952166080474854,0.012752391397953,341,0.4,E5b_subtraction
97,16,subtraction,pre_grok,250,1.0,0.0129295075312256,45.6648058789182,nf,8,1.0,0.0125752743333578,341,0.4,E5b_subtraction
97,16,subtraction,pre_grok,250,1.0,0.0129295075312256,45.6648058789182,nf,10,1.0,0.0125752743333578,341,0.4,E5b_subtraction
97,16,subtraction,pre_grok,250,1.0,0.0129295075312256,45.6648058789182,nf,12,1.0,0.0125752743333578,341,0.4,E5b_subtraction
97,16,subtraction,pre_grok,250,1.0,0.0129295075312256,45.6648058789182,nf,16,1.0,0.0125752743333578,341,0.4,E5b_subtraction
97,16,subtraction,pre_grok,250,1.0,0.0129295075312256,45.6648058789182,nf,23,1.0,0.0129295075312256,341,0.4,E5b_subtraction
97,16,subtraction,just_grokked,8150,1.0,0.9160467386245728,35.088994472519424,int,2,0.0098325805738568,0.0109812254086136,341,0.4,E5b_subtraction
97,16,subtraction,just_grokked,8150,1.0,0.9160467386245728,35.088994472519424,int,3,0.063247412443161,0.0508324466645717,341,0.4,E5b_subtraction
97,16,subtraction,just_grokked,8150,1.0,0.9160467386245728,35.088994472519424,int,4,0.1307467520236969,0.1043216437101364,341,0.4,E5b_subtraction
97,16,subtraction,just_grokked,8150,1.0,0.9160467386245728,35.088994472519424,int,5,0.6011161208152771,0.4651080369949341,341,0.4,E5b_subtraction
97,16,subtraction,just_grokked,8150,1.0,0.9160467386245728,35.088994472519424,int,6,0.9952166080474854,0.8861140608787537,341,0.4,E5b_subtraction
97,16,subtraction,just_grokked,8150,1.0,0.9160467386245728,35.088994472519424,int,8,1.0,0.9165781140327454,341,0.4,E5b_subtraction
97,16,subtraction,just_grokked,8150,1.0,0.9160467386245728,35.088994472519424,int,10,1.0,0.9149840474128724,341,0.4,E5b_subtraction
97,16,subtraction,just_grokked,8150,1.0,0.9160467386245728,35.088994472519424,int,12,1.0,0.9169323444366456,341,0.4,E5b_subtraction
97,16,subtraction,just_grokked,8150,1.0,0.9160467386245728,35.088994472519424,int,16,1.0,0.9160467386245728,341,0.4,E5b_subtraction
97,16,subtraction,just_grokked,8150,1.0,0.9160467386245728,35.088994472519424,int,23,1.0,0.9160467386245728,341,0.4,E5b_subtraction
97,16,subtraction,just_grokked,8150,1.0,0.9160467386245728,35.088994472519424,mantissa,2,0.9997342824935912,0.898689329624176,341,0.4,E5b_subtraction
97,16,subtraction,just_grokked,8150,1.0,0.9160467386245728,35.088994472519424,mantissa,3,1.0,0.9130357503890992,341,0.4,E5b_subtraction
97,16,subtraction,just_grokked,8150,1.0,0.9160467386245728,35.088994472519424,mantissa,4,1.0,0.9155154228210448,341,0.4,E5b_subtraction
97,16,subtraction,just_grokked,8150,1.0,0.9160467386245728,35.088994472519424,mantissa,5,1.0,0.9149840474128724,341,0.4,E5b_subtraction
97,16,subtraction,just_grokked,8150,1.0,0.9160467386245728,35.088994472519424,mantissa,6,1.0,0.9158696532249452,341,0.4,E5b_subtraction
97,16,subtraction,just_grokked,8150,1.0,0.9160467386245728,35.088994472519424,mantissa,8,1.0,0.9164009690284728,341,0.4,E5b_subtraction
97,16,subtraction,just_grokked,8150,1.0,0.9160467386245728,35.088994472519424,mantissa,10,1.0,0.9160467386245728,341,0.4,E5b_subtraction
97,16,subtraction,just_grokked,8150,1.0,0.9160467386245728,35.088994472519424,mantissa,12,1.0,0.9160467386245728,341,0.4,E5b_subtraction
97,16,subtraction,just_grokked,8150,1.0,0.9160467386245728,35.088994472519424,mantissa,16,1.0,0.9160467386245728,341,0.4,E5b_subtraction
97,16,subtraction,just_grokked,8150,1.0,0.9160467386245728,35.088994472519424,mantissa,23,1.0,0.9160467386245728,341,0.4,E5b_subtraction
97,16,subtraction,just_grokked,8150,1.0,0.9160467386245728,35.088994472519424,nf,2,0.0353441387414932,0.0297555793076753,341,0.4,E5b_subtraction
97,16,subtraction,just_grokked,8150,1.0,0.9160467386245728,35.088994472519424,nf,3,0.0534148290753364,0.0456960685551166,341,0.4,E5b_subtraction
97,16,subtraction,just_grokked,8150,1.0,0.9160467386245728,35.088994472519424,nf,4,0.1735317558050155,0.1514346450567245,341,0.4,E5b_subtraction
97,16,subtraction,just_grokked,8150,1.0,0.9160467386245728,35.088994472519424,nf,5,0.3584905564785003,0.3046404421329498,341,0.4,E5b_subtraction
97,16,subtraction,just_grokked,8150,1.0,0.9160467386245728,35.088994472519424,nf,6,0.5524847507476807,0.4514700770378113,341,0.4,E5b_subtraction
97,16,subtraction,just_grokked,8150,1.0,0.9160467386245728,35.088994472519424,nf,8,0.8110550045967102,0.6601133346557617,341,0.4,E5b_subtraction
97,16,subtraction,just_grokked,8150,1.0,0.9160467386245728,35.088994472519424,nf,10,0.8110550045967102,0.6601133346557617,341,0.4,E5b_subtraction
97,16,subtraction,just_grokked,8150,1.0,0.9160467386245728,35.088994472519424,nf,12,0.8110550045967102,0.6601133346557617,341,0.4,E5b_subtraction
97,16,subtraction,just_grokked,8150,1.0,0.9160467386245728,35.088994472519424,nf,16,0.8110550045967102,0.6601133346557617,341,0.4,E5b_subtraction
97,16,subtraction,just_grokked,8150,1.0,0.9160467386245728,35.088994472519424,nf,23,1.0,0.9160467386245728,341,0.4,E5b_subtraction
97,16,subtraction,post_grok_500,8650,1.0,0.9783917665481568,33.0279044962631,int,2,0.0114270532503724,0.0102727590128779,341,0.4,E5b_subtraction
97,16,subtraction,post_grok_500,8650,1.0,0.9783917665481568,33.0279044962631,int,3,0.0425192676484584,0.0340063758194446,341,0.4,E5b_subtraction
97,16,subtraction,post_grok_500,8650,1.0,0.9783917665481568,33.0279044962631,int,4,0.083444058895111,0.0712008476257324,341,0.4,E5b_subtraction
97,16,subtraction,post_grok_500,8650,1.0,0.9783917665481568,33.0279044962631,int,5,0.4212064743041992,0.3554728925228119,341,0.4,E5b_subtraction
97,16,subtraction,post_grok_500,8650,1.0,0.9783917665481568,33.0279044962631,int,6,0.9981397986412048,0.9582005143165588,341,0.4,E5b_subtraction
97,16,subtraction,post_grok_500,8650,1.0,0.9783917665481568,33.0279044962631,int,8,1.0,0.9773290753364564,341,0.4,E5b_subtraction
97,16,subtraction,post_grok_500,8650,1.0,0.9783917665481568,33.0279044962631,int,10,1.0,0.9780375361442566,341,0.4,E5b_subtraction
97,16,subtraction,post_grok_500,8650,1.0,0.9783917665481568,33.0279044962631,int,12,1.0,0.9785689115524292,341,0.4,E5b_subtraction
97,16,subtraction,post_grok_500,8650,1.0,0.9783917665481568,33.0279044962631,int,16,1.0,0.9783917665481568,341,0.4,E5b_subtraction
97,16,subtraction,post_grok_500,8650,1.0,0.9783917665481568,33.0279044962631,int,23,1.0,0.9783917665481568,341,0.4,E5b_subtraction
97,16,subtraction,post_grok_500,8650,1.0,0.9783917665481568,33.0279044962631,mantissa,2,0.9994685053825378,0.974141001701355,341,0.4,E5b_subtraction
97,16,subtraction,post_grok_500,8650,1.0,0.9783917665481568,33.0279044962631,mantissa,3,1.0,0.9773290753364564,341,0.4,E5b_subtraction
97,16,subtraction,post_grok_500,8650,1.0,0.9783917665481568,33.0279044962631,mantissa,4,1.0,0.9785689115524292,341,0.4,E5b_subtraction
97,16,subtraction,post_grok_500,8650,1.0,0.9783917665481568,33.0279044962631,mantissa,5,1.0,0.978214681148529,341,0.4,E5b_subtraction
97,16,subtraction,post_grok_500,8650,1.0,0.9783917665481568,33.0279044962631,mantissa,6,1.0,0.978214681148529,341,0.4,E5b_subtraction
97,16,subtraction,post_grok_500,8650,1.0,0.9783917665481568,33.0279044962631,mantissa,8,1.0,0.978214681148529,341,0.4,E5b_subtraction
97,16,subtraction,post_grok_500,8650,1.0,0.9783917665481568,33.0279044962631,mantissa,10,1.0,0.9783917665481568,341,0.4,E5b_subtraction
97,16,subtraction,post_grok_500,8650,1.0,0.9783917665481568,33.0279044962631,mantissa,12,1.0,0.9783917665481568,341,0.4,E5b_subtraction
97,16,subtraction,post_grok_500,8650,1.0,0.9783917665481568,33.0279044962631,mantissa,16,1.0,0.9783917665481568,341,0.4,E5b_subtraction
97,16,subtraction,post_grok_500,8650,1.0,0.9783917665481568,33.0279044962631,mantissa,23,1.0,0.9783917665481568,341,0.4,E5b_subtraction
97,16,subtraction,post_grok_500,8650,1.0,0.9783917665481568,33.0279044962631,nf,2,0.0268402863293886,0.025504782795906,341,0.4,E5b_subtraction
97,16,subtraction,post_grok_500,8650,1.0,0.9783917665481568,33.0279044962631,nf,3,0.0690938085317611,0.0621679052710533,341,0.4,E5b_subtraction
97,16,subtraction,post_grok_500,8650,1.0,0.9783917665481568,33.0279044962631,nf,4,0.1825671046972274,0.1735742092132568,341,0.4,E5b_subtraction
97,16,subtraction,post_grok_500,8650,1.0,0.9783917665481568,33.0279044962631,nf,5,0.337496668100357,0.3142047524452209,341,0.4,E5b_subtraction
97,16,subtraction,post_grok_500,8650,1.0,0.9783917665481568,33.0279044962631,nf,6,0.4937549829483032,0.4465107917785644,341,0.4,E5b_subtraction
97,16,subtraction,post_grok_500,8650,1.0,0.9783917665481568,33.0279044962631,nf,8,0.7260164618492126,0.6663123965263367,341,0.4,E5b_subtraction
97,16,subtraction,post_grok_500,8650,1.0,0.9783917665481568,33.0279044962631,nf,10,0.7260164618492126,0.6663123965263367,341,0.4,E5b_subtraction
97,16,subtraction,post_grok_500,8650,1.0,0.9783917665481568,33.0279044962631,nf,12,0.7260164618492126,0.6663123965263367,341,0.4,E5b_subtraction
97,16,subtraction,post_grok_500,8650,1.0,0.9783917665481568,33.0279044962631,nf,16,0.7260164618492126,0.6663123965263367,341,0.4,E5b_subtraction
97,16,subtraction,post_grok_500,8650,1.0,0.9783917665481568,33.0279044962631,nf,23,1.0,0.9783917665481568,341,0.4,E5b_subtraction
97,16,subtraction,post_grok_1500,9650,1.0,0.9996457695961,30.70658072711435,int,2,0.0114270532503724,0.011866807937622,341,0.4,E5b_subtraction
97,16,subtraction,post_grok_1500,9650,1.0,0.9996457695961,30.70658072711435,int,3,0.0204623974859714,0.0191285870969295,341,0.4,E5b_subtraction
97,16,subtraction,post_grok_1500,9650,1.0,0.9996457695961,30.70658072711435,int,4,0.0268402863293886,0.0237336158752441,341,0.4,E5b_subtraction
97,16,subtraction,post_grok_1500,9650,1.0,0.9996457695961,30.70658072711435,int,5,0.1886792480945587,0.1737513244152069,341,0.4,E5b_subtraction
97,16,subtraction,post_grok_1500,9650,1.0,0.9996457695961,30.70658072711435,int,6,0.9981397986412048,0.9916754961013794,341,0.4,E5b_subtraction
97,16,subtraction,post_grok_1500,9650,1.0,0.9996457695961,30.70658072711435,int,8,1.0,0.9992915391921996,341,0.4,E5b_subtraction
97,16,subtraction,post_grok_1500,9650,1.0,0.9996457695961,30.70658072711435,int,10,1.0,0.9994686245918274,341,0.4,E5b_subtraction
97,16,subtraction,post_grok_1500,9650,1.0,0.9996457695961,30.70658072711435,int,12,1.0,0.9996457695961,341,0.4,E5b_subtraction
97,16,subtraction,post_grok_1500,9650,1.0,0.9996457695961,30.70658072711435,int,16,1.0,0.9996457695961,341,0.4,E5b_subtraction
97,16,subtraction,post_grok_1500,9650,1.0,0.9996457695961,30.70658072711435,int,23,1.0,0.9996457695961,341,0.4,E5b_subtraction
97,16,subtraction,post_grok_1500,9650,1.0,0.9996457695961,30.70658072711435,mantissa,2,1.0,0.9992915391921996,341,0.4,E5b_subtraction
97,16,subtraction,post_grok_1500,9650,1.0,0.9996457695961,30.70658072711435,mantissa,3,1.0,0.9998228549957277,341,0.4,E5b_subtraction
97,16,subtraction,post_grok_1500,9650,1.0,0.9996457695961,30.70658072711435,mantissa,4,1.0,0.9994686245918274,341,0.4,E5b_subtraction
97,16,subtraction,post_grok_1500,9650,1.0,0.9996457695961,30.70658072711435,mantissa,5,1.0,0.9996457695961,341,0.4,E5b_subtraction
97,16,subtraction,post_grok_1500,9650,1.0,0.9996457695961,30.70658072711435,mantissa,6,1.0,0.9996457695961,341,0.4,E5b_subtraction
97,16,subtraction,post_grok_1500,9650,1.0,0.9996457695961,30.70658072711435,mantissa,8,1.0,0.9996457695961,341,0.4,E5b_subtraction
97,16,subtraction,post_grok_1500,9650,1.0,0.9996457695961,30.70658072711435,mantissa,10,1.0,0.9996457695961,341,0.4,E5b_subtraction
97,16,subtraction,post_grok_1500,9650,1.0,0.9996457695961,30.70658072711435,mantissa,12,1.0,0.9996457695961,341,0.4,E5b_subtraction
97,16,subtraction,post_grok_1500,9650,1.0,0.9996457695961,30.70658072711435,mantissa,16,1.0,0.9996457695961,341,0.4,E5b_subtraction
97,16,subtraction,post_grok_1500,9650,1.0,0.9996457695961,30.70658072711435,mantissa,23,1.0,0.9996457695961,341,0.4,E5b_subtraction
97,16,subtraction,post_grok_1500,9650,1.0,0.9996457695961,30.70658072711435,nf,2,0.0241828337311744,0.025504782795906,341,0.4,E5b_subtraction
97,16,subtraction,post_grok_1500,9650,1.0,0.9996457695961,30.70658072711435,nf,3,0.0651076287031173,0.0674813985824585,341,0.4,E5b_subtraction
97,16,subtraction,post_grok_1500,9650,1.0,0.9996457695961,30.70658072711435,nf,4,0.1931969225406646,0.207226350903511,341,0.4,E5b_subtraction
97,16,subtraction,post_grok_1500,9650,1.0,0.9996457695961,30.70658072711435,nf,5,0.2920542061328888,0.3069429695606231,341,0.4,E5b_subtraction
97,16,subtraction,post_grok_1500,9650,1.0,0.9996457695961,30.70658072711435,nf,6,0.4257241487503052,0.4231314063072204,341,0.4,E5b_subtraction
97,16,subtraction,post_grok_1500,9650,1.0,0.9996457695961,30.70658072711435,nf,8,0.6093542575836182,0.602196216583252,341,0.4,E5b_subtraction
97,16,subtraction,post_grok_1500,9650,1.0,0.9996457695961,30.70658072711435,nf,10,0.6093542575836182,0.602196216583252,341,0.4,E5b_subtraction
97,16,subtraction,post_grok_1500,9650,1.0,0.9996457695961,30.70658072711435,nf,12,0.6093542575836182,0.602196216583252,341,0.4,E5b_subtraction
97,16,subtraction,post_grok_1500,9650,1.0,0.9996457695961,30.70658072711435,nf,16,0.6093542575836182,0.602196216583252,341,0.4,E5b_subtraction
97,16,subtraction,post_grok_1500,9650,1.0,0.9996457695961,30.70658072711435,nf,23,1.0,0.9996457695961,341,0.4,E5b_subtraction
97,16,subtraction,post_grok_4000,12150,1.0,1.0,29.84493373899922,int,2,0.0103640714660286,0.0074388948269188,341,0.4,E5b_subtraction
97,16,subtraction,post_grok_4000,12150,1.0,1.0,29.84493373899922,int,3,0.0114270532503724,0.0120439250022172,341,0.4,E5b_subtraction
97,16,subtraction,post_grok_4000,12150,1.0,1.0,29.84493373899922,int,4,0.0292319953441619,0.0237336158752441,341,0.4,E5b_subtraction
97,16,subtraction,post_grok_4000,12150,1.0,1.0,29.84493373899922,int,5,0.0858357697725296,0.0878498032689094,341,0.4,E5b_subtraction
97,16,subtraction,post_grok_4000,12150,1.0,1.0,29.84493373899922,int,6,0.83364337682724,0.8131420612335205,341,0.4,E5b_subtraction
97,16,subtraction,post_grok_4000,12150,1.0,1.0,29.84493373899922,int,8,1.0,1.0,341,0.4,E5b_subtraction
97,16,subtraction,post_grok_4000,12150,1.0,1.0,29.84493373899922,int,10,1.0,1.0,341,0.4,E5b_subtraction
97,16,subtraction,post_grok_4000,12150,1.0,1.0,29.84493373899922,int,12,1.0,1.0,341,0.4,E5b_subtraction
97,16,subtraction,post_grok_4000,12150,1.0,1.0,29.84493373899922,int,16,1.0,1.0,341,0.4,E5b_subtraction
97,16,subtraction,post_grok_4000,12150,1.0,1.0,29.84493373899922,int,23,1.0,1.0,341,0.4,E5b_subtraction
97,16,subtraction,post_grok_4000,12150,1.0,1.0,29.84493373899922,mantissa,2,1.0,1.0,341,0.4,E5b_subtraction
97,16,subtraction,post_grok_4000,12150,1.0,1.0,29.84493373899922,mantissa,3,1.0,1.0,341,0.4,E5b_subtraction
97,16,subtraction,post_grok_4000,12150,1.0,1.0,29.84493373899922,mantissa,4,1.0,1.0,341,0.4,E5b_subtraction
97,16,subtraction,post_grok_4000,12150,1.0,1.0,29.84493373899922,mantissa,5,1.0,1.0,341,0.4,E5b_subtraction
97,16,subtraction,post_grok_4000,12150,1.0,1.0,29.84493373899922,mantissa,6,1.0,1.0,341,0.4,E5b_subtraction
97,16,subtraction,post_grok_4000,12150,1.0,1.0,29.84493373899922,mantissa,8,1.0,1.0,341,0.4,E5b_subtraction
97,16,subtraction,post_grok_4000,12150,1.0,1.0,29.84493373899922,mantissa,10,1.0,1.0,341,0.4,E5b_subtraction
97,16,subtraction,post_grok_4000,12150,1.0,1.0,29.84493373899922,mantissa,12,1.0,1.0,341,0.4,E5b_subtraction
97,16,subtraction,post_grok_4000,12150,1.0,1.0,29.84493373899922,mantissa,16,1.0,1.0,341,0.4,E5b_subtraction
97,16,subtraction,post_grok_4000,12150,1.0,1.0,29.84493373899922,mantissa,23,1.0,1.0,341,0.4,E5b_subtraction
97,16,subtraction,post_grok_4000,12150,1.0,1.0,29.84493373899922,nf,2,0.0119585441425442,0.011866807937622,341,0.4,E5b_subtraction
97,16,subtraction,post_grok_4000,12150,1.0,1.0,29.84493373899922,nf,3,0.0510231181979179,0.0490612834692001,341,0.4,E5b_subtraction
97,16,subtraction,post_grok_4000,12150,1.0,1.0,29.84493373899922,nf,4,0.1001860201358795,0.0974140986800193,341,0.4,E5b_subtraction
97,16,subtraction,post_grok_4000,12150,1.0,1.0,29.84493373899922,nf,5,0.2141908109188079,0.2160821855068206,341,0.4,E5b_subtraction
97,16,subtraction,post_grok_4000,12150,1.0,1.0,29.84493373899922,nf,6,0.3449375629425049,0.3487424552440643,341,0.4,E5b_subtraction
97,16,subtraction,post_grok_4000,12150,1.0,1.0,29.84493373899922,nf,8,0.6617060899734497,0.6592277884483337,341,0.4,E5b_subtraction
97,16,subtraction,post_grok_4000,12150,1.0,1.0,29.84493373899922,nf,10,0.6617060899734497,0.6592277884483337,341,0.4,E5b_subtraction
97,16,subtraction,post_grok_4000,12150,1.0,1.0,29.84493373899922,nf,12,0.6617060899734497,0.6592277884483337,341,0.4,E5b_subtraction
97,16,subtraction,post_grok_4000,12150,1.0,1.0,29.84493373899922,nf,16,0.6617060899734497,0.6592277884483337,341,0.4,E5b_subtraction
97,16,subtraction,post_grok_4000,12150,1.0,1.0,29.84493373899922,nf,23,1.0,1.0,341,0.4,E5b_subtraction
97,16,subtraction,cleaned_up,30000,1.0,1.0,31.10139961458744,int,2,0.0079723624512553,0.0113354586064815,341,0.4,E5b_subtraction
97,16,subtraction,cleaned_up,30000,1.0,1.0,31.10139961458744,int,3,0.0321551971137523,0.0267445985227823,341,0.4,E5b_subtraction
97,16,subtraction,cleaned_up,30000,1.0,1.0,31.10139961458744,int,4,0.1517406404018402,0.1432872861623764,341,0.4,E5b_subtraction
97,16,subtraction,cleaned_up,30000,1.0,1.0,31.10139961458744,int,5,0.5466383099555969,0.5047821402549744,341,0.4,E5b_subtraction
97,16,subtraction,cleaned_up,30000,1.0,1.0,31.10139961458744,int,6,0.98777574300766,0.982819676399231,341,0.4,E5b_subtraction
97,16,subtraction,cleaned_up,30000,1.0,1.0,31.10139961458744,int,8,1.0,1.0,341,0.4,E5b_subtraction
97,16,subtraction,cleaned_up,30000,1.0,1.0,31.10139961458744,int,10,1.0,1.0,341,0.4,E5b_subtraction
97,16,subtraction,cleaned_up,30000,1.0,1.0,31.10139961458744,int,12,1.0,1.0,341,0.4,E5b_subtraction
97,16,subtraction,cleaned_up,30000,1.0,1.0,31.10139961458744,int,16,1.0,1.0,341,0.4,E5b_subtraction
97,16,subtraction,cleaned_up,30000,1.0,1.0,31.10139961458744,int,23,1.0,1.0,341,0.4,E5b_subtraction
97,16,subtraction,cleaned_up,30000,1.0,1.0,31.10139961458744,mantissa,2,1.0,1.0,341,0.4,E5b_subtraction
97,16,subtraction,cleaned_up,30000,1.0,1.0,31.10139961458744,mantissa,3,1.0,1.0,341,0.4,E5b_subtraction
97,16,subtraction,cleaned_up,30000,1.0,1.0,31.10139961458744,mantissa,4,1.0,1.0,341,0.4,E5b_subtraction
97,16,subtraction,cleaned_up,30000,1.0,1.0,31.10139961458744,mantissa,5,1.0,1.0,341,0.4,E5b_subtraction
97,16,subtraction,cleaned_up,30000,1.0,1.0,31.10139961458744,mantissa,6,1.0,1.0,341,0.4,E5b_subtraction
97,16,subtraction,cleaned_up,30000,1.0,1.0,31.10139961458744,mantissa,8,1.0,1.0,341,0.4,E5b_subtraction
97,16,subtraction,cleaned_up,30000,1.0,1.0,31.10139961458744,mantissa,10,1.0,1.0,341,0.4,E5b_subtraction
97,16,subtraction,cleaned_up,30000,1.0,1.0,31.10139961458744,mantissa,12,1.0,1.0,341,0.4,E5b_subtraction
97,16,subtraction,cleaned_up,30000,1.0,1.0,31.10139961458744,mantissa,16,1.0,1.0,341,0.4,E5b_subtraction
97,16,subtraction,cleaned_up,30000,1.0,1.0,31.10139961458744,mantissa,23,1.0,1.0,341,0.4,E5b_subtraction
97,16,subtraction,cleaned_up,30000,1.0,1.0,31.10139961458744,nf,2,0.0201966520398855,0.0198370516300201,341,0.4,E5b_subtraction
97,16,subtraction,cleaned_up,30000,1.0,1.0,31.10139961458744,nf,3,0.0526175908744335,0.0510095655918121,341,0.4,E5b_subtraction
97,16,subtraction,cleaned_up,30000,1.0,1.0,31.10139961458744,nf,4,0.2043582201004028,0.1861494779586792,341,0.4,E5b_subtraction
97,16,subtraction,cleaned_up,30000,1.0,1.0,31.10139961458744,nf,5,0.4451235830783844,0.4038257002830505,341,0.4,E5b_subtraction
97,16,subtraction,cleaned_up,30000,1.0,1.0,31.10139961458744,nf,6,0.5963327288627625,0.5729719996452332,341,0.4,E5b_subtraction
97,16,subtraction,cleaned_up,30000,1.0,1.0,31.10139961458744,nf,8,0.7773053646087646,0.7585901618003845,341,0.4,E5b_subtraction
97,16,subtraction,cleaned_up,30000,1.0,1.0,31.10139961458744,nf,10,0.7773053646087646,0.7585901618003845,341,0.4,E5b_subtraction
97,16,subtraction,cleaned_up,30000,1.0,1.0,31.10139961458744,nf,12,0.7773053646087646,0.7585901618003845,341,0.4,E5b_subtraction
97,16,subtraction,cleaned_up,30000,1.0,1.0,31.10139961458744,nf,16,0.7773053646087646,0.7585901618003845,341,0.4,E5b_subtraction
97,16,subtraction,cleaned_up,30000,1.0,1.0,31.10139961458744,nf,23,1.0,1.0,341,0.4,E5b_subtraction
97,17,subtraction,pre_grok,250,1.0,0.0309953950345516,44.25498558234697,int,2,0.0369386114180088,0.0152320228517055,341,0.4,E5b_subtraction
97,17,subtraction,pre_grok,250,1.0,0.0309953950345516,44.25498558234697,int,3,0.2412968426942825,0.0336521416902542,341,0.4,E5b_subtraction
97,17,subtraction,pre_grok,250,1.0,0.0309953950345516,44.25498558234697,int,4,0.5926122665405273,0.0334750264883041,341,0.4,E5b_subtraction
97,17,subtraction,pre_grok,250,1.0,0.0309953950345516,44.25498558234697,int,5,0.853574275970459,0.0361317731440067,341,0.4,E5b_subtraction
97,17,subtraction,pre_grok,250,1.0,0.0309953950345516,44.25498558234697,int,6,0.9728939533233644,0.0294013451784849,341,0.4,E5b_subtraction
97,17,subtraction,pre_grok,250,1.0,0.0309953950345516,44.25498558234697,int,8,1.0,0.0318809784948825,341,0.4,E5b_subtraction
97,17,subtraction,pre_grok,250,1.0,0.0309953950345516,44.25498558234697,int,10,1.0,0.0311725102365016,341,0.4,E5b_subtraction
97,17,subtraction,pre_grok,250,1.0,0.0309953950345516,44.25498558234697,int,12,1.0,0.0309953950345516,341,0.4,E5b_subtraction
97,17,subtraction,pre_grok,250,1.0,0.0309953950345516,44.25498558234697,int,16,1.0,0.0311725102365016,341,0.4,E5b_subtraction
97,17,subtraction,pre_grok,250,1.0,0.0309953950345516,44.25498558234697,int,23,1.0,0.0309953950345516,341,0.4,E5b_subtraction
97,17,subtraction,pre_grok,250,1.0,0.0309953950345516,44.25498558234697,mantissa,2,0.8881211876869202,0.0356004238128662,341,0.4,E5b_subtraction
97,17,subtraction,pre_grok,250,1.0,0.0309953950345516,44.25498558234697,mantissa,3,0.990964651107788,0.0302869286388158,341,0.4,E5b_subtraction
97,17,subtraction,pre_grok,250,1.0,0.0309953950345516,44.25498558234697,mantissa,4,0.9994685053825378,0.0322352088987827,341,0.4,E5b_subtraction
97,17,subtraction,pre_grok,250,1.0,0.0309953950345516,44.25498558234697,mantissa,5,1.0,0.0308182779699563,341,0.4,E5b_subtraction
97,17,subtraction,pre_grok,250,1.0,0.0309953950345516,44.25498558234697,mantissa,6,1.0,0.0311725102365016,341,0.4,E5b_subtraction
97,17,subtraction,pre_grok,250,1.0,0.0309953950345516,44.25498558234697,mantissa,8,1.0,0.0311725102365016,341,0.4,E5b_subtraction
97,17,subtraction,pre_grok,250,1.0,0.0309953950345516,44.25498558234697,mantissa,10,1.0,0.0309953950345516,341,0.4,E5b_subtraction
97,17,subtraction,pre_grok,250,1.0,0.0309953950345516,44.25498558234697,mantissa,12,1.0,0.0311725102365016,341,0.4,E5b_subtraction
97,17,subtraction,pre_grok,250,1.0,0.0309953950345516,44.25498558234697,mantissa,16,1.0,0.0309953950345516,341,0.4,E5b_subtraction
97,17,subtraction,pre_grok,250,1.0,0.0309953950345516,44.25498558234697,mantissa,23,1.0,0.0309953950345516,341,0.4,E5b_subtraction
97,17,subtraction,pre_grok,250,1.0,0.0309953950345516,44.25498558234697,nf,2,0.1461599767208099,0.0223166849464178,341,0.4,E5b_subtraction
97,17,subtraction,pre_grok,250,1.0,0.0309953950345516,44.25498558234697,nf,3,0.3603507876396179,0.0343606099486351,341,0.4,E5b_subtraction
97,17,subtraction,pre_grok,250,1.0,0.0309953950345516,44.25498558234697,nf,4,0.6444326639175415,0.0311725102365016,341,0.4,E5b_subtraction
97,17,subtraction,pre_grok,250,1.0,0.0309953950345516,44.25498558234697,nf,5,0.8644698262214661,0.0311725102365016,341,0.4,E5b_subtraction
97,17,subtraction,pre_grok,250,1.0,0.0309953950345516,44.25498558234697,nf,6,0.9803348183631896,0.0306411609053611,341,0.4,E5b_subtraction
97,17,subtraction,pre_grok,250,1.0,0.0309953950345516,44.25498558234697,nf,8,1.0,0.0311725102365016,341,0.4,E5b_subtraction
97,17,subtraction,pre_grok,250,1.0,0.0309953950345516,44.25498558234697,nf,10,1.0,0.0311725102365016,341,0.4,E5b_subtraction
97,17,subtraction,pre_grok,250,1.0,0.0309953950345516,44.25498558234697,nf,12,1.0,0.0311725102365016,341,0.4,E5b_subtraction
97,17,subtraction,pre_grok,250,1.0,0.0309953950345516,44.25498558234697,nf,16,1.0,0.0311725102365016,341,0.4,E5b_subtraction
97,17,subtraction,pre_grok,250,1.0,0.0309953950345516,44.25498558234697,nf,23,1.0,0.0309953950345516,341,0.4,E5b_subtraction
97,17,subtraction,cleaned_up,12000,1.0,0.8632659912109375,59.00597212153969,int,2,0.0114270532503724,0.0113354586064815,341,0.4,E5b_subtraction
97,17,subtraction,cleaned_up,12000,1.0,0.8632659912109375,59.00597212153969,int,3,0.0108955623582005,0.0104498760774731,341,0.4,E5b_subtraction
97,17,subtraction,cleaned_up,12000,1.0,0.8632659912109375,59.00597212153969,int,4,0.0199309065937995,0.0155862551182508,341,0.4,E5b_subtraction
97,17,subtraction,cleaned_up,12000,1.0,0.8632659912109375,59.00597212153969,int,5,0.1482859402894973,0.1184909641742706,341,0.4,E5b_subtraction
97,17,subtraction,cleaned_up,12000,1.0,0.8632659912109375,59.00597212153969,int,6,0.8232793211936951,0.6594048738479614,341,0.4,E5b_subtraction
97,17,subtraction,cleaned_up,12000,1.0,0.8632659912109375,59.00597212153969,int,8,1.0,0.8567126989364624,341,0.4,E5b_subtraction
97,17,subtraction,cleaned_up,12000,1.0,0.8632659912109375,59.00597212153969,int,10,1.0,0.86344313621521,341,0.4,E5b_subtraction
97,17,subtraction,cleaned_up,12000,1.0,0.8632659912109375,59.00597212153969,int,12,1.0,0.8629117608070374,341,0.4,E5b_subtraction
97,17,subtraction,cleaned_up,12000,1.0,0.8632659912109375,59.00597212153969,int,16,1.0,0.86344313621521,341,0.4,E5b_subtraction
97,17,subtraction,cleaned_up,12000,1.0,0.8632659912109375,59.00597212153969,int,23,1.0,0.8632659912109375,341,0.4,E5b_subtraction
97,17,subtraction,cleaned_up,12000,1.0,0.8632659912109375,59.00597212153969,mantissa,2,0.9976083040237428,0.8450230360031128,341,0.4,E5b_subtraction
97,17,subtraction,cleaned_up,12000,1.0,0.8632659912109375,59.00597212153969,mantissa,3,1.0,0.8590152263641357,341,0.4,E5b_subtraction
97,17,subtraction,cleaned_up,12000,1.0,0.8632659912109375,59.00597212153969,mantissa,4,1.0,0.8593694567680359,341,0.4,E5b_subtraction
97,17,subtraction,cleaned_up,12000,1.0,0.8632659912109375,59.00597212153969,mantissa,5,1.0,0.8641515970230103,341,0.4,E5b_subtraction
97,17,subtraction,cleaned_up,12000,1.0,0.8632659912109375,59.00597212153969,mantissa,6,1.0,0.8641515970230103,341,0.4,E5b_subtraction
97,17,subtraction,cleaned_up,12000,1.0,0.8632659912109375,59.00597212153969,mantissa,8,1.0,0.8629117608070374,341,0.4,E5b_subtraction
97,17,subtraction,cleaned_up,12000,1.0,0.8632659912109375,59.00597212153969,mantissa,10,1.0,0.8632659912109375,341,0.4,E5b_subtraction
97,17,subtraction,cleaned_up,12000,1.0,0.8632659912109375,59.00597212153969,mantissa,12,1.0,0.86344313621521,341,0.4,E5b_subtraction
97,17,subtraction,cleaned_up,12000,1.0,0.8632659912109375,59.00597212153969,mantissa,16,1.0,0.8632659912109375,341,0.4,E5b_subtraction
97,17,subtraction,cleaned_up,12000,1.0,0.8632659912109375,59.00597212153969,mantissa,23,1.0,0.8632659912109375,341,0.4,E5b_subtraction
97,17,subtraction,cleaned_up,12000,1.0,0.8632659912109375,59.00597212153969,nf,2,0.0162104703485965,0.0155862551182508,341,0.4,E5b_subtraction
97,17,subtraction,cleaned_up,12000,1.0,0.8632659912109375,59.00597212153969,nf,3,0.0207281429320573,0.0221395678818225,341,0.4,E5b_subtraction
97,17,subtraction,cleaned_up,12000,1.0,0.8632659912109375,59.00597212153969,nf,4,0.1177252233028411,0.1055614575743675,341,0.4,E5b_subtraction
97,17,subtraction,cleaned_up,12000,1.0,0.8632659912109375,59.00597212153969,nf,5,0.2107361108064651,0.172157272696495,341,0.4,E5b_subtraction
97,17,subtraction,cleaned_up,12000,1.0,0.8632659912109375,59.00597212153969,nf,6,0.274249255657196,0.216967761516571,341,0.4,E5b_subtraction
97,17,subtraction,cleaned_up,12000,1.0,0.8632659912109375,59.00597212153969,nf,8,0.4023385643959045,0.30499467253685,341,0.4,E5b_subtraction
97,17,subtraction,cleaned_up,12000,1.0,0.8632659912109375,59.00597212153969,nf,10,0.4023385643959045,0.30499467253685,341,0.4,E5b_subtraction
97,17,subtraction,cleaned_up,12000,1.0,0.8632659912109375,59.00597212153969,nf,12,0.4023385643959045,0.30499467253685,341,0.4,E5b_subtraction
97,17,subtraction,cleaned_up,12000,1.0,0.8632659912109375,59.00597212153969,nf,16,0.4023385643959045,0.30499467253685,341,0.4,E5b_subtraction
97,17,subtraction,cleaned_up,12000,1.0,0.8632659912109375,59.00597212153969,nf,23,1.0,0.8632659912109375,341,0.4,E5b_subtraction
97,18,subtraction,pre_grok,300,0.9920276403427124,0.0356004238128662,42.55653235882029,int,2,0.0249800700694322,0.0136379739269614,341,0.4,E5b_subtraction
97,18,subtraction,pre_grok,300,0.9920276403427124,0.0356004238128662,42.55653235882029,int,3,0.2301355302333831,0.0410910360515117,341,0.4,E5b_subtraction
97,18,subtraction,pre_grok,300,0.9920276403427124,0.0356004238128662,42.55653235882029,int,4,0.5200637578964233,0.0435706675052642,341,0.4,E5b_subtraction
97,18,subtraction,pre_grok,300,0.9920276403427124,0.0356004238128662,42.55653235882029,int,5,0.8028169274330139,0.0370173566043376,341,0.4,E5b_subtraction
97,18,subtraction,pre_grok,300,0.9920276403427124,0.0356004238128662,42.55653235882029,int,6,0.9436619877815248,0.0363088920712471,341,0.4,E5b_subtraction
97,18,subtraction,pre_grok,300,0.9920276403427124,0.0356004238128662,42.55653235882029,int,8,0.9906989336013794,0.035246193408966,341,0.4,E5b_subtraction
97,18,subtraction,pre_grok,300,0.9920276403427124,0.0356004238128662,42.55653235882029,int,10,0.9912304282188416,0.0356004238128662,341,0.4,E5b_subtraction
97,18,subtraction,pre_grok,300,0.9920276403427124,0.0356004238128662,42.55653235882029,int,12,0.9917619228363036,0.0356004238128662,341,0.4,E5b_subtraction
97,18,subtraction,pre_grok,300,0.9920276403427124,0.0356004238128662,42.55653235882029,int,16,0.9920276403427124,0.0356004238128662,341,0.4,E5b_subtraction
97,18,subtraction,pre_grok,300,0.9920276403427124,0.0356004238128662,42.55653235882029,int,23,0.9920276403427124,0.0356004238128662,341,0.4,E5b_subtraction
97,18,subtraction,pre_grok,300,0.9920276403427124,0.0356004238128662,42.55653235882029,mantissa,2,0.8774913549423218,0.0373715907335281,341,0.4,E5b_subtraction
97,18,subtraction,pre_grok,300,0.9920276403427124,0.0356004238128662,42.55653235882029,mantissa,3,0.9604039192199708,0.0350690744817256,341,0.4,E5b_subtraction
97,18,subtraction,pre_grok,300,0.9920276403427124,0.0356004238128662,42.55653235882029,mantissa,4,0.983258068561554,0.0348919592797756,341,0.4,E5b_subtraction
97,18,subtraction,pre_grok,300,0.9920276403427124,0.0356004238128662,42.55653235882029,mantissa,5,0.9899016618728638,0.0356004238128662,341,0.4,E5b_subtraction
97,18,subtraction,pre_grok,300,0.9920276403427124,0.0356004238128662,42.55653235882029,mantissa,6,0.9917619228363036,0.035246193408966,341,0.4,E5b_subtraction
97,18,subtraction,pre_grok,300,0.9920276403427124,0.0356004238128662,42.55653235882029,mantissa,8,0.9912304282188416,0.0354233086109161,341,0.4,E5b_subtraction
97,18,subtraction,pre_grok,300,0.9920276403427124,0.0356004238128662,42.55653235882029,mantissa,10,0.9917619228363036,0.0356004238128662,341,0.4,E5b_subtraction
97,18,subtraction,pre_grok,300,0.9920276403427124,0.0356004238128662,42.55653235882029,mantissa,12,0.9920276403427124,0.0356004238128662,341,0.4,E5b_subtraction
97,18,subtraction,pre_grok,300,0.9920276403427124,0.0356004238128662,42.55653235882029,mantissa,16,0.9920276403427124,0.0356004238128662,341,0.4,E5b_subtraction
97,18,subtraction,pre_grok,300,0.9920276403427124,0.0356004238128662,42.55653235882029,mantissa,23,0.9920276403427124,0.0356004238128662,341,0.4,E5b_subtraction
97,18,subtraction,pre_grok,300,0.9920276403427124,0.0356004238128662,42.55653235882029,nf,2,0.0932766422629356,0.0240878500044345,341,0.4,E5b_subtraction
97,18,subtraction,pre_grok,300,0.9920276403427124,0.0356004238128662,42.55653235882029,nf,3,0.3183630108833313,0.0393198728561401,341,0.4,E5b_subtraction
97,18,subtraction,pre_grok,300,0.9920276403427124,0.0356004238128662,42.55653235882029,nf,4,0.5570023655891418,0.0403825715184211,341,0.4,E5b_subtraction
97,18,subtraction,pre_grok,300,0.9920276403427124,0.0356004238128662,42.55653235882029,nf,5,0.8028169274330139,0.0356004238128662,341,0.4,E5b_subtraction
97,18,subtraction,pre_grok,300,0.9920276403427124,0.0356004238128662,42.55653235882029,nf,6,0.93701833486557,0.0348919592797756,341,0.4,E5b_subtraction
97,18,subtraction,pre_grok,300,0.9920276403427124,0.0356004238128662,42.55653235882029,nf,8,0.9872442483901978,0.0361317731440067,341,0.4,E5b_subtraction
97,18,subtraction,pre_grok,300,0.9920276403427124,0.0356004238128662,42.55653235882029,nf,10,0.9872442483901978,0.0361317731440067,341,0.4,E5b_subtraction
97,18,subtraction,pre_grok,300,0.9920276403427124,0.0356004238128662,42.55653235882029,nf,12,0.9872442483901978,0.0361317731440067,341,0.4,E5b_subtraction
97,18,subtraction,pre_grok,300,0.9920276403427124,0.0356004238128662,42.55653235882029,nf,16,0.9872442483901978,0.0361317731440067,341,0.4,E5b_subtraction
97,18,subtraction,pre_grok,300,0.9920276403427124,0.0356004238128662,42.55653235882029,nf,23,0.9920276403427124,0.0356004238128662,341,0.4,E5b_subtraction
97,18,subtraction,just_grokked,4150,1.0,0.935175359249115,40.03934824474066,int,2,0.0114270532503724,0.0100956428796052,341,0.4,E5b_subtraction
97,18,subtraction,just_grokked,4150,1.0,0.935175359249115,40.03934824474066,int,3,0.0146159976720809,0.0178887713700532,341,0.4,E5b_subtraction
97,18,subtraction,just_grokked,4150,1.0,0.935175359249115,40.03934824474066,int,4,0.073345735669136,0.0644704177975654,341,0.4,E5b_subtraction
97,18,subtraction,just_grokked,4150,1.0,0.935175359249115,40.03934824474066,int,5,0.4504384696483612,0.3637973666191101,341,0.4,E5b_subtraction
97,18,subtraction,just_grokked,4150,1.0,0.935175359249115,40.03934824474066,int,6,0.9827265739440918,0.8351044654846191,341,0.4,E5b_subtraction
97,18,subtraction,just_grokked,4150,1.0,0.935175359249115,40.03934824474066,int,8,1.0,0.935175359249115,341,0.4,E5b_subtraction
97,18,subtraction,just_grokked,4150,1.0,0.935175359249115,40.03934824474066,int,10,1.0,0.9348211288452148,341,0.4,E5b_subtraction
97,18,subtraction,just_grokked,4150,1.0,0.935175359249115,40.03934824474066,int,12,1.0,0.9349982142448424,341,0.4,E5b_subtraction
97,18,subtraction,just_grokked,4150,1.0,0.935175359249115,40.03934824474066,int,16,1.0,0.935175359249115,341,0.4,E5b_subtraction
97,18,subtraction,just_grokked,4150,1.0,0.935175359249115,40.03934824474066,int,23,1.0,0.935175359249115,341,0.4,E5b_subtraction
97,18,subtraction,just_grokked,4150,1.0,0.935175359249115,40.03934824474066,mantissa,2,1.0,0.9215373396873474,341,0.4,E5b_subtraction
97,18,subtraction,just_grokked,4150,1.0,0.935175359249115,40.03934824474066,mantissa,3,1.0,0.9332270622253418,341,0.4,E5b_subtraction
97,18,subtraction,just_grokked,4150,1.0,0.935175359249115,40.03934824474066,mantissa,4,1.0,0.9367693662643432,341,0.4,E5b_subtraction
97,18,subtraction,just_grokked,4150,1.0,0.935175359249115,40.03934824474066,mantissa,5,1.0,0.933935523033142,341,0.4,E5b_subtraction
97,18,subtraction,just_grokked,4150,1.0,0.935175359249115,40.03934824474066,mantissa,6,1.0,0.9349982142448424,341,0.4,E5b_subtraction
97,18,subtraction,just_grokked,4150,1.0,0.935175359249115,40.03934824474066,mantissa,8,1.0,0.9349982142448424,341,0.4,E5b_subtraction
97,18,subtraction,just_grokked,4150,1.0,0.935175359249115,40.03934824474066,mantissa,10,1.0,0.935175359249115,341,0.4,E5b_subtraction
97,18,subtraction,just_grokked,4150,1.0,0.935175359249115,40.03934824474066,mantissa,12,1.0,0.935175359249115,341,0.4,E5b_subtraction
97,18,subtraction,just_grokked,4150,1.0,0.935175359249115,40.03934824474066,mantissa,16,1.0,0.935175359249115,341,0.4,E5b_subtraction
97,18,subtraction,just_grokked,4150,1.0,0.935175359249115,40.03934824474066,mantissa,23,1.0,0.935175359249115,341,0.4,E5b_subtraction
97,18,subtraction,just_grokked,4150,1.0,0.935175359249115,40.03934824474066,nf,2,0.0151474885642528,0.0129295075312256,341,0.4,E5b_subtraction
97,18,subtraction,just_grokked,4150,1.0,0.935175359249115,40.03934824474066,nf,3,0.063247412443161,0.0538434274494648,341,0.4,E5b_subtraction
97,18,subtraction,just_grokked,4150,1.0,0.935175359249115,40.03934824474066,nf,4,0.2319957464933395,0.1856181323528289,341,0.4,E5b_subtraction
97,18,subtraction,just_grokked,4150,1.0,0.935175359249115,40.03934824474066,nf,5,0.4892373085021972,0.3682252764701843,341,0.4,E5b_subtraction
97,18,subtraction,just_grokked,4150,1.0,0.935175359249115,40.03934824474066,nf,6,0.6388520002365112,0.4923839867115021,341,0.4,E5b_subtraction
97,18,subtraction,just_grokked,4150,1.0,0.935175359249115,40.03934824474066,nf,8,0.8620781302452087,0.6702089905738831,341,0.4,E5b_subtraction
97,18,subtraction,just_grokked,4150,1.0,0.935175359249115,40.03934824474066,nf,10,0.8620781302452087,0.6702089905738831,341,0.4,E5b_subtraction
97,18,subtraction,just_grokked,4150,1.0,0.935175359249115,40.03934824474066,nf,12,0.8620781302452087,0.6702089905738831,341,0.4,E5b_subtraction
97,18,subtraction,just_grokked,4150,1.0,0.935175359249115,40.03934824474066,nf,16,0.8620781302452087,0.6702089905738831,341,0.4,E5b_subtraction
97,18,subtraction,just_grokked,4150,1.0,0.935175359249115,40.03934824474066,nf,23,1.0,0.935175359249115,341,0.4,E5b_subtraction
97,18,subtraction,post_grok_500,4650,1.0,0.9998228549957277,37.3919707557046,int,2,0.0082381078973412,0.0116896918043494,341,0.4,E5b_subtraction
97,18,subtraction,post_grok_500,4650,1.0,0.9998228549957277,37.3919707557046,int,3,0.0209938883781433,0.0207226350903511,341,0.4,E5b_subtraction
97,18,subtraction,post_grok_500,4650,1.0,0.9998228549957277,37.3919707557046,int,4,0.0374701023101806,0.0364860072731971,341,0.4,E5b_subtraction
97,18,subtraction,post_grok_500,4650,1.0,0.9998228549957277,37.3919707557046,int,5,0.3781557381153106,0.3655685484409332,341,0.4,E5b_subtraction
97,18,subtraction,post_grok_500,4650,1.0,0.9998228549957277,37.3919707557046,int,6,0.9710337519645692,0.9466879367828368,341,0.4,E5b_subtraction
97,18,subtraction,post_grok_500,4650,1.0,0.9998228549957277,37.3919707557046,int,8,1.0,0.9998228549957277,341,0.4,E5b_subtraction
97,18,subtraction,post_grok_500,4650,1.0,0.9998228549957277,37.3919707557046,int,10,1.0,0.9998228549957277,341,0.4,E5b_subtraction
97,18,subtraction,post_grok_500,4650,1.0,0.9998228549957277,37.3919707557046,int,12,1.0,0.9998228549957277,341,0.4,E5b_subtraction
97,18,subtraction,post_grok_500,4650,1.0,0.9998228549957277,37.3919707557046,int,16,1.0,0.9998228549957277,341,0.4,E5b_subtraction
97,18,subtraction,post_grok_500,4650,1.0,0.9998228549957277,37.3919707557046,int,23,1.0,0.9998228549957277,341,0.4,E5b_subtraction
97,18,subtraction,post_grok_500,4650,1.0,0.9998228549957277,37.3919707557046,mantissa,2,1.0,0.9991143941879272,341,0.4,E5b_subtraction
97,18,subtraction,post_grok_500,4650,1.0,0.9998228549957277,37.3919707557046,mantissa,3,1.0,0.9998228549957277,341,0.4,E5b_subtraction
97,18,subtraction,post_grok_500,4650,1.0,0.9998228549957277,37.3919707557046,mantissa,4,1.0,0.9998228549957277,341,0.4,E5b_subtraction
97,18,subtraction,post_grok_500,4650,1.0,0.9998228549957277,37.3919707557046,mantissa,5,1.0,0.9998228549957277,341,0.4,E5b_subtraction
97,18,subtraction,post_grok_500,4650,1.0,0.9998228549957277,37.3919707557046,mantissa,6,1.0,0.9998228549957277,341,0.4,E5b_subtraction
97,18,subtraction,post_grok_500,4650,1.0,0.9998228549957277,37.3919707557046,mantissa,8,1.0,0.9998228549957277,341,0.4,E5b_subtraction
97,18,subtraction,post_grok_500,4650,1.0,0.9998228549957277,37.3919707557046,mantissa,10,1.0,0.9998228549957277,341,0.4,E5b_subtraction
97,18,subtraction,post_grok_500,4650,1.0,0.9998228549957277,37.3919707557046,mantissa,12,1.0,0.9998228549957277,341,0.4,E5b_subtraction
97,18,subtraction,post_grok_500,4650,1.0,0.9998228549957277,37.3919707557046,mantissa,16,1.0,0.9998228549957277,341,0.4,E5b_subtraction
97,18,subtraction,post_grok_500,4650,1.0,0.9998228549957277,37.3919707557046,mantissa,23,1.0,0.9998228549957277,341,0.4,E5b_subtraction
97,18,subtraction,post_grok_500,4650,1.0,0.9998228549957277,37.3919707557046,nf,2,0.0172734521329402,0.0139922071248292,341,0.4,E5b_subtraction
97,18,subtraction,post_grok_500,4650,1.0,0.9998228549957277,37.3919707557046,nf,3,0.0313579589128494,0.0308182779699563,341,0.4,E5b_subtraction
97,18,subtraction,post_grok_500,4650,1.0,0.9998228549957277,37.3919707557046,nf,4,0.1004517674446106,0.0917463675141334,341,0.4,E5b_subtraction
97,18,subtraction,post_grok_500,4650,1.0,0.9998228549957277,37.3919707557046,nf,5,0.2327929884195327,0.2045696079730987,341,0.4,E5b_subtraction
97,18,subtraction,post_grok_500,4650,1.0,0.9998228549957277,37.3919707557046,nf,6,0.3297900557518005,0.3034006357192993,341,0.4,E5b_subtraction
97,18,subtraction,post_grok_500,4650,1.0,0.9998228549957277,37.3919707557046,nf,8,0.5955354571342468,0.5471130013465881,341,0.4,E5b_subtraction
97,18,subtraction,post_grok_500,4650,1.0,0.9998228549957277,37.3919707557046,nf,10,0.5955354571342468,0.5471130013465881,341,0.4,E5b_subtraction
97,18,subtraction,post_grok_500,4650,1.0,0.9998228549957277,37.3919707557046,nf,12,0.5955354571342468,0.5471130013465881,341,0.4,E5b_subtraction
97,18,subtraction,post_grok_500,4650,1.0,0.9998228549957277,37.3919707557046,nf,16,0.5955354571342468,0.5471130013465881,341,0.4,E5b_subtraction
97,18,subtraction,post_grok_500,4650,1.0,0.9998228549957277,37.3919707557046,nf,23,1.0,0.9998228549957277,341,0.4,E5b_subtraction
97,18,subtraction,post_grok_1500,5650,1.0,1.0,35.286581611371034,int,2,0.0085038533434271,0.0106269922107458,341,0.4,E5b_subtraction
97,18,subtraction,post_grok_1500,5650,1.0,1.0,35.286581611371034,int,3,0.0465054474771022,0.0441020168364048,341,0.4,E5b_subtraction
97,18,subtraction,post_grok_1500,5650,1.0,1.0,35.286581611371034,int,4,0.156524047255516,0.152674451470375,341,0.4,E5b_subtraction
97,18,subtraction,post_grok_1500,5650,1.0,1.0,35.286581611371034,int,5,0.6805739998817444,0.6431101560592651,341,0.4,E5b_subtraction
97,18,subtraction,post_grok_1500,5650,1.0,1.0,35.286581611371034,int,6,1.0,0.9980517029762268,341,0.4,E5b_subtraction
97,18,subtraction,post_grok_1500,5650,1.0,1.0,35.286581611371034,int,8,1.0,1.0,341,0.4,E5b_subtraction
97,18,subtraction,post_grok_1500,5650,1.0,1.0,35.286581611371034,int,10,1.0,1.0,341,0.4,E5b_subtraction
97,18,subtraction,post_grok_1500,5650,1.0,1.0,35.286581611371034,int,12,1.0,1.0,341,0.4,E5b_subtraction
97,18,subtraction,post_grok_1500,5650,1.0,1.0,35.286581611371034,int,16,1.0,1.0,341,0.4,E5b_subtraction
97,18,subtraction,post_grok_1500,5650,1.0,1.0,35.286581611371034,int,23,1.0,1.0,341,0.4,E5b_subtraction
97,18,subtraction,post_grok_1500,5650,1.0,1.0,35.286581611371034,mantissa,2,1.0,1.0,341,0.4,E5b_subtraction
97,18,subtraction,post_grok_1500,5650,1.0,1.0,35.286581611371034,mantissa,3,1.0,1.0,341,0.4,E5b_subtraction
97,18,subtraction,post_grok_1500,5650,1.0,1.0,35.286581611371034,mantissa,4,1.0,1.0,341,0.4,E5b_subtraction
97,18,subtraction,post_grok_1500,5650,1.0,1.0,35.286581611371034,mantissa,5,1.0,1.0,341,0.4,E5b_subtraction
97,18,subtraction,post_grok_1500,5650,1.0,1.0,35.286581611371034,mantissa,6,1.0,1.0,341,0.4,E5b_subtraction
97,18,subtraction,post_grok_1500,5650,1.0,1.0,35.286581611371034,mantissa,8,1.0,1.0,341,0.4,E5b_subtraction
97,18,subtraction,post_grok_1500,5650,1.0,1.0,35.286581611371034,mantissa,10,1.0,1.0,341,0.4,E5b_subtraction
97,18,subtraction,post_grok_1500,5650,1.0,1.0,35.286581611371034,mantissa,12,1.0,1.0,341,0.4,E5b_subtraction
97,18,subtraction,post_grok_1500,5650,1.0,1.0,35.286581611371034,mantissa,16,1.0,1.0,341,0.4,E5b_subtraction
97,18,subtraction,post_grok_1500,5650,1.0,1.0,35.286581611371034,mantissa,23,1.0,1.0,341,0.4,E5b_subtraction
97,18,subtraction,post_grok_1500,5650,1.0,1.0,35.286581611371034,nf,2,0.0146159976720809,0.0132837407290935,341,0.4,E5b_subtraction
97,18,subtraction,post_grok_1500,5650,1.0,1.0,35.286581611371034,nf,3,0.0600584633648395,0.0549061261117458,341,0.4,E5b_subtraction
97,18,subtraction,post_grok_1500,5650,1.0,1.0,35.286581611371034,nf,4,0.1381876170635223,0.1300035417079925,341,0.4,E5b_subtraction
97,18,subtraction,post_grok_1500,5650,1.0,1.0,35.286581611371034,nf,5,0.2638852000236511,0.2486716210842132,341,0.4,E5b_subtraction
97,18,subtraction,post_grok_1500,5650,1.0,1.0,35.286581611371034,nf,6,0.3762955069541931,0.3584838807582855,341,0.4,E5b_subtraction
97,18,subtraction,post_grok_1500,5650,1.0,1.0,35.286581611371034,nf,8,0.6659579873085022,0.6278781294822693,341,0.4,E5b_subtraction
97,18,subtraction,post_grok_1500,5650,1.0,1.0,35.286581611371034,nf,10,0.6659579873085022,0.6278781294822693,341,0.4,E5b_subtraction
97,18,subtraction,post_grok_1500,5650,1.0,1.0,35.286581611371034,nf,12,0.6659579873085022,0.6278781294822693,341,0.4,E5b_subtraction
97,18,subtraction,post_grok_1500,5650,1.0,1.0,35.286581611371034,nf,16,0.6659579873085022,0.6278781294822693,341,0.4,E5b_subtraction
97,18,subtraction,post_grok_1500,5650,1.0,1.0,35.286581611371034,nf,23,1.0,1.0,341,0.4,E5b_subtraction
97,18,subtraction,post_grok_4000,8150,1.0,1.0,36.971545303186346,int,2,0.0079723624512553,0.0116896918043494,341,0.4,E5b_subtraction
97,18,subtraction,post_grok_4000,8150,1.0,1.0,36.971545303186346,int,3,0.0310922134667634,0.0286928787827491,341,0.4,E5b_subtraction
97,18,subtraction,post_grok_4000,8150,1.0,1.0,36.971545303186346,int,4,0.2827531099319458,0.2624867260456085,341,0.4,E5b_subtraction
97,18,subtraction,post_grok_4000,8150,1.0,1.0,36.971545303186346,int,5,0.9439277052879332,0.9169323444366456,341,0.4,E5b_subtraction
97,18,subtraction,post_grok_4000,8150,1.0,1.0,36.971545303186346,int,6,1.0,0.9994686245918274,341,0.4,E5b_subtraction
97,18,subtraction,post_grok_4000,8150,1.0,1.0,36.971545303186346,int,8,1.0,1.0,341,0.4,E5b_subtraction
97,18,subtraction,post_grok_4000,8150,1.0,1.0,36.971545303186346,int,10,1.0,1.0,341,0.4,E5b_subtraction
97,18,subtraction,post_grok_4000,8150,1.0,1.0,36.971545303186346,int,12,1.0,1.0,341,0.4,E5b_subtraction
97,18,subtraction,post_grok_4000,8150,1.0,1.0,36.971545303186346,int,16,1.0,1.0,341,0.4,E5b_subtraction
97,18,subtraction,post_grok_4000,8150,1.0,1.0,36.971545303186346,int,23,1.0,1.0,341,0.4,E5b_subtraction
97,18,subtraction,post_grok_4000,8150,1.0,1.0,36.971545303186346,mantissa,2,1.0,0.9998228549957277,341,0.4,E5b_subtraction
97,18,subtraction,post_grok_4000,8150,1.0,1.0,36.971545303186346,mantissa,3,1.0,1.0,341,0.4,E5b_subtraction
97,18,subtraction,post_grok_4000,8150,1.0,1.0,36.971545303186346,mantissa,4,1.0,1.0,341,0.4,E5b_subtraction
97,18,subtraction,post_grok_4000,8150,1.0,1.0,36.971545303186346,mantissa,5,1.0,1.0,341,0.4,E5b_subtraction
97,18,subtraction,post_grok_4000,8150,1.0,1.0,36.971545303186346,mantissa,6,1.0,1.0,341,0.4,E5b_subtraction
97,18,subtraction,post_grok_4000,8150,1.0,1.0,36.971545303186346,mantissa,8,1.0,1.0,341,0.4,E5b_subtraction
97,18,subtraction,post_grok_4000,8150,1.0,1.0,36.971545303186346,mantissa,10,1.0,1.0,341,0.4,E5b_subtraction
97,18,subtraction,post_grok_4000,8150,1.0,1.0,36.971545303186346,mantissa,12,1.0,1.0,341,0.4,E5b_subtraction
97,18,subtraction,post_grok_4000,8150,1.0,1.0,36.971545303186346,mantissa,16,1.0,1.0,341,0.4,E5b_subtraction
97,18,subtraction,post_grok_4000,8150,1.0,1.0,36.971545303186346,mantissa,23,1.0,1.0,341,0.4,E5b_subtraction
97,18,subtraction,post_grok_4000,8150,1.0,1.0,36.971545303186346,nf,2,0.0188679248094558,0.0168260708451271,341,0.4,E5b_subtraction
97,18,subtraction,post_grok_4000,8150,1.0,1.0,36.971545303186346,nf,3,0.0539463199675083,0.0483528152108192,341,0.4,E5b_subtraction
97,18,subtraction,post_grok_4000,8150,1.0,1.0,36.971545303186346,nf,4,0.1296837627887725,0.1257527470588684,341,0.4,E5b_subtraction
97,18,subtraction,post_grok_4000,8150,1.0,1.0,36.971545303186346,nf,5,0.2803614139556885,0.2658519148826599,341,0.4,E5b_subtraction
97,18,subtraction,post_grok_4000,8150,1.0,1.0,36.971545303186346,nf,6,0.4291788339614868,0.4063053429126739,341,0.4,E5b_subtraction
97,18,subtraction,post_grok_4000,8150,1.0,1.0,36.971545303186346,nf,8,0.6571884155273438,0.6223875284194946,341,0.4,E5b_subtraction
97,18,subtraction,post_grok_4000,8150,1.0,1.0,36.971545303186346,nf,10,0.6571884155273438,0.6223875284194946,341,0.4,E5b_subtraction
97,18,subtraction,post_grok_4000,8150,1.0,1.0,36.971545303186346,nf,12,0.6571884155273438,0.6223875284194946,341,0.4,E5b_subtraction
97,18,subtraction,post_grok_4000,8150,1.0,1.0,36.971545303186346,nf,16,0.6571884155273438,0.6223875284194946,341,0.4,E5b_subtraction
97,18,subtraction,post_grok_4000,8150,1.0,1.0,36.971545303186346,nf,23,1.0,1.0,341,0.4,E5b_subtraction
97,18,subtraction,cleaned_up,15300,1.0,1.0,35.70280673596789,int,2,0.0071751261129975,0.010804109275341,341,0.4,E5b_subtraction
97,18,subtraction,cleaned_up,15300,1.0,1.0,35.70280673596789,int,3,0.0340154133737087,0.0384342893958091,341,0.4,E5b_subtraction
97,18,subtraction,cleaned_up,15300,1.0,1.0,35.70280673596789,int,4,0.2561785876750946,0.2460148781538009,341,0.4,E5b_subtraction
97,18,subtraction,cleaned_up,15300,1.0,1.0,35.70280673596789,int,5,0.8424129486083984,0.8317392468452454,341,0.4,E5b_subtraction
97,18,subtraction,cleaned_up,15300,1.0,1.0,35.70280673596789,int,6,1.0,0.9989373087882996,341,0.4,E5b_subtraction
97,18,subtraction,cleaned_up,15300,1.0,1.0,35.70280673596789,int,8,1.0,1.0,341,0.4,E5b_subtraction
97,18,subtraction,cleaned_up,15300,1.0,1.0,35.70280673596789,int,10,1.0,1.0,341,0.4,E5b_subtraction
97,18,subtraction,cleaned_up,15300,1.0,1.0,35.70280673596789,int,12,1.0,1.0,341,0.4,E5b_subtraction
97,18,subtraction,cleaned_up,15300,1.0,1.0,35.70280673596789,int,16,1.0,1.0,341,0.4,E5b_subtraction
97,18,subtraction,cleaned_up,15300,1.0,1.0,35.70280673596789,int,23,1.0,1.0,341,0.4,E5b_subtraction
97,18,subtraction,cleaned_up,15300,1.0,1.0,35.70280673596789,mantissa,2,1.0,0.9998228549957277,341,0.4,E5b_subtraction
97,18,subtraction,cleaned_up,15300,1.0,1.0,35.70280673596789,mantissa,3,1.0,1.0,341,0.4,E5b_subtraction
97,18,subtraction,cleaned_up,15300,1.0,1.0,35.70280673596789,mantissa,4,1.0,1.0,341,0.4,E5b_subtraction
97,18,subtraction,cleaned_up,15300,1.0,1.0,35.70280673596789,mantissa,5,1.0,1.0,341,0.4,E5b_subtraction
97,18,subtraction,cleaned_up,15300,1.0,1.0,35.70280673596789,mantissa,6,1.0,1.0,341,0.4,E5b_subtraction
97,18,subtraction,cleaned_up,15300,1.0,1.0,35.70280673596789,mantissa,8,1.0,1.0,341,0.4,E5b_subtraction
97,18,subtraction,cleaned_up,15300,1.0,1.0,35.70280673596789,mantissa,10,1.0,1.0,341,0.4,E5b_subtraction
97,18,subtraction,cleaned_up,15300,1.0,1.0,35.70280673596789,mantissa,12,1.0,1.0,341,0.4,E5b_subtraction
97,18,subtraction,cleaned_up,15300,1.0,1.0,35.70280673596789,mantissa,16,1.0,1.0,341,0.4,E5b_subtraction
97,18,subtraction,cleaned_up,15300,1.0,1.0,35.70280673596789,mantissa,23,1.0,1.0,341,0.4,E5b_subtraction
97,18,subtraction,cleaned_up,15300,1.0,1.0,35.70280673596789,nf,2,0.014350252225995,0.0143464393913745,341,0.4,E5b_subtraction
97,18,subtraction,cleaned_up,15300,1.0,1.0,35.70280673596789,nf,3,0.0305607225745916,0.0292242299765348,341,0.4,E5b_subtraction
97,18,subtraction,cleaned_up,15300,1.0,1.0,35.70280673596789,nf,4,0.066170610487461,0.0657102391123771,341,0.4,E5b_subtraction
97,18,subtraction,cleaned_up,15300,1.0,1.0,35.70280673596789,nf,5,0.0938081294298172,0.0915692523121833,341,0.4,E5b_subtraction
97,18,subtraction,cleaned_up,15300,1.0,1.0,35.70280673596789,nf,6,0.1070954054594039,0.1036131754517555,341,0.4,E5b_subtraction
97,18,subtraction,cleaned_up,15300,1.0,1.0,35.70280673596789,nf,8,0.1589157581329345,0.1363797336816787,341,0.4,E5b_subtraction
97,18,subtraction,cleaned_up,15300,1.0,1.0,35.70280673596789,nf,10,0.1589157581329345,0.1363797336816787,341,0.4,E5b_subtraction
97,18,subtraction,cleaned_up,15300,1.0,1.0,35.70280673596789,nf,12,0.1589157581329345,0.1363797336816787,341,0.4,E5b_subtraction
97,18,subtraction,cleaned_up,15300,1.0,1.0,35.70280673596789,nf,16,0.1589157581329345,0.1363797336816787,341,0.4,E5b_subtraction
97,18,subtraction,cleaned_up,15300,1.0,1.0,35.70280673596789,nf,23,1.0,1.0,341,0.4,E5b_subtraction
97,19,subtraction,pre_grok,200,1.0,0.0076160114258527,46.86998039580924,int,2,0.0382673405110836,0.0150549057871103,341,0.4,E5b_subtraction
97,19,subtraction,pre_grok,200,1.0,0.0076160114258527,46.86998039580924,int,3,0.3497209548950195,0.0111583424732089,341,0.4,E5b_subtraction
97,19,subtraction,pre_grok,200,1.0,0.0076160114258527,46.86998039580924,int,4,0.7010363936424255,0.0085015939548611,341,0.4,E5b_subtraction
97,19,subtraction,pre_grok,200,1.0,0.0076160114258527,46.86998039580924,int,5,0.947382390499115,0.008855827152729,341,0.4,E5b_subtraction
97,19,subtraction,pre_grok,200,1.0,0.0076160114258527,46.86998039580924,int,6,0.998671293258667,0.0072617782279849,341,0.4,E5b_subtraction
97,19,subtraction,pre_grok,200,1.0,0.0076160114258527,46.86998039580924,int,8,1.0,0.0079702446237206,341,0.4,E5b_subtraction
97,19,subtraction,pre_grok,200,1.0,0.0076160114258527,46.86998039580924,int,10,1.0,0.0076160114258527,341,0.4,E5b_subtraction
97,19,subtraction,pre_grok,200,1.0,0.0076160114258527,46.86998039580924,int,12,1.0,0.0076160114258527,341,0.4,E5b_subtraction
97,19,subtraction,pre_grok,200,1.0,0.0076160114258527,46.86998039580924,int,16,1.0,0.0076160114258527,341,0.4,E5b_subtraction
97,19,subtraction,pre_grok,200,1.0,0.0076160114258527,46.86998039580924,int,23,1.0,0.0076160114258527,341,0.4,E5b_subtraction
97,19,subtraction,pre_grok,200,1.0,0.0076160114258527,46.86998039580924,mantissa,2,0.961466908454895,0.0090329432860016,341,0.4,E5b_subtraction
97,19,subtraction,pre_grok,200,1.0,0.0076160114258527,46.86998039580924,mantissa,3,0.9984055161476136,0.0081473607569932,341,0.4,E5b_subtraction
97,19,subtraction,pre_grok,200,1.0,0.0076160114258527,46.86998039580924,mantissa,4,1.0,0.0081473607569932,341,0.4,E5b_subtraction
97,19,subtraction,pre_grok,200,1.0,0.0076160114258527,46.86998039580924,mantissa,5,1.0,0.0077931275591254,341,0.4,E5b_subtraction
97,19,subtraction,pre_grok,200,1.0,0.0076160114258527,46.86998039580924,mantissa,6,1.0,0.0076160114258527,341,0.4,E5b_subtraction
97,19,subtraction,pre_grok,200,1.0,0.0076160114258527,46.86998039580924,mantissa,8,1.0,0.0076160114258527,341,0.4,E5b_subtraction
97,19,subtraction,pre_grok,200,1.0,0.0076160114258527,46.86998039580924,mantissa,10,1.0,0.0076160114258527,341,0.4,E5b_subtraction
97,19,subtraction,pre_grok,200,1.0,0.0076160114258527,46.86998039580924,mantissa,12,1.0,0.0076160114258527,341,0.4,E5b_subtraction
97,19,subtraction,pre_grok,200,1.0,0.0076160114258527,46.86998039580924,mantissa,16,1.0,0.0076160114258527,341,0.4,E5b_subtraction
97,19,subtraction,pre_grok,200,1.0,0.0076160114258527,46.86998039580924,mantissa,23,1.0,0.0076160114258527,341,0.4,E5b_subtraction
97,19,subtraction,pre_grok,200,1.0,0.0076160114258527,46.86998039580924,nf,2,0.199574813246727,0.0093871764838695,341,0.4,E5b_subtraction
97,19,subtraction,pre_grok,200,1.0,0.0076160114258527,46.86998039580924,nf,3,0.4860483705997467,0.0092100603505969,341,0.4,E5b_subtraction
97,19,subtraction,pre_grok,200,1.0,0.0076160114258527,46.86998039580924,nf,4,0.7448844313621521,0.0077931275591254,341,0.4,E5b_subtraction
97,19,subtraction,pre_grok,200,1.0,0.0076160114258527,46.86998039580924,nf,5,0.9277172684669496,0.0076160114258527,341,0.4,E5b_subtraction
97,19,subtraction,pre_grok,200,1.0,0.0076160114258527,46.86998039580924,nf,6,0.9938878417015076,0.0090329432860016,341,0.4,E5b_subtraction
97,19,subtraction,pre_grok,200,1.0,0.0076160114258527,46.86998039580924,nf,8,1.0,0.0076160114258527,341,0.4,E5b_subtraction
97,19,subtraction,pre_grok,200,1.0,0.0076160114258527,46.86998039580924,nf,10,1.0,0.0076160114258527,341,0.4,E5b_subtraction
97,19,subtraction,pre_grok,200,1.0,0.0076160114258527,46.86998039580924,nf,12,1.0,0.0076160114258527,341,0.4,E5b_subtraction
97,19,subtraction,pre_grok,200,1.0,0.0076160114258527,46.86998039580924,nf,16,1.0,0.0076160114258527,341,0.4,E5b_subtraction
97,19,subtraction,pre_grok,200,1.0,0.0076160114258527,46.86998039580924,nf,23,1.0,0.0076160114258527,341,0.4,E5b_subtraction
97,19,subtraction,cleaned_up,12000,0.8756311535835266,0.0329436771571636,50.30699782524807,int,2,0.0087695987895131,0.0102727590128779,341,0.4,E5b_subtraction
97,19,subtraction,cleaned_up,12000,0.8756311535835266,0.0329436771571636,50.30699782524807,int,3,0.0526175908744335,0.0123981582000851,341,0.4,E5b_subtraction
97,19,subtraction,cleaned_up,12000,0.8756311535835266,0.0329436771571636,50.30699782524807,int,4,0.2601647675037384,0.0256818979978561,341,0.4,E5b_subtraction
97,19,subtraction,cleaned_up,12000,0.8756311535835266,0.0329436771571636,50.30699782524807,int,5,0.6019133925437927,0.0295784622430801,341,0.4,E5b_subtraction
97,19,subtraction,cleaned_up,12000,0.8756311535835266,0.0329436771571636,50.30699782524807,int,6,0.8158384561538696,0.0306411609053611,341,0.4,E5b_subtraction
97,19,subtraction,cleaned_up,12000,0.8756311535835266,0.0329436771571636,50.30699782524807,int,8,0.867658793926239,0.0343606099486351,341,0.4,E5b_subtraction
97,19,subtraction,cleaned_up,12000,0.8756311535835266,0.0329436771571636,50.30699782524807,int,10,0.8753653764724731,0.0331207923591136,341,0.4,E5b_subtraction
97,19,subtraction,cleaned_up,12000,0.8756311535835266,0.0329436771571636,50.30699782524807,int,12,0.8750996589660645,0.033297911286354,341,0.4,E5b_subtraction
97,19,subtraction,cleaned_up,12000,0.8756311535835266,0.0329436771571636,50.30699782524807,int,16,0.8756311535835266,0.0329436771571636,341,0.4,E5b_subtraction
97,19,subtraction,cleaned_up,12000,0.8756311535835266,0.0329436771571636,50.30699782524807,int,23,0.8756311535835266,0.0329436771571636,341,0.4,E5b_subtraction
97,19,subtraction,cleaned_up,12000,0.8756311535835266,0.0329436771571636,50.30699782524807,mantissa,2,0.853574275970459,0.0334750264883041,341,0.4,E5b_subtraction
97,19,subtraction,cleaned_up,12000,0.8756311535835266,0.0329436771571636,50.30699782524807,mantissa,3,0.8679245114326477,0.033297911286354,341,0.4,E5b_subtraction
97,19,subtraction,cleaned_up,12000,0.8756311535835266,0.0329436771571636,50.30699782524807,mantissa,4,0.8719106912612915,0.033297911286354,341,0.4,E5b_subtraction
97,19,subtraction,cleaned_up,12000,0.8756311535835266,0.0329436771571636,50.30699782524807,mantissa,5,0.8764283657073975,0.0324123278260231,341,0.4,E5b_subtraction
97,19,subtraction,cleaned_up,12000,0.8756311535835266,0.0329436771571636,50.30699782524807,mantissa,6,0.8764283657073975,0.0327665582299232,341,0.4,E5b_subtraction
97,19,subtraction,cleaned_up,12000,0.8756311535835266,0.0329436771571636,50.30699782524807,mantissa,8,0.8758968710899353,0.0329436771571636,341,0.4,E5b_subtraction
97,19,subtraction,cleaned_up,12000,0.8756311535835266,0.0329436771571636,50.30699782524807,mantissa,10,0.8756311535835266,0.0329436771571636,341,0.4,E5b_subtraction
97,19,subtraction,cleaned_up,12000,0.8756311535835266,0.0329436771571636,50.30699782524807,mantissa,12,0.8756311535835266,0.0329436771571636,341,0.4,E5b_subtraction
97,19,subtraction,cleaned_up,12000,0.8756311535835266,0.0329436771571636,50.30699782524807,mantissa,16,0.8756311535835266,0.0329436771571636,341,0.4,E5b_subtraction
97,19,subtraction,cleaned_up,12000,0.8756311535835266,0.0329436771571636,50.30699782524807,mantissa,23,0.8756311535835266,0.0329436771571636,341,0.4,E5b_subtraction
97,19,subtraction,cleaned_up,12000,0.8756311535835266,0.0329436771571636,50.30699782524807,nf,2,0.0382673405110836,0.0106269922107458,341,0.4,E5b_subtraction
97,19,subtraction,cleaned_up,12000,0.8756311535835266,0.0329436771571636,50.30699782524807,nf,3,0.1381876170635223,0.0239107329398393,341,0.4,E5b_subtraction
97,19,subtraction,cleaned_up,12000,0.8756311535835266,0.0329436771571636,50.30699782524807,nf,4,0.3042784929275512,0.0301098115742206,341,0.4,E5b_subtraction
97,19,subtraction,cleaned_up,12000,0.8756311535835266,0.0329436771571636,50.30699782524807,nf,5,0.4921604990959167,0.0334750264883041,341,0.4,E5b_subtraction
97,19,subtraction,cleaned_up,12000,0.8756311535835266,0.0329436771571636,50.30699782524807,nf,6,0.6154663562774658,0.0331207923591136,341,0.4,E5b_subtraction
97,19,subtraction,cleaned_up,12000,0.8756311535835266,0.0329436771571636,50.30699782524807,nf,8,0.7347860932350159,0.0324123278260231,341,0.4,E5b_subtraction
97,19,subtraction,cleaned_up,12000,0.8756311535835266,0.0329436771571636,50.30699782524807,nf,10,0.7347860932350159,0.0324123278260231,341,0.4,E5b_subtraction
97,19,subtraction,cleaned_up,12000,0.8756311535835266,0.0329436771571636,50.30699782524807,nf,12,0.7347860932350159,0.0324123278260231,341,0.4,E5b_subtraction
97,19,subtraction,cleaned_up,12000,0.8756311535835266,0.0329436771571636,50.30699782524807,nf,16,0.7347860932350159,0.0324123278260231,341,0.4,E5b_subtraction
97,19,subtraction,cleaned_up,12000,0.8756311535835266,0.0329436771571636,50.30699782524807,nf,23,0.8756311535835266,0.0329436771571636,341,0.4,E5b_subtraction
97,20,subtraction,pre_grok,250,1.0,0.0152320228517055,46.10675612625998,int,2,0.032952431589365,0.0134608568623662,341,0.4,E5b_subtraction
97,20,subtraction,pre_grok,250,1.0,0.0152320228517055,46.10675612625998,int,3,0.3133138418197632,0.0170031879097223,341,0.4,E5b_subtraction
97,20,subtraction,pre_grok,250,1.0,0.0152320228517055,46.10675612625998,int,4,0.6619718074798584,0.016648955643177,341,0.4,E5b_subtraction
97,20,subtraction,pre_grok,250,1.0,0.0152320228517055,46.10675612625998,int,5,0.941536009311676,0.0162947215139865,341,0.4,E5b_subtraction
97,20,subtraction,pre_grok,250,1.0,0.0152320228517055,46.10675612625998,int,6,0.9981397986412048,0.0154091389849781,341,0.4,E5b_subtraction
97,20,subtraction,pre_grok,250,1.0,0.0152320228517055,46.10675612625998,int,8,1.0,0.0154091389849781,341,0.4,E5b_subtraction
97,20,subtraction,pre_grok,250,1.0,0.0152320228517055,46.10675612625998,int,10,1.0,0.0154091389849781,341,0.4,E5b_subtraction
97,20,subtraction,pre_grok,250,1.0,0.0152320228517055,46.10675612625998,int,12,1.0,0.0152320228517055,341,0.4,E5b_subtraction
97,20,subtraction,pre_grok,250,1.0,0.0152320228517055,46.10675612625998,int,16,1.0,0.0152320228517055,341,0.4,E5b_subtraction
97,20,subtraction,pre_grok,250,1.0,0.0152320228517055,46.10675612625998,int,23,1.0,0.0152320228517055,341,0.4,E5b_subtraction
97,20,subtraction,pre_grok,250,1.0,0.0152320228517055,46.10675612625998,mantissa,2,0.9625298976898192,0.0147006725892424,341,0.4,E5b_subtraction
97,20,subtraction,pre_grok,250,1.0,0.0152320228517055,46.10675612625998,mantissa,3,0.9984055161476136,0.0148777896538376,341,0.4,E5b_subtraction
97,20,subtraction,pre_grok,250,1.0,0.0152320228517055,46.10675612625998,mantissa,4,1.0,0.0148777896538376,341,0.4,E5b_subtraction
97,20,subtraction,pre_grok,250,1.0,0.0152320228517055,46.10675612625998,mantissa,5,1.0,0.0154091389849781,341,0.4,E5b_subtraction
97,20,subtraction,pre_grok,250,1.0,0.0152320228517055,46.10675612625998,mantissa,6,1.0,0.0150549057871103,341,0.4,E5b_subtraction
97,20,subtraction,pre_grok,250,1.0,0.0152320228517055,46.10675612625998,mantissa,8,1.0,0.0150549057871103,341,0.4,E5b_subtraction
97,20,subtraction,pre_grok,250,1.0,0.0152320228517055,46.10675612625998,mantissa,10,1.0,0.0152320228517055,341,0.4,E5b_subtraction
97,20,subtraction,pre_grok,250,1.0,0.0152320228517055,46.10675612625998,mantissa,12,1.0,0.0152320228517055,341,0.4,E5b_subtraction
97,20,subtraction,pre_grok,250,1.0,0.0152320228517055,46.10675612625998,mantissa,16,1.0,0.0152320228517055,341,0.4,E5b_subtraction
97,20,subtraction,pre_grok,250,1.0,0.0152320228517055,46.10675612625998,mantissa,23,1.0,0.0152320228517055,341,0.4,E5b_subtraction
97,20,subtraction,pre_grok,250,1.0,0.0152320228517055,46.10675612625998,nf,2,0.1753919720649719,0.016648955643177,341,0.4,E5b_subtraction
97,20,subtraction,pre_grok,250,1.0,0.0152320228517055,46.10675612625998,nf,3,0.4400744140148163,0.0175345372408628,341,0.4,E5b_subtraction
97,20,subtraction,pre_grok,250,1.0,0.0152320228517055,46.10675612625998,nf,4,0.7382407784461975,0.0180658865720033,341,0.4,E5b_subtraction
97,20,subtraction,pre_grok,250,1.0,0.0152320228517055,46.10675612625998,nf,5,0.903002917766571,0.015763372182846,341,0.4,E5b_subtraction
97,20,subtraction,pre_grok,250,1.0,0.0152320228517055,46.10675612625998,nf,6,0.9914961457252502,0.0152320228517055,341,0.4,E5b_subtraction
97,20,subtraction,pre_grok,250,1.0,0.0152320228517055,46.10675612625998,nf,8,1.0,0.0154091389849781,341,0.4,E5b_subtraction
97,20,subtraction,pre_grok,250,1.0,0.0152320228517055,46.10675612625998,nf,10,1.0,0.0154091389849781,341,0.4,E5b_subtraction
97,20,subtraction,pre_grok,250,1.0,0.0152320228517055,46.10675612625998,nf,12,1.0,0.0154091389849781,341,0.4,E5b_subtraction
97,20,subtraction,pre_grok,250,1.0,0.0152320228517055,46.10675612625998,nf,16,1.0,0.0154091389849781,341,0.4,E5b_subtraction
97,20,subtraction,pre_grok,250,1.0,0.0152320228517055,46.10675612625998,nf,23,1.0,0.0152320228517055,341,0.4,E5b_subtraction
97,20,subtraction,cleaned_up,12000,1.0,0.3955012261867523,43.51372033270648,int,2,0.0124900350347161,0.0076160114258527,341,0.4,E5b_subtraction
97,20,subtraction,cleaned_up,12000,1.0,0.3955012261867523,43.51372033270648,int,3,0.0579324997961521,0.0318809784948825,341,0.4,E5b_subtraction
97,20,subtraction,cleaned_up,12000,1.0,0.3955012261867523,43.51372033270648,int,4,0.1472229659557342,0.0688983350992202,341,0.4,E5b_subtraction
97,20,subtraction,cleaned_up,12000,1.0,0.3955012261867523,43.51372033270648,int,5,0.614669144153595,0.2332624793052673,341,0.4,E5b_subtraction
97,20,subtraction,cleaned_up,12000,1.0,0.3955012261867523,43.51372033270648,int,6,0.9792718887329102,0.3671625852584839,341,0.4,E5b_subtraction
97,20,subtraction,cleaned_up,12000,1.0,0.3955012261867523,43.51372033270648,int,8,1.0,0.3921360075473785,341,0.4,E5b_subtraction
97,20,subtraction,cleaned_up,12000,1.0,0.3955012261867523,43.51372033270648,int,10,1.0,0.3944385349750519,341,0.4,E5b_subtraction
97,20,subtraction,cleaned_up,12000,1.0,0.3955012261867523,43.51372033270648,int,12,1.0,0.3955012261867523,341,0.4,E5b_subtraction
97,20,subtraction,cleaned_up,12000,1.0,0.3955012261867523,43.51372033270648,int,16,1.0,0.3956783413887024,341,0.4,E5b_subtraction
97,20,subtraction,cleaned_up,12000,1.0,0.3955012261867523,43.51372033270648,int,23,1.0,0.3955012261867523,341,0.4,E5b_subtraction
97,20,subtraction,cleaned_up,12000,1.0,0.3955012261867523,43.51372033270648,mantissa,2,0.9997342824935912,0.3901877403259277,341,0.4,E5b_subtraction
97,20,subtraction,cleaned_up,12000,1.0,0.3955012261867523,43.51372033270648,mantissa,3,1.0,0.390896201133728,341,0.4,E5b_subtraction
97,20,subtraction,cleaned_up,12000,1.0,0.3955012261867523,43.51372033270648,mantissa,4,1.0,0.3944385349750519,341,0.4,E5b_subtraction
97,20,subtraction,cleaned_up,12000,1.0,0.3955012261867523,43.51372033270648,mantissa,5,1.0,0.3967410624027252,341,0.4,E5b_subtraction
97,20,subtraction,cleaned_up,12000,1.0,0.3955012261867523,43.51372033270648,mantissa,6,1.0,0.3962096869945526,341,0.4,E5b_subtraction
97,20,subtraction,cleaned_up,12000,1.0,0.3955012261867523,43.51372033270648,mantissa,8,1.0,0.3951469957828522,341,0.4,E5b_subtraction
97,20,subtraction,cleaned_up,12000,1.0,0.3955012261867523,43.51372033270648,mantissa,10,1.0,0.3951469957828522,341,0.4,E5b_subtraction
97,20,subtraction,cleaned_up,12000,1.0,0.3955012261867523,43.51372033270648,mantissa,12,1.0,0.3956783413887024,341,0.4,E5b_subtraction
97,20,subtraction,cleaned_up,12000,1.0,0.3955012261867523,43.51372033270648,mantissa,16,1.0,0.3955012261867523,341,0.4,E5b_subtraction
97,20,subtraction,cleaned_up,12000,1.0,0.3955012261867523,43.51372033270648,mantissa,23,1.0,0.3955012261867523,341,0.4,E5b_subtraction
97,20,subtraction,cleaned_up,12000,1.0,0.3955012261867523,43.51372033270648,nf,2,0.0292319953441619,0.0175345372408628,341,0.4,E5b_subtraction
97,20,subtraction,cleaned_up,12000,1.0,0.3955012261867523,43.51372033270648,nf,3,0.1121445670723915,0.0614594407379627,341,0.4,E5b_subtraction
97,20,subtraction,cleaned_up,12000,1.0,0.3955012261867523,43.51372033270648,nf,4,0.3228806853294372,0.138859361410141,341,0.4,E5b_subtraction
97,20,subtraction,cleaned_up,12000,1.0,0.3955012261867523,43.51372033270648,nf,5,0.5681636929512024,0.2263549417257309,341,0.4,E5b_subtraction
97,20,subtraction,cleaned_up,12000,1.0,0.3955012261867523,43.51372033270648,nf,6,0.7252192497253418,0.2649663388729095,341,0.4,E5b_subtraction
97,20,subtraction,cleaned_up,12000,1.0,0.3955012261867523,43.51372033270648,nf,8,0.8902471661567688,0.3205809295177459,341,0.4,E5b_subtraction
97,20,subtraction,cleaned_up,12000,1.0,0.3955012261867523,43.51372033270648,nf,10,0.8902471661567688,0.3205809295177459,341,0.4,E5b_subtraction
97,20,subtraction,cleaned_up,12000,1.0,0.3955012261867523,43.51372033270648,nf,12,0.8902471661567688,0.3205809295177459,341,0.4,E5b_subtraction
97,20,subtraction,cleaned_up,12000,1.0,0.3955012261867523,43.51372033270648,nf,16,0.8902471661567688,0.3205809295177459,341,0.4,E5b_subtraction
97,20,subtraction,cleaned_up,12000,1.0,0.3955012261867523,43.51372033270648,nf,23,1.0,0.3955012261867523,341,0.4,E5b_subtraction
97,21,subtraction,pre_grok,250,1.0,0.0605738572776317,43.82950429530975,int,2,0.0372043587267398,0.0184201207011938,341,0.4,E5b_subtraction
97,21,subtraction,pre_grok,250,1.0,0.0605738572776317,43.82950429530975,int,3,0.302152544260025,0.0566772930324077,341,0.4,E5b_subtraction
97,21,subtraction,pre_grok,250,1.0,0.0605738572776317,43.82950429530975,int,4,0.611480176448822,0.0696068033576011,341,0.4,E5b_subtraction
97,21,subtraction,pre_grok,250,1.0,0.0605738572776317,43.82950429530975,int,5,0.8578262329101562,0.0651788860559463,341,0.4,E5b_subtraction
97,21,subtraction,pre_grok,250,1.0,0.0605738572776317,43.82950429530975,int,6,0.9803348183631896,0.0612823218107223,341,0.4,E5b_subtraction
97,21,subtraction,pre_grok,250,1.0,0.0605738572776317,43.82950429530975,int,8,0.9989370107650756,0.0600425079464912,341,0.4,E5b_subtraction
97,21,subtraction,pre_grok,250,1.0,0.0605738572776317,43.82950429530975,int,10,1.0,0.0591569244861602,341,0.4,E5b_subtraction
97,21,subtraction,pre_grok,250,1.0,0.0605738572776317,43.82950429530975,int,12,1.0,0.0603967420756816,341,0.4,E5b_subtraction
97,21,subtraction,pre_grok,250,1.0,0.0605738572776317,43.82950429530975,int,16,1.0,0.0605738572776317,341,0.4,E5b_subtraction
97,21,subtraction,pre_grok,250,1.0,0.0605738572776317,43.82950429530975,int,23,1.0,0.0605738572776317,341,0.4,E5b_subtraction
97,21,subtraction,pre_grok,250,1.0,0.0605738572776317,43.82950429530975,mantissa,2,0.9131012558937072,0.0619907900691032,341,0.4,E5b_subtraction
97,21,subtraction,pre_grok,250,1.0,0.0605738572776317,43.82950429530975,mantissa,3,0.9798033237457277,0.0595111586153507,341,0.4,E5b_subtraction
97,21,subtraction,pre_grok,250,1.0,0.0605738572776317,43.82950429530975,mantissa,4,0.9994685053825378,0.0603967420756816,341,0.4,E5b_subtraction
97,21,subtraction,pre_grok,250,1.0,0.0605738572776317,43.82950429530975,mantissa,5,1.0,0.0595111586153507,341,0.4,E5b_subtraction
97,21,subtraction,pre_grok,250,1.0,0.0605738572776317,43.82950429530975,mantissa,6,1.0,0.0605738572776317,341,0.4,E5b_subtraction
97,21,subtraction,pre_grok,250,1.0,0.0605738572776317,43.82950429530975,mantissa,8,1.0,0.0600425079464912,341,0.4,E5b_subtraction
97,21,subtraction,pre_grok,250,1.0,0.0605738572776317,43.82950429530975,mantissa,10,1.0,0.0603967420756816,341,0.4,E5b_subtraction
97,21,subtraction,pre_grok,250,1.0,0.0605738572776317,43.82950429530975,mantissa,12,1.0,0.0605738572776317,341,0.4,E5b_subtraction
97,21,subtraction,pre_grok,250,1.0,0.0605738572776317,43.82950429530975,mantissa,16,1.0,0.0605738572776317,341,0.4,E5b_subtraction
97,21,subtraction,pre_grok,250,1.0,0.0605738572776317,43.82950429530975,mantissa,23,1.0,0.0605738572776317,341,0.4,E5b_subtraction
97,21,subtraction,pre_grok,250,1.0,0.0605738572776317,43.82950429530975,nf,2,0.1432367861270904,0.0382571741938591,341,0.4,E5b_subtraction
97,21,subtraction,pre_grok,250,1.0,0.0605738572776317,43.82950429530975,nf,3,0.3919744789600372,0.0533120781183242,341,0.4,E5b_subtraction
97,21,subtraction,pre_grok,250,1.0,0.0605738572776317,43.82950429530975,nf,4,0.6617060899734497,0.0619907900691032,341,0.4,E5b_subtraction
97,21,subtraction,pre_grok,250,1.0,0.0605738572776317,43.82950429530975,nf,5,0.8567632436752319,0.0644704177975654,341,0.4,E5b_subtraction
97,21,subtraction,pre_grok,250,1.0,0.0605738572776317,43.82950429530975,nf,6,0.9739569425582886,0.0612823218107223,341,0.4,E5b_subtraction
97,21,subtraction,pre_grok,250,1.0,0.0605738572776317,43.82950429530975,nf,8,0.9994685053825378,0.0588026903569698,341,0.4,E5b_subtraction
97,21,subtraction,pre_grok,250,1.0,0.0605738572776317,43.82950429530975,nf,10,0.9994685053825378,0.0588026903569698,341,0.4,E5b_subtraction
97,21,subtraction,pre_grok,250,1.0,0.0605738572776317,43.82950429530975,nf,12,0.9994685053825378,0.0588026903569698,341,0.4,E5b_subtraction
97,21,subtraction,pre_grok,250,1.0,0.0605738572776317,43.82950429530975,nf,16,0.9994685053825378,0.0588026903569698,341,0.4,E5b_subtraction
97,21,subtraction,pre_grok,250,1.0,0.0605738572776317,43.82950429530975,nf,23,1.0,0.0605738572776317,341,0.4,E5b_subtraction
97,21,subtraction,just_grokked,2350,1.0,0.9006376266479492,34.455965072973285,int,2,0.0106298169121146,0.0104498760774731,341,0.4,E5b_subtraction
97,21,subtraction,just_grokked,2350,1.0,0.9006376266479492,34.455965072973285,int,3,0.0364071205258369,0.0379029400646686,341,0.4,E5b_subtraction
97,21,subtraction,just_grokked,2350,1.0,0.9006376266479492,34.455965072973285,int,4,0.7292054295539856,0.5901523232460022,341,0.4,E5b_subtraction
97,21,subtraction,just_grokked,2350,1.0,0.9006376266479492,34.455965072973285,int,5,0.965984582901001,0.8023379445075989,341,0.4,E5b_subtraction
97,21,subtraction,just_grokked,2350,1.0,0.9006376266479492,34.455965072973285,int,6,0.9994685053825378,0.8751327991485596,341,0.4,E5b_subtraction
97,21,subtraction,just_grokked,2350,1.0,0.9006376266479492,34.455965072973285,int,8,1.0,0.8988664150238037,341,0.4,E5b_subtraction
97,21,subtraction,just_grokked,2350,1.0,0.9006376266479492,34.455965072973285,int,10,1.0,0.8992207050323486,341,0.4,E5b_subtraction
97,21,subtraction,just_grokked,2350,1.0,0.9006376266479492,34.455965072973285,int,12,1.0,0.9008147120475768,341,0.4,E5b_subtraction
97,21,subtraction,just_grokked,2350,1.0,0.9006376266479492,34.455965072973285,int,16,1.0,0.9006376266479492,341,0.4,E5b_subtraction
97,21,subtraction,just_grokked,2350,1.0,0.9006376266479492,34.455965072973285,int,23,1.0,0.9006376266479492,341,0.4,E5b_subtraction
97,21,subtraction,just_grokked,2350,1.0,0.9006376266479492,34.455965072973285,mantissa,2,1.0,0.886822521686554,341,0.4,E5b_subtraction
97,21,subtraction,just_grokked,2350,1.0,0.9006376266479492,34.455965072973285,mantissa,3,1.0,0.8953241109848022,341,0.4,E5b_subtraction
97,21,subtraction,just_grokked,2350,1.0,0.9006376266479492,34.455965072973285,mantissa,4,1.0,0.8981579542160034,341,0.4,E5b_subtraction
97,21,subtraction,just_grokked,2350,1.0,0.9006376266479492,34.455965072973285,mantissa,5,1.0,0.8992207050323486,341,0.4,E5b_subtraction
97,21,subtraction,just_grokked,2350,1.0,0.9006376266479492,34.455965072973285,mantissa,6,1.0,0.9009918570518494,341,0.4,E5b_subtraction
97,21,subtraction,just_grokked,2350,1.0,0.9006376266479492,34.455965072973285,mantissa,8,1.0,0.9008147120475768,341,0.4,E5b_subtraction
97,21,subtraction,just_grokked,2350,1.0,0.9006376266479492,34.455965072973285,mantissa,10,1.0,0.9008147120475768,341,0.4,E5b_subtraction
97,21,subtraction,just_grokked,2350,1.0,0.9006376266479492,34.455965072973285,mantissa,12,1.0,0.9006376266479492,341,0.4,E5b_subtraction
97,21,subtraction,just_grokked,2350,1.0,0.9006376266479492,34.455965072973285,mantissa,16,1.0,0.9006376266479492,341,0.4,E5b_subtraction
97,21,subtraction,just_grokked,2350,1.0,0.9006376266479492,34.455965072973285,mantissa,23,1.0,0.9006376266479492,341,0.4,E5b_subtraction
97,21,subtraction,just_grokked,2350,1.0,0.9006376266479492,34.455965072973285,nf,2,0.0409247949719429,0.0334750264883041,341,0.4,E5b_subtraction
97,21,subtraction,just_grokked,2350,1.0,0.9006376266479492,34.455965072973285,nf,3,0.3098591566085815,0.2277718782424926,341,0.4,E5b_subtraction
97,21,subtraction,just_grokked,2350,1.0,0.9006376266479492,34.455965072973285,nf,4,0.6375232338905334,0.4881331920623779,341,0.4,E5b_subtraction
97,21,subtraction,just_grokked,2350,1.0,0.9006376266479492,34.455965072973285,nf,5,0.8397555351257324,0.6682606935501099,341,0.4,E5b_subtraction
97,21,subtraction,just_grokked,2350,1.0,0.9006376266479492,34.455965072973285,nf,6,0.921605110168457,0.7511512637138367,341,0.4,E5b_subtraction
97,21,subtraction,just_grokked,2350,1.0,0.9006376266479492,34.455965072973285,nf,8,0.9875099658966064,0.8476797342300415,341,0.4,E5b_subtraction
97,21,subtraction,just_grokked,2350,1.0,0.9006376266479492,34.455965072973285,nf,10,0.9875099658966064,0.8476797342300415,341,0.4,E5b_subtraction
97,21,subtraction,just_grokked,2350,1.0,0.9006376266479492,34.455965072973285,nf,12,0.9875099658966064,0.8476797342300415,341,0.4,E5b_subtraction
97,21,subtraction,just_grokked,2350,1.0,0.9006376266479492,34.455965072973285,nf,16,0.9875099658966064,0.8476797342300415,341,0.4,E5b_subtraction
97,21,subtraction,just_grokked,2350,1.0,0.9006376266479492,34.455965072973285,nf,23,1.0,0.9006376266479492,341,0.4,E5b_subtraction
97,21,subtraction,post_grok_500,2850,0.9997342824935912,0.945093870162964,32.77480640121418,int,2,0.009035344235599,0.0111583424732089,341,0.4,E5b_subtraction
97,21,subtraction,post_grok_500,2850,0.9997342824935912,0.945093870162964,32.77480640121418,int,3,0.0271060317754745,0.0281615294516086,341,0.4,E5b_subtraction
97,21,subtraction,post_grok_500,2850,0.9997342824935912,0.945093870162964,32.77480640121418,int,4,0.6021791100502014,0.5246192216873169,341,0.4,E5b_subtraction
97,21,subtraction,post_grok_500,2850,0.9997342824935912,0.945093870162964,32.77480640121418,int,5,0.9694392681121826,0.8754870891571045,341,0.4,E5b_subtraction
97,21,subtraction,post_grok_500,2850,0.9997342824935912,0.945093870162964,32.77480640121418,int,6,0.9973425269126892,0.9321643710136414,341,0.4,E5b_subtraction
97,21,subtraction,post_grok_500,2850,0.9997342824935912,0.945093870162964,32.77480640121418,int,8,0.9997342824935912,0.9456251859664916,341,0.4,E5b_subtraction
97,21,subtraction,post_grok_500,2850,0.9997342824935912,0.945093870162964,32.77480640121418,int,10,0.9997342824935912,0.945093870162964,341,0.4,E5b_subtraction
97,21,subtraction,post_grok_500,2850,0.9997342824935912,0.945093870162964,32.77480640121418,int,12,0.9997342824935912,0.945093870162964,341,0.4,E5b_subtraction
97,21,subtraction,post_grok_500,2850,0.9997342824935912,0.945093870162964,32.77480640121418,int,16,0.9997342824935912,0.945093870162964,341,0.4,E5b_subtraction
97,21,subtraction,post_grok_500,2850,0.9997342824935912,0.945093870162964,32.77480640121418,int,23,0.9997342824935912,0.945093870162964,341,0.4,E5b_subtraction
97,21,subtraction,post_grok_500,2850,0.9997342824935912,0.945093870162964,32.77480640121418,mantissa,2,0.9989370107650756,0.94172865152359,341,0.4,E5b_subtraction
97,21,subtraction,post_grok_500,2850,0.9997342824935912,0.945093870162964,32.77480640121418,mantissa,3,0.9997342824935912,0.943854033946991,341,0.4,E5b_subtraction
97,21,subtraction,post_grok_500,2850,0.9997342824935912,0.945093870162964,32.77480640121418,mantissa,4,0.9997342824935912,0.9458023309707642,341,0.4,E5b_subtraction
97,21,subtraction,post_grok_500,2850,0.9997342824935912,0.945093870162964,32.77480640121418,mantissa,5,0.9997342824935912,0.9456251859664916,341,0.4,E5b_subtraction
97,21,subtraction,post_grok_500,2850,0.9997342824935912,0.945093870162964,32.77480640121418,mantissa,6,0.9997342824935912,0.9452709555625916,341,0.4,E5b_subtraction
97,21,subtraction,post_grok_500,2850,0.9997342824935912,0.945093870162964,32.77480640121418,mantissa,8,0.9997342824935912,0.945093870162964,341,0.4,E5b_subtraction
97,21,subtraction,post_grok_500,2850,0.9997342824935912,0.945093870162964,32.77480640121418,mantissa,10,0.9997342824935912,0.9452709555625916,341,0.4,E5b_subtraction
97,21,subtraction,post_grok_500,2850,0.9997342824935912,0.945093870162964,32.77480640121418,mantissa,12,0.9997342824935912,0.9452709555625916,341,0.4,E5b_subtraction
97,21,subtraction,post_grok_500,2850,0.9997342824935912,0.945093870162964,32.77480640121418,mantissa,16,0.9997342824935912,0.945093870162964,341,0.4,E5b_subtraction
97,21,subtraction,post_grok_500,2850,0.9997342824935912,0.945093870162964,32.77480640121418,mantissa,23,0.9997342824935912,0.945093870162964,341,0.4,E5b_subtraction
97,21,subtraction,post_grok_500,2850,0.9997342824935912,0.945093870162964,32.77480640121418,nf,2,0.0417220294475555,0.0377258248627185,341,0.4,E5b_subtraction
97,21,subtraction,post_grok_500,2850,0.9997342824935912,0.945093870162964,32.77480640121418,nf,3,0.1007175147533416,0.0777541622519493,341,0.4,E5b_subtraction
97,21,subtraction,post_grok_500,2850,0.9997342824935912,0.945093870162964,32.77480640121418,nf,4,0.4650544822216034,0.3772582411766052,341,0.4,E5b_subtraction
97,21,subtraction,post_grok_500,2850,0.9997342824935912,0.945093870162964,32.77480640121418,nf,5,0.7294711470603943,0.6163655519485474,341,0.4,E5b_subtraction
97,21,subtraction,post_grok_500,2850,0.9997342824935912,0.945093870162964,32.77480640121418,nf,6,0.8782886266708374,0.772405207157135,341,0.4,E5b_subtraction
97,21,subtraction,post_grok_500,2850,0.9997342824935912,0.945093870162964,32.77480640121418,nf,8,0.9667818546295166,0.8914275765419006,341,0.4,E5b_subtraction
97,21,subtraction,post_grok_500,2850,0.9997342824935912,0.945093870162964,32.77480640121418,nf,10,0.9667818546295166,0.8914275765419006,341,0.4,E5b_subtraction
97,21,subtraction,post_grok_500,2850,0.9997342824935912,0.945093870162964,32.77480640121418,nf,12,0.9667818546295166,0.8914275765419006,341,0.4,E5b_subtraction
97,21,subtraction,post_grok_500,2850,0.9997342824935912,0.945093870162964,32.77480640121418,nf,16,0.9667818546295166,0.8914275765419006,341,0.4,E5b_subtraction
97,21,subtraction,post_grok_500,2850,0.9997342824935912,0.945093870162964,32.77480640121418,nf,23,0.9997342824935912,0.945093870162964,341,0.4,E5b_subtraction
97,21,subtraction,post_grok_1500,3850,1.0,0.9835281372070312,33.23606249170768,int,2,0.009035344235599,0.0111583424732089,341,0.4,E5b_subtraction
97,21,subtraction,post_grok_1500,3850,1.0,0.9835281372070312,33.23606249170768,int,3,0.0156789794564247,0.0143464393913745,341,0.4,E5b_subtraction
97,21,subtraction,post_grok_1500,3850,1.0,0.9835281372070312,33.23606249170768,int,4,0.0635131523013114,0.0605738572776317,341,0.4,E5b_subtraction
97,21,subtraction,post_grok_1500,3850,1.0,0.9835281372070312,33.23606249170768,int,5,0.7682700157165527,0.7212185263633728,341,0.4,E5b_subtraction
97,21,subtraction,post_grok_1500,3850,1.0,0.9835281372070312,33.23606249170768,int,6,0.9994685053825378,0.9759121537208556,341,0.4,E5b_subtraction
97,21,subtraction,post_grok_1500,3850,1.0,0.9835281372070312,33.23606249170768,int,8,1.0,0.9808713793754578,341,0.4,E5b_subtraction
97,21,subtraction,post_grok_1500,3850,1.0,0.9835281372070312,33.23606249170768,int,10,1.0,0.984413743019104,341,0.4,E5b_subtraction
97,21,subtraction,post_grok_1500,3850,1.0,0.9835281372070312,33.23606249170768,int,12,1.0,0.9842365980148317,341,0.4,E5b_subtraction
97,21,subtraction,post_grok_1500,3850,1.0,0.9835281372070312,33.23606249170768,int,16,1.0,0.9835281372070312,341,0.4,E5b_subtraction
97,21,subtraction,post_grok_1500,3850,1.0,0.9835281372070312,33.23606249170768,int,23,1.0,0.9835281372070312,341,0.4,E5b_subtraction
97,21,subtraction,post_grok_1500,3850,1.0,0.9835281372070312,33.23606249170768,mantissa,2,0.9997342824935912,0.981579840183258,341,0.4,E5b_subtraction
97,21,subtraction,post_grok_1500,3850,1.0,0.9835281372070312,33.23606249170768,mantissa,3,1.0,0.9835281372070312,341,0.4,E5b_subtraction
97,21,subtraction,post_grok_1500,3850,1.0,0.9835281372070312,33.23606249170768,mantissa,4,1.0,0.9837052822113036,341,0.4,E5b_subtraction
97,21,subtraction,post_grok_1500,3850,1.0,0.9835281372070312,33.23606249170768,mantissa,5,1.0,0.9831739068031312,341,0.4,E5b_subtraction
97,21,subtraction,post_grok_1500,3850,1.0,0.9835281372070312,33.23606249170768,mantissa,6,1.0,0.9837052822113036,341,0.4,E5b_subtraction
97,21,subtraction,post_grok_1500,3850,1.0,0.9835281372070312,33.23606249170768,mantissa,8,1.0,0.9835281372070312,341,0.4,E5b_subtraction
97,21,subtraction,post_grok_1500,3850,1.0,0.9835281372070312,33.23606249170768,mantissa,10,1.0,0.9837052822113036,341,0.4,E5b_subtraction
97,21,subtraction,post_grok_1500,3850,1.0,0.9835281372070312,33.23606249170768,mantissa,12,1.0,0.9835281372070312,341,0.4,E5b_subtraction
97,21,subtraction,post_grok_1500,3850,1.0,0.9835281372070312,33.23606249170768,mantissa,16,1.0,0.9835281372070312,341,0.4,E5b_subtraction
97,21,subtraction,post_grok_1500,3850,1.0,0.9835281372070312,33.23606249170768,mantissa,23,1.0,0.9835281372070312,341,0.4,E5b_subtraction
97,21,subtraction,post_grok_1500,3850,1.0,0.9835281372070312,33.23606249170768,nf,2,0.0207281429320573,0.0187743529677391,341,0.4,E5b_subtraction
97,21,subtraction,post_grok_1500,3850,1.0,0.9835281372070312,33.23606249170768,nf,3,0.0643103942275047,0.0549061261117458,341,0.4,E5b_subtraction
97,21,subtraction,post_grok_1500,3850,1.0,0.9835281372070312,33.23606249170768,nf,4,0.2078129202127456,0.1960680037736892,341,0.4,E5b_subtraction
97,21,subtraction,post_grok_1500,3850,1.0,0.9835281372070312,33.23606249170768,nf,5,0.4661174714565277,0.4284449219703674,341,0.4,E5b_subtraction
97,21,subtraction,post_grok_1500,3850,1.0,0.9835281372070312,33.23606249170768,nf,6,0.6728674173355103,0.6275238990783691,341,0.4,E5b_subtraction
97,21,subtraction,post_grok_1500,3850,1.0,0.9835281372070312,33.23606249170768,nf,8,0.8886526823043823,0.842543363571167,341,0.4,E5b_subtraction
97,21,subtraction,post_grok_1500,3850,1.0,0.9835281372070312,33.23606249170768,nf,10,0.8886526823043823,0.842543363571167,341,0.4,E5b_subtraction
97,21,subtraction,post_grok_1500,3850,1.0,0.9835281372070312,33.23606249170768,nf,12,0.8886526823043823,0.842543363571167,341,0.4,E5b_subtraction
97,21,subtraction,post_grok_1500,3850,1.0,0.9835281372070312,33.23606249170768,nf,16,0.8886526823043823,0.842543363571167,341,0.4,E5b_subtraction
97,21,subtraction,post_grok_1500,3850,1.0,0.9835281372070312,33.23606249170768,nf,23,1.0,0.9835281372070312,341,0.4,E5b_subtraction
97,21,subtraction,post_grok_4000,6350,1.0,0.9867162704467772,38.230573500266296,int,2,0.0087695987895131,0.00991852581501,341,0.4,E5b_subtraction
97,21,subtraction,post_grok_4000,6350,1.0,0.9867162704467772,38.230573500266296,int,3,0.0196651611477136,0.01965993642807,341,0.4,E5b_subtraction
97,21,subtraction,post_grok_4000,6350,1.0,0.9867162704467772,38.230573500266296,int,4,0.1589157581329345,0.1581650674343109,341,0.4,E5b_subtraction
97,21,subtraction,post_grok_4000,6350,1.0,0.9867162704467772,38.230573500266296,int,5,0.8660643100738525,0.8296138644218445,341,0.4,E5b_subtraction
97,21,subtraction,post_grok_4000,6350,1.0,0.9867162704467772,38.230573500266296,int,6,0.9997342824935912,0.9831739068031312,341,0.4,E5b_subtraction
97,21,subtraction,post_grok_4000,6350,1.0,0.9867162704467772,38.230573500266296,int,8,1.0,0.9863620400428772,341,0.4,E5b_subtraction
97,21,subtraction,post_grok_4000,6350,1.0,0.9867162704467772,38.230573500266296,int,10,1.0,0.9861848950386048,341,0.4,E5b_subtraction
97,21,subtraction,post_grok_4000,6350,1.0,0.9867162704467772,38.230573500266296,int,12,1.0,0.9867162704467772,341,0.4,E5b_subtraction
97,21,subtraction,post_grok_4000,6350,1.0,0.9867162704467772,38.230573500266296,int,16,1.0,0.9867162704467772,341,0.4,E5b_subtraction
97,21,subtraction,post_grok_4000,6350,1.0,0.9867162704467772,38.230573500266296,int,23,1.0,0.9867162704467772,341,0.4,E5b_subtraction
97,21,subtraction,post_grok_4000,6350,1.0,0.9867162704467772,38.230573500266296,mantissa,2,1.0,0.9867162704467772,341,0.4,E5b_subtraction
97,21,subtraction,post_grok_4000,6350,1.0,0.9867162704467772,38.230573500266296,mantissa,3,1.0,0.986893355846405,341,0.4,E5b_subtraction
97,21,subtraction,post_grok_4000,6350,1.0,0.9867162704467772,38.230573500266296,mantissa,4,1.0,0.985653519630432,341,0.4,E5b_subtraction
97,21,subtraction,post_grok_4000,6350,1.0,0.9867162704467772,38.230573500266296,mantissa,5,1.0,0.9872475862503052,341,0.4,E5b_subtraction
97,21,subtraction,post_grok_4000,6350,1.0,0.9867162704467772,38.230573500266296,mantissa,6,1.0,0.9865391254425048,341,0.4,E5b_subtraction
97,21,subtraction,post_grok_4000,6350,1.0,0.9867162704467772,38.230573500266296,mantissa,8,1.0,0.9867162704467772,341,0.4,E5b_subtraction
97,21,subtraction,post_grok_4000,6350,1.0,0.9867162704467772,38.230573500266296,mantissa,10,1.0,0.9867162704467772,341,0.4,E5b_subtraction
97,21,subtraction,post_grok_4000,6350,1.0,0.9867162704467772,38.230573500266296,mantissa,12,1.0,0.9867162704467772,341,0.4,E5b_subtraction
97,21,subtraction,post_grok_4000,6350,1.0,0.9867162704467772,38.230573500266296,mantissa,16,1.0,0.9867162704467772,341,0.4,E5b_subtraction
97,21,subtraction,post_grok_4000,6350,1.0,0.9867162704467772,38.230573500266296,mantissa,23,1.0,0.9867162704467772,341,0.4,E5b_subtraction
97,21,subtraction,post_grok_4000,6350,1.0,0.9867162704467772,38.230573500266296,nf,2,0.0305607225745916,0.0258590150624513,341,0.4,E5b_subtraction
97,21,subtraction,post_grok_4000,6350,1.0,0.9867162704467772,38.230573500266296,nf,3,0.0853042751550674,0.0827134251594543,341,0.4,E5b_subtraction
97,21,subtraction,post_grok_4000,6350,1.0,0.9867162704467772,38.230573500266296,nf,4,0.274249255657196,0.2589443922042846,341,0.4,E5b_subtraction
97,21,subtraction,post_grok_4000,6350,1.0,0.9867162704467772,38.230573500266296,nf,5,0.5120913982391357,0.4886645376682281,341,0.4,E5b_subtraction
97,21,subtraction,post_grok_4000,6350,1.0,0.9867162704467772,38.230573500266296,nf,6,0.7369120121002197,0.7049238085746765,341,0.4,E5b_subtraction
97,21,subtraction,post_grok_4000,6350,1.0,0.9867162704467772,38.230573500266296,nf,8,0.9131012558937072,0.8846971392631531,341,0.4,E5b_subtraction
97,21,subtraction,post_grok_4000,6350,1.0,0.9867162704467772,38.230573500266296,nf,10,0.9131012558937072,0.8846971392631531,341,0.4,E5b_subtraction
97,21,subtraction,post_grok_4000,6350,1.0,0.9867162704467772,38.230573500266296,nf,12,0.9131012558937072,0.8846971392631531,341,0.4,E5b_subtraction
97,21,subtraction,post_grok_4000,6350,1.0,0.9867162704467772,38.230573500266296,nf,16,0.9131012558937072,0.8846971392631531,341,0.4,E5b_subtraction
97,21,subtraction,post_grok_4000,6350,1.0,0.9867162704467772,38.230573500266296,nf,23,1.0,0.9867162704467772,341,0.4,E5b_subtraction
97,21,subtraction,cleaned_up,30000,1.0,0.979100227355957,40.76717112348132,int,2,0.0114270532503724,0.0095642935484647,341,0.4,E5b_subtraction
97,21,subtraction,cleaned_up,30000,1.0,0.979100227355957,40.76717112348132,int,3,0.0263087954372167,0.0244420822709798,341,0.4,E5b_subtraction
97,21,subtraction,cleaned_up,30000,1.0,0.979100227355957,40.76717112348132,int,4,0.0571352653205394,0.0513637959957122,341,0.4,E5b_subtraction
97,21,subtraction,cleaned_up,30000,1.0,0.979100227355957,40.76717112348132,int,5,0.2872707843780517,0.2616011202335357,341,0.4,E5b_subtraction
97,21,subtraction,cleaned_up,30000,1.0,0.979100227355957,40.76717112348132,int,6,0.9540260434150696,0.92171448469162,341,0.4,E5b_subtraction
97,21,subtraction,cleaned_up,30000,1.0,0.979100227355957,40.76717112348132,int,8,1.0,0.9792773723602296,341,0.4,E5b_subtraction
97,21,subtraction,cleaned_up,30000,1.0,0.979100227355957,40.76717112348132,int,10,1.0,0.9792773723602296,341,0.4,E5b_subtraction
97,21,subtraction,cleaned_up,30000,1.0,0.979100227355957,40.76717112348132,int,12,1.0,0.979100227355957,341,0.4,E5b_subtraction
97,21,subtraction,cleaned_up,30000,1.0,0.979100227355957,40.76717112348132,int,16,1.0,0.979100227355957,341,0.4,E5b_subtraction
97,21,subtraction,cleaned_up,30000,1.0,0.979100227355957,40.76717112348132,int,23,1.0,0.979100227355957,341,0.4,E5b_subtraction
97,21,subtraction,cleaned_up,30000,1.0,0.979100227355957,40.76717112348132,mantissa,2,0.9997342824935912,0.9794544577598572,341,0.4,E5b_subtraction
97,21,subtraction,cleaned_up,30000,1.0,0.979100227355957,40.76717112348132,mantissa,3,1.0,0.98034006357193,341,0.4,E5b_subtraction
97,21,subtraction,cleaned_up,30000,1.0,0.979100227355957,40.76717112348132,mantissa,4,1.0,0.9794544577598572,341,0.4,E5b_subtraction
97,21,subtraction,cleaned_up,30000,1.0,0.979100227355957,40.76717112348132,mantissa,5,1.0,0.9792773723602296,341,0.4,E5b_subtraction
97,21,subtraction,cleaned_up,30000,1.0,0.979100227355957,40.76717112348132,mantissa,6,1.0,0.979100227355957,341,0.4,E5b_subtraction
97,21,subtraction,cleaned_up,30000,1.0,0.979100227355957,40.76717112348132,mantissa,8,1.0,0.979100227355957,341,0.4,E5b_subtraction
97,21,subtraction,cleaned_up,30000,1.0,0.979100227355957,40.76717112348132,mantissa,10,1.0,0.979100227355957,341,0.4,E5b_subtraction
97,21,subtraction,cleaned_up,30000,1.0,0.979100227355957,40.76717112348132,mantissa,12,1.0,0.979100227355957,341,0.4,E5b_subtraction
97,21,subtraction,cleaned_up,30000,1.0,0.979100227355957,40.76717112348132,mantissa,16,1.0,0.979100227355957,341,0.4,E5b_subtraction
97,21,subtraction,cleaned_up,30000,1.0,0.979100227355957,40.76717112348132,mantissa,23,1.0,0.979100227355957,341,0.4,E5b_subtraction
97,21,subtraction,cleaned_up,30000,1.0,0.979100227355957,40.76717112348132,nf,2,0.0164762157946825,0.0132837407290935,341,0.4,E5b_subtraction
97,21,subtraction,cleaned_up,30000,1.0,0.979100227355957,40.76717112348132,nf,3,0.0433165021240711,0.0370173566043376,341,0.4,E5b_subtraction
97,21,subtraction,cleaned_up,30000,1.0,0.979100227355957,40.76717112348132,nf,4,0.1185224577784538,0.1094580218195915,341,0.4,E5b_subtraction
97,21,subtraction,cleaned_up,30000,1.0,0.979100227355957,40.76717112348132,nf,5,0.2476747334003448,0.2297201603651046,341,0.4,E5b_subtraction
97,21,subtraction,cleaned_up,30000,1.0,0.979100227355957,40.76717112348132,nf,6,0.4198777675628662,0.3962096869945526,341,0.4,E5b_subtraction
97,21,subtraction,cleaned_up,30000,1.0,0.979100227355957,40.76717112348132,nf,8,0.6909380555152893,0.6546227335929871,341,0.4,E5b_subtraction
97,21,subtraction,cleaned_up,30000,1.0,0.979100227355957,40.76717112348132,nf,10,0.6909380555152893,0.6546227335929871,341,0.4,E5b_subtraction
97,21,subtraction,cleaned_up,30000,1.0,0.979100227355957,40.76717112348132,nf,12,0.6909380555152893,0.6546227335929871,341,0.4,E5b_subtraction
97,21,subtraction,cleaned_up,30000,1.0,0.979100227355957,40.76717112348132,nf,16,0.6909380555152893,0.6546227335929871,341,0.4,E5b_subtraction
97,21,subtraction,cleaned_up,30000,1.0,0.979100227355957,40.76717112348132,nf,23,1.0,0.979100227355957,341,0.4,E5b_subtraction
97,22,subtraction,pre_grok,250,1.0,0.0416223853826522,44.71815327046943,int,2,0.0302949771285057,0.0148777896538376,341,0.4,E5b_subtraction
97,22,subtraction,pre_grok,250,1.0,0.0416223853826522,44.71815327046943,int,3,0.2630879580974579,0.0403825715184211,341,0.4,E5b_subtraction
97,22,subtraction,pre_grok,250,1.0,0.0416223853826522,44.71815327046943,int,4,0.613340437412262,0.0386114045977592,341,0.4,E5b_subtraction
97,22,subtraction,pre_grok,250,1.0,0.0416223853826522,44.71815327046943,int,5,0.8793515563011169,0.0432164371013641,341,0.4,E5b_subtraction
97,22,subtraction,pre_grok,250,1.0,0.0416223853826522,44.71815327046943,int,6,0.9888386726379396,0.0417995043098926,341,0.4,E5b_subtraction
97,22,subtraction,pre_grok,250,1.0,0.0416223853826522,44.71815327046943,int,8,1.0,0.0417995043098926,341,0.4,E5b_subtraction
97,22,subtraction,pre_grok,250,1.0,0.0416223853826522,44.71815327046943,int,10,1.0,0.0419766195118427,341,0.4,E5b_subtraction
97,22,subtraction,pre_grok,250,1.0,0.0416223853826522,44.71815327046943,int,12,1.0,0.0417995043098926,341,0.4,E5b_subtraction
97,22,subtraction,pre_grok,250,1.0,0.0416223853826522,44.71815327046943,int,16,1.0,0.0416223853826522,341,0.4,E5b_subtraction
97,22,subtraction,pre_grok,250,1.0,0.0416223853826522,44.71815327046943,int,23,1.0,0.0416223853826522,341,0.4,E5b_subtraction
97,22,subtraction,pre_grok,250,1.0,0.0416223853826522,44.71815327046943,mantissa,2,0.9250597953796388,0.0462274178862571,341,0.4,E5b_subtraction
97,22,subtraction,pre_grok,250,1.0,0.0416223853826522,44.71815327046943,mantissa,3,0.9970768094062804,0.0419766195118427,341,0.4,E5b_subtraction
97,22,subtraction,pre_grok,250,1.0,0.0416223853826522,44.71815327046943,mantissa,4,1.0,0.0425079688429832,341,0.4,E5b_subtraction
97,22,subtraction,pre_grok,250,1.0,0.0416223853826522,44.71815327046943,mantissa,5,1.0,0.0428622029721736,341,0.4,E5b_subtraction
97,22,subtraction,pre_grok,250,1.0,0.0416223853826522,44.71815327046943,mantissa,6,1.0,0.0414452701807022,341,0.4,E5b_subtraction
97,22,subtraction,pre_grok,250,1.0,0.0416223853826522,44.71815327046943,mantissa,8,1.0,0.0416223853826522,341,0.4,E5b_subtraction
97,22,subtraction,pre_grok,250,1.0,0.0416223853826522,44.71815327046943,mantissa,10,1.0,0.0417995043098926,341,0.4,E5b_subtraction
97,22,subtraction,pre_grok,250,1.0,0.0416223853826522,44.71815327046943,mantissa,12,1.0,0.0417995043098926,341,0.4,E5b_subtraction
97,22,subtraction,pre_grok,250,1.0,0.0416223853826522,44.71815327046943,mantissa,16,1.0,0.0416223853826522,341,0.4,E5b_subtraction
97,22,subtraction,pre_grok,250,1.0,0.0416223853826522,44.71815327046943,mantissa,23,1.0,0.0416223853826522,341,0.4,E5b_subtraction
97,22,subtraction,pre_grok,250,1.0,0.0416223853826522,44.71815327046943,nf,2,0.1004517674446106,0.0256818979978561,341,0.4,E5b_subtraction
97,22,subtraction,pre_grok,250,1.0,0.0416223853826522,44.71815327046943,nf,3,0.3821419179439544,0.0336521416902542,341,0.4,E5b_subtraction
97,22,subtraction,pre_grok,250,1.0,0.0416223853826522,44.71815327046943,nf,4,0.7010363936424255,0.0419766195118427,341,0.4,E5b_subtraction
97,22,subtraction,pre_grok,250,1.0,0.0416223853826522,44.71815327046943,nf,5,0.8902471661567688,0.0407368056476116,341,0.4,E5b_subtraction
97,22,subtraction,pre_grok,250,1.0,0.0416223853826522,44.71815327046943,nf,6,0.9893701672554016,0.0437477864325046,341,0.4,E5b_subtraction
97,22,subtraction,pre_grok,250,1.0,0.0416223853826522,44.71815327046943,nf,8,1.0,0.0416223853826522,341,0.4,E5b_subtraction
97,22,subtraction,pre_grok,250,1.0,0.0416223853826522,44.71815327046943,nf,10,1.0,0.0416223853826522,341,0.4,E5b_subtraction
97,22,subtraction,pre_grok,250,1.0,0.0416223853826522,44.71815327046943,nf,12,1.0,0.0416223853826522,341,0.4,E5b_subtraction
97,22,subtraction,pre_grok,250,1.0,0.0416223853826522,44.71815327046943,nf,16,1.0,0.0416223853826522,341,0.4,E5b_subtraction
97,22,subtraction,pre_grok,250,1.0,0.0416223853826522,44.71815327046943,nf,23,1.0,0.0416223853826522,341,0.4,E5b_subtraction
97,22,subtraction,cleaned_up,12000,0.7709274291992188,0.5651788711547852,49.4731027034068,int,2,0.0111613078042864,0.0102727590128779,341,0.4,E5b_subtraction
97,22,subtraction,cleaned_up,12000,0.7709274291992188,0.5651788711547852,49.4731027034068,int,3,0.0263087954372167,0.0194828193634748,341,0.4,E5b_subtraction
97,22,subtraction,cleaned_up,12000,0.7709274291992188,0.5651788711547852,49.4731027034068,int,4,0.0701567903161048,0.0588026903569698,341,0.4,E5b_subtraction
97,22,subtraction,cleaned_up,12000,0.7709274291992188,0.5651788711547852,49.4731027034068,int,5,0.4220037162303924,0.3157987892627716,341,0.4,E5b_subtraction
97,22,subtraction,cleaned_up,12000,0.7709274291992188,0.5651788711547852,49.4731027034068,int,6,0.7337231040000916,0.5541976690292358,341,0.4,E5b_subtraction
97,22,subtraction,cleaned_up,12000,0.7709274291992188,0.5651788711547852,49.4731027034068,int,8,0.7680042386054993,0.5605738759040833,341,0.4,E5b_subtraction
97,22,subtraction,cleaned_up,12000,0.7709274291992188,0.5651788711547852,49.4731027034068,int,10,0.7714589238166809,0.5655331015586853,341,0.4,E5b_subtraction
97,22,subtraction,cleaned_up,12000,0.7709274291992188,0.5651788711547852,49.4731027034068,int,12,0.7719904184341431,0.5657102465629578,341,0.4,E5b_subtraction
97,22,subtraction,cleaned_up,12000,0.7709274291992188,0.5651788711547852,49.4731027034068,int,16,0.7709274291992188,0.5651788711547852,341,0.4,E5b_subtraction
97,22,subtraction,cleaned_up,12000,0.7709274291992188,0.5651788711547852,49.4731027034068,int,23,0.7709274291992188,0.5651788711547852,341,0.4,E5b_subtraction
97,22,subtraction,cleaned_up,12000,0.7709274291992188,0.5651788711547852,49.4731027034068,mantissa,2,0.7602976560592651,0.5630534887313843,341,0.4,E5b_subtraction
97,22,subtraction,cleaned_up,12000,0.7709274291992188,0.5651788711547852,49.4731027034068,mantissa,3,0.7682700157165527,0.559511125087738,341,0.4,E5b_subtraction
97,22,subtraction,cleaned_up,12000,0.7709274291992188,0.5651788711547852,49.4731027034068,mantissa,4,0.7730534076690674,0.563939094543457,341,0.4,E5b_subtraction
97,22,subtraction,cleaned_up,12000,0.7709274291992188,0.5651788711547852,49.4731027034068,mantissa,5,0.7714589238166809,0.5653560161590576,341,0.4,E5b_subtraction
97,22,subtraction,cleaned_up,12000,0.7709274291992188,0.5651788711547852,49.4731027034068,mantissa,6,0.7709274291992188,0.5642933249473572,341,0.4,E5b_subtraction
97,22,subtraction,cleaned_up,12000,0.7709274291992188,0.5651788711547852,49.4731027034068,mantissa,8,0.7717247009277344,0.5655331015586853,341,0.4,E5b_subtraction
97,22,subtraction,cleaned_up,12000,0.7709274291992188,0.5651788711547852,49.4731027034068,mantissa,10,0.7709274291992188,0.5650017857551575,341,0.4,E5b_subtraction
97,22,subtraction,cleaned_up,12000,0.7709274291992188,0.5651788711547852,49.4731027034068,mantissa,12,0.7709274291992188,0.5651788711547852,341,0.4,E5b_subtraction
97,22,subtraction,cleaned_up,12000,0.7709274291992188,0.5651788711547852,49.4731027034068,mantissa,16,0.7709274291992188,0.5651788711547852,341,0.4,E5b_subtraction
97,22,subtraction,cleaned_up,12000,0.7709274291992188,0.5651788711547852,49.4731027034068,mantissa,23,0.7709274291992188,0.5651788711547852,341,0.4,E5b_subtraction
97,22,subtraction,cleaned_up,12000,0.7709274291992188,0.5651788711547852,49.4731027034068,nf,2,0.0393303222954273,0.0341834910213947,341,0.4,E5b_subtraction
97,22,subtraction,cleaned_up,12000,0.7709274291992188,0.5651788711547852,49.4731027034068,nf,3,0.1575870364904403,0.1215019449591636,341,0.4,E5b_subtraction
97,22,subtraction,cleaned_up,12000,0.7709274291992188,0.5651788711547852,49.4731027034068,nf,4,0.3311187922954559,0.2407013773918151,341,0.4,E5b_subtraction
97,22,subtraction,cleaned_up,12000,0.7709274291992188,0.5651788711547852,49.4731027034068,nf,5,0.4666489660739898,0.329968124628067,341,0.4,E5b_subtraction
97,22,subtraction,cleaned_up,12000,0.7709274291992188,0.5651788711547852,49.4731027034068,nf,6,0.5469040870666504,0.3965639472007751,341,0.4,E5b_subtraction
97,22,subtraction,cleaned_up,12000,0.7709274291992188,0.5651788711547852,49.4731027034068,nf,8,0.6125431656837463,0.4465107917785644,341,0.4,E5b_subtraction
97,22,subtraction,cleaned_up,12000,0.7709274291992188,0.5651788711547852,49.4731027034068,nf,10,0.6125431656837463,0.4465107917785644,341,0.4,E5b_subtraction
97,22,subtraction,cleaned_up,12000,0.7709274291992188,0.5651788711547852,49.4731027034068,nf,12,0.6125431656837463,0.4465107917785644,341,0.4,E5b_subtraction
97,22,subtraction,cleaned_up,12000,0.7709274291992188,0.5651788711547852,49.4731027034068,nf,16,0.6125431656837463,0.4465107917785644,341,0.4,E5b_subtraction
97,22,subtraction,cleaned_up,12000,0.7709274291992188,0.5651788711547852,49.4731027034068,nf,23,0.7709274291992188,0.5651788711547852,341,0.4,E5b_subtraction
97,23,subtraction,pre_grok,250,1.0,0.0538434274494648,44.838009503417965,int,2,0.0427850112318992,0.0155862551182508,341,0.4,E5b_subtraction
97,23,subtraction,pre_grok,250,1.0,0.0538434274494648,44.838009503417965,int,3,0.2824873924255371,0.0499468632042408,341,0.4,E5b_subtraction
97,23,subtraction,pre_grok,250,1.0,0.0538434274494648,44.838009503417965,int,4,0.6468243598937988,0.0559688284993171,341,0.4,E5b_subtraction
97,23,subtraction,pre_grok,250,1.0,0.0538434274494648,44.838009503417965,int,5,0.8944990634918213,0.0547290109097957,341,0.4,E5b_subtraction
97,23,subtraction,pre_grok,250,1.0,0.0538434274494648,44.838009503417965,int,6,0.9824607968330384,0.0538434274494648,341,0.4,E5b_subtraction
97,23,subtraction,pre_grok,250,1.0,0.0538434274494648,44.838009503417965,int,8,1.0,0.0538434274494648,341,0.4,E5b_subtraction
97,23,subtraction,pre_grok,250,1.0,0.0538434274494648,44.838009503417965,int,10,1.0,0.0538434274494648,341,0.4,E5b_subtraction
97,23,subtraction,pre_grok,250,1.0,0.0538434274494648,44.838009503417965,int,12,1.0,0.0538434274494648,341,0.4,E5b_subtraction
97,23,subtraction,pre_grok,250,1.0,0.0538434274494648,44.838009503417965,int,16,1.0,0.0538434274494648,341,0.4,E5b_subtraction
97,23,subtraction,pre_grok,250,1.0,0.0538434274494648,44.838009503417965,int,23,1.0,0.0538434274494648,341,0.4,E5b_subtraction
97,23,subtraction,pre_grok,250,1.0,0.0538434274494648,44.838009503417965,mantissa,2,0.929311752319336,0.0549061261117458,341,0.4,E5b_subtraction
97,23,subtraction,pre_grok,250,1.0,0.0538434274494648,44.838009503417965,mantissa,3,0.9912304282188416,0.0543747767806053,341,0.4,E5b_subtraction
97,23,subtraction,pre_grok,250,1.0,0.0538434274494648,44.838009503417965,mantissa,4,1.0,0.0543747767806053,341,0.4,E5b_subtraction
97,23,subtraction,pre_grok,250,1.0,0.0538434274494648,44.838009503417965,mantissa,5,1.0,0.0550832450389862,341,0.4,E5b_subtraction
97,23,subtraction,pre_grok,250,1.0,0.0538434274494648,44.838009503417965,mantissa,6,1.0,0.0540205463767051,341,0.4,E5b_subtraction
97,23,subtraction,pre_grok,250,1.0,0.0538434274494648,44.838009503417965,mantissa,8,1.0,0.0541976615786552,341,0.4,E5b_subtraction
97,23,subtraction,pre_grok,250,1.0,0.0538434274494648,44.838009503417965,mantissa,10,1.0,0.0540205463767051,341,0.4,E5b_subtraction
97,23,subtraction,pre_grok,250,1.0,0.0538434274494648,44.838009503417965,mantissa,12,1.0,0.0538434274494648,341,0.4,E5b_subtraction
97,23,subtraction,pre_grok,250,1.0,0.0538434274494648,44.838009503417965,mantissa,16,1.0,0.0538434274494648,341,0.4,E5b_subtraction
97,23,subtraction,pre_grok,250,1.0,0.0538434274494648,44.838009503417965,mantissa,23,1.0,0.0538434274494648,341,0.4,E5b_subtraction
97,23,subtraction,pre_grok,250,1.0,0.0538434274494648,44.838009503417965,nf,2,0.1650279015302658,0.0311725102365016,341,0.4,E5b_subtraction
97,23,subtraction,pre_grok,250,1.0,0.0538434274494648,44.838009503417965,nf,3,0.3986181318759918,0.0435706675052642,341,0.4,E5b_subtraction
97,23,subtraction,pre_grok,250,1.0,0.0538434274494648,44.838009503417965,nf,4,0.6829656958580017,0.0573857575654983,341,0.4,E5b_subtraction
97,23,subtraction,pre_grok,250,1.0,0.0538434274494648,44.838009503417965,nf,5,0.8849322199821472,0.0572086423635482,341,0.4,E5b_subtraction
97,23,subtraction,pre_grok,250,1.0,0.0538434274494648,44.838009503417965,nf,6,0.9893701672554016,0.0540205463767051,341,0.4,E5b_subtraction
97,23,subtraction,pre_grok,250,1.0,0.0538434274494648,44.838009503417965,nf,8,1.0,0.0549061261117458,341,0.4,E5b_subtraction
97,23,subtraction,pre_grok,250,1.0,0.0538434274494648,44.838009503417965,nf,10,1.0,0.0549061261117458,341,0.4,E5b_subtraction
97,23,subtraction,pre_grok,250,1.0,0.0538434274494648,44.838009503417965,nf,12,1.0,0.0549061261117458,341,0.4,E5b_subtraction
97,23,subtraction,pre_grok,250,1.0,0.0538434274494648,44.838009503417965,nf,16,1.0,0.0549061261117458,341,0.4,E5b_subtraction
97,23,subtraction,pre_grok,250,1.0,0.0538434274494648,44.838009503417965,nf,23,1.0,0.0538434274494648,341,0.4,E5b_subtraction
97,23,subtraction,just_grokked,4600,1.0,0.910556137561798,47.58660942558959,int,2,0.0124900350347161,0.0077931275591254,341,0.4,E5b_subtraction
97,23,subtraction,just_grokked,4600,1.0,0.910556137561798,47.58660942558959,int,3,0.0374701023101806,0.0325894430279731,341,0.4,E5b_subtraction
97,23,subtraction,just_grokked,4600,1.0,0.910556137561798,47.58660942558959,int,4,0.1320754736661911,0.1179596185684204,341,0.4,E5b_subtraction
97,23,subtraction,just_grokked,4600,1.0,0.910556137561798,47.58660942558959,int,5,0.5453096032142639,0.4401346147060394,341,0.4,E5b_subtraction
97,23,subtraction,just_grokked,4600,1.0,0.910556137561798,47.58660942558959,int,6,0.9617326855659484,0.8273113369941711,341,0.4,E5b_subtraction
97,23,subtraction,just_grokked,4600,1.0,0.910556137561798,47.58660942558959,int,8,1.0,0.9100247621536256,341,0.4,E5b_subtraction
97,23,subtraction,just_grokked,4600,1.0,0.910556137561798,47.58660942558959,int,10,1.0,0.9098476767539978,341,0.4,E5b_subtraction
97,23,subtraction,just_grokked,4600,1.0,0.910556137561798,47.58660942558959,int,12,1.0,0.9112645983695984,341,0.4,E5b_subtraction
97,23,subtraction,just_grokked,4600,1.0,0.910556137561798,47.58660942558959,int,16,1.0,0.9107332229614258,341,0.4,E5b_subtraction
97,23,subtraction,just_grokked,4600,1.0,0.910556137561798,47.58660942558959,int,23,1.0,0.910556137561798,341,0.4,E5b_subtraction
97,23,subtraction,just_grokked,4600,1.0,0.910556137561798,47.58660942558959,mantissa,2,0.998671293258667,0.8997520208358765,341,0.4,E5b_subtraction
97,23,subtraction,just_grokked,4600,1.0,0.910556137561798,47.58660942558959,mantissa,3,1.0,0.9098476767539978,341,0.4,E5b_subtraction
97,23,subtraction,just_grokked,4600,1.0,0.910556137561798,47.58660942558959,mantissa,4,1.0,0.9084307551383972,341,0.4,E5b_subtraction
97,23,subtraction,just_grokked,4600,1.0,0.910556137561798,47.58660942558959,mantissa,5,1.0,0.9093163013458252,341,0.4,E5b_subtraction
97,23,subtraction,just_grokked,4600,1.0,0.910556137561798,47.58660942558959,mantissa,6,1.0,0.9103789925575256,341,0.4,E5b_subtraction
97,23,subtraction,just_grokked,4600,1.0,0.910556137561798,47.58660942558959,mantissa,8,1.0,0.910201907157898,341,0.4,E5b_subtraction
97,23,subtraction,just_grokked,4600,1.0,0.910556137561798,47.58660942558959,mantissa,10,1.0,0.9107332229614258,341,0.4,E5b_subtraction
97,23,subtraction,just_grokked,4600,1.0,0.910556137561798,47.58660942558959,mantissa,12,1.0,0.9103789925575256,341,0.4,E5b_subtraction
97,23,subtraction,just_grokked,4600,1.0,0.910556137561798,47.58660942558959,mantissa,16,1.0,0.910556137561798,341,0.4,E5b_subtraction
97,23,subtraction,just_grokked,4600,1.0,0.910556137561798,47.58660942558959,mantissa,23,1.0,0.910556137561798,341,0.4,E5b_subtraction
97,23,subtraction,just_grokked,4600,1.0,0.910556137561798,47.58660942558959,nf,2,0.0260430499911308,0.0219624508172273,341,0.4,E5b_subtraction
97,23,subtraction,just_grokked,4600,1.0,0.910556137561798,47.58660942558959,nf,3,0.2017007768154144,0.1804817616939544,341,0.4,E5b_subtraction
97,23,subtraction,just_grokked,4600,1.0,0.910556137561798,47.58660942558959,nf,4,0.5051820278167725,0.4217144846916199,341,0.4,E5b_subtraction
97,23,subtraction,just_grokked,4600,1.0,0.910556137561798,47.58660942558959,nf,5,0.6949242949485779,0.57793128490448,341,0.4,E5b_subtraction
97,23,subtraction,just_grokked,4600,1.0,0.910556137561798,47.58660942558959,nf,6,0.8046771287918091,0.6804817318916321,341,0.4,E5b_subtraction
97,23,subtraction,just_grokked,4600,1.0,0.910556137561798,47.58660942558959,nf,8,0.9372841119766236,0.8057031631469727,341,0.4,E5b_subtraction
97,23,subtraction,just_grokked,4600,1.0,0.910556137561798,47.58660942558959,nf,10,0.9372841119766236,0.8057031631469727,341,0.4,E5b_subtraction
97,23,subtraction,just_grokked,4600,1.0,0.910556137561798,47.58660942558959,nf,12,0.9372841119766236,0.8057031631469727,341,0.4,E5b_subtraction
97,23,subtraction,just_grokked,4600,1.0,0.910556137561798,47.58660942558959,nf,16,0.9372841119766236,0.8057031631469727,341,0.4,E5b_subtraction
97,23,subtraction,just_grokked,4600,1.0,0.910556137561798,47.58660942558959,nf,23,1.0,0.910556137561798,341,0.4,E5b_subtraction
97,23,subtraction,post_grok_500,5100,1.0,0.9332270622253418,51.11312646955378,int,2,0.0108955623582005,0.0097414096817374,341,0.4,E5b_subtraction
97,23,subtraction,post_grok_500,5100,1.0,0.9332270622253418,51.11312646955378,int,3,0.0284347590059041,0.0247963164001703,341,0.4,E5b_subtraction
97,23,subtraction,post_grok_500,5100,1.0,0.9332270622253418,51.11312646955378,int,4,0.0938081294298172,0.0802337899804115,341,0.4,E5b_subtraction
97,23,subtraction,post_grok_500,5100,1.0,0.9332270622253418,51.11312646955378,int,5,0.4703693985939026,0.4050655364990234,341,0.4,E5b_subtraction
97,23,subtraction,post_grok_500,5100,1.0,0.9332270622253418,51.11312646955378,int,6,0.9758171439170836,0.8547644019126892,341,0.4,E5b_subtraction
97,23,subtraction,post_grok_500,5100,1.0,0.9332270622253418,51.11312646955378,int,8,1.0,0.9319872260093688,341,0.4,E5b_subtraction
97,23,subtraction,post_grok_500,5100,1.0,0.9332270622253418,51.11312646955378,int,10,1.0,0.9344668984413148,341,0.4,E5b_subtraction
97,23,subtraction,post_grok_500,5100,1.0,0.9332270622253418,51.11312646955378,int,12,1.0,0.9341126084327698,341,0.4,E5b_subtraction
97,23,subtraction,post_grok_500,5100,1.0,0.9332270622253418,51.11312646955378,int,16,1.0,0.9332270622253418,341,0.4,E5b_subtraction
97,23,subtraction,post_grok_500,5100,1.0,0.9332270622253418,51.11312646955378,int,23,1.0,0.9332270622253418,341,0.4,E5b_subtraction
97,23,subtraction,post_grok_500,5100,1.0,0.9332270622253418,51.11312646955378,mantissa,2,0.9997342824935912,0.9194119572639464,341,0.4,E5b_subtraction
97,23,subtraction,post_grok_500,5100,1.0,0.9332270622253418,51.11312646955378,mantissa,3,1.0,0.9325186014175416,341,0.4,E5b_subtraction
97,23,subtraction,post_grok_500,5100,1.0,0.9332270622253418,51.11312646955378,mantissa,4,1.0,0.9337583780288696,341,0.4,E5b_subtraction
97,23,subtraction,post_grok_500,5100,1.0,0.9332270622253418,51.11312646955378,mantissa,5,1.0,0.9334041476249696,341,0.4,E5b_subtraction
97,23,subtraction,post_grok_500,5100,1.0,0.9332270622253418,51.11312646955378,mantissa,6,1.0,0.9334041476249696,341,0.4,E5b_subtraction
97,23,subtraction,post_grok_500,5100,1.0,0.9332270622253418,51.11312646955378,mantissa,8,1.0,0.933581292629242,341,0.4,E5b_subtraction
97,23,subtraction,post_grok_500,5100,1.0,0.9332270622253418,51.11312646955378,mantissa,10,1.0,0.9332270622253418,341,0.4,E5b_subtraction
97,23,subtraction,post_grok_500,5100,1.0,0.9332270622253418,51.11312646955378,mantissa,12,1.0,0.9332270622253418,341,0.4,E5b_subtraction
97,23,subtraction,post_grok_500,5100,1.0,0.9332270622253418,51.11312646955378,mantissa,16,1.0,0.9332270622253418,341,0.4,E5b_subtraction
97,23,subtraction,post_grok_500,5100,1.0,0.9332270622253418,51.11312646955378,mantissa,23,1.0,0.9332270622253418,341,0.4,E5b_subtraction
97,23,subtraction,post_grok_500,5100,1.0,0.9332270622253418,51.11312646955378,nf,2,0.0387988314032554,0.0375487059354782,341,0.4,E5b_subtraction
97,23,subtraction,post_grok_500,5100,1.0,0.9332270622253418,51.11312646955378,nf,3,0.1881477534770965,0.164364144206047,341,0.4,E5b_subtraction
97,23,subtraction,post_grok_500,5100,1.0,0.9332270622253418,51.11312646955378,nf,4,0.4756842851638794,0.3916046619415283,341,0.4,E5b_subtraction
97,23,subtraction,post_grok_500,5100,1.0,0.9332270622253418,51.11312646955378,nf,5,0.6949242949485779,0.5713779330253601,341,0.4,E5b_subtraction
97,23,subtraction,post_grok_500,5100,1.0,0.9332270622253418,51.11312646955378,nf,6,0.7993622422218323,0.6730428338050842,341,0.4,E5b_subtraction
97,23,subtraction,post_grok_500,5100,1.0,0.9332270622253418,51.11312646955378,nf,8,0.9303746819496156,0.8108395338058472,341,0.4,E5b_subtraction
97,23,subtraction,post_grok_500,5100,1.0,0.9332270622253418,51.11312646955378,nf,10,0.9303746819496156,0.8108395338058472,341,0.4,E5b_subtraction
97,23,subtraction,post_grok_500,5100,1.0,0.9332270622253418,51.11312646955378,nf,12,0.9303746819496156,0.8108395338058472,341,0.4,E5b_subtraction
97,23,subtraction,post_grok_500,5100,1.0,0.9332270622253418,51.11312646955378,nf,16,0.9303746819496156,0.8108395338058472,341,0.4,E5b_subtraction
97,23,subtraction,post_grok_500,5100,1.0,0.9332270622253418,51.11312646955378,nf,23,1.0,0.9332270622253418,341,0.4,E5b_subtraction
97,23,subtraction,post_grok_1500,6100,1.0,0.9643995761871338,54.31924496461286,int,2,0.0100983260199427,0.0102727590128779,341,0.4,E5b_subtraction
97,23,subtraction,post_grok_1500,6100,1.0,0.9643995761871338,54.31924496461286,int,3,0.0215253792703151,0.0256818979978561,341,0.4,E5b_subtraction
97,23,subtraction,post_grok_1500,6100,1.0,0.9643995761871338,54.31924496461286,int,4,0.0651076287031173,0.0665958225727081,341,0.4,E5b_subtraction
97,23,subtraction,post_grok_1500,6100,1.0,0.9643995761871338,54.31924496461286,int,5,0.2035609930753708,0.187743529677391,341,0.4,E5b_subtraction
97,23,subtraction,post_grok_1500,6100,1.0,0.9643995761871338,54.31924496461286,int,6,0.868987500667572,0.7745306491851807,341,0.4,E5b_subtraction
97,23,subtraction,post_grok_1500,6100,1.0,0.9643995761871338,54.31924496461286,int,8,1.0,0.959440290927887,341,0.4,E5b_subtraction
97,23,subtraction,post_grok_1500,6100,1.0,0.9643995761871338,54.31924496461286,int,10,1.0,0.9645766615867616,341,0.4,E5b_subtraction
97,23,subtraction,post_grok_1500,6100,1.0,0.9643995761871338,54.31924496461286,int,12,1.0,0.9645766615867616,341,0.4,E5b_subtraction
97,23,subtraction,post_grok_1500,6100,1.0,0.9643995761871338,54.31924496461286,int,16,1.0,0.9643995761871338,341,0.4,E5b_subtraction
97,23,subtraction,post_grok_1500,6100,1.0,0.9643995761871338,54.31924496461286,int,23,1.0,0.9643995761871338,341,0.4,E5b_subtraction
97,23,subtraction,post_grok_1500,6100,1.0,0.9643995761871338,54.31924496461286,mantissa,2,0.9997342824935912,0.955720841884613,341,0.4,E5b_subtraction
97,23,subtraction,post_grok_1500,6100,1.0,0.9643995761871338,54.31924496461286,mantissa,3,1.0,0.96103435754776,341,0.4,E5b_subtraction
97,23,subtraction,post_grok_1500,6100,1.0,0.9643995761871338,54.31924496461286,mantissa,4,1.0,0.9642224311828612,341,0.4,E5b_subtraction
97,23,subtraction,post_grok_1500,6100,1.0,0.9643995761871338,54.31924496461286,mantissa,5,1.0,0.9652851223945618,341,0.4,E5b_subtraction
97,23,subtraction,post_grok_1500,6100,1.0,0.9643995761871338,54.31924496461286,mantissa,6,1.0,0.965108036994934,341,0.4,E5b_subtraction
97,23,subtraction,post_grok_1500,6100,1.0,0.9643995761871338,54.31924496461286,mantissa,8,1.0,0.9643995761871338,341,0.4,E5b_subtraction
97,23,subtraction,post_grok_1500,6100,1.0,0.9643995761871338,54.31924496461286,mantissa,10,1.0,0.9643995761871338,341,0.4,E5b_subtraction
97,23,subtraction,post_grok_1500,6100,1.0,0.9643995761871338,54.31924496461286,mantissa,12,1.0,0.9643995761871338,341,0.4,E5b_subtraction
97,23,subtraction,post_grok_1500,6100,1.0,0.9643995761871338,54.31924496461286,mantissa,16,1.0,0.9643995761871338,341,0.4,E5b_subtraction
97,23,subtraction,post_grok_1500,6100,1.0,0.9643995761871338,54.31924496461286,mantissa,23,1.0,0.9643995761871338,341,0.4,E5b_subtraction
97,23,subtraction,post_grok_1500,6100,1.0,0.9643995761871338,54.31924496461286,nf,2,0.0268402863293886,0.0242649652063846,341,0.4,E5b_subtraction
97,23,subtraction,post_grok_1500,6100,1.0,0.9643995761871338,54.31924496461286,nf,3,0.0449109748005867,0.0402054563164711,341,0.4,E5b_subtraction
97,23,subtraction,post_grok_1500,6100,1.0,0.9643995761871338,54.31924496461286,nf,4,0.141110822558403,0.1172511503100395,341,0.4,E5b_subtraction
97,23,subtraction,post_grok_1500,6100,1.0,0.9643995761871338,54.31924496461286,nf,5,0.2843475937843323,0.2368048131465912,341,0.4,E5b_subtraction
97,23,subtraction,post_grok_1500,6100,1.0,0.9643995761871338,54.31924496461286,nf,6,0.4546903967857361,0.3756641745567322,341,0.4,E5b_subtraction
97,23,subtraction,post_grok_1500,6100,1.0,0.9643995761871338,54.31924496461286,nf,8,0.7584373950958252,0.6528515815734863,341,0.4,E5b_subtraction
97,23,subtraction,post_grok_1500,6100,1.0,0.9643995761871338,54.31924496461286,nf,10,0.7584373950958252,0.6528515815734863,341,0.4,E5b_subtraction
97,23,subtraction,post_grok_1500,6100,1.0,0.9643995761871338,54.31924496461286,nf,12,0.7584373950958252,0.6528515815734863,341,0.4,E5b_subtraction
97,23,subtraction,post_grok_1500,6100,1.0,0.9643995761871338,54.31924496461286,nf,16,0.7584373950958252,0.6528515815734863,341,0.4,E5b_subtraction
97,23,subtraction,post_grok_1500,6100,1.0,0.9643995761871338,54.31924496461286,nf,23,1.0,0.9643995761871338,341,0.4,E5b_subtraction
97,23,subtraction,post_grok_4000,8600,1.0,0.976620614528656,58.609628618343,int,2,0.0098325805738568,0.0122210411354899,341,0.4,E5b_subtraction
97,23,subtraction,post_grok_4000,8600,1.0,0.976620614528656,58.609628618343,int,3,0.0271060317754745,0.0253276657313108,341,0.4,E5b_subtraction
97,23,subtraction,post_grok_4000,8600,1.0,0.976620614528656,58.609628618343,int,4,0.117193728685379,0.1098122522234916,341,0.4,E5b_subtraction
97,23,subtraction,post_grok_4000,8600,1.0,0.976620614528656,58.609628618343,int,5,0.5883603692054749,0.5481756925582886,341,0.4,E5b_subtraction
97,23,subtraction,post_grok_4000,8600,1.0,0.976620614528656,58.609628618343,int,6,0.9540260434150696,0.9098476767539978,341,0.4,E5b_subtraction
97,23,subtraction,post_grok_4000,8600,1.0,0.976620614528656,58.609628618343,int,8,1.0,0.976266384124756,341,0.4,E5b_subtraction
97,23,subtraction,post_grok_4000,8600,1.0,0.976620614528656,58.609628618343,int,10,1.0,0.9767976999282836,341,0.4,E5b_subtraction
97,23,subtraction,post_grok_4000,8600,1.0,0.976620614528656,58.609628618343,int,12,1.0,0.9767976999282836,341,0.4,E5b_subtraction
97,23,subtraction,post_grok_4000,8600,1.0,0.976620614528656,58.609628618343,int,16,1.0,0.976620614528656,341,0.4,E5b_subtraction
97,23,subtraction,post_grok_4000,8600,1.0,0.976620614528656,58.609628618343,int,23,1.0,0.976620614528656,341,0.4,E5b_subtraction
97,23,subtraction,post_grok_4000,8600,1.0,0.976620614528656,58.609628618343,mantissa,2,0.9981397986412048,0.9700673222541808,341,0.4,E5b_subtraction
97,23,subtraction,post_grok_4000,8600,1.0,0.976620614528656,58.609628618343,mantissa,3,1.0,0.9753807783126832,341,0.4,E5b_subtraction
97,23,subtraction,post_grok_4000,8600,1.0,0.976620614528656,58.609628618343,mantissa,4,1.0,0.9760892391204834,341,0.4,E5b_subtraction
97,23,subtraction,post_grok_4000,8600,1.0,0.976620614528656,58.609628618343,mantissa,5,1.0,0.9764434695243835,341,0.4,E5b_subtraction
97,23,subtraction,post_grok_4000,8600,1.0,0.976620614528656,58.609628618343,mantissa,6,1.0,0.976620614528656,341,0.4,E5b_subtraction
97,23,subtraction,post_grok_4000,8600,1.0,0.976620614528656,58.609628618343,mantissa,8,1.0,0.9769748449325562,341,0.4,E5b_subtraction
97,23,subtraction,post_grok_4000,8600,1.0,0.976620614528656,58.609628618343,mantissa,10,1.0,0.9767976999282836,341,0.4,E5b_subtraction
97,23,subtraction,post_grok_4000,8600,1.0,0.976620614528656,58.609628618343,mantissa,12,1.0,0.976620614528656,341,0.4,E5b_subtraction
97,23,subtraction,post_grok_4000,8600,1.0,0.976620614528656,58.609628618343,mantissa,16,1.0,0.976620614528656,341,0.4,E5b_subtraction
97,23,subtraction,post_grok_4000,8600,1.0,0.976620614528656,58.609628618343,mantissa,23,1.0,0.976620614528656,341,0.4,E5b_subtraction
97,23,subtraction,post_grok_4000,8600,1.0,0.976620614528656,58.609628618343,nf,2,0.0486314110457897,0.0453418344259262,341,0.4,E5b_subtraction
97,23,subtraction,post_grok_4000,8600,1.0,0.976620614528656,58.609628618343,nf,3,0.141110822558403,0.1416932344436645,341,0.4,E5b_subtraction
97,23,subtraction,post_grok_4000,8600,1.0,0.976620614528656,58.609628618343,nf,4,0.2157852798700332,0.1969535946846008,341,0.4,E5b_subtraction
97,23,subtraction,post_grok_4000,8600,1.0,0.976620614528656,58.609628618343,nf,5,0.3000265657901764,0.2709883153438568,341,0.4,E5b_subtraction
97,23,subtraction,post_grok_4000,8600,1.0,0.976620614528656,58.609628618343,nf,6,0.4028700590133667,0.3749557137489319,341,0.4,E5b_subtraction
97,23,subtraction,post_grok_4000,8600,1.0,0.976620614528656,58.609628618343,nf,8,0.6117459535598755,0.5549061298370361,341,0.4,E5b_subtraction
97,23,subtraction,post_grok_4000,8600,1.0,0.976620614528656,58.609628618343,nf,10,0.6117459535598755,0.5549061298370361,341,0.4,E5b_subtraction
97,23,subtraction,post_grok_4000,8600,1.0,0.976620614528656,58.609628618343,nf,12,0.6117459535598755,0.5549061298370361,341,0.4,E5b_subtraction
97,23,subtraction,post_grok_4000,8600,1.0,0.976620614528656,58.609628618343,nf,16,0.6117459535598755,0.5549061298370361,341,0.4,E5b_subtraction
97,23,subtraction,post_grok_4000,8600,1.0,0.976620614528656,58.609628618343,nf,23,1.0,0.976620614528656,341,0.4,E5b_subtraction
97,23,subtraction,cleaned_up,30000,1.0,0.9702444076538086,49.55525044099371,int,2,0.0106298169121146,0.0102727590128779,341,0.4,E5b_subtraction
97,23,subtraction,cleaned_up,30000,1.0,0.9702444076538086,49.55525044099371,int,3,0.0188679248094558,0.0164718385785818,341,0.4,E5b_subtraction
97,23,subtraction,cleaned_up,30000,1.0,0.9702444076538086,49.55525044099371,int,4,0.1078926399350166,0.0981225669384002,341,0.4,E5b_subtraction
97,23,subtraction,cleaned_up,30000,1.0,0.9702444076538086,49.55525044099371,int,5,0.1993090659379959,0.1904002875089645,341,0.4,E5b_subtraction
97,23,subtraction,cleaned_up,30000,1.0,0.9702444076538086,49.55525044099371,int,6,0.9526973366737366,0.9068366885185242,341,0.4,E5b_subtraction
97,23,subtraction,cleaned_up,30000,1.0,0.9702444076538086,49.55525044099371,int,8,1.0,0.968473255634308,341,0.4,E5b_subtraction
97,23,subtraction,cleaned_up,30000,1.0,0.9702444076538086,49.55525044099371,int,10,1.0,0.9707757830619812,341,0.4,E5b_subtraction
97,23,subtraction,cleaned_up,30000,1.0,0.9702444076538086,49.55525044099371,int,12,1.0,0.9707757830619812,341,0.4,E5b_subtraction
97,23,subtraction,cleaned_up,30000,1.0,0.9702444076538086,49.55525044099371,int,16,1.0,0.9702444076538086,341,0.4,E5b_subtraction
97,23,subtraction,cleaned_up,30000,1.0,0.9702444076538086,49.55525044099371,int,23,1.0,0.9702444076538086,341,0.4,E5b_subtraction
97,23,subtraction,cleaned_up,30000,1.0,0.9702444076538086,49.55525044099371,mantissa,2,0.9989370107650756,0.9675876498222352,341,0.4,E5b_subtraction
97,23,subtraction,cleaned_up,30000,1.0,0.9702444076538086,49.55525044099371,mantissa,3,1.0,0.9682961106300354,341,0.4,E5b_subtraction
97,23,subtraction,cleaned_up,30000,1.0,0.9702444076538086,49.55525044099371,mantissa,4,1.0,0.9695359468460084,341,0.4,E5b_subtraction
97,23,subtraction,cleaned_up,30000,1.0,0.9702444076538086,49.55525044099371,mantissa,5,1.0,0.970421552658081,341,0.4,E5b_subtraction
97,23,subtraction,cleaned_up,30000,1.0,0.9702444076538086,49.55525044099371,mantissa,6,1.0,0.9700673222541808,341,0.4,E5b_subtraction
97,23,subtraction,cleaned_up,30000,1.0,0.9702444076538086,49.55525044099371,mantissa,8,1.0,0.9705986380577089,341,0.4,E5b_subtraction
97,23,subtraction,cleaned_up,30000,1.0,0.9702444076538086,49.55525044099371,mantissa,10,1.0,0.9702444076538086,341,0.4,E5b_subtraction
97,23,subtraction,cleaned_up,30000,1.0,0.9702444076538086,49.55525044099371,mantissa,12,1.0,0.9702444076538086,341,0.4,E5b_subtraction
97,23,subtraction,cleaned_up,30000,1.0,0.9702444076538086,49.55525044099371,mantissa,16,1.0,0.9702444076538086,341,0.4,E5b_subtraction
97,23,subtraction,cleaned_up,30000,1.0,0.9702444076538086,49.55525044099371,mantissa,23,1.0,0.9702444076538086,341,0.4,E5b_subtraction
97,23,subtraction,cleaned_up,30000,1.0,0.9702444076538086,49.55525044099371,nf,2,0.0093010896816849,0.0104498760774731,341,0.4,E5b_subtraction
97,23,subtraction,cleaned_up,30000,1.0,0.9702444076538086,49.55525044099371,nf,3,0.035875629633665,0.0251505486667156,341,0.4,E5b_subtraction
97,23,subtraction,cleaned_up,30000,1.0,0.9702444076538086,49.55525044099371,nf,4,0.0847727879881858,0.0662415847182273,341,0.4,E5b_subtraction
97,23,subtraction,cleaned_up,30000,1.0,0.9702444076538086,49.55525044099371,nf,5,0.1427052915096283,0.1294721961021423,341,0.4,E5b_subtraction
97,23,subtraction,cleaned_up,30000,1.0,0.9702444076538086,49.55525044099371,nf,6,0.204889714717865,0.1879206448793411,341,0.4,E5b_subtraction
97,23,subtraction,cleaned_up,30000,1.0,0.9702444076538086,49.55525044099371,nf,8,0.3101249039173126,0.2727594673633575,341,0.4,E5b_subtraction
97,23,subtraction,cleaned_up,30000,1.0,0.9702444076538086,49.55525044099371,nf,10,0.3101249039173126,0.2727594673633575,341,0.4,E5b_subtraction
97,23,subtraction,cleaned_up,30000,1.0,0.9702444076538086,49.55525044099371,nf,12,0.3101249039173126,0.2727594673633575,341,0.4,E5b_subtraction
97,23,subtraction,cleaned_up,30000,1.0,0.9702444076538086,49.55525044099371,nf,16,0.3101249039173126,0.2727594673633575,341,0.4,E5b_subtraction
97,23,subtraction,cleaned_up,30000,1.0,0.9702444076538086,49.55525044099371,nf,23,1.0,0.9702444076538086,341,0.4,E5b_subtraction
97,24,subtraction,pre_grok,250,1.0,0.0198370516300201,46.45098267153287,int,2,0.0353441387414932,0.0161176044493913,341,0.4,E5b_subtraction
97,24,subtraction,pre_grok,250,1.0,0.0198370516300201,46.45098267153287,int,3,0.3600850403308868,0.0246191993355751,341,0.4,E5b_subtraction
97,24,subtraction,pre_grok,250,1.0,0.0198370516300201,46.45098267153287,int,4,0.715386688709259,0.0205455180257558,341,0.4,E5b_subtraction
97,24,subtraction,pre_grok,250,1.0,0.0198370516300201,46.45098267153287,int,5,0.9537603259086608,0.0193057022988796,341,0.4,E5b_subtraction
97,24,subtraction,pre_grok,250,1.0,0.0198370516300201,46.45098267153287,int,6,0.9989370107650756,0.0212539844214916,341,0.4,E5b_subtraction
97,24,subtraction,pre_grok,250,1.0,0.0198370516300201,46.45098267153287,int,8,1.0,0.0200141686946153,341,0.4,E5b_subtraction
97,24,subtraction,pre_grok,250,1.0,0.0198370516300201,46.45098267153287,int,10,1.0,0.0200141686946153,341,0.4,E5b_subtraction
97,24,subtraction,pre_grok,250,1.0,0.0198370516300201,46.45098267153287,int,12,1.0,0.0200141686946153,341,0.4,E5b_subtraction
97,24,subtraction,pre_grok,250,1.0,0.0198370516300201,46.45098267153287,int,16,1.0,0.0198370516300201,341,0.4,E5b_subtraction
97,24,subtraction,pre_grok,250,1.0,0.0198370516300201,46.45098267153287,int,23,1.0,0.0198370516300201,341,0.4,E5b_subtraction
97,24,subtraction,pre_grok,250,1.0,0.0198370516300201,46.45098267153287,mantissa,2,0.9633271098136902,0.0207226350903511,341,0.4,E5b_subtraction
97,24,subtraction,pre_grok,250,1.0,0.0198370516300201,46.45098267153287,mantissa,3,1.0,0.0217853337526321,341,0.4,E5b_subtraction
97,24,subtraction,pre_grok,250,1.0,0.0198370516300201,46.45098267153287,mantissa,4,1.0,0.0191285870969295,341,0.4,E5b_subtraction
97,24,subtraction,pre_grok,250,1.0,0.0198370516300201,46.45098267153287,mantissa,5,1.0,0.0189514700323343,341,0.4,E5b_subtraction
97,24,subtraction,pre_grok,250,1.0,0.0198370516300201,46.45098267153287,mantissa,6,1.0,0.0198370516300201,341,0.4,E5b_subtraction
97,24,subtraction,pre_grok,250,1.0,0.0198370516300201,46.45098267153287,mantissa,8,1.0,0.0198370516300201,341,0.4,E5b_subtraction
97,24,subtraction,pre_grok,250,1.0,0.0198370516300201,46.45098267153287,mantissa,10,1.0,0.0198370516300201,341,0.4,E5b_subtraction
97,24,subtraction,pre_grok,250,1.0,0.0198370516300201,46.45098267153287,mantissa,12,1.0,0.0200141686946153,341,0.4,E5b_subtraction
97,24,subtraction,pre_grok,250,1.0,0.0198370516300201,46.45098267153287,mantissa,16,1.0,0.0198370516300201,341,0.4,E5b_subtraction
97,24,subtraction,pre_grok,250,1.0,0.0198370516300201,46.45098267153287,mantissa,23,1.0,0.0198370516300201,341,0.4,E5b_subtraction
97,24,subtraction,pre_grok,250,1.0,0.0198370516300201,46.45098267153287,nf,2,0.1823013573884964,0.0155862551182508,341,0.4,E5b_subtraction
97,24,subtraction,pre_grok,250,1.0,0.0198370516300201,46.45098267153287,nf,3,0.4661174714565277,0.0203684028238058,341,0.4,E5b_subtraction
97,24,subtraction,pre_grok,250,1.0,0.0198370516300201,46.45098267153287,nf,4,0.7385064959526062,0.0185972359031438,341,0.4,E5b_subtraction
97,24,subtraction,pre_grok,250,1.0,0.0198370516300201,46.45098267153287,nf,5,0.9253255128860474,0.0193057022988796,341,0.4,E5b_subtraction
97,24,subtraction,pre_grok,250,1.0,0.0198370516300201,46.45098267153287,nf,6,0.9952166080474854,0.0189514700323343,341,0.4,E5b_subtraction
97,24,subtraction,pre_grok,250,1.0,0.0198370516300201,46.45098267153287,nf,8,1.0,0.0200141686946153,341,0.4,E5b_subtraction
97,24,subtraction,pre_grok,250,1.0,0.0198370516300201,46.45098267153287,nf,10,1.0,0.0200141686946153,341,0.4,E5b_subtraction
97,24,subtraction,pre_grok,250,1.0,0.0198370516300201,46.45098267153287,nf,12,1.0,0.0200141686946153,341,0.4,E5b_subtraction
97,24,subtraction,pre_grok,250,1.0,0.0198370516300201,46.45098267153287,nf,16,1.0,0.0200141686946153,341,0.4,E5b_subtraction
97,24,subtraction,pre_grok,250,1.0,0.0198370516300201,46.45098267153287,nf,23,1.0,0.0198370516300201,341,0.4,E5b_subtraction
97,24,subtraction,cleaned_up,12000,0.9869784712791444,0.6684378385543823,36.829091586609614,int,2,0.0108955623582005,0.0100956428796052,341,0.4,E5b_subtraction
97,24,subtraction,cleaned_up,12000,0.9869784712791444,0.6684378385543823,36.829091586609614,int,3,0.0191336702555418,0.0161176044493913,341,0.4,E5b_subtraction
97,24,subtraction,cleaned_up,12000,0.9869784712791444,0.6684378385543823,36.829091586609614,int,4,0.0340154133737087,0.0276301801204681,341,0.4,E5b_subtraction
97,24,subtraction,cleaned_up,12000,0.9869784712791444,0.6684378385543823,36.829091586609614,int,5,0.3239436745643616,0.2332624793052673,341,0.4,E5b_subtraction
97,24,subtraction,cleaned_up,12000,0.9869784712791444,0.6684378385543823,36.829091586609614,int,6,0.9083178639411926,0.6068012714385986,341,0.4,E5b_subtraction
97,24,subtraction,cleaned_up,12000,0.9869784712791444,0.6684378385543823,36.829091586609614,int,8,0.9853839874267578,0.666135311126709,341,0.4,E5b_subtraction
97,24,subtraction,cleaned_up,12000,0.9869784712791444,0.6684378385543823,36.829091586609614,int,10,0.9867127537727356,0.6696776151657104,341,0.4,E5b_subtraction
97,24,subtraction,cleaned_up,12000,0.9869784712791444,0.6684378385543823,36.829091586609614,int,12,0.9875099658966064,0.6695005297660828,341,0.4,E5b_subtraction
97,24,subtraction,cleaned_up,12000,0.9869784712791444,0.6684378385543823,36.829091586609614,int,16,0.9869784712791444,0.6687920689582825,341,0.4,E5b_subtraction
97,24,subtraction,cleaned_up,12000,0.9869784712791444,0.6684378385543823,36.829091586609614,int,23,0.9869784712791444,0.6684378385543823,341,0.4,E5b_subtraction
97,24,subtraction,cleaned_up,12000,0.9869784712791444,0.6684378385543823,36.829091586609614,mantissa,2,0.9774116277694702,0.6656039357185364,341,0.4,E5b_subtraction
97,24,subtraction,cleaned_up,12000,0.9869784712791444,0.6684378385543823,36.829091586609614,mantissa,3,0.9821950793266296,0.6652497053146362,341,0.4,E5b_subtraction
97,24,subtraction,cleaned_up,12000,0.9869784712791444,0.6684378385543823,36.829091586609614,mantissa,4,0.98591548204422,0.6682606935501099,341,0.4,E5b_subtraction
97,24,subtraction,cleaned_up,12000,0.9869784712791444,0.6684378385543823,36.829091586609614,mantissa,5,0.986446976661682,0.6695005297660828,341,0.4,E5b_subtraction
97,24,subtraction,cleaned_up,12000,0.9869784712791444,0.6684378385543823,36.829091586609614,mantissa,6,0.98777574300766,0.6689691543579102,341,0.4,E5b_subtraction
97,24,subtraction,cleaned_up,12000,0.9869784712791444,0.6684378385543823,36.829091586609614,mantissa,8,0.9869784712791444,0.6691462993621826,341,0.4,E5b_subtraction
97,24,subtraction,cleaned_up,12000,0.9869784712791444,0.6684378385543823,36.829091586609614,mantissa,10,0.9869784712791444,0.66861492395401,341,0.4,E5b_subtraction
97,24,subtraction,cleaned_up,12000,0.9869784712791444,0.6684378385543823,36.829091586609614,mantissa,12,0.9869784712791444,0.66861492395401,341,0.4,E5b_subtraction
97,24,subtraction,cleaned_up,12000,0.9869784712791444,0.6684378385543823,36.829091586609614,mantissa,16,0.9869784712791444,0.6684378385543823,341,0.4,E5b_subtraction
97,24,subtraction,cleaned_up,12000,0.9869784712791444,0.6684378385543823,36.829091586609614,mantissa,23,0.9869784712791444,0.6684378385543823,341,0.4,E5b_subtraction
97,24,subtraction,cleaned_up,12000,0.9869784712791444,0.6684378385543823,36.829091586609614,nf,2,0.0231198519468307,0.0168260708451271,341,0.4,E5b_subtraction
97,24,subtraction,cleaned_up,12000,0.9869784712791444,0.6684378385543823,36.829091586609614,nf,3,0.0797236263751983,0.0534891970455646,341,0.4,E5b_subtraction
97,24,subtraction,cleaned_up,12000,0.9869784712791444,0.6684378385543823,36.829091586609614,nf,4,0.1775179356336593,0.1160113364458084,341,0.4,E5b_subtraction
97,24,subtraction,cleaned_up,12000,0.9869784712791444,0.6684378385543823,36.829091586609614,nf,5,0.2838160991668701,0.1868579536676406,341,0.4,E5b_subtraction
97,24,subtraction,cleaned_up,12000,0.9869784712791444,0.6684378385543823,36.829091586609614,nf,6,0.3752325177192688,0.2515054941177368,341,0.4,E5b_subtraction
97,24,subtraction,cleaned_up,12000,0.9869784712791444,0.6684378385543823,36.829091586609614,nf,8,0.5267074108123779,0.3352816104888916,341,0.4,E5b_subtraction
97,24,subtraction,cleaned_up,12000,0.9869784712791444,0.6684378385543823,36.829091586609614,nf,10,0.5267074108123779,0.3352816104888916,341,0.4,E5b_subtraction
97,24,subtraction,cleaned_up,12000,0.9869784712791444,0.6684378385543823,36.829091586609614,nf,12,0.5267074108123779,0.3352816104888916,341,0.4,E5b_subtraction
97,24,subtraction,cleaned_up,12000,0.9869784712791444,0.6684378385543823,36.829091586609614,nf,16,0.5267074108123779,0.3352816104888916,341,0.4,E5b_subtraction
97,24,subtraction,cleaned_up,12000,0.9869784712791444,0.6684378385543823,36.829091586609614,nf,23,0.9869784712791444,0.6684378385543823,341,0.4,E5b_subtraction
59,0,subtraction,pre_grok,200,1.0,0.0114887505769729,41.58667810795712,int,2,0.0689655169844627,0.0229775011539459,341,0.4,E5b_subtraction
59,0,subtraction,pre_grok,200,1.0,0.0114887505769729,41.58667810795712,int,3,0.5150862336158752,0.0157970320433378,341,0.4,E5b_subtraction
59,0,subtraction,pre_grok,200,1.0,0.0114887505769729,41.58667810795712,int,4,0.8829023241996765,0.0100526567548513,341,0.4,E5b_subtraction
59,0,subtraction,pre_grok,200,1.0,0.0114887505769729,41.58667810795712,int,5,0.9870689511299132,0.0119674485176801,341,0.4,E5b_subtraction
59,0,subtraction,pre_grok,200,1.0,0.0114887505769729,41.58667810795712,int,6,1.0,0.0119674485176801,341,0.4,E5b_subtraction
59,0,subtraction,pre_grok,200,1.0,0.0114887505769729,41.58667810795712,int,8,1.0,0.0114887505769729,341,0.4,E5b_subtraction
59,0,subtraction,pre_grok,200,1.0,0.0114887505769729,41.58667810795712,int,10,1.0,0.0114887505769729,341,0.4,E5b_subtraction
59,0,subtraction,pre_grok,200,1.0,0.0114887505769729,41.58667810795712,int,12,1.0,0.0114887505769729,341,0.4,E5b_subtraction
59,0,subtraction,pre_grok,200,1.0,0.0114887505769729,41.58667810795712,int,16,1.0,0.0114887505769729,341,0.4,E5b_subtraction
59,0,subtraction,pre_grok,200,1.0,0.0114887505769729,41.58667810795712,int,23,1.0,0.0114887505769729,341,0.4,E5b_subtraction
59,0,subtraction,pre_grok,200,1.0,0.0114887505769729,41.58667810795712,mantissa,2,0.9913793206214904,0.0100526567548513,341,0.4,E5b_subtraction
59,0,subtraction,pre_grok,200,1.0,0.0114887505769729,41.58667810795712,mantissa,3,0.9992815852165222,0.0114887505769729,341,0.4,E5b_subtraction
59,0,subtraction,pre_grok,200,1.0,0.0114887505769729,41.58667810795712,mantissa,4,1.0,0.0110100526362657,341,0.4,E5b_subtraction
59,0,subtraction,pre_grok,200,1.0,0.0114887505769729,41.58667810795712,mantissa,5,1.0,0.0114887505769729,341,0.4,E5b_subtraction
59,0,subtraction,pre_grok,200,1.0,0.0114887505769729,41.58667810795712,mantissa,6,1.0,0.0105313546955585,341,0.4,E5b_subtraction
59,0,subtraction,pre_grok,200,1.0,0.0114887505769729,41.58667810795712,mantissa,8,1.0,0.0114887505769729,341,0.4,E5b_subtraction
59,0,subtraction,pre_grok,200,1.0,0.0114887505769729,41.58667810795712,mantissa,10,1.0,0.0114887505769729,341,0.4,E5b_subtraction
59,0,subtraction,pre_grok,200,1.0,0.0114887505769729,41.58667810795712,mantissa,12,1.0,0.0114887505769729,341,0.4,E5b_subtraction
59,0,subtraction,pre_grok,200,1.0,0.0114887505769729,41.58667810795712,mantissa,16,1.0,0.0114887505769729,341,0.4,E5b_subtraction
59,0,subtraction,pre_grok,200,1.0,0.0114887505769729,41.58667810795712,mantissa,23,1.0,0.0114887505769729,341,0.4,E5b_subtraction
59,0,subtraction,pre_grok,200,1.0,0.0114887505769729,41.58667810795712,nf,2,0.286637932062149,0.0086165629327297,341,0.4,E5b_subtraction
59,0,subtraction,pre_grok,200,1.0,0.0114887505769729,41.58667810795712,nf,3,0.6494252681732178,0.0105313546955585,341,0.4,E5b_subtraction
59,0,subtraction,pre_grok,200,1.0,0.0114887505769729,41.58667810795712,nf,4,0.8836206793785095,0.0119674485176801,341,0.4,E5b_subtraction
59,0,subtraction,pre_grok,200,1.0,0.0114887505769729,41.58667810795712,nf,5,0.9798850417137146,0.0114887505769729,341,0.4,E5b_subtraction
59,0,subtraction,pre_grok,200,1.0,0.0114887505769729,41.58667810795712,nf,6,0.9992815852165222,0.0114887505769729,341,0.4,E5b_subtraction
59,0,subtraction,pre_grok,200,1.0,0.0114887505769729,41.58667810795712,nf,8,1.0,0.0110100526362657,341,0.4,E5b_subtraction
59,0,subtraction,pre_grok,200,1.0,0.0114887505769729,41.58667810795712,nf,10,1.0,0.0110100526362657,341,0.4,E5b_subtraction
59,0,subtraction,pre_grok,200,1.0,0.0114887505769729,41.58667810795712,nf,12,1.0,0.0110100526362657,341,0.4,E5b_subtraction
59,0,subtraction,pre_grok,200,1.0,0.0114887505769729,41.58667810795712,nf,16,1.0,0.0110100526362657,341,0.4,E5b_subtraction
59,0,subtraction,pre_grok,200,1.0,0.0114887505769729,41.58667810795712,nf,23,1.0,0.0114887505769729,341,0.4,E5b_subtraction
59,0,subtraction,cleaned_up,12000,1.0,0.0129248443990945,47.10409407488451,int,2,0.0179597698152065,0.016275729984045,341,0.4,E5b_subtraction
59,0,subtraction,cleaned_up,12000,1.0,0.0129248443990945,47.10409407488451,int,3,0.0854885056614875,0.0153183341026306,341,0.4,E5b_subtraction
59,0,subtraction,cleaned_up,12000,1.0,0.0129248443990945,47.10409407488451,int,4,0.2607758641242981,0.0196266155689954,341,0.4,E5b_subtraction
59,0,subtraction,cleaned_up,12000,1.0,0.0129248443990945,47.10409407488451,int,5,0.6436781883239746,0.0129248443990945,341,0.4,E5b_subtraction
59,0,subtraction,cleaned_up,12000,1.0,0.0129248443990945,47.10409407488451,int,6,0.9590517282485962,0.0143609382212162,341,0.4,E5b_subtraction
59,0,subtraction,cleaned_up,12000,1.0,0.0129248443990945,47.10409407488451,int,8,1.0,0.0143609382212162,341,0.4,E5b_subtraction
59,0,subtraction,cleaned_up,12000,1.0,0.0129248443990945,47.10409407488451,int,10,1.0,0.0124461464583873,341,0.4,E5b_subtraction
59,0,subtraction,cleaned_up,12000,1.0,0.0129248443990945,47.10409407488451,int,12,1.0,0.0129248443990945,341,0.4,E5b_subtraction
59,0,subtraction,cleaned_up,12000,1.0,0.0129248443990945,47.10409407488451,int,16,1.0,0.0129248443990945,341,0.4,E5b_subtraction
59,0,subtraction,cleaned_up,12000,1.0,0.0129248443990945,47.10409407488451,int,23,1.0,0.0129248443990945,341,0.4,E5b_subtraction
59,0,subtraction,cleaned_up,12000,1.0,0.0129248443990945,47.10409407488451,mantissa,2,1.0,0.0129248443990945,341,0.4,E5b_subtraction
59,0,subtraction,cleaned_up,12000,1.0,0.0129248443990945,47.10409407488451,mantissa,3,1.0,0.0129248443990945,341,0.4,E5b_subtraction
59,0,subtraction,cleaned_up,12000,1.0,0.0129248443990945,47.10409407488451,mantissa,4,1.0,0.0134035423398017,341,0.4,E5b_subtraction
59,0,subtraction,cleaned_up,12000,1.0,0.0129248443990945,47.10409407488451,mantissa,5,1.0,0.0124461464583873,341,0.4,E5b_subtraction
59,0,subtraction,cleaned_up,12000,1.0,0.0129248443990945,47.10409407488451,mantissa,6,1.0,0.0129248443990945,341,0.4,E5b_subtraction
59,0,subtraction,cleaned_up,12000,1.0,0.0129248443990945,47.10409407488451,mantissa,8,1.0,0.0129248443990945,341,0.4,E5b_subtraction
59,0,subtraction,cleaned_up,12000,1.0,0.0129248443990945,47.10409407488451,mantissa,10,1.0,0.0129248443990945,341,0.4,E5b_subtraction
59,0,subtraction,cleaned_up,12000,1.0,0.0129248443990945,47.10409407488451,mantissa,12,1.0,0.0129248443990945,341,0.4,E5b_subtraction
59,0,subtraction,cleaned_up,12000,1.0,0.0129248443990945,47.10409407488451,mantissa,16,1.0,0.0129248443990945,341,0.4,E5b_subtraction
59,0,subtraction,cleaned_up,12000,1.0,0.0129248443990945,47.10409407488451,mantissa,23,1.0,0.0129248443990945,341,0.4,E5b_subtraction
59,0,subtraction,cleaned_up,12000,1.0,0.0129248443990945,47.10409407488451,nf,2,0.0294540226459503,0.0153183341026306,341,0.4,E5b_subtraction
59,0,subtraction,cleaned_up,12000,1.0,0.0129248443990945,47.10409407488451,nf,3,0.2097701132297516,0.0148396361619234,341,0.4,E5b_subtraction
59,0,subtraction,cleaned_up,12000,1.0,0.0129248443990945,47.10409407488451,nf,4,0.5021551847457886,0.0134035423398017,341,0.4,E5b_subtraction
59,0,subtraction,cleaned_up,12000,1.0,0.0129248443990945,47.10409407488451,nf,5,0.7420976758003235,0.0148396361619234,341,0.4,E5b_subtraction
59,0,subtraction,cleaned_up,12000,1.0,0.0129248443990945,47.10409407488451,nf,6,0.8699712753295898,0.0143609382212162,341,0.4,E5b_subtraction
59,0,subtraction,cleaned_up,12000,1.0,0.0129248443990945,47.10409407488451,nf,8,0.9568965435028076,0.0134035423398017,341,0.4,E5b_subtraction
59,0,subtraction,cleaned_up,12000,1.0,0.0129248443990945,47.10409407488451,nf,10,0.9568965435028076,0.0134035423398017,341,0.4,E5b_subtraction
59,0,subtraction,cleaned_up,12000,1.0,0.0129248443990945,47.10409407488451,nf,12,0.9568965435028076,0.0134035423398017,341,0.4,E5b_subtraction
59,0,subtraction,cleaned_up,12000,1.0,0.0129248443990945,47.10409407488451,nf,16,0.9568965435028076,0.0134035423398017,341,0.4,E5b_subtraction
59,0,subtraction,cleaned_up,12000,1.0,0.0129248443990945,47.10409407488451,nf,23,1.0,0.0129248443990945,341,0.4,E5b_subtraction
59,1,subtraction,pre_grok,200,1.0,0.0138822402805089,40.45588452035447,int,2,0.0711206868290901,0.0205840114504098,341,0.4,E5b_subtraction
59,1,subtraction,pre_grok,200,1.0,0.0138822402805089,40.45588452035447,int,3,0.4482758641242981,0.0196266155689954,341,0.4,E5b_subtraction
59,1,subtraction,pre_grok,200,1.0,0.0138822402805089,40.45588452035447,int,4,0.7794539928436279,0.016275729984045,341,0.4,E5b_subtraction
59,1,subtraction,pre_grok,200,1.0,0.0138822402805089,40.45588452035447,int,5,0.9691091775894164,0.0153183341026306,341,0.4,E5b_subtraction
59,1,subtraction,pre_grok,200,1.0,0.0138822402805089,40.45588452035447,int,6,1.0,0.0148396361619234,341,0.4,E5b_subtraction
59,1,subtraction,pre_grok,200,1.0,0.0138822402805089,40.45588452035447,int,8,1.0,0.0143609382212162,341,0.4,E5b_subtraction
59,1,subtraction,pre_grok,200,1.0,0.0138822402805089,40.45588452035447,int,10,1.0,0.0143609382212162,341,0.4,E5b_subtraction
59,1,subtraction,pre_grok,200,1.0,0.0138822402805089,40.45588452035447,int,12,1.0,0.0138822402805089,341,0.4,E5b_subtraction
59,1,subtraction,pre_grok,200,1.0,0.0138822402805089,40.45588452035447,int,16,1.0,0.0138822402805089,341,0.4,E5b_subtraction
59,1,subtraction,pre_grok,200,1.0,0.0138822402805089,40.45588452035447,int,23,1.0,0.0138822402805089,341,0.4,E5b_subtraction
59,1,subtraction,pre_grok,200,1.0,0.0138822402805089,40.45588452035447,mantissa,2,0.983476996421814,0.0153183341026306,341,0.4,E5b_subtraction
59,1,subtraction,pre_grok,200,1.0,0.0138822402805089,40.45588452035447,mantissa,3,0.9985632300376892,0.0148396361619234,341,0.4,E5b_subtraction
59,1,subtraction,pre_grok,200,1.0,0.0138822402805089,40.45588452035447,mantissa,4,1.0,0.0143609382212162,341,0.4,E5b_subtraction
59,1,subtraction,pre_grok,200,1.0,0.0138822402805089,40.45588452035447,mantissa,5,1.0,0.0138822402805089,341,0.4,E5b_subtraction
59,1,subtraction,pre_grok,200,1.0,0.0138822402805089,40.45588452035447,mantissa,6,1.0,0.0143609382212162,341,0.4,E5b_subtraction
59,1,subtraction,pre_grok,200,1.0,0.0138822402805089,40.45588452035447,mantissa,8,1.0,0.0138822402805089,341,0.4,E5b_subtraction
59,1,subtraction,pre_grok,200,1.0,0.0138822402805089,40.45588452035447,mantissa,10,1.0,0.0138822402805089,341,0.4,E5b_subtraction
59,1,subtraction,pre_grok,200,1.0,0.0138822402805089,40.45588452035447,mantissa,12,1.0,0.0138822402805089,341,0.4,E5b_subtraction
59,1,subtraction,pre_grok,200,1.0,0.0138822402805089,40.45588452035447,mantissa,16,1.0,0.0138822402805089,341,0.4,E5b_subtraction
59,1,subtraction,pre_grok,200,1.0,0.0138822402805089,40.45588452035447,mantissa,23,1.0,0.0138822402805089,341,0.4,E5b_subtraction
59,1,subtraction,pre_grok,200,1.0,0.0138822402805089,40.45588452035447,nf,2,0.2801724076271057,0.0138822402805089,341,0.4,E5b_subtraction
59,1,subtraction,pre_grok,200,1.0,0.0138822402805089,40.45588452035447,nf,3,0.5811781883239746,0.0148396361619234,341,0.4,E5b_subtraction
59,1,subtraction,pre_grok,200,1.0,0.0138822402805089,40.45588452035447,nf,4,0.8433908224105835,0.0148396361619234,341,0.4,E5b_subtraction
59,1,subtraction,pre_grok,200,1.0,0.0138822402805089,40.45588452035447,nf,5,0.9734195470809937,0.0157970320433378,341,0.4,E5b_subtraction
59,1,subtraction,pre_grok,200,1.0,0.0138822402805089,40.45588452035447,nf,6,0.9978448152542114,0.0138822402805089,341,0.4,E5b_subtraction
59,1,subtraction,pre_grok,200,1.0,0.0138822402805089,40.45588452035447,nf,8,1.0,0.0143609382212162,341,0.4,E5b_subtraction
59,1,subtraction,pre_grok,200,1.0,0.0138822402805089,40.45588452035447,nf,10,1.0,0.0143609382212162,341,0.4,E5b_subtraction
59,1,subtraction,pre_grok,200,1.0,0.0138822402805089,40.45588452035447,nf,12,1.0,0.0143609382212162,341,0.4,E5b_subtraction
59,1,subtraction,pre_grok,200,1.0,0.0138822402805089,40.45588452035447,nf,16,1.0,0.0143609382212162,341,0.4,E5b_subtraction
59,1,subtraction,pre_grok,200,1.0,0.0138822402805089,40.45588452035447,nf,23,1.0,0.0138822402805089,341,0.4,E5b_subtraction
59,1,subtraction,cleaned_up,12000,1.0,0.0593585446476936,45.80831837012246,int,2,0.0150862066075205,0.0177118238061666,341,0.4,E5b_subtraction
59,1,subtraction,cleaned_up,12000,1.0,0.0593585446476936,45.80831837012246,int,3,0.0510057471692562,0.0224988032132387,341,0.4,E5b_subtraction
59,1,subtraction,cleaned_up,12000,1.0,0.0593585446476936,45.80831837012246,int,4,0.397988498210907,0.0493058860301971,341,0.4,E5b_subtraction
59,1,subtraction,cleaned_up,12000,1.0,0.0593585446476936,45.80831837012246,int,5,0.7995689511299133,0.048827189952135,341,0.4,E5b_subtraction
59,1,subtraction,cleaned_up,12000,1.0,0.0593585446476936,45.80831837012246,int,6,0.9964080452919006,0.0593585446476936,341,0.4,E5b_subtraction
59,1,subtraction,cleaned_up,12000,1.0,0.0593585446476936,45.80831837012246,int,8,1.0,0.0564863570034503,341,0.4,E5b_subtraction
59,1,subtraction,cleaned_up,12000,1.0,0.0593585446476936,45.80831837012246,int,10,1.0,0.0579224526882171,341,0.4,E5b_subtraction
59,1,subtraction,cleaned_up,12000,1.0,0.0593585446476936,45.80831837012246,int,12,1.0,0.0588798448443412,341,0.4,E5b_subtraction
59,1,subtraction,cleaned_up,12000,1.0,0.0593585446476936,45.80831837012246,int,16,1.0,0.0593585446476936,341,0.4,E5b_subtraction
59,1,subtraction,cleaned_up,12000,1.0,0.0593585446476936,45.80831837012246,int,23,1.0,0.0593585446476936,341,0.4,E5b_subtraction
59,1,subtraction,cleaned_up,12000,1.0,0.0593585446476936,45.80831837012246,mantissa,2,1.0,0.0584011487662792,341,0.4,E5b_subtraction
59,1,subtraction,cleaned_up,12000,1.0,0.0593585446476936,45.80831837012246,mantissa,3,1.0,0.0617520362138748,341,0.4,E5b_subtraction
59,1,subtraction,cleaned_up,12000,1.0,0.0593585446476936,45.80831837012246,mantissa,4,1.0,0.0579224526882171,341,0.4,E5b_subtraction
59,1,subtraction,cleaned_up,12000,1.0,0.0593585446476936,45.80831837012246,mantissa,5,1.0,0.0598372444510459,341,0.4,E5b_subtraction
59,1,subtraction,cleaned_up,12000,1.0,0.0593585446476936,45.80831837012246,mantissa,6,1.0,0.0593585446476936,341,0.4,E5b_subtraction
59,1,subtraction,cleaned_up,12000,1.0,0.0593585446476936,45.80831837012246,mantissa,8,1.0,0.0598372444510459,341,0.4,E5b_subtraction
59,1,subtraction,cleaned_up,12000,1.0,0.0593585446476936,45.80831837012246,mantissa,10,1.0,0.0593585446476936,341,0.4,E5b_subtraction
59,1,subtraction,cleaned_up,12000,1.0,0.0593585446476936,45.80831837012246,mantissa,12,1.0,0.0593585446476936,341,0.4,E5b_subtraction
59,1,subtraction,cleaned_up,12000,1.0,0.0593585446476936,45.80831837012246,mantissa,16,1.0,0.0593585446476936,341,0.4,E5b_subtraction
59,1,subtraction,cleaned_up,12000,1.0,0.0593585446476936,45.80831837012246,mantissa,23,1.0,0.0593585446476936,341,0.4,E5b_subtraction
59,1,subtraction,cleaned_up,12000,1.0,0.0593585446476936,45.80831837012246,nf,2,0.0395114943385124,0.0244135949760675,341,0.4,E5b_subtraction
59,1,subtraction,cleaned_up,12000,1.0,0.0593585446476936,45.80831837012246,nf,3,0.158764362335205,0.0277644805610179,341,0.4,E5b_subtraction
59,1,subtraction,cleaned_up,12000,1.0,0.0593585446476936,45.80831837012246,nf,4,0.3663793206214905,0.0392532311379909,341,0.4,E5b_subtraction
59,1,subtraction,cleaned_up,12000,1.0,0.0593585446476936,45.80831837012246,nf,5,0.5811781883239746,0.0445189103484153,341,0.4,E5b_subtraction
59,1,subtraction,cleaned_up,12000,1.0,0.0593585446476936,45.80831837012246,nf,6,0.7737069129943848,0.0526567734777927,341,0.4,E5b_subtraction
59,1,subtraction,cleaned_up,12000,1.0,0.0593585446476936,45.80831837012246,nf,8,0.9389367699623108,0.0550502613186836,341,0.4,E5b_subtraction
59,1,subtraction,cleaned_up,12000,1.0,0.0593585446476936,45.80831837012246,nf,10,0.9389367699623108,0.0550502613186836,341,0.4,E5b_subtraction
59,1,subtraction,cleaned_up,12000,1.0,0.0593585446476936,45.80831837012246,nf,12,0.9389367699623108,0.0550502613186836,341,0.4,E5b_subtraction
59,1,subtraction,cleaned_up,12000,1.0,0.0593585446476936,45.80831837012246,nf,16,0.9389367699623108,0.0550502613186836,341,0.4,E5b_subtraction
59,1,subtraction,cleaned_up,12000,1.0,0.0593585446476936,45.80831837012246,nf,23,1.0,0.0593585446476936,341,0.4,E5b_subtraction
59,2,subtraction,pre_grok,200,1.0,0.0076591670513153,40.175829646369294,int,2,0.0732758641242981,0.0201053135097026,341,0.4,E5b_subtraction
59,2,subtraction,pre_grok,200,1.0,0.0076591670513153,40.175829646369294,int,3,0.4626436829566955,0.0153183341026306,341,0.4,E5b_subtraction
59,2,subtraction,pre_grok,200,1.0,0.0076591670513153,40.175829646369294,int,4,0.852011501789093,0.0124461464583873,341,0.4,E5b_subtraction
59,2,subtraction,pre_grok,200,1.0,0.0076591670513153,40.175829646369294,int,5,0.9755747318267822,0.0086165629327297,341,0.4,E5b_subtraction
59,2,subtraction,pre_grok,200,1.0,0.0076591670513153,40.175829646369294,int,6,1.0,0.0081378649920225,341,0.4,E5b_subtraction
59,2,subtraction,pre_grok,200,1.0,0.0076591670513153,40.175829646369294,int,8,1.0,0.0076591670513153,341,0.4,E5b_subtraction
59,2,subtraction,pre_grok,200,1.0,0.0076591670513153,40.175829646369294,int,10,1.0,0.0076591670513153,341,0.4,E5b_subtraction
59,2,subtraction,pre_grok,200,1.0,0.0076591670513153,40.175829646369294,int,12,1.0,0.0076591670513153,341,0.4,E5b_subtraction
59,2,subtraction,pre_grok,200,1.0,0.0076591670513153,40.175829646369294,int,16,1.0,0.0076591670513153,341,0.4,E5b_subtraction
59,2,subtraction,pre_grok,200,1.0,0.0076591670513153,40.175829646369294,int,23,1.0,0.0076591670513153,341,0.4,E5b_subtraction
59,2,subtraction,pre_grok,200,1.0,0.0076591670513153,40.175829646369294,mantissa,2,0.9863505959510804,0.0076591670513153,341,0.4,E5b_subtraction
59,2,subtraction,pre_grok,200,1.0,0.0076591670513153,40.175829646369294,mantissa,3,1.0,0.0081378649920225,341,0.4,E5b_subtraction
59,2,subtraction,pre_grok,200,1.0,0.0076591670513153,40.175829646369294,mantissa,4,1.0,0.0076591670513153,341,0.4,E5b_subtraction
59,2,subtraction,pre_grok,200,1.0,0.0076591670513153,40.175829646369294,mantissa,5,1.0,0.0076591670513153,341,0.4,E5b_subtraction
59,2,subtraction,pre_grok,200,1.0,0.0076591670513153,40.175829646369294,mantissa,6,1.0,0.0076591670513153,341,0.4,E5b_subtraction
59,2,subtraction,pre_grok,200,1.0,0.0076591670513153,40.175829646369294,mantissa,8,1.0,0.0076591670513153,341,0.4,E5b_subtraction
59,2,subtraction,pre_grok,200,1.0,0.0076591670513153,40.175829646369294,mantissa,10,1.0,0.0076591670513153,341,0.4,E5b_subtraction
59,2,subtraction,pre_grok,200,1.0,0.0076591670513153,40.175829646369294,mantissa,12,1.0,0.0076591670513153,341,0.4,E5b_subtraction
59,2,subtraction,pre_grok,200,1.0,0.0076591670513153,40.175829646369294,mantissa,16,1.0,0.0076591670513153,341,0.4,E5b_subtraction
59,2,subtraction,pre_grok,200,1.0,0.0076591670513153,40.175829646369294,mantissa,23,1.0,0.0076591670513153,341,0.4,E5b_subtraction
59,2,subtraction,pre_grok,200,1.0,0.0076591670513153,40.175829646369294,nf,2,0.2492816150188446,0.0196266155689954,341,0.4,E5b_subtraction
59,2,subtraction,pre_grok,200,1.0,0.0076591670513153,40.175829646369294,nf,3,0.5998563170433044,0.0143609382212162,341,0.4,E5b_subtraction
59,2,subtraction,pre_grok,200,1.0,0.0076591670513153,40.175829646369294,nf,4,0.8426724076271057,0.0110100526362657,341,0.4,E5b_subtraction
59,2,subtraction,pre_grok,200,1.0,0.0076591670513153,40.175829646369294,nf,5,0.9813218116760254,0.0095739588141441,341,0.4,E5b_subtraction
59,2,subtraction,pre_grok,200,1.0,0.0076591670513153,40.175829646369294,nf,6,1.0,0.0086165629327297,341,0.4,E5b_subtraction
59,2,subtraction,pre_grok,200,1.0,0.0076591670513153,40.175829646369294,nf,8,1.0,0.0081378649920225,341,0.4,E5b_subtraction
59,2,subtraction,pre_grok,200,1.0,0.0076591670513153,40.175829646369294,nf,10,1.0,0.0081378649920225,341,0.4,E5b_subtraction
59,2,subtraction,pre_grok,200,1.0,0.0076591670513153,40.175829646369294,nf,12,1.0,0.0081378649920225,341,0.4,E5b_subtraction
59,2,subtraction,pre_grok,200,1.0,0.0076591670513153,40.175829646369294,nf,16,1.0,0.0081378649920225,341,0.4,E5b_subtraction
59,2,subtraction,pre_grok,200,1.0,0.0076591670513153,40.175829646369294,nf,23,1.0,0.0076591670513153,341,0.4,E5b_subtraction
59,2,subtraction,cleaned_up,12000,1.0,0.1656294912099838,50.91359751104011,int,2,0.0222701150923967,0.0134035423398017,341,0.4,E5b_subtraction
59,2,subtraction,cleaned_up,12000,1.0,0.1656294912099838,50.91359751104011,int,3,0.0416666679084301,0.0277644805610179,341,0.4,E5b_subtraction
59,2,subtraction,cleaned_up,12000,1.0,0.1656294912099838,50.91359751104011,int,4,0.2478448301553726,0.0732407867908477,341,0.4,E5b_subtraction
59,2,subtraction,cleaned_up,12000,1.0,0.1656294912099838,50.91359751104011,int,5,0.4719827473163605,0.088080421090126,341,0.4,E5b_subtraction
59,2,subtraction,cleaned_up,12000,1.0,0.1656294912099838,50.91359751104011,int,6,0.964798867702484,0.1555768251419067,341,0.4,E5b_subtraction
59,2,subtraction,cleaned_up,12000,1.0,0.1656294912099838,50.91359751104011,int,8,1.0,0.1613212078809738,341,0.4,E5b_subtraction
59,2,subtraction,cleaned_up,12000,1.0,0.1656294912099838,50.91359751104011,int,10,1.0,0.1641933917999267,341,0.4,E5b_subtraction
59,2,subtraction,cleaned_up,12000,1.0,0.1656294912099838,50.91359751104011,int,12,1.0,0.1661081910133361,341,0.4,E5b_subtraction
59,2,subtraction,cleaned_up,12000,1.0,0.1656294912099838,50.91359751104011,int,16,1.0,0.1656294912099838,341,0.4,E5b_subtraction
59,2,subtraction,cleaned_up,12000,1.0,0.1656294912099838,50.91359751104011,int,23,1.0,0.1656294912099838,341,0.4,E5b_subtraction
59,2,subtraction,cleaned_up,12000,1.0,0.1656294912099838,50.91359751104011,mantissa,2,0.9992815852165222,0.1656294912099838,341,0.4,E5b_subtraction
59,2,subtraction,cleaned_up,12000,1.0,0.1656294912099838,50.91359751104011,mantissa,3,1.0,0.1646720916032791,341,0.4,E5b_subtraction
59,2,subtraction,cleaned_up,12000,1.0,0.1656294912099838,50.91359751104011,mantissa,4,1.0,0.1641933917999267,341,0.4,E5b_subtraction
59,2,subtraction,cleaned_up,12000,1.0,0.1656294912099838,50.91359751104011,mantissa,5,1.0,0.1651507914066314,341,0.4,E5b_subtraction
59,2,subtraction,cleaned_up,12000,1.0,0.1656294912099838,50.91359751104011,mantissa,6,1.0,0.1637146919965744,341,0.4,E5b_subtraction
59,2,subtraction,cleaned_up,12000,1.0,0.1656294912099838,50.91359751104011,mantissa,8,1.0,0.1646720916032791,341,0.4,E5b_subtraction
59,2,subtraction,cleaned_up,12000,1.0,0.1656294912099838,50.91359751104011,mantissa,10,1.0,0.1656294912099838,341,0.4,E5b_subtraction
59,2,subtraction,cleaned_up,12000,1.0,0.1656294912099838,50.91359751104011,mantissa,12,1.0,0.1656294912099838,341,0.4,E5b_subtraction
59,2,subtraction,cleaned_up,12000,1.0,0.1656294912099838,50.91359751104011,mantissa,16,1.0,0.1656294912099838,341,0.4,E5b_subtraction
59,2,subtraction,cleaned_up,12000,1.0,0.1656294912099838,50.91359751104011,mantissa,23,1.0,0.1656294912099838,341,0.4,E5b_subtraction
59,2,subtraction,cleaned_up,12000,1.0,0.1656294912099838,50.91359751104011,nf,2,0.0474137924611568,0.0311153661459684,341,0.4,E5b_subtraction
59,2,subtraction,cleaned_up,12000,1.0,0.1656294912099838,50.91359751104011,nf,3,0.1091954037547111,0.060315940529108,341,0.4,E5b_subtraction
59,2,subtraction,cleaned_up,12000,1.0,0.1656294912099838,50.91359751104011,nf,4,0.2945402264595032,0.0904739126563072,341,0.4,E5b_subtraction
59,2,subtraction,cleaned_up,12000,1.0,0.1656294912099838,50.91359751104011,nf,5,0.4540229737758636,0.1072283387184143,341,0.4,E5b_subtraction
59,2,subtraction,cleaned_up,12000,1.0,0.1656294912099838,50.91359751104011,nf,6,0.5668103694915771,0.1220679730176925,341,0.4,E5b_subtraction
59,2,subtraction,cleaned_up,12000,1.0,0.1656294912099838,50.91359751104011,nf,8,0.7521551847457886,0.1306845396757125,341,0.4,E5b_subtraction
59,2,subtraction,cleaned_up,12000,1.0,0.1656294912099838,50.91359751104011,nf,10,0.7521551847457886,0.1306845396757125,341,0.4,E5b_subtraction
59,2,subtraction,cleaned_up,12000,1.0,0.1656294912099838,50.91359751104011,nf,12,0.7521551847457886,0.1306845396757125,341,0.4,E5b_subtraction
59,2,subtraction,cleaned_up,12000,1.0,0.1656294912099838,50.91359751104011,nf,16,0.7521551847457886,0.1306845396757125,341,0.4,E5b_subtraction
59,2,subtraction,cleaned_up,12000,1.0,0.1656294912099838,50.91359751104011,nf,23,1.0,0.1656294912099838,341,0.4,E5b_subtraction
59,3,subtraction,pre_grok,200,1.0,0.0095739588141441,40.85467784424974,int,2,0.0732758641242981,0.0258496887981891,341,0.4,E5b_subtraction
59,3,subtraction,pre_grok,200,1.0,0.0095739588141441,40.85467784424974,int,3,0.517241358757019,0.0157970320433378,341,0.4,E5b_subtraction
59,3,subtraction,pre_grok,200,1.0,0.0095739588141441,40.85467784424974,int,4,0.8649425506591797,0.0095739588141441,341,0.4,E5b_subtraction
59,3,subtraction,pre_grok,200,1.0,0.0095739588141441,40.85467784424974,int,5,0.994252860546112,0.0129248443990945,341,0.4,E5b_subtraction
59,3,subtraction,pre_grok,200,1.0,0.0095739588141441,40.85467784424974,int,6,1.0,0.0095739588141441,341,0.4,E5b_subtraction
59,3,subtraction,pre_grok,200,1.0,0.0095739588141441,40.85467784424974,int,8,1.0,0.0100526567548513,341,0.4,E5b_subtraction
59,3,subtraction,pre_grok,200,1.0,0.0095739588141441,40.85467784424974,int,10,1.0,0.0090952608734369,341,0.4,E5b_subtraction
59,3,subtraction,pre_grok,200,1.0,0.0095739588141441,40.85467784424974,int,12,1.0,0.0095739588141441,341,0.4,E5b_subtraction
59,3,subtraction,pre_grok,200,1.0,0.0095739588141441,40.85467784424974,int,16,1.0,0.0095739588141441,341,0.4,E5b_subtraction
59,3,subtraction,pre_grok,200,1.0,0.0095739588141441,40.85467784424974,int,23,1.0,0.0095739588141441,341,0.4,E5b_subtraction
59,3,subtraction,pre_grok,200,1.0,0.0095739588141441,40.85467784424974,mantissa,2,0.9949712753295898,0.0110100526362657,341,0.4,E5b_subtraction
59,3,subtraction,pre_grok,200,1.0,0.0095739588141441,40.85467784424974,mantissa,3,1.0,0.0110100526362657,341,0.4,E5b_subtraction
59,3,subtraction,pre_grok,200,1.0,0.0095739588141441,40.85467784424974,mantissa,4,1.0,0.0100526567548513,341,0.4,E5b_subtraction
59,3,subtraction,pre_grok,200,1.0,0.0095739588141441,40.85467784424974,mantissa,5,1.0,0.0095739588141441,341,0.4,E5b_subtraction
59,3,subtraction,pre_grok,200,1.0,0.0095739588141441,40.85467784424974,mantissa,6,1.0,0.0095739588141441,341,0.4,E5b_subtraction
59,3,subtraction,pre_grok,200,1.0,0.0095739588141441,40.85467784424974,mantissa,8,1.0,0.0095739588141441,341,0.4,E5b_subtraction
59,3,subtraction,pre_grok,200,1.0,0.0095739588141441,40.85467784424974,mantissa,10,1.0,0.0095739588141441,341,0.4,E5b_subtraction
59,3,subtraction,pre_grok,200,1.0,0.0095739588141441,40.85467784424974,mantissa,12,1.0,0.0095739588141441,341,0.4,E5b_subtraction
59,3,subtraction,pre_grok,200,1.0,0.0095739588141441,40.85467784424974,mantissa,16,1.0,0.0095739588141441,341,0.4,E5b_subtraction
59,3,subtraction,pre_grok,200,1.0,0.0095739588141441,40.85467784424974,mantissa,23,1.0,0.0095739588141441,341,0.4,E5b_subtraction
59,3,subtraction,pre_grok,200,1.0,0.0095739588141441,40.85467784424974,nf,2,0.3275862038135528,0.0105313546955585,341,0.4,E5b_subtraction
59,3,subtraction,pre_grok,200,1.0,0.0095739588141441,40.85467784424974,nf,3,0.6738505959510803,0.0114887505769729,341,0.4,E5b_subtraction
59,3,subtraction,pre_grok,200,1.0,0.0095739588141441,40.85467784424974,nf,4,0.904453992843628,0.0124461464583873,341,0.4,E5b_subtraction
59,3,subtraction,pre_grok,200,1.0,0.0095739588141441,40.85467784424974,nf,5,0.9956896305084229,0.0110100526362657,341,0.4,E5b_subtraction
59,3,subtraction,pre_grok,200,1.0,0.0095739588141441,40.85467784424974,nf,6,1.0,0.0095739588141441,341,0.4,E5b_subtraction
59,3,subtraction,pre_grok,200,1.0,0.0095739588141441,40.85467784424974,nf,8,1.0,0.0105313546955585,341,0.4,E5b_subtraction
59,3,subtraction,pre_grok,200,1.0,0.0095739588141441,40.85467784424974,nf,10,1.0,0.0105313546955585,341,0.4,E5b_subtraction
59,3,subtraction,pre_grok,200,1.0,0.0095739588141441,40.85467784424974,nf,12,1.0,0.0105313546955585,341,0.4,E5b_subtraction
59,3,subtraction,pre_grok,200,1.0,0.0095739588141441,40.85467784424974,nf,16,1.0,0.0105313546955585,341,0.4,E5b_subtraction
59,3,subtraction,pre_grok,200,1.0,0.0095739588141441,40.85467784424974,nf,23,1.0,0.0095739588141441,341,0.4,E5b_subtraction
59,3,subtraction,cleaned_up,12000,1.0,0.0239348970353603,48.23665080433862,int,2,0.0165229886770248,0.0148396361619234,341,0.4,E5b_subtraction
59,3,subtraction,cleaned_up,12000,1.0,0.0239348970353603,48.23665080433862,int,3,0.0459770113229751,0.0191479176282882,341,0.4,E5b_subtraction
59,3,subtraction,cleaned_up,12000,1.0,0.0239348970353603,48.23665080433862,int,4,0.2406609207391739,0.0201053135097026,341,0.4,E5b_subtraction
59,3,subtraction,cleaned_up,12000,1.0,0.0239348970353603,48.23665080433862,int,5,0.6781609058380127,0.0277644805610179,341,0.4,E5b_subtraction
59,3,subtraction,cleaned_up,12000,1.0,0.0239348970353603,48.23665080433862,int,6,0.9691091775894164,0.0292005743831396,341,0.4,E5b_subtraction
59,3,subtraction,cleaned_up,12000,1.0,0.0239348970353603,48.23665080433862,int,8,1.0,0.0244135949760675,341,0.4,E5b_subtraction
59,3,subtraction,cleaned_up,12000,1.0,0.0239348970353603,48.23665080433862,int,10,1.0,0.0253709908574819,341,0.4,E5b_subtraction
59,3,subtraction,cleaned_up,12000,1.0,0.0239348970353603,48.23665080433862,int,12,1.0,0.0244135949760675,341,0.4,E5b_subtraction
59,3,subtraction,cleaned_up,12000,1.0,0.0239348970353603,48.23665080433862,int,16,1.0,0.0239348970353603,341,0.4,E5b_subtraction
59,3,subtraction,cleaned_up,12000,1.0,0.0239348970353603,48.23665080433862,int,23,1.0,0.0239348970353603,341,0.4,E5b_subtraction
59,3,subtraction,cleaned_up,12000,1.0,0.0239348970353603,48.23665080433862,mantissa,2,1.0,0.0253709908574819,341,0.4,E5b_subtraction
59,3,subtraction,cleaned_up,12000,1.0,0.0239348970353603,48.23665080433862,mantissa,3,1.0,0.0224988032132387,341,0.4,E5b_subtraction
59,3,subtraction,cleaned_up,12000,1.0,0.0239348970353603,48.23665080433862,mantissa,4,1.0,0.0248922929167747,341,0.4,E5b_subtraction
59,3,subtraction,cleaned_up,12000,1.0,0.0239348970353603,48.23665080433862,mantissa,5,1.0,0.0244135949760675,341,0.4,E5b_subtraction
59,3,subtraction,cleaned_up,12000,1.0,0.0239348970353603,48.23665080433862,mantissa,6,1.0,0.0239348970353603,341,0.4,E5b_subtraction
59,3,subtraction,cleaned_up,12000,1.0,0.0239348970353603,48.23665080433862,mantissa,8,1.0,0.0234561990946531,341,0.4,E5b_subtraction
59,3,subtraction,cleaned_up,12000,1.0,0.0239348970353603,48.23665080433862,mantissa,10,1.0,0.0234561990946531,341,0.4,E5b_subtraction
59,3,subtraction,cleaned_up,12000,1.0,0.0239348970353603,48.23665080433862,mantissa,12,1.0,0.0239348970353603,341,0.4,E5b_subtraction
59,3,subtraction,cleaned_up,12000,1.0,0.0239348970353603,48.23665080433862,mantissa,16,1.0,0.0239348970353603,341,0.4,E5b_subtraction
59,3,subtraction,cleaned_up,12000,1.0,0.0239348970353603,48.23665080433862,mantissa,23,1.0,0.0239348970353603,341,0.4,E5b_subtraction
59,3,subtraction,cleaned_up,12000,1.0,0.0239348970353603,48.23665080433862,nf,2,0.0330459773540496,0.0181905217468738,341,0.4,E5b_subtraction
59,3,subtraction,cleaned_up,12000,1.0,0.0239348970353603,48.23665080433862,nf,3,0.1594827622175216,0.0244135949760675,341,0.4,E5b_subtraction
59,3,subtraction,cleaned_up,12000,1.0,0.0239348970353603,48.23665080433862,nf,4,0.3814655244350433,0.0287218764424324,341,0.4,E5b_subtraction
59,3,subtraction,cleaned_up,12000,1.0,0.0239348970353603,48.23665080433862,nf,5,0.6350574493408203,0.0296792723238468,341,0.4,E5b_subtraction
59,3,subtraction,cleaned_up,12000,1.0,0.0239348970353603,48.23665080433862,nf,6,0.8146551847457886,0.0335088558495044,341,0.4,E5b_subtraction
59,3,subtraction,cleaned_up,12000,1.0,0.0239348970353603,48.23665080433862,nf,8,0.9554597735404968,0.030157970264554,341,0.4,E5b_subtraction
59,3,subtraction,cleaned_up,12000,1.0,0.0239348970353603,48.23665080433862,nf,10,0.9554597735404968,0.030157970264554,341,0.4,E5b_subtraction
59,3,subtraction,cleaned_up,12000,1.0,0.0239348970353603,48.23665080433862,nf,12,0.9554597735404968,0.030157970264554,341,0.4,E5b_subtraction
59,3,subtraction,cleaned_up,12000,1.0,0.0239348970353603,48.23665080433862,nf,16,0.9554597735404968,0.030157970264554,341,0.4,E5b_subtraction
59,3,subtraction,cleaned_up,12000,1.0,0.0239348970353603,48.23665080433862,nf,23,1.0,0.0239348970353603,341,0.4,E5b_subtraction
59,4,subtraction,pre_grok,150,0.9906609058380128,0.0071804691106081,40.97498312671074,int,2,0.1034482717514038,0.0129248443990945,341,0.4,E5b_subtraction
59,4,subtraction,pre_grok,150,0.9906609058380128,0.0071804691106081,40.97498312671074,int,3,0.5057471394538879,0.0090952608734369,341,0.4,E5b_subtraction
59,4,subtraction,pre_grok,150,0.9906609058380128,0.0071804691106081,40.97498312671074,int,4,0.8074712753295898,0.0090952608734369,341,0.4,E5b_subtraction
59,4,subtraction,pre_grok,150,0.9906609058380128,0.0071804691106081,40.97498312671074,int,5,0.9741379022598268,0.0071804691106081,341,0.4,E5b_subtraction
59,4,subtraction,pre_grok,150,0.9906609058380128,0.0071804691106081,40.97498312671074,int,6,0.989224135875702,0.0071804691106081,341,0.4,E5b_subtraction
59,4,subtraction,pre_grok,150,0.9906609058380128,0.0071804691106081,40.97498312671074,int,8,0.9906609058380128,0.0071804691106081,341,0.4,E5b_subtraction
59,4,subtraction,pre_grok,150,0.9906609058380128,0.0071804691106081,40.97498312671074,int,10,0.9906609058380128,0.0071804691106081,341,0.4,E5b_subtraction
59,4,subtraction,pre_grok,150,0.9906609058380128,0.0071804691106081,40.97498312671074,int,12,0.9906609058380128,0.0071804691106081,341,0.4,E5b_subtraction
59,4,subtraction,pre_grok,150,0.9906609058380128,0.0071804691106081,40.97498312671074,int,16,0.9906609058380128,0.0071804691106081,341,0.4,E5b_subtraction
59,4,subtraction,pre_grok,150,0.9906609058380128,0.0071804691106081,40.97498312671074,int,23,0.9906609058380128,0.0071804691106081,341,0.4,E5b_subtraction
59,4,subtraction,pre_grok,150,0.9906609058380128,0.0071804691106081,40.97498312671074,mantissa,2,0.9806034564971924,0.0067017711699008,341,0.4,E5b_subtraction
59,4,subtraction,pre_grok,150,0.9906609058380128,0.0071804691106081,40.97498312671074,mantissa,3,0.989224135875702,0.0062230732291936,341,0.4,E5b_subtraction
59,4,subtraction,pre_grok,150,0.9906609058380128,0.0071804691106081,40.97498312671074,mantissa,4,0.9913793206214904,0.0071804691106081,341,0.4,E5b_subtraction
59,4,subtraction,pre_grok,150,0.9906609058380128,0.0071804691106081,40.97498312671074,mantissa,5,0.9906609058380128,0.0067017711699008,341,0.4,E5b_subtraction
59,4,subtraction,pre_grok,150,0.9906609058380128,0.0071804691106081,40.97498312671074,mantissa,6,0.9906609058380128,0.0071804691106081,341,0.4,E5b_subtraction
59,4,subtraction,pre_grok,150,0.9906609058380128,0.0071804691106081,40.97498312671074,mantissa,8,0.9906609058380128,0.0071804691106081,341,0.4,E5b_subtraction
59,4,subtraction,pre_grok,150,0.9906609058380128,0.0071804691106081,40.97498312671074,mantissa,10,0.9906609058380128,0.0071804691106081,341,0.4,E5b_subtraction
59,4,subtraction,pre_grok,150,0.9906609058380128,0.0071804691106081,40.97498312671074,mantissa,12,0.9906609058380128,0.0071804691106081,341,0.4,E5b_subtraction
59,4,subtraction,pre_grok,150,0.9906609058380128,0.0071804691106081,40.97498312671074,mantissa,16,0.9906609058380128,0.0071804691106081,341,0.4,E5b_subtraction
59,4,subtraction,pre_grok,150,0.9906609058380128,0.0071804691106081,40.97498312671074,mantissa,23,0.9906609058380128,0.0071804691106081,341,0.4,E5b_subtraction
59,4,subtraction,pre_grok,150,0.9906609058380128,0.0071804691106081,40.97498312671074,nf,2,0.2852011620998382,0.0076591670513153,341,0.4,E5b_subtraction
59,4,subtraction,pre_grok,150,0.9906609058380128,0.0071804691106081,40.97498312671074,nf,3,0.6372126340866089,0.0071804691106081,341,0.4,E5b_subtraction
59,4,subtraction,pre_grok,150,0.9906609058380128,0.0071804691106081,40.97498312671074,nf,4,0.8706896305084229,0.0076591670513153,341,0.4,E5b_subtraction
59,4,subtraction,pre_grok,150,0.9906609058380128,0.0071804691106081,40.97498312671074,nf,5,0.9655172228813172,0.0067017711699008,341,0.4,E5b_subtraction
59,4,subtraction,pre_grok,150,0.9906609058380128,0.0071804691106081,40.97498312671074,nf,6,0.9913793206214904,0.0067017711699008,341,0.4,E5b_subtraction
59,4,subtraction,pre_grok,150,0.9906609058380128,0.0071804691106081,40.97498312671074,nf,8,0.9906609058380128,0.0067017711699008,341,0.4,E5b_subtraction
59,4,subtraction,pre_grok,150,0.9906609058380128,0.0071804691106081,40.97498312671074,nf,10,0.9906609058380128,0.0067017711699008,341,0.4,E5b_subtraction
59,4,subtraction,pre_grok,150,0.9906609058380128,0.0071804691106081,40.97498312671074,nf,12,0.9906609058380128,0.0067017711699008,341,0.4,E5b_subtraction
59,4,subtraction,pre_grok,150,0.9906609058380128,0.0071804691106081,40.97498312671074,nf,16,0.9906609058380128,0.0067017711699008,341,0.4,E5b_subtraction
59,4,subtraction,pre_grok,150,0.9906609058380128,0.0071804691106081,40.97498312671074,nf,23,0.9906609058380128,0.0071804691106081,341,0.4,E5b_subtraction
59,4,subtraction,cleaned_up,12000,1.0,0.0105313546955585,52.01805758553393,int,2,0.0165229886770248,0.016275729984045,341,0.4,E5b_subtraction
59,4,subtraction,cleaned_up,12000,1.0,0.0105313546955585,52.01805758553393,int,3,0.061781607568264,0.018669219687581,341,0.4,E5b_subtraction
59,4,subtraction,cleaned_up,12000,1.0,0.0105313546955585,52.01805758553393,int,4,0.3182471394538879,0.0153183341026306,341,0.4,E5b_subtraction
59,4,subtraction,cleaned_up,12000,1.0,0.0105313546955585,52.01805758553393,int,5,0.7701149582862854,0.0143609382212162,341,0.4,E5b_subtraction
59,4,subtraction,cleaned_up,12000,1.0,0.0105313546955585,52.01805758553393,int,6,0.9863505959510804,0.0105313546955585,341,0.4,E5b_subtraction
59,4,subtraction,cleaned_up,12000,1.0,0.0105313546955585,52.01805758553393,int,8,1.0,0.0095739588141441,341,0.4,E5b_subtraction
59,4,subtraction,cleaned_up,12000,1.0,0.0105313546955585,52.01805758553393,int,10,1.0,0.0105313546955585,341,0.4,E5b_subtraction
59,4,subtraction,cleaned_up,12000,1.0,0.0105313546955585,52.01805758553393,int,12,1.0,0.0105313546955585,341,0.4,E5b_subtraction
59,4,subtraction,cleaned_up,12000,1.0,0.0105313546955585,52.01805758553393,int,16,1.0,0.0105313546955585,341,0.4,E5b_subtraction
59,4,subtraction,cleaned_up,12000,1.0,0.0105313546955585,52.01805758553393,int,23,1.0,0.0105313546955585,341,0.4,E5b_subtraction
59,4,subtraction,cleaned_up,12000,1.0,0.0105313546955585,52.01805758553393,mantissa,2,1.0,0.0114887505769729,341,0.4,E5b_subtraction
59,4,subtraction,cleaned_up,12000,1.0,0.0105313546955585,52.01805758553393,mantissa,3,1.0,0.0095739588141441,341,0.4,E5b_subtraction
59,4,subtraction,cleaned_up,12000,1.0,0.0105313546955585,52.01805758553393,mantissa,4,1.0,0.0110100526362657,341,0.4,E5b_subtraction
59,4,subtraction,cleaned_up,12000,1.0,0.0105313546955585,52.01805758553393,mantissa,5,1.0,0.0105313546955585,341,0.4,E5b_subtraction
59,4,subtraction,cleaned_up,12000,1.0,0.0105313546955585,52.01805758553393,mantissa,6,1.0,0.0105313546955585,341,0.4,E5b_subtraction
59,4,subtraction,cleaned_up,12000,1.0,0.0105313546955585,52.01805758553393,mantissa,8,1.0,0.0105313546955585,341,0.4,E5b_subtraction
59,4,subtraction,cleaned_up,12000,1.0,0.0105313546955585,52.01805758553393,mantissa,10,1.0,0.0105313546955585,341,0.4,E5b_subtraction
59,4,subtraction,cleaned_up,12000,1.0,0.0105313546955585,52.01805758553393,mantissa,12,1.0,0.0105313546955585,341,0.4,E5b_subtraction
59,4,subtraction,cleaned_up,12000,1.0,0.0105313546955585,52.01805758553393,mantissa,16,1.0,0.0105313546955585,341,0.4,E5b_subtraction
59,4,subtraction,cleaned_up,12000,1.0,0.0105313546955585,52.01805758553393,mantissa,23,1.0,0.0105313546955585,341,0.4,E5b_subtraction
59,4,subtraction,cleaned_up,12000,1.0,0.0105313546955585,52.01805758553393,nf,2,0.0581896565854549,0.0138822402805089,341,0.4,E5b_subtraction
59,4,subtraction,cleaned_up,12000,1.0,0.0105313546955585,52.01805758553393,nf,3,0.1645114868879318,0.0177118238061666,341,0.4,E5b_subtraction
59,4,subtraction,cleaned_up,12000,1.0,0.0105313546955585,52.01805758553393,nf,4,0.4755747020244598,0.0148396361619234,341,0.4,E5b_subtraction
59,4,subtraction,cleaned_up,12000,1.0,0.0105313546955585,52.01805758553393,nf,5,0.7025862336158752,0.0148396361619234,341,0.4,E5b_subtraction
59,4,subtraction,cleaned_up,12000,1.0,0.0105313546955585,52.01805758553393,nf,6,0.8448275923728943,0.0110100526362657,341,0.4,E5b_subtraction
59,4,subtraction,cleaned_up,12000,1.0,0.0105313546955585,52.01805758553393,nf,8,0.9576149582862854,0.0138822402805089,341,0.4,E5b_subtraction
59,4,subtraction,cleaned_up,12000,1.0,0.0105313546955585,52.01805758553393,nf,10,0.9576149582862854,0.0138822402805089,341,0.4,E5b_subtraction
59,4,subtraction,cleaned_up,12000,1.0,0.0105313546955585,52.01805758553393,nf,12,0.9576149582862854,0.0138822402805089,341,0.4,E5b_subtraction
59,4,subtraction,cleaned_up,12000,1.0,0.0105313546955585,52.01805758553393,nf,16,0.9576149582862854,0.0138822402805089,341,0.4,E5b_subtraction
59,4,subtraction,cleaned_up,12000,1.0,0.0105313546955585,52.01805758553393,nf,23,1.0,0.0105313546955585,341,0.4,E5b_subtraction
59,5,subtraction,pre_grok,200,1.0,0.0081378649920225,41.47633306856949,int,2,0.0941091924905777,0.018669219687581,341,0.4,E5b_subtraction
59,5,subtraction,pre_grok,200,1.0,0.0081378649920225,41.47633306856949,int,3,0.5704023241996765,0.0143609382212162,341,0.4,E5b_subtraction
59,5,subtraction,pre_grok,200,1.0,0.0081378649920225,41.47633306856949,int,4,0.931034505367279,0.0086165629327297,341,0.4,E5b_subtraction
59,5,subtraction,pre_grok,200,1.0,0.0081378649920225,41.47633306856949,int,5,0.9971264600753784,0.0100526567548513,341,0.4,E5b_subtraction
59,5,subtraction,pre_grok,200,1.0,0.0081378649920225,41.47633306856949,int,6,1.0,0.0090952608734369,341,0.4,E5b_subtraction
59,5,subtraction,pre_grok,200,1.0,0.0081378649920225,41.47633306856949,int,8,1.0,0.0081378649920225,341,0.4,E5b_subtraction
59,5,subtraction,pre_grok,200,1.0,0.0081378649920225,41.47633306856949,int,10,1.0,0.0081378649920225,341,0.4,E5b_subtraction
59,5,subtraction,pre_grok,200,1.0,0.0081378649920225,41.47633306856949,int,12,1.0,0.0081378649920225,341,0.4,E5b_subtraction
59,5,subtraction,pre_grok,200,1.0,0.0081378649920225,41.47633306856949,int,16,1.0,0.0081378649920225,341,0.4,E5b_subtraction
59,5,subtraction,pre_grok,200,1.0,0.0081378649920225,41.47633306856949,int,23,1.0,0.0081378649920225,341,0.4,E5b_subtraction
59,5,subtraction,pre_grok,200,1.0,0.0081378649920225,41.47633306856949,mantissa,2,0.9985632300376892,0.0095739588141441,341,0.4,E5b_subtraction
59,5,subtraction,pre_grok,200,1.0,0.0081378649920225,41.47633306856949,mantissa,3,1.0,0.0081378649920225,341,0.4,E5b_subtraction
59,5,subtraction,pre_grok,200,1.0,0.0081378649920225,41.47633306856949,mantissa,4,1.0,0.0086165629327297,341,0.4,E5b_subtraction
59,5,subtraction,pre_grok,200,1.0,0.0081378649920225,41.47633306856949,mantissa,5,1.0,0.0086165629327297,341,0.4,E5b_subtraction
59,5,subtraction,pre_grok,200,1.0,0.0081378649920225,41.47633306856949,mantissa,6,1.0,0.0081378649920225,341,0.4,E5b_subtraction
59,5,subtraction,pre_grok,200,1.0,0.0081378649920225,41.47633306856949,mantissa,8,1.0,0.0081378649920225,341,0.4,E5b_subtraction
59,5,subtraction,pre_grok,200,1.0,0.0081378649920225,41.47633306856949,mantissa,10,1.0,0.0081378649920225,341,0.4,E5b_subtraction
59,5,subtraction,pre_grok,200,1.0,0.0081378649920225,41.47633306856949,mantissa,12,1.0,0.0081378649920225,341,0.4,E5b_subtraction
59,5,subtraction,pre_grok,200,1.0,0.0081378649920225,41.47633306856949,mantissa,16,1.0,0.0081378649920225,341,0.4,E5b_subtraction
59,5,subtraction,pre_grok,200,1.0,0.0081378649920225,41.47633306856949,mantissa,23,1.0,0.0081378649920225,341,0.4,E5b_subtraction
59,5,subtraction,pre_grok,200,1.0,0.0081378649920225,41.47633306856949,nf,2,0.3196839094161987,0.0090952608734369,341,0.4,E5b_subtraction
59,5,subtraction,pre_grok,200,1.0,0.0081378649920225,41.47633306856949,nf,3,0.6767241358757019,0.0110100526362657,341,0.4,E5b_subtraction
59,5,subtraction,pre_grok,200,1.0,0.0081378649920225,41.47633306856949,nf,4,0.9216954112052916,0.0095739588141441,341,0.4,E5b_subtraction
59,5,subtraction,pre_grok,200,1.0,0.0081378649920225,41.47633306856949,nf,5,0.9913793206214904,0.0086165629327297,341,0.4,E5b_subtraction
59,5,subtraction,pre_grok,200,1.0,0.0081378649920225,41.47633306856949,nf,6,1.0,0.0081378649920225,341,0.4,E5b_subtraction
59,5,subtraction,pre_grok,200,1.0,0.0081378649920225,41.47633306856949,nf,8,1.0,0.0081378649920225,341,0.4,E5b_subtraction
59,5,subtraction,pre_grok,200,1.0,0.0081378649920225,41.47633306856949,nf,10,1.0,0.0081378649920225,341,0.4,E5b_subtraction
59,5,subtraction,pre_grok,200,1.0,0.0081378649920225,41.47633306856949,nf,12,1.0,0.0081378649920225,341,0.4,E5b_subtraction
59,5,subtraction,pre_grok,200,1.0,0.0081378649920225,41.47633306856949,nf,16,1.0,0.0081378649920225,341,0.4,E5b_subtraction
59,5,subtraction,pre_grok,200,1.0,0.0081378649920225,41.47633306856949,nf,23,1.0,0.0081378649920225,341,0.4,E5b_subtraction
59,5,subtraction,cleaned_up,12000,1.0,0.0205840114504098,48.86742563898623,int,2,0.0179597698152065,0.0110100526362657,341,0.4,E5b_subtraction
59,5,subtraction,cleaned_up,12000,1.0,0.0205840114504098,48.86742563898623,int,3,0.0581896565854549,0.0172331258654594,341,0.4,E5b_subtraction
59,5,subtraction,cleaned_up,12000,1.0,0.0205840114504098,48.86742563898623,int,4,0.375,0.0177118238061666,341,0.4,E5b_subtraction
59,5,subtraction,cleaned_up,12000,1.0,0.0205840114504098,48.86742563898623,int,5,0.8692528605461121,0.0229775011539459,341,0.4,E5b_subtraction
59,5,subtraction,cleaned_up,12000,1.0,0.0205840114504098,48.86742563898623,int,6,0.9971264600753784,0.018669219687581,341,0.4,E5b_subtraction
59,5,subtraction,cleaned_up,12000,1.0,0.0205840114504098,48.86742563898623,int,8,1.0,0.0201053135097026,341,0.4,E5b_subtraction
59,5,subtraction,cleaned_up,12000,1.0,0.0205840114504098,48.86742563898623,int,10,1.0,0.021062709391117,341,0.4,E5b_subtraction
59,5,subtraction,cleaned_up,12000,1.0,0.0205840114504098,48.86742563898623,int,12,1.0,0.0205840114504098,341,0.4,E5b_subtraction
59,5,subtraction,cleaned_up,12000,1.0,0.0205840114504098,48.86742563898623,int,16,1.0,0.0205840114504098,341,0.4,E5b_subtraction
59,5,subtraction,cleaned_up,12000,1.0,0.0205840114504098,48.86742563898623,int,23,1.0,0.0205840114504098,341,0.4,E5b_subtraction
59,5,subtraction,cleaned_up,12000,1.0,0.0205840114504098,48.86742563898623,mantissa,2,1.0,0.0220201052725315,341,0.4,E5b_subtraction
59,5,subtraction,cleaned_up,12000,1.0,0.0205840114504098,48.86742563898623,mantissa,3,1.0,0.0205840114504098,341,0.4,E5b_subtraction
59,5,subtraction,cleaned_up,12000,1.0,0.0205840114504098,48.86742563898623,mantissa,4,1.0,0.0177118238061666,341,0.4,E5b_subtraction
59,5,subtraction,cleaned_up,12000,1.0,0.0205840114504098,48.86742563898623,mantissa,5,1.0,0.0201053135097026,341,0.4,E5b_subtraction
59,5,subtraction,cleaned_up,12000,1.0,0.0205840114504098,48.86742563898623,mantissa,6,1.0,0.021062709391117,341,0.4,E5b_subtraction
59,5,subtraction,cleaned_up,12000,1.0,0.0205840114504098,48.86742563898623,mantissa,8,1.0,0.021062709391117,341,0.4,E5b_subtraction
59,5,subtraction,cleaned_up,12000,1.0,0.0205840114504098,48.86742563898623,mantissa,10,1.0,0.0205840114504098,341,0.4,E5b_subtraction
59,5,subtraction,cleaned_up,12000,1.0,0.0205840114504098,48.86742563898623,mantissa,12,1.0,0.0205840114504098,341,0.4,E5b_subtraction
59,5,subtraction,cleaned_up,12000,1.0,0.0205840114504098,48.86742563898623,mantissa,16,1.0,0.0205840114504098,341,0.4,E5b_subtraction
59,5,subtraction,cleaned_up,12000,1.0,0.0205840114504098,48.86742563898623,mantissa,23,1.0,0.0205840114504098,341,0.4,E5b_subtraction
59,5,subtraction,cleaned_up,12000,1.0,0.0205840114504098,48.86742563898623,nf,2,0.0510057471692562,0.0105313546955585,341,0.4,E5b_subtraction
59,5,subtraction,cleaned_up,12000,1.0,0.0205840114504098,48.86742563898623,nf,3,0.1673850566148758,0.0157970320433378,341,0.4,E5b_subtraction
59,5,subtraction,cleaned_up,12000,1.0,0.0205840114504098,48.86742563898623,nf,4,0.4159482717514038,0.0181905217468738,341,0.4,E5b_subtraction
59,5,subtraction,cleaned_up,12000,1.0,0.0205840114504098,48.86742563898623,nf,5,0.6587643623352051,0.0172331258654594,341,0.4,E5b_subtraction
59,5,subtraction,cleaned_up,12000,1.0,0.0205840114504098,48.86742563898623,nf,6,0.8232758641242981,0.0172331258654594,341,0.4,E5b_subtraction
59,5,subtraction,cleaned_up,12000,1.0,0.0205840114504098,48.86742563898623,nf,8,0.9511494040489196,0.016275729984045,341,0.4,E5b_subtraction
59,5,subtraction,cleaned_up,12000,1.0,0.0205840114504098,48.86742563898623,nf,10,0.9511494040489196,0.016275729984045,341,0.4,E5b_subtraction
59,5,subtraction,cleaned_up,12000,1.0,0.0205840114504098,48.86742563898623,nf,12,0.9511494040489196,0.016275729984045,341,0.4,E5b_subtraction
59,5,subtraction,cleaned_up,12000,1.0,0.0205840114504098,48.86742563898623,nf,16,0.9511494040489196,0.016275729984045,341,0.4,E5b_subtraction
59,5,subtraction,cleaned_up,12000,1.0,0.0205840114504098,48.86742563898623,nf,23,1.0,0.0205840114504098,341,0.4,E5b_subtraction
59,6,subtraction,pre_grok,200,1.0,0.0105313546955585,41.0296508204324,int,2,0.0768678188323974,0.0172331258654594,341,0.4,E5b_subtraction
59,6,subtraction,pre_grok,200,1.0,0.0105313546955585,41.0296508204324,int,3,0.4389367699623108,0.0153183341026306,341,0.4,E5b_subtraction
59,6,subtraction,pre_grok,200,1.0,0.0105313546955585,41.0296508204324,int,4,0.8426724076271057,0.0134035423398017,341,0.4,E5b_subtraction
59,6,subtraction,pre_grok,200,1.0,0.0105313546955585,41.0296508204324,int,5,0.9820402264595032,0.0095739588141441,341,0.4,E5b_subtraction
59,6,subtraction,pre_grok,200,1.0,0.0105313546955585,41.0296508204324,int,6,0.9992815852165222,0.0110100526362657,341,0.4,E5b_subtraction
59,6,subtraction,pre_grok,200,1.0,0.0105313546955585,41.0296508204324,int,8,1.0,0.0110100526362657,341,0.4,E5b_subtraction
59,6,subtraction,pre_grok,200,1.0,0.0105313546955585,41.0296508204324,int,10,1.0,0.0100526567548513,341,0.4,E5b_subtraction
59,6,subtraction,pre_grok,200,1.0,0.0105313546955585,41.0296508204324,int,12,1.0,0.0105313546955585,341,0.4,E5b_subtraction
59,6,subtraction,pre_grok,200,1.0,0.0105313546955585,41.0296508204324,int,16,1.0,0.0105313546955585,341,0.4,E5b_subtraction
59,6,subtraction,pre_grok,200,1.0,0.0105313546955585,41.0296508204324,int,23,1.0,0.0105313546955585,341,0.4,E5b_subtraction
59,6,subtraction,pre_grok,200,1.0,0.0105313546955585,41.0296508204324,mantissa,2,0.9856321811676024,0.0114887505769729,341,0.4,E5b_subtraction
59,6,subtraction,pre_grok,200,1.0,0.0105313546955585,41.0296508204324,mantissa,3,1.0,0.0095739588141441,341,0.4,E5b_subtraction
59,6,subtraction,pre_grok,200,1.0,0.0105313546955585,41.0296508204324,mantissa,4,1.0,0.0105313546955585,341,0.4,E5b_subtraction
59,6,subtraction,pre_grok,200,1.0,0.0105313546955585,41.0296508204324,mantissa,5,1.0,0.0105313546955585,341,0.4,E5b_subtraction
59,6,subtraction,pre_grok,200,1.0,0.0105313546955585,41.0296508204324,mantissa,6,1.0,0.0105313546955585,341,0.4,E5b_subtraction
59,6,subtraction,pre_grok,200,1.0,0.0105313546955585,41.0296508204324,mantissa,8,1.0,0.0105313546955585,341,0.4,E5b_subtraction
59,6,subtraction,pre_grok,200,1.0,0.0105313546955585,41.0296508204324,mantissa,10,1.0,0.0105313546955585,341,0.4,E5b_subtraction
59,6,subtraction,pre_grok,200,1.0,0.0105313546955585,41.0296508204324,mantissa,12,1.0,0.0105313546955585,341,0.4,E5b_subtraction
59,6,subtraction,pre_grok,200,1.0,0.0105313546955585,41.0296508204324,mantissa,16,1.0,0.0105313546955585,341,0.4,E5b_subtraction
59,6,subtraction,pre_grok,200,1.0,0.0105313546955585,41.0296508204324,mantissa,23,1.0,0.0105313546955585,341,0.4,E5b_subtraction
59,6,subtraction,pre_grok,200,1.0,0.0105313546955585,41.0296508204324,nf,2,0.2945402264595032,0.0143609382212162,341,0.4,E5b_subtraction
59,6,subtraction,pre_grok,200,1.0,0.0105313546955585,41.0296508204324,nf,3,0.5883620381355286,0.0119674485176801,341,0.4,E5b_subtraction
59,6,subtraction,pre_grok,200,1.0,0.0105313546955585,41.0296508204324,nf,4,0.8678160905838013,0.0105313546955585,341,0.4,E5b_subtraction
59,6,subtraction,pre_grok,200,1.0,0.0105313546955585,41.0296508204324,nf,5,0.977011501789093,0.0100526567548513,341,0.4,E5b_subtraction
59,6,subtraction,pre_grok,200,1.0,0.0105313546955585,41.0296508204324,nf,6,1.0,0.0114887505769729,341,0.4,E5b_subtraction
59,6,subtraction,pre_grok,200,1.0,0.0105313546955585,41.0296508204324,nf,8,1.0,0.0105313546955585,341,0.4,E5b_subtraction
59,6,subtraction,pre_grok,200,1.0,0.0105313546955585,41.0296508204324,nf,10,1.0,0.0105313546955585,341,0.4,E5b_subtraction
59,6,subtraction,pre_grok,200,1.0,0.0105313546955585,41.0296508204324,nf,12,1.0,0.0105313546955585,341,0.4,E5b_subtraction
59,6,subtraction,pre_grok,200,1.0,0.0105313546955585,41.0296508204324,nf,16,1.0,0.0105313546955585,341,0.4,E5b_subtraction
59,6,subtraction,pre_grok,200,1.0,0.0105313546955585,41.0296508204324,nf,23,1.0,0.0105313546955585,341,0.4,E5b_subtraction
59,6,subtraction,cleaned_up,12000,1.0,0.0296792723238468,48.1867978728879,int,2,0.0165229886770248,0.0153183341026306,341,0.4,E5b_subtraction
59,6,subtraction,cleaned_up,12000,1.0,0.0296792723238468,48.1867978728879,int,3,0.0581896565854549,0.0177118238061666,341,0.4,E5b_subtraction
59,6,subtraction,cleaned_up,12000,1.0,0.0296792723238468,48.1867978728879,int,4,0.3160919547080993,0.030157970264554,341,0.4,E5b_subtraction
59,6,subtraction,cleaned_up,12000,1.0,0.0296792723238468,48.1867978728879,int,5,0.6997126340866089,0.0282431785017251,341,0.4,E5b_subtraction
59,6,subtraction,cleaned_up,12000,1.0,0.0296792723238468,48.1867978728879,int,6,0.9877873659133912,0.0272857826203107,341,0.4,E5b_subtraction
59,6,subtraction,cleaned_up,12000,1.0,0.0296792723238468,48.1867978728879,int,8,1.0,0.0296792723238468,341,0.4,E5b_subtraction
59,6,subtraction,cleaned_up,12000,1.0,0.0296792723238468,48.1867978728879,int,10,1.0,0.0287218764424324,341,0.4,E5b_subtraction
59,6,subtraction,cleaned_up,12000,1.0,0.0296792723238468,48.1867978728879,int,12,1.0,0.0296792723238468,341,0.4,E5b_subtraction
59,6,subtraction,cleaned_up,12000,1.0,0.0296792723238468,48.1867978728879,int,16,1.0,0.0296792723238468,341,0.4,E5b_subtraction
59,6,subtraction,cleaned_up,12000,1.0,0.0296792723238468,48.1867978728879,int,23,1.0,0.0296792723238468,341,0.4,E5b_subtraction
59,6,subtraction,cleaned_up,12000,1.0,0.0296792723238468,48.1867978728879,mantissa,2,1.0,0.0292005743831396,341,0.4,E5b_subtraction
59,6,subtraction,cleaned_up,12000,1.0,0.0296792723238468,48.1867978728879,mantissa,3,1.0,0.0320727601647377,341,0.4,E5b_subtraction
59,6,subtraction,cleaned_up,12000,1.0,0.0296792723238468,48.1867978728879,mantissa,4,1.0,0.0292005743831396,341,0.4,E5b_subtraction
59,6,subtraction,cleaned_up,12000,1.0,0.0296792723238468,48.1867978728879,mantissa,5,1.0,0.0287218764424324,341,0.4,E5b_subtraction
59,6,subtraction,cleaned_up,12000,1.0,0.0296792723238468,48.1867978728879,mantissa,6,1.0,0.0292005743831396,341,0.4,E5b_subtraction
59,6,subtraction,cleaned_up,12000,1.0,0.0296792723238468,48.1867978728879,mantissa,8,1.0,0.0292005743831396,341,0.4,E5b_subtraction
59,6,subtraction,cleaned_up,12000,1.0,0.0296792723238468,48.1867978728879,mantissa,10,1.0,0.0296792723238468,341,0.4,E5b_subtraction
59,6,subtraction,cleaned_up,12000,1.0,0.0296792723238468,48.1867978728879,mantissa,12,1.0,0.0296792723238468,341,0.4,E5b_subtraction
59,6,subtraction,cleaned_up,12000,1.0,0.0296792723238468,48.1867978728879,mantissa,16,1.0,0.0296792723238468,341,0.4,E5b_subtraction
59,6,subtraction,cleaned_up,12000,1.0,0.0296792723238468,48.1867978728879,mantissa,23,1.0,0.0296792723238468,341,0.4,E5b_subtraction
59,6,subtraction,cleaned_up,12000,1.0,0.0296792723238468,48.1867978728879,nf,2,0.0481321848928928,0.0167544279247522,341,0.4,E5b_subtraction
59,6,subtraction,cleaned_up,12000,1.0,0.0296792723238468,48.1867978728879,nf,3,0.1688218414783477,0.0258496887981891,341,0.4,E5b_subtraction
59,6,subtraction,cleaned_up,12000,1.0,0.0296792723238468,48.1867978728879,nf,4,0.4439655244350433,0.0253709908574819,341,0.4,E5b_subtraction
59,6,subtraction,cleaned_up,12000,1.0,0.0296792723238468,48.1867978728879,nf,5,0.6688218116760254,0.0287218764424324,341,0.4,E5b_subtraction
59,6,subtraction,cleaned_up,12000,1.0,0.0296792723238468,48.1867978728879,nf,6,0.8146551847457886,0.0320727601647377,341,0.4,E5b_subtraction
59,6,subtraction,cleaned_up,12000,1.0,0.0296792723238468,48.1867978728879,nf,8,0.9375,0.0296792723238468,341,0.4,E5b_subtraction
59,6,subtraction,cleaned_up,12000,1.0,0.0296792723238468,48.1867978728879,nf,10,0.9375,0.0296792723238468,341,0.4,E5b_subtraction
59,6,subtraction,cleaned_up,12000,1.0,0.0296792723238468,48.1867978728879,nf,12,0.9375,0.0296792723238468,341,0.4,E5b_subtraction
59,6,subtraction,cleaned_up,12000,1.0,0.0296792723238468,48.1867978728879,nf,16,0.9375,0.0296792723238468,341,0.4,E5b_subtraction
59,6,subtraction,cleaned_up,12000,1.0,0.0296792723238468,48.1867978728879,nf,23,1.0,0.0296792723238468,341,0.4,E5b_subtraction
59,7,subtraction,pre_grok,150,0.9985632300376892,0.0143609382212162,40.90507617545603,int,2,0.1056034490466117,0.0239348970353603,341,0.4,E5b_subtraction
59,7,subtraction,pre_grok,150,0.9985632300376892,0.0143609382212162,40.90507617545603,int,3,0.5100574493408203,0.0148396361619234,341,0.4,E5b_subtraction
59,7,subtraction,pre_grok,150,0.9985632300376892,0.0143609382212162,40.90507617545603,int,4,0.8405172228813171,0.0138822402805089,341,0.4,E5b_subtraction
59,7,subtraction,pre_grok,150,0.9985632300376892,0.0143609382212162,40.90507617545603,int,5,0.9841954112052916,0.0129248443990945,341,0.4,E5b_subtraction
59,7,subtraction,pre_grok,150,0.9985632300376892,0.0143609382212162,40.90507617545603,int,6,0.9978448152542114,0.0148396361619234,341,0.4,E5b_subtraction
59,7,subtraction,pre_grok,150,0.9985632300376892,0.0143609382212162,40.90507617545603,int,8,0.9985632300376892,0.0143609382212162,341,0.4,E5b_subtraction
59,7,subtraction,pre_grok,150,0.9985632300376892,0.0143609382212162,40.90507617545603,int,10,0.9985632300376892,0.0143609382212162,341,0.4,E5b_subtraction
59,7,subtraction,pre_grok,150,0.9985632300376892,0.0143609382212162,40.90507617545603,int,12,0.9985632300376892,0.0143609382212162,341,0.4,E5b_subtraction
59,7,subtraction,pre_grok,150,0.9985632300376892,0.0143609382212162,40.90507617545603,int,16,0.9985632300376892,0.0143609382212162,341,0.4,E5b_subtraction
59,7,subtraction,pre_grok,150,0.9985632300376892,0.0143609382212162,40.90507617545603,int,23,0.9985632300376892,0.0143609382212162,341,0.4,E5b_subtraction
59,7,subtraction,pre_grok,150,0.9985632300376892,0.0143609382212162,40.90507617545603,mantissa,2,0.9762930870056152,0.0134035423398017,341,0.4,E5b_subtraction
59,7,subtraction,pre_grok,150,0.9985632300376892,0.0143609382212162,40.90507617545603,mantissa,3,0.9956896305084229,0.0138822402805089,341,0.4,E5b_subtraction
59,7,subtraction,pre_grok,150,0.9985632300376892,0.0143609382212162,40.90507617545603,mantissa,4,0.9985632300376892,0.0138822402805089,341,0.4,E5b_subtraction
59,7,subtraction,pre_grok,150,0.9985632300376892,0.0143609382212162,40.90507617545603,mantissa,5,0.9985632300376892,0.0143609382212162,341,0.4,E5b_subtraction
59,7,subtraction,pre_grok,150,0.9985632300376892,0.0143609382212162,40.90507617545603,mantissa,6,0.9985632300376892,0.0143609382212162,341,0.4,E5b_subtraction
59,7,subtraction,pre_grok,150,0.9985632300376892,0.0143609382212162,40.90507617545603,mantissa,8,0.9985632300376892,0.0143609382212162,341,0.4,E5b_subtraction
59,7,subtraction,pre_grok,150,0.9985632300376892,0.0143609382212162,40.90507617545603,mantissa,10,0.9985632300376892,0.0143609382212162,341,0.4,E5b_subtraction
59,7,subtraction,pre_grok,150,0.9985632300376892,0.0143609382212162,40.90507617545603,mantissa,12,0.9985632300376892,0.0143609382212162,341,0.4,E5b_subtraction
59,7,subtraction,pre_grok,150,0.9985632300376892,0.0143609382212162,40.90507617545603,mantissa,16,0.9985632300376892,0.0143609382212162,341,0.4,E5b_subtraction
59,7,subtraction,pre_grok,150,0.9985632300376892,0.0143609382212162,40.90507617545603,mantissa,23,0.9985632300376892,0.0143609382212162,341,0.4,E5b_subtraction
59,7,subtraction,pre_grok,150,0.9985632300376892,0.0143609382212162,40.90507617545603,nf,2,0.2902298867702484,0.0105313546955585,341,0.4,E5b_subtraction
59,7,subtraction,pre_grok,150,0.9985632300376892,0.0143609382212162,40.90507617545603,nf,3,0.6364942789077759,0.0119674485176801,341,0.4,E5b_subtraction
59,7,subtraction,pre_grok,150,0.9985632300376892,0.0143609382212162,40.90507617545603,nf,4,0.8807471394538879,0.0134035423398017,341,0.4,E5b_subtraction
59,7,subtraction,pre_grok,150,0.9985632300376892,0.0143609382212162,40.90507617545603,nf,5,0.9784482717514038,0.0129248443990945,341,0.4,E5b_subtraction
59,7,subtraction,pre_grok,150,0.9985632300376892,0.0143609382212162,40.90507617545603,nf,6,0.9949712753295898,0.0143609382212162,341,0.4,E5b_subtraction
59,7,subtraction,pre_grok,150,0.9985632300376892,0.0143609382212162,40.90507617545603,nf,8,0.9985632300376892,0.0143609382212162,341,0.4,E5b_subtraction
59,7,subtraction,pre_grok,150,0.9985632300376892,0.0143609382212162,40.90507617545603,nf,10,0.9985632300376892,0.0143609382212162,341,0.4,E5b_subtraction
59,7,subtraction,pre_grok,150,0.9985632300376892,0.0143609382212162,40.90507617545603,nf,12,0.9985632300376892,0.0143609382212162,341,0.4,E5b_subtraction
59,7,subtraction,pre_grok,150,0.9985632300376892,0.0143609382212162,40.90507617545603,nf,16,0.9985632300376892,0.0143609382212162,341,0.4,E5b_subtraction
59,7,subtraction,pre_grok,150,0.9985632300376892,0.0143609382212162,40.90507617545603,nf,23,0.9985632300376892,0.0143609382212162,341,0.4,E5b_subtraction
59,7,subtraction,cleaned_up,12000,1.0,0.0660603195428848,48.61840776361523,int,2,0.0136494254693388,0.0220201052725315,341,0.4,E5b_subtraction
59,7,subtraction,cleaned_up,12000,1.0,0.0660603195428848,48.61840776361523,int,3,0.0459770113229751,0.018669219687581,341,0.4,E5b_subtraction
59,7,subtraction,cleaned_up,12000,1.0,0.0660603195428848,48.61840776361523,int,4,0.1954022943973541,0.0244135949760675,341,0.4,E5b_subtraction
59,7,subtraction,cleaned_up,12000,1.0,0.0660603195428848,48.61840776361523,int,5,0.7514367699623108,0.0622307322919368,341,0.4,E5b_subtraction
59,7,subtraction,cleaned_up,12000,1.0,0.0660603195428848,48.61840776361523,int,6,0.993534505367279,0.0660603195428848,341,0.4,E5b_subtraction
59,7,subtraction,cleaned_up,12000,1.0,0.0660603195428848,48.61840776361523,int,8,1.0,0.067975103855133,341,0.4,E5b_subtraction
59,7,subtraction,cleaned_up,12000,1.0,0.0660603195428848,48.61840776361523,int,10,1.0,0.0651029199361801,341,0.4,E5b_subtraction
59,7,subtraction,cleaned_up,12000,1.0,0.0660603195428848,48.61840776361523,int,12,1.0,0.0660603195428848,341,0.4,E5b_subtraction
59,7,subtraction,cleaned_up,12000,1.0,0.0660603195428848,48.61840776361523,int,16,1.0,0.0660603195428848,341,0.4,E5b_subtraction
59,7,subtraction,cleaned_up,12000,1.0,0.0660603195428848,48.61840776361523,int,23,1.0,0.0660603195428848,341,0.4,E5b_subtraction
59,7,subtraction,cleaned_up,12000,1.0,0.0660603195428848,48.61840776361523,mantissa,2,1.0,0.072283387184143,341,0.4,E5b_subtraction
59,7,subtraction,cleaned_up,12000,1.0,0.0660603195428848,48.61840776361523,mantissa,3,1.0,0.0646242201328277,341,0.4,E5b_subtraction
59,7,subtraction,cleaned_up,12000,1.0,0.0660603195428848,48.61840776361523,mantissa,4,1.0,0.0660603195428848,341,0.4,E5b_subtraction
59,7,subtraction,cleaned_up,12000,1.0,0.0660603195428848,48.61840776361523,mantissa,5,1.0,0.0655816197395324,341,0.4,E5b_subtraction
59,7,subtraction,cleaned_up,12000,1.0,0.0660603195428848,48.61840776361523,mantissa,6,1.0,0.0665390118956565,341,0.4,E5b_subtraction
59,7,subtraction,cleaned_up,12000,1.0,0.0660603195428848,48.61840776361523,mantissa,8,1.0,0.0660603195428848,341,0.4,E5b_subtraction
59,7,subtraction,cleaned_up,12000,1.0,0.0660603195428848,48.61840776361523,mantissa,10,1.0,0.0660603195428848,341,0.4,E5b_subtraction
59,7,subtraction,cleaned_up,12000,1.0,0.0660603195428848,48.61840776361523,mantissa,12,1.0,0.0660603195428848,341,0.4,E5b_subtraction
59,7,subtraction,cleaned_up,12000,1.0,0.0660603195428848,48.61840776361523,mantissa,16,1.0,0.0660603195428848,341,0.4,E5b_subtraction
59,7,subtraction,cleaned_up,12000,1.0,0.0660603195428848,48.61840776361523,mantissa,23,1.0,0.0660603195428848,341,0.4,E5b_subtraction
59,7,subtraction,cleaned_up,12000,1.0,0.0660603195428848,48.61840776361523,nf,2,0.0373563207685947,0.0244135949760675,341,0.4,E5b_subtraction
59,7,subtraction,cleaned_up,12000,1.0,0.0660603195428848,48.61840776361523,nf,3,0.1307471245527267,0.0373384393751621,341,0.4,E5b_subtraction
59,7,subtraction,cleaned_up,12000,1.0,0.0660603195428848,48.61840776361523,nf,4,0.3110632300376892,0.0540928691625595,341,0.4,E5b_subtraction
59,7,subtraction,cleaned_up,12000,1.0,0.0660603195428848,48.61840776361523,nf,5,0.4719827473163605,0.0574437528848648,341,0.4,E5b_subtraction
59,7,subtraction,cleaned_up,12000,1.0,0.0660603195428848,48.61840776361523,nf,6,0.5955459475517273,0.0574437528848648,341,0.4,E5b_subtraction
59,7,subtraction,cleaned_up,12000,1.0,0.0660603195428848,48.61840776361523,nf,8,0.7859195470809937,0.0584011487662792,341,0.4,E5b_subtraction
59,7,subtraction,cleaned_up,12000,1.0,0.0660603195428848,48.61840776361523,nf,10,0.7859195470809937,0.0584011487662792,341,0.4,E5b_subtraction
59,7,subtraction,cleaned_up,12000,1.0,0.0660603195428848,48.61840776361523,nf,12,0.7859195470809937,0.0584011487662792,341,0.4,E5b_subtraction
59,7,subtraction,cleaned_up,12000,1.0,0.0660603195428848,48.61840776361523,nf,16,0.7859195470809937,0.0584011487662792,341,0.4,E5b_subtraction
59,7,subtraction,cleaned_up,12000,1.0,0.0660603195428848,48.61840776361523,nf,23,1.0,0.0660603195428848,341,0.4,E5b_subtraction
59,8,subtraction,pre_grok,200,1.0,0.016275729984045,41.64391262109142,int,2,0.0660919547080993,0.021062709391117,341,0.4,E5b_subtraction
59,8,subtraction,pre_grok,200,1.0,0.016275729984045,41.64391262109142,int,3,0.5150862336158752,0.0153183341026306,341,0.4,E5b_subtraction
59,8,subtraction,pre_grok,200,1.0,0.016275729984045,41.64391262109142,int,4,0.8728448152542114,0.0143609382212162,341,0.4,E5b_subtraction
59,8,subtraction,pre_grok,200,1.0,0.016275729984045,41.64391262109142,int,5,0.994252860546112,0.0157970320433378,341,0.4,E5b_subtraction
59,8,subtraction,pre_grok,200,1.0,0.016275729984045,41.64391262109142,int,6,1.0,0.0153183341026306,341,0.4,E5b_subtraction
59,8,subtraction,pre_grok,200,1.0,0.016275729984045,41.64391262109142,int,8,1.0,0.0153183341026306,341,0.4,E5b_subtraction
59,8,subtraction,pre_grok,200,1.0,0.016275729984045,41.64391262109142,int,10,1.0,0.016275729984045,341,0.4,E5b_subtraction
59,8,subtraction,pre_grok,200,1.0,0.016275729984045,41.64391262109142,int,12,1.0,0.016275729984045,341,0.4,E5b_subtraction
59,8,subtraction,pre_grok,200,1.0,0.016275729984045,41.64391262109142,int,16,1.0,0.016275729984045,341,0.4,E5b_subtraction
59,8,subtraction,pre_grok,200,1.0,0.016275729984045,41.64391262109142,int,23,1.0,0.016275729984045,341,0.4,E5b_subtraction
59,8,subtraction,pre_grok,200,1.0,0.016275729984045,41.64391262109142,mantissa,2,0.994252860546112,0.0181905217468738,341,0.4,E5b_subtraction
59,8,subtraction,pre_grok,200,1.0,0.016275729984045,41.64391262109142,mantissa,3,1.0,0.0167544279247522,341,0.4,E5b_subtraction
59,8,subtraction,pre_grok,200,1.0,0.016275729984045,41.64391262109142,mantissa,4,1.0,0.016275729984045,341,0.4,E5b_subtraction
59,8,subtraction,pre_grok,200,1.0,0.016275729984045,41.64391262109142,mantissa,5,1.0,0.016275729984045,341,0.4,E5b_subtraction
59,8,subtraction,pre_grok,200,1.0,0.016275729984045,41.64391262109142,mantissa,6,1.0,0.016275729984045,341,0.4,E5b_subtraction
59,8,subtraction,pre_grok,200,1.0,0.016275729984045,41.64391262109142,mantissa,8,1.0,0.0157970320433378,341,0.4,E5b_subtraction
59,8,subtraction,pre_grok,200,1.0,0.016275729984045,41.64391262109142,mantissa,10,1.0,0.0157970320433378,341,0.4,E5b_subtraction
59,8,subtraction,pre_grok,200,1.0,0.016275729984045,41.64391262109142,mantissa,12,1.0,0.016275729984045,341,0.4,E5b_subtraction
59,8,subtraction,pre_grok,200,1.0,0.016275729984045,41.64391262109142,mantissa,16,1.0,0.016275729984045,341,0.4,E5b_subtraction
59,8,subtraction,pre_grok,200,1.0,0.016275729984045,41.64391262109142,mantissa,23,1.0,0.016275729984045,341,0.4,E5b_subtraction
59,8,subtraction,pre_grok,200,1.0,0.016275729984045,41.64391262109142,nf,2,0.270114928483963,0.0138822402805089,341,0.4,E5b_subtraction
59,8,subtraction,pre_grok,200,1.0,0.016275729984045,41.64391262109142,nf,3,0.5732758641242981,0.0181905217468738,341,0.4,E5b_subtraction
59,8,subtraction,pre_grok,200,1.0,0.016275729984045,41.64391262109142,nf,4,0.8829023241996765,0.0157970320433378,341,0.4,E5b_subtraction
59,8,subtraction,pre_grok,200,1.0,0.016275729984045,41.64391262109142,nf,5,0.9856321811676024,0.016275729984045,341,0.4,E5b_subtraction
59,8,subtraction,pre_grok,200,1.0,0.016275729984045,41.64391262109142,nf,6,1.0,0.0181905217468738,341,0.4,E5b_subtraction
59,8,subtraction,pre_grok,200,1.0,0.016275729984045,41.64391262109142,nf,8,1.0,0.0153183341026306,341,0.4,E5b_subtraction
59,8,subtraction,pre_grok,200,1.0,0.016275729984045,41.64391262109142,nf,10,1.0,0.0153183341026306,341,0.4,E5b_subtraction
59,8,subtraction,pre_grok,200,1.0,0.016275729984045,41.64391262109142,nf,12,1.0,0.0153183341026306,341,0.4,E5b_subtraction
59,8,subtraction,pre_grok,200,1.0,0.016275729984045,41.64391262109142,nf,16,1.0,0.0153183341026306,341,0.4,E5b_subtraction
59,8,subtraction,pre_grok,200,1.0,0.016275729984045,41.64391262109142,nf,23,1.0,0.016275729984045,341,0.4,E5b_subtraction
59,8,subtraction,cleaned_up,12000,1.0,0.0363810434937477,50.31806115638549,int,2,0.0272988509386777,0.0114887505769729,341,0.4,E5b_subtraction
59,8,subtraction,cleaned_up,12000,1.0,0.0363810434937477,50.31806115638549,int,3,0.0747126415371894,0.0224988032132387,341,0.4,E5b_subtraction
59,8,subtraction,cleaned_up,12000,1.0,0.0363810434937477,50.31806115638549,int,4,0.3369252979755401,0.0311153661459684,341,0.4,E5b_subtraction
59,8,subtraction,cleaned_up,12000,1.0,0.0363810434937477,50.31806115638549,int,5,0.7514367699623108,0.0315940640866756,341,0.4,E5b_subtraction
59,8,subtraction,cleaned_up,12000,1.0,0.0363810434937477,50.31806115638549,int,6,0.994252860546112,0.0373384393751621,341,0.4,E5b_subtraction
59,8,subtraction,cleaned_up,12000,1.0,0.0363810434937477,50.31806115638549,int,8,1.0,0.0363810434937477,341,0.4,E5b_subtraction
59,8,subtraction,cleaned_up,12000,1.0,0.0363810434937477,50.31806115638549,int,10,1.0,0.0368597432971,341,0.4,E5b_subtraction
59,8,subtraction,cleaned_up,12000,1.0,0.0363810434937477,50.31806115638549,int,12,1.0,0.0363810434937477,341,0.4,E5b_subtraction
59,8,subtraction,cleaned_up,12000,1.0,0.0363810434937477,50.31806115638549,int,16,1.0,0.0363810434937477,341,0.4,E5b_subtraction
59,8,subtraction,cleaned_up,12000,1.0,0.0363810434937477,50.31806115638549,int,23,1.0,0.0363810434937477,341,0.4,E5b_subtraction
59,8,subtraction,cleaned_up,12000,1.0,0.0363810434937477,50.31806115638549,mantissa,2,1.0,0.0359023436903953,341,0.4,E5b_subtraction
59,8,subtraction,cleaned_up,12000,1.0,0.0363810434937477,50.31806115638549,mantissa,3,1.0,0.0378171354532241,341,0.4,E5b_subtraction
59,8,subtraction,cleaned_up,12000,1.0,0.0363810434937477,50.31806115638549,mantissa,4,1.0,0.0363810434937477,341,0.4,E5b_subtraction
59,8,subtraction,cleaned_up,12000,1.0,0.0363810434937477,50.31806115638549,mantissa,5,1.0,0.0368597432971,341,0.4,E5b_subtraction
59,8,subtraction,cleaned_up,12000,1.0,0.0363810434937477,50.31806115638549,mantissa,6,1.0,0.0363810434937477,341,0.4,E5b_subtraction
59,8,subtraction,cleaned_up,12000,1.0,0.0363810434937477,50.31806115638549,mantissa,8,1.0,0.0363810434937477,341,0.4,E5b_subtraction
59,8,subtraction,cleaned_up,12000,1.0,0.0363810434937477,50.31806115638549,mantissa,10,1.0,0.0363810434937477,341,0.4,E5b_subtraction
59,8,subtraction,cleaned_up,12000,1.0,0.0363810434937477,50.31806115638549,mantissa,12,1.0,0.0363810434937477,341,0.4,E5b_subtraction
59,8,subtraction,cleaned_up,12000,1.0,0.0363810434937477,50.31806115638549,mantissa,16,1.0,0.0363810434937477,341,0.4,E5b_subtraction
59,8,subtraction,cleaned_up,12000,1.0,0.0363810434937477,50.31806115638549,mantissa,23,1.0,0.0363810434937477,341,0.4,E5b_subtraction
59,8,subtraction,cleaned_up,12000,1.0,0.0363810434937477,50.31806115638549,nf,2,0.0668103471398353,0.0205840114504098,341,0.4,E5b_subtraction
59,8,subtraction,cleaned_up,12000,1.0,0.0363810434937477,50.31806115638549,nf,3,0.2169540226459503,0.0253709908574819,341,0.4,E5b_subtraction
59,8,subtraction,cleaned_up,12000,1.0,0.0363810434937477,50.31806115638549,nf,4,0.411637932062149,0.0234561990946531,341,0.4,E5b_subtraction
59,8,subtraction,cleaned_up,12000,1.0,0.0363810434937477,50.31806115638549,nf,5,0.6602011322975159,0.0263283867388963,341,0.4,E5b_subtraction
59,8,subtraction,cleaned_up,12000,1.0,0.0363810434937477,50.31806115638549,nf,6,0.8031609058380127,0.0277644805610179,341,0.4,E5b_subtraction
59,8,subtraction,cleaned_up,12000,1.0,0.0363810434937477,50.31806115638549,nf,8,0.9446839094161988,0.0339875519275665,341,0.4,E5b_subtraction
59,8,subtraction,cleaned_up,12000,1.0,0.0363810434937477,50.31806115638549,nf,10,0.9446839094161988,0.0339875519275665,341,0.4,E5b_subtraction
59,8,subtraction,cleaned_up,12000,1.0,0.0363810434937477,50.31806115638549,nf,12,0.9446839094161988,0.0339875519275665,341,0.4,E5b_subtraction
59,8,subtraction,cleaned_up,12000,1.0,0.0363810434937477,50.31806115638549,nf,16,0.9446839094161988,0.0339875519275665,341,0.4,E5b_subtraction
59,8,subtraction,cleaned_up,12000,1.0,0.0363810434937477,50.31806115638549,nf,23,1.0,0.0363810434937477,341,0.4,E5b_subtraction
59,9,subtraction,pre_grok,200,1.0,0.0086165629327297,41.46844184203303,int,2,0.0840517207980156,0.0177118238061666,341,0.4,E5b_subtraction
59,9,subtraction,pre_grok,200,1.0,0.0086165629327297,41.46844184203303,int,3,0.5416666865348816,0.0143609382212162,341,0.4,E5b_subtraction
59,9,subtraction,pre_grok,200,1.0,0.0086165629327297,41.46844184203303,int,4,0.9008620381355286,0.0105313546955585,341,0.4,E5b_subtraction
59,9,subtraction,pre_grok,200,1.0,0.0086165629327297,41.46844184203303,int,5,0.9920976758003236,0.0086165629327297,341,0.4,E5b_subtraction
59,9,subtraction,pre_grok,200,1.0,0.0086165629327297,41.46844184203303,int,6,1.0,0.0076591670513153,341,0.4,E5b_subtraction
59,9,subtraction,pre_grok,200,1.0,0.0086165629327297,41.46844184203303,int,8,1.0,0.0086165629327297,341,0.4,E5b_subtraction
59,9,subtraction,pre_grok,200,1.0,0.0086165629327297,41.46844184203303,int,10,1.0,0.0086165629327297,341,0.4,E5b_subtraction
59,9,subtraction,pre_grok,200,1.0,0.0086165629327297,41.46844184203303,int,12,1.0,0.0086165629327297,341,0.4,E5b_subtraction
59,9,subtraction,pre_grok,200,1.0,0.0086165629327297,41.46844184203303,int,16,1.0,0.0086165629327297,341,0.4,E5b_subtraction
59,9,subtraction,pre_grok,200,1.0,0.0086165629327297,41.46844184203303,int,23,1.0,0.0086165629327297,341,0.4,E5b_subtraction
59,9,subtraction,pre_grok,200,1.0,0.0086165629327297,41.46844184203303,mantissa,2,0.994252860546112,0.0067017711699008,341,0.4,E5b_subtraction
59,9,subtraction,pre_grok,200,1.0,0.0086165629327297,41.46844184203303,mantissa,3,1.0,0.0081378649920225,341,0.4,E5b_subtraction
59,9,subtraction,pre_grok,200,1.0,0.0086165629327297,41.46844184203303,mantissa,4,1.0,0.0076591670513153,341,0.4,E5b_subtraction
59,9,subtraction,pre_grok,200,1.0,0.0086165629327297,41.46844184203303,mantissa,5,1.0,0.0086165629327297,341,0.4,E5b_subtraction
59,9,subtraction,pre_grok,200,1.0,0.0086165629327297,41.46844184203303,mantissa,6,1.0,0.0086165629327297,341,0.4,E5b_subtraction
59,9,subtraction,pre_grok,200,1.0,0.0086165629327297,41.46844184203303,mantissa,8,1.0,0.0086165629327297,341,0.4,E5b_subtraction
59,9,subtraction,pre_grok,200,1.0,0.0086165629327297,41.46844184203303,mantissa,10,1.0,0.0086165629327297,341,0.4,E5b_subtraction
59,9,subtraction,pre_grok,200,1.0,0.0086165629327297,41.46844184203303,mantissa,12,1.0,0.0086165629327297,341,0.4,E5b_subtraction
59,9,subtraction,pre_grok,200,1.0,0.0086165629327297,41.46844184203303,mantissa,16,1.0,0.0086165629327297,341,0.4,E5b_subtraction
59,9,subtraction,pre_grok,200,1.0,0.0086165629327297,41.46844184203303,mantissa,23,1.0,0.0086165629327297,341,0.4,E5b_subtraction
59,9,subtraction,pre_grok,200,1.0,0.0086165629327297,41.46844184203303,nf,2,0.3139367699623108,0.0095739588141441,341,0.4,E5b_subtraction
59,9,subtraction,pre_grok,200,1.0,0.0086165629327297,41.46844184203303,nf,3,0.7162356376647949,0.0095739588141441,341,0.4,E5b_subtraction
59,9,subtraction,pre_grok,200,1.0,0.0086165629327297,41.46844184203303,nf,4,0.8943965435028076,0.0067017711699008,341,0.4,E5b_subtraction
59,9,subtraction,pre_grok,200,1.0,0.0086165629327297,41.46844184203303,nf,5,0.9863505959510804,0.0071804691106081,341,0.4,E5b_subtraction
59,9,subtraction,pre_grok,200,1.0,0.0086165629327297,41.46844184203303,nf,6,0.9992815852165222,0.0086165629327297,341,0.4,E5b_subtraction
59,9,subtraction,pre_grok,200,1.0,0.0086165629327297,41.46844184203303,nf,8,1.0,0.0081378649920225,341,0.4,E5b_subtraction
59,9,subtraction,pre_grok,200,1.0,0.0086165629327297,41.46844184203303,nf,10,1.0,0.0081378649920225,341,0.4,E5b_subtraction
59,9,subtraction,pre_grok,200,1.0,0.0086165629327297,41.46844184203303,nf,12,1.0,0.0081378649920225,341,0.4,E5b_subtraction
59,9,subtraction,pre_grok,200,1.0,0.0086165629327297,41.46844184203303,nf,16,1.0,0.0081378649920225,341,0.4,E5b_subtraction
59,9,subtraction,pre_grok,200,1.0,0.0086165629327297,41.46844184203303,nf,23,1.0,0.0086165629327297,341,0.4,E5b_subtraction
59,9,subtraction,cleaned_up,12000,1.0,0.0157970320433378,39.9742264623275,int,2,0.0172413792461156,0.0138822402805089,341,0.4,E5b_subtraction
59,9,subtraction,cleaned_up,12000,1.0,0.0157970320433378,39.9742264623275,int,3,0.1544540226459503,0.016275729984045,341,0.4,E5b_subtraction
59,9,subtraction,cleaned_up,12000,1.0,0.0157970320433378,39.9742264623275,int,4,0.608476996421814,0.018669219687581,341,0.4,E5b_subtraction
59,9,subtraction,cleaned_up,12000,1.0,0.0157970320433378,39.9742264623275,int,5,0.9626436829566956,0.018669219687581,341,0.4,E5b_subtraction
59,9,subtraction,cleaned_up,12000,1.0,0.0157970320433378,39.9742264623275,int,6,0.9992815852165222,0.0177118238061666,341,0.4,E5b_subtraction
59,9,subtraction,cleaned_up,12000,1.0,0.0157970320433378,39.9742264623275,int,8,1.0,0.016275729984045,341,0.4,E5b_subtraction
59,9,subtraction,cleaned_up,12000,1.0,0.0157970320433378,39.9742264623275,int,10,1.0,0.0157970320433378,341,0.4,E5b_subtraction
59,9,subtraction,cleaned_up,12000,1.0,0.0157970320433378,39.9742264623275,int,12,1.0,0.0157970320433378,341,0.4,E5b_subtraction
59,9,subtraction,cleaned_up,12000,1.0,0.0157970320433378,39.9742264623275,int,16,1.0,0.0157970320433378,341,0.4,E5b_subtraction
59,9,subtraction,cleaned_up,12000,1.0,0.0157970320433378,39.9742264623275,int,23,1.0,0.0157970320433378,341,0.4,E5b_subtraction
59,9,subtraction,cleaned_up,12000,1.0,0.0157970320433378,39.9742264623275,mantissa,2,1.0,0.0172331258654594,341,0.4,E5b_subtraction
59,9,subtraction,cleaned_up,12000,1.0,0.0157970320433378,39.9742264623275,mantissa,3,1.0,0.016275729984045,341,0.4,E5b_subtraction
59,9,subtraction,cleaned_up,12000,1.0,0.0157970320433378,39.9742264623275,mantissa,4,1.0,0.0167544279247522,341,0.4,E5b_subtraction
59,9,subtraction,cleaned_up,12000,1.0,0.0157970320433378,39.9742264623275,mantissa,5,1.0,0.016275729984045,341,0.4,E5b_subtraction
59,9,subtraction,cleaned_up,12000,1.0,0.0157970320433378,39.9742264623275,mantissa,6,1.0,0.016275729984045,341,0.4,E5b_subtraction
59,9,subtraction,cleaned_up,12000,1.0,0.0157970320433378,39.9742264623275,mantissa,8,1.0,0.016275729984045,341,0.4,E5b_subtraction
59,9,subtraction,cleaned_up,12000,1.0,0.0157970320433378,39.9742264623275,mantissa,10,1.0,0.0157970320433378,341,0.4,E5b_subtraction
59,9,subtraction,cleaned_up,12000,1.0,0.0157970320433378,39.9742264623275,mantissa,12,1.0,0.0157970320433378,341,0.4,E5b_subtraction
59,9,subtraction,cleaned_up,12000,1.0,0.0157970320433378,39.9742264623275,mantissa,16,1.0,0.0157970320433378,341,0.4,E5b_subtraction
59,9,subtraction,cleaned_up,12000,1.0,0.0157970320433378,39.9742264623275,mantissa,23,1.0,0.0157970320433378,341,0.4,E5b_subtraction
59,9,subtraction,cleaned_up,12000,1.0,0.0157970320433378,39.9742264623275,nf,2,0.0797413811087608,0.0157970320433378,341,0.4,E5b_subtraction
59,9,subtraction,cleaned_up,12000,1.0,0.0157970320433378,39.9742264623275,nf,3,0.25,0.0201053135097026,341,0.4,E5b_subtraction
59,9,subtraction,cleaned_up,12000,1.0,0.0157970320433378,39.9742264623275,nf,4,0.5883620381355286,0.016275729984045,341,0.4,E5b_subtraction
59,9,subtraction,cleaned_up,12000,1.0,0.0157970320433378,39.9742264623275,nf,5,0.806034505367279,0.0177118238061666,341,0.4,E5b_subtraction
59,9,subtraction,cleaned_up,12000,1.0,0.0157970320433378,39.9742264623275,nf,6,0.8872126340866089,0.0181905217468738,341,0.4,E5b_subtraction
59,9,subtraction,cleaned_up,12000,1.0,0.0157970320433378,39.9742264623275,nf,8,0.9561781287193298,0.0205840114504098,341,0.4,E5b_subtraction
59,9,subtraction,cleaned_up,12000,1.0,0.0157970320433378,39.9742264623275,nf,10,0.9561781287193298,0.0205840114504098,341,0.4,E5b_subtraction
59,9,subtraction,cleaned_up,12000,1.0,0.0157970320433378,39.9742264623275,nf,12,0.9561781287193298,0.0205840114504098,341,0.4,E5b_subtraction
59,9,subtraction,cleaned_up,12000,1.0,0.0157970320433378,39.9742264623275,nf,16,0.9561781287193298,0.0205840114504098,341,0.4,E5b_subtraction
59,9,subtraction,cleaned_up,12000,1.0,0.0157970320433378,39.9742264623275,nf,23,1.0,0.0157970320433378,341,0.4,E5b_subtraction
59,10,subtraction,pre_grok,200,1.0,0.0545715652406215,38.34759518370867,int,2,0.0646551698446273,0.0244135949760675,341,0.4,E5b_subtraction
59,10,subtraction,pre_grok,200,1.0,0.0545715652406215,38.34759518370867,int,3,0.4008620679378509,0.0684538036584854,341,0.4,E5b_subtraction
59,10,subtraction,pre_grok,200,1.0,0.0545715652406215,38.34759518370867,int,4,0.6896551847457886,0.0646242201328277,341,0.4,E5b_subtraction
59,10,subtraction,pre_grok,200,1.0,0.0545715652406215,38.34759518370867,int,5,0.9403735399246216,0.0560076609253883,341,0.4,E5b_subtraction
59,10,subtraction,pre_grok,200,1.0,0.0545715652406215,38.34759518370867,int,6,0.9899425506591796,0.0569650530815124,341,0.4,E5b_subtraction
59,10,subtraction,pre_grok,200,1.0,0.0545715652406215,38.34759518370867,int,8,1.0,0.0545715652406215,341,0.4,E5b_subtraction
59,10,subtraction,pre_grok,200,1.0,0.0545715652406215,38.34759518370867,int,10,1.0,0.0550502613186836,341,0.4,E5b_subtraction
59,10,subtraction,pre_grok,200,1.0,0.0545715652406215,38.34759518370867,int,12,1.0,0.0545715652406215,341,0.4,E5b_subtraction
59,10,subtraction,pre_grok,200,1.0,0.0545715652406215,38.34759518370867,int,16,1.0,0.0545715652406215,341,0.4,E5b_subtraction
59,10,subtraction,pre_grok,200,1.0,0.0545715652406215,38.34759518370867,int,23,1.0,0.0545715652406215,341,0.4,E5b_subtraction
59,10,subtraction,pre_grok,200,1.0,0.0545715652406215,38.34759518370867,mantissa,2,0.9662356376647948,0.0579224526882171,341,0.4,E5b_subtraction
59,10,subtraction,pre_grok,200,1.0,0.0545715652406215,38.34759518370867,mantissa,3,0.9992815852165222,0.0536141693592071,341,0.4,E5b_subtraction
59,10,subtraction,pre_grok,200,1.0,0.0545715652406215,38.34759518370867,mantissa,4,0.9985632300376892,0.0564863570034503,341,0.4,E5b_subtraction
59,10,subtraction,pre_grok,200,1.0,0.0545715652406215,38.34759518370867,mantissa,5,1.0,0.0540928691625595,341,0.4,E5b_subtraction
59,10,subtraction,pre_grok,200,1.0,0.0545715652406215,38.34759518370867,mantissa,6,1.0,0.0545715652406215,341,0.4,E5b_subtraction
59,10,subtraction,pre_grok,200,1.0,0.0545715652406215,38.34759518370867,mantissa,8,1.0,0.0545715652406215,341,0.4,E5b_subtraction
59,10,subtraction,pre_grok,200,1.0,0.0545715652406215,38.34759518370867,mantissa,10,1.0,0.0545715652406215,341,0.4,E5b_subtraction
59,10,subtraction,pre_grok,200,1.0,0.0545715652406215,38.34759518370867,mantissa,12,1.0,0.0545715652406215,341,0.4,E5b_subtraction
59,10,subtraction,pre_grok,200,1.0,0.0545715652406215,38.34759518370867,mantissa,16,1.0,0.0545715652406215,341,0.4,E5b_subtraction
59,10,subtraction,pre_grok,200,1.0,0.0545715652406215,38.34759518370867,mantissa,23,1.0,0.0545715652406215,341,0.4,E5b_subtraction
59,10,subtraction,pre_grok,200,1.0,0.0545715652406215,38.34759518370867,nf,2,0.1745689660310745,0.0459550023078918,341,0.4,E5b_subtraction
59,10,subtraction,pre_grok,200,1.0,0.0545715652406215,38.34759518370867,nf,3,0.4410919547080993,0.0651029199361801,341,0.4,E5b_subtraction
59,10,subtraction,pre_grok,200,1.0,0.0545715652406215,38.34759518370867,nf,4,0.7428160905838013,0.0646242201328277,341,0.4,E5b_subtraction
59,10,subtraction,pre_grok,200,1.0,0.0545715652406215,38.34759518370867,nf,5,0.9367815852165222,0.0531354695558548,341,0.4,E5b_subtraction
59,10,subtraction,pre_grok,200,1.0,0.0545715652406215,38.34759518370867,nf,6,0.9906609058380128,0.0555289611220359,341,0.4,E5b_subtraction
59,10,subtraction,pre_grok,200,1.0,0.0545715652406215,38.34759518370867,nf,8,1.0,0.0545715652406215,341,0.4,E5b_subtraction
59,10,subtraction,pre_grok,200,1.0,0.0545715652406215,38.34759518370867,nf,10,1.0,0.0545715652406215,341,0.4,E5b_subtraction
59,10,subtraction,pre_grok,200,1.0,0.0545715652406215,38.34759518370867,nf,12,1.0,0.0545715652406215,341,0.4,E5b_subtraction
59,10,subtraction,pre_grok,200,1.0,0.0545715652406215,38.34759518370867,nf,16,1.0,0.0545715652406215,341,0.4,E5b_subtraction
59,10,subtraction,pre_grok,200,1.0,0.0545715652406215,38.34759518370867,nf,23,1.0,0.0545715652406215,341,0.4,E5b_subtraction
59,10,subtraction,cleaned_up,12000,1.0,0.1062709391117096,48.15023135598079,int,2,0.0179597698152065,0.0148396361619234,341,0.4,E5b_subtraction
59,10,subtraction,cleaned_up,12000,1.0,0.1062709391117096,48.15023135598079,int,3,0.0452586188912391,0.0224988032132387,341,0.4,E5b_subtraction
59,10,subtraction,cleaned_up,12000,1.0,0.1062709391117096,48.15023135598079,int,4,0.25,0.0545715652406215,341,0.4,E5b_subtraction
59,10,subtraction,cleaned_up,12000,1.0,0.1062709391117096,48.15023135598079,int,5,0.6860632300376892,0.0708472952246666,341,0.4,E5b_subtraction
59,10,subtraction,cleaned_up,12000,1.0,0.1062709391117096,48.15023135598079,int,6,0.9813218116760254,0.1033987551927566,341,0.4,E5b_subtraction
59,10,subtraction,cleaned_up,12000,1.0,0.1062709391117096,48.15023135598079,int,8,1.0,0.1043561547994613,341,0.4,E5b_subtraction
59,10,subtraction,cleaned_up,12000,1.0,0.1062709391117096,48.15023135598079,int,10,1.0,0.108185738325119,341,0.4,E5b_subtraction
59,10,subtraction,cleaned_up,12000,1.0,0.1062709391117096,48.15023135598079,int,12,1.0,0.1067496389150619,341,0.4,E5b_subtraction
59,10,subtraction,cleaned_up,12000,1.0,0.1062709391117096,48.15023135598079,int,16,1.0,0.1062709391117096,341,0.4,E5b_subtraction
59,10,subtraction,cleaned_up,12000,1.0,0.1062709391117096,48.15023135598079,int,23,1.0,0.1062709391117096,341,0.4,E5b_subtraction
59,10,subtraction,cleaned_up,12000,1.0,0.1062709391117096,48.15023135598079,mantissa,2,0.9971264600753784,0.1043561547994613,341,0.4,E5b_subtraction
59,10,subtraction,cleaned_up,12000,1.0,0.1062709391117096,48.15023135598079,mantissa,3,0.9992815852165222,0.1033987551927566,341,0.4,E5b_subtraction
59,10,subtraction,cleaned_up,12000,1.0,0.1062709391117096,48.15023135598079,mantissa,4,1.0,0.1067496389150619,341,0.4,E5b_subtraction
59,10,subtraction,cleaned_up,12000,1.0,0.1062709391117096,48.15023135598079,mantissa,5,1.0,0.1043561547994613,341,0.4,E5b_subtraction
59,10,subtraction,cleaned_up,12000,1.0,0.1062709391117096,48.15023135598079,mantissa,6,1.0,0.1067496389150619,341,0.4,E5b_subtraction
59,10,subtraction,cleaned_up,12000,1.0,0.1062709391117096,48.15023135598079,mantissa,8,1.0,0.1062709391117096,341,0.4,E5b_subtraction
59,10,subtraction,cleaned_up,12000,1.0,0.1062709391117096,48.15023135598079,mantissa,10,1.0,0.1062709391117096,341,0.4,E5b_subtraction
59,10,subtraction,cleaned_up,12000,1.0,0.1062709391117096,48.15023135598079,mantissa,12,1.0,0.1062709391117096,341,0.4,E5b_subtraction
59,10,subtraction,cleaned_up,12000,1.0,0.1062709391117096,48.15023135598079,mantissa,16,1.0,0.1062709391117096,341,0.4,E5b_subtraction
59,10,subtraction,cleaned_up,12000,1.0,0.1062709391117096,48.15023135598079,mantissa,23,1.0,0.1062709391117096,341,0.4,E5b_subtraction
59,10,subtraction,cleaned_up,12000,1.0,0.1062709391117096,48.15023135598079,nf,2,0.036637932062149,0.0239348970353603,341,0.4,E5b_subtraction
59,10,subtraction,cleaned_up,12000,1.0,0.1062709391117096,48.15023135598079,nf,3,0.125,0.0445189103484153,341,0.4,E5b_subtraction
59,10,subtraction,cleaned_up,12000,1.0,0.1062709391117096,48.15023135598079,nf,4,0.3031609058380127,0.0655816197395324,341,0.4,E5b_subtraction
59,10,subtraction,cleaned_up,12000,1.0,0.1062709391117096,48.15023135598079,nf,5,0.4899425208568573,0.0856869295239448,341,0.4,E5b_subtraction
59,10,subtraction,cleaned_up,12000,1.0,0.1062709391117096,48.15023135598079,nf,6,0.6321839094161987,0.0914313048124313,341,0.4,E5b_subtraction
59,10,subtraction,cleaned_up,12000,1.0,0.1062709391117096,48.15023135598079,nf,8,0.790229856967926,0.0957395881414413,341,0.4,E5b_subtraction
59,10,subtraction,cleaned_up,12000,1.0,0.1062709391117096,48.15023135598079,nf,10,0.790229856967926,0.0957395881414413,341,0.4,E5b_subtraction
59,10,subtraction,cleaned_up,12000,1.0,0.1062709391117096,48.15023135598079,nf,12,0.790229856967926,0.0957395881414413,341,0.4,E5b_subtraction
59,10,subtraction,cleaned_up,12000,1.0,0.1062709391117096,48.15023135598079,nf,16,0.790229856967926,0.0957395881414413,341,0.4,E5b_subtraction
59,10,subtraction,cleaned_up,12000,1.0,0.1062709391117096,48.15023135598079,nf,23,1.0,0.1062709391117096,341,0.4,E5b_subtraction
59,11,subtraction,pre_grok,200,1.0,0.0090952608734369,41.28924020315743,int,2,0.097701147198677,0.0172331258654594,341,0.4,E5b_subtraction
59,11,subtraction,pre_grok,200,1.0,0.0090952608734369,41.28924020315743,int,3,0.5660919547080994,0.0090952608734369,341,0.4,E5b_subtraction
59,11,subtraction,pre_grok,200,1.0,0.0090952608734369,41.28924020315743,int,4,0.8893678188323975,0.0105313546955585,341,0.4,E5b_subtraction
59,11,subtraction,pre_grok,200,1.0,0.0090952608734369,41.28924020315743,int,5,0.9964080452919006,0.0105313546955585,341,0.4,E5b_subtraction
59,11,subtraction,pre_grok,200,1.0,0.0090952608734369,41.28924020315743,int,6,1.0,0.0114887505769729,341,0.4,E5b_subtraction
59,11,subtraction,pre_grok,200,1.0,0.0090952608734369,41.28924020315743,int,8,1.0,0.0095739588141441,341,0.4,E5b_subtraction
59,11,subtraction,pre_grok,200,1.0,0.0090952608734369,41.28924020315743,int,10,1.0,0.0095739588141441,341,0.4,E5b_subtraction
59,11,subtraction,pre_grok,200,1.0,0.0090952608734369,41.28924020315743,int,12,1.0,0.0090952608734369,341,0.4,E5b_subtraction
59,11,subtraction,pre_grok,200,1.0,0.0090952608734369,41.28924020315743,int,16,1.0,0.0090952608734369,341,0.4,E5b_subtraction
59,11,subtraction,pre_grok,200,1.0,0.0090952608734369,41.28924020315743,int,23,1.0,0.0090952608734369,341,0.4,E5b_subtraction
59,11,subtraction,pre_grok,200,1.0,0.0090952608734369,41.28924020315743,mantissa,2,0.9985632300376892,0.0100526567548513,341,0.4,E5b_subtraction
59,11,subtraction,pre_grok,200,1.0,0.0090952608734369,41.28924020315743,mantissa,3,1.0,0.0105313546955585,341,0.4,E5b_subtraction
59,11,subtraction,pre_grok,200,1.0,0.0090952608734369,41.28924020315743,mantissa,4,1.0,0.0100526567548513,341,0.4,E5b_subtraction
59,11,subtraction,pre_grok,200,1.0,0.0090952608734369,41.28924020315743,mantissa,5,1.0,0.0100526567548513,341,0.4,E5b_subtraction
59,11,subtraction,pre_grok,200,1.0,0.0090952608734369,41.28924020315743,mantissa,6,1.0,0.0090952608734369,341,0.4,E5b_subtraction
59,11,subtraction,pre_grok,200,1.0,0.0090952608734369,41.28924020315743,mantissa,8,1.0,0.0090952608734369,341,0.4,E5b_subtraction
59,11,subtraction,pre_grok,200,1.0,0.0090952608734369,41.28924020315743,mantissa,10,1.0,0.0090952608734369,341,0.4,E5b_subtraction
59,11,subtraction,pre_grok,200,1.0,0.0090952608734369,41.28924020315743,mantissa,12,1.0,0.0090952608734369,341,0.4,E5b_subtraction
59,11,subtraction,pre_grok,200,1.0,0.0090952608734369,41.28924020315743,mantissa,16,1.0,0.0090952608734369,341,0.4,E5b_subtraction
59,11,subtraction,pre_grok,200,1.0,0.0090952608734369,41.28924020315743,mantissa,23,1.0,0.0090952608734369,341,0.4,E5b_subtraction
59,11,subtraction,pre_grok,200,1.0,0.0090952608734369,41.28924020315743,nf,2,0.352011501789093,0.0114887505769729,341,0.4,E5b_subtraction
59,11,subtraction,pre_grok,200,1.0,0.0090952608734369,41.28924020315743,nf,3,0.7112069129943848,0.0081378649920225,341,0.4,E5b_subtraction
59,11,subtraction,pre_grok,200,1.0,0.0090952608734369,41.28924020315743,nf,4,0.9303160905838012,0.0095739588141441,341,0.4,E5b_subtraction
59,11,subtraction,pre_grok,200,1.0,0.0090952608734369,41.28924020315743,nf,5,0.9913793206214904,0.0105313546955585,341,0.4,E5b_subtraction
59,11,subtraction,pre_grok,200,1.0,0.0090952608734369,41.28924020315743,nf,6,1.0,0.0114887505769729,341,0.4,E5b_subtraction
59,11,subtraction,pre_grok,200,1.0,0.0090952608734369,41.28924020315743,nf,8,1.0,0.0100526567548513,341,0.4,E5b_subtraction
59,11,subtraction,pre_grok,200,1.0,0.0090952608734369,41.28924020315743,nf,10,1.0,0.0100526567548513,341,0.4,E5b_subtraction
59,11,subtraction,pre_grok,200,1.0,0.0090952608734369,41.28924020315743,nf,12,1.0,0.0100526567548513,341,0.4,E5b_subtraction
59,11,subtraction,pre_grok,200,1.0,0.0090952608734369,41.28924020315743,nf,16,1.0,0.0100526567548513,341,0.4,E5b_subtraction
59,11,subtraction,pre_grok,200,1.0,0.0090952608734369,41.28924020315743,nf,23,1.0,0.0090952608734369,341,0.4,E5b_subtraction
59,11,subtraction,cleaned_up,12000,1.0,0.0114887505769729,46.72954835139177,int,2,0.0150862066075205,0.0177118238061666,341,0.4,E5b_subtraction
59,11,subtraction,cleaned_up,12000,1.0,0.0114887505769729,46.72954835139177,int,3,0.0668103471398353,0.0172331258654594,341,0.4,E5b_subtraction
59,11,subtraction,cleaned_up,12000,1.0,0.0114887505769729,46.72954835139177,int,4,0.3757183849811554,0.0224988032132387,341,0.4,E5b_subtraction
59,11,subtraction,cleaned_up,12000,1.0,0.0114887505769729,46.72954835139177,int,5,0.8146551847457886,0.0177118238061666,341,0.4,E5b_subtraction
59,11,subtraction,cleaned_up,12000,1.0,0.0114887505769729,46.72954835139177,int,6,0.9978448152542114,0.0134035423398017,341,0.4,E5b_subtraction
59,11,subtraction,cleaned_up,12000,1.0,0.0114887505769729,46.72954835139177,int,8,1.0,0.0129248443990945,341,0.4,E5b_subtraction
59,11,subtraction,cleaned_up,12000,1.0,0.0114887505769729,46.72954835139177,int,10,1.0,0.0114887505769729,341,0.4,E5b_subtraction
59,11,subtraction,cleaned_up,12000,1.0,0.0114887505769729,46.72954835139177,int,12,1.0,0.0114887505769729,341,0.4,E5b_subtraction
59,11,subtraction,cleaned_up,12000,1.0,0.0114887505769729,46.72954835139177,int,16,1.0,0.0114887505769729,341,0.4,E5b_subtraction
59,11,subtraction,cleaned_up,12000,1.0,0.0114887505769729,46.72954835139177,int,23,1.0,0.0114887505769729,341,0.4,E5b_subtraction
59,11,subtraction,cleaned_up,12000,1.0,0.0114887505769729,46.72954835139177,mantissa,2,1.0,0.0119674485176801,341,0.4,E5b_subtraction
59,11,subtraction,cleaned_up,12000,1.0,0.0114887505769729,46.72954835139177,mantissa,3,1.0,0.0119674485176801,341,0.4,E5b_subtraction
59,11,subtraction,cleaned_up,12000,1.0,0.0114887505769729,46.72954835139177,mantissa,4,1.0,0.0124461464583873,341,0.4,E5b_subtraction
59,11,subtraction,cleaned_up,12000,1.0,0.0114887505769729,46.72954835139177,mantissa,5,1.0,0.0114887505769729,341,0.4,E5b_subtraction
59,11,subtraction,cleaned_up,12000,1.0,0.0114887505769729,46.72954835139177,mantissa,6,1.0,0.0119674485176801,341,0.4,E5b_subtraction
59,11,subtraction,cleaned_up,12000,1.0,0.0114887505769729,46.72954835139177,mantissa,8,1.0,0.0114887505769729,341,0.4,E5b_subtraction
59,11,subtraction,cleaned_up,12000,1.0,0.0114887505769729,46.72954835139177,mantissa,10,1.0,0.0114887505769729,341,0.4,E5b_subtraction
59,11,subtraction,cleaned_up,12000,1.0,0.0114887505769729,46.72954835139177,mantissa,12,1.0,0.0114887505769729,341,0.4,E5b_subtraction
59,11,subtraction,cleaned_up,12000,1.0,0.0114887505769729,46.72954835139177,mantissa,16,1.0,0.0114887505769729,341,0.4,E5b_subtraction
59,11,subtraction,cleaned_up,12000,1.0,0.0114887505769729,46.72954835139177,mantissa,23,1.0,0.0114887505769729,341,0.4,E5b_subtraction
59,11,subtraction,cleaned_up,12000,1.0,0.0114887505769729,46.72954835139177,nf,2,0.0488505735993385,0.0143609382212162,341,0.4,E5b_subtraction
59,11,subtraction,cleaned_up,12000,1.0,0.0114887505769729,46.72954835139177,nf,3,0.2104884982109069,0.0148396361619234,341,0.4,E5b_subtraction
59,11,subtraction,cleaned_up,12000,1.0,0.0114887505769729,46.72954835139177,nf,4,0.4992816150188446,0.0153183341026306,341,0.4,E5b_subtraction
59,11,subtraction,cleaned_up,12000,1.0,0.0114887505769729,46.72954835139177,nf,5,0.7880747318267822,0.0134035423398017,341,0.4,E5b_subtraction
59,11,subtraction,cleaned_up,12000,1.0,0.0114887505769729,46.72954835139177,nf,6,0.910201132297516,0.0129248443990945,341,0.4,E5b_subtraction
59,11,subtraction,cleaned_up,12000,1.0,0.0114887505769729,46.72954835139177,nf,8,0.9806034564971924,0.0148396361619234,341,0.4,E5b_subtraction
59,11,subtraction,cleaned_up,12000,1.0,0.0114887505769729,46.72954835139177,nf,10,0.9806034564971924,0.0148396361619234,341,0.4,E5b_subtraction
59,11,subtraction,cleaned_up,12000,1.0,0.0114887505769729,46.72954835139177,nf,12,0.9806034564971924,0.0148396361619234,341,0.4,E5b_subtraction
59,11,subtraction,cleaned_up,12000,1.0,0.0114887505769729,46.72954835139177,nf,16,0.9806034564971924,0.0148396361619234,341,0.4,E5b_subtraction
59,11,subtraction,cleaned_up,12000,1.0,0.0114887505769729,46.72954835139177,nf,23,1.0,0.0114887505769729,341,0.4,E5b_subtraction
59,12,subtraction,pre_grok,200,1.0,0.0129248443990945,40.88555629131344,int,2,0.0926724150776863,0.018669219687581,341,0.4,E5b_subtraction
59,12,subtraction,pre_grok,200,1.0,0.0129248443990945,40.88555629131344,int,3,0.4827586114406585,0.0134035423398017,341,0.4,E5b_subtraction
59,12,subtraction,pre_grok,200,1.0,0.0129248443990945,40.88555629131344,int,4,0.8807471394538879,0.0129248443990945,341,0.4,E5b_subtraction
59,12,subtraction,pre_grok,200,1.0,0.0129248443990945,40.88555629131344,int,5,0.989224135875702,0.0153183341026306,341,0.4,E5b_subtraction
59,12,subtraction,pre_grok,200,1.0,0.0129248443990945,40.88555629131344,int,6,1.0,0.0119674485176801,341,0.4,E5b_subtraction
59,12,subtraction,pre_grok,200,1.0,0.0129248443990945,40.88555629131344,int,8,1.0,0.0129248443990945,341,0.4,E5b_subtraction
59,12,subtraction,pre_grok,200,1.0,0.0129248443990945,40.88555629131344,int,10,1.0,0.0129248443990945,341,0.4,E5b_subtraction
59,12,subtraction,pre_grok,200,1.0,0.0129248443990945,40.88555629131344,int,12,1.0,0.0129248443990945,341,0.4,E5b_subtraction
59,12,subtraction,pre_grok,200,1.0,0.0129248443990945,40.88555629131344,int,16,1.0,0.0129248443990945,341,0.4,E5b_subtraction
59,12,subtraction,pre_grok,200,1.0,0.0129248443990945,40.88555629131344,int,23,1.0,0.0129248443990945,341,0.4,E5b_subtraction
59,12,subtraction,pre_grok,200,1.0,0.0129248443990945,40.88555629131344,mantissa,2,0.9985632300376892,0.0105313546955585,341,0.4,E5b_subtraction
59,12,subtraction,pre_grok,200,1.0,0.0129248443990945,40.88555629131344,mantissa,3,1.0,0.0119674485176801,341,0.4,E5b_subtraction
59,12,subtraction,pre_grok,200,1.0,0.0129248443990945,40.88555629131344,mantissa,4,1.0,0.0134035423398017,341,0.4,E5b_subtraction
59,12,subtraction,pre_grok,200,1.0,0.0129248443990945,40.88555629131344,mantissa,5,1.0,0.0129248443990945,341,0.4,E5b_subtraction
59,12,subtraction,pre_grok,200,1.0,0.0129248443990945,40.88555629131344,mantissa,6,1.0,0.0129248443990945,341,0.4,E5b_subtraction
59,12,subtraction,pre_grok,200,1.0,0.0129248443990945,40.88555629131344,mantissa,8,1.0,0.0129248443990945,341,0.4,E5b_subtraction
59,12,subtraction,pre_grok,200,1.0,0.0129248443990945,40.88555629131344,mantissa,10,1.0,0.0129248443990945,341,0.4,E5b_subtraction
59,12,subtraction,pre_grok,200,1.0,0.0129248443990945,40.88555629131344,mantissa,12,1.0,0.0129248443990945,341,0.4,E5b_subtraction
59,12,subtraction,pre_grok,200,1.0,0.0129248443990945,40.88555629131344,mantissa,16,1.0,0.0129248443990945,341,0.4,E5b_subtraction
59,12,subtraction,pre_grok,200,1.0,0.0129248443990945,40.88555629131344,mantissa,23,1.0,0.0129248443990945,341,0.4,E5b_subtraction
59,12,subtraction,pre_grok,200,1.0,0.0129248443990945,40.88555629131344,nf,2,0.2966954112052917,0.016275729984045,341,0.4,E5b_subtraction
59,12,subtraction,pre_grok,200,1.0,0.0129248443990945,40.88555629131344,nf,3,0.6271551847457886,0.0110100526362657,341,0.4,E5b_subtraction
59,12,subtraction,pre_grok,200,1.0,0.0129248443990945,40.88555629131344,nf,4,0.9037356376647948,0.0110100526362657,341,0.4,E5b_subtraction
59,12,subtraction,pre_grok,200,1.0,0.0129248443990945,40.88555629131344,nf,5,0.9856321811676024,0.0114887505769729,341,0.4,E5b_subtraction
59,12,subtraction,pre_grok,200,1.0,0.0129248443990945,40.88555629131344,nf,6,1.0,0.0134035423398017,341,0.4,E5b_subtraction
59,12,subtraction,pre_grok,200,1.0,0.0129248443990945,40.88555629131344,nf,8,1.0,0.0134035423398017,341,0.4,E5b_subtraction
59,12,subtraction,pre_grok,200,1.0,0.0129248443990945,40.88555629131344,nf,10,1.0,0.0134035423398017,341,0.4,E5b_subtraction
59,12,subtraction,pre_grok,200,1.0,0.0129248443990945,40.88555629131344,nf,12,1.0,0.0134035423398017,341,0.4,E5b_subtraction
59,12,subtraction,pre_grok,200,1.0,0.0129248443990945,40.88555629131344,nf,16,1.0,0.0134035423398017,341,0.4,E5b_subtraction
59,12,subtraction,pre_grok,200,1.0,0.0129248443990945,40.88555629131344,nf,23,1.0,0.0129248443990945,341,0.4,E5b_subtraction
59,12,subtraction,cleaned_up,12000,1.0,0.0244135949760675,47.25975567150362,int,2,0.0215517245233058,0.0157970320433378,341,0.4,E5b_subtraction
59,12,subtraction,cleaned_up,12000,1.0,0.0244135949760675,47.25975567150362,int,3,0.0625,0.0268070846796035,341,0.4,E5b_subtraction
59,12,subtraction,cleaned_up,12000,1.0,0.0244135949760675,47.25975567150362,int,4,0.3462643623352051,0.0201053135097026,341,0.4,E5b_subtraction
59,12,subtraction,cleaned_up,12000,1.0,0.0244135949760675,47.25975567150362,int,5,0.8419539928436279,0.0224988032132387,341,0.4,E5b_subtraction
59,12,subtraction,cleaned_up,12000,1.0,0.0244135949760675,47.25975567150362,int,6,0.9956896305084229,0.0263283867388963,341,0.4,E5b_subtraction
59,12,subtraction,cleaned_up,12000,1.0,0.0244135949760675,47.25975567150362,int,8,1.0,0.0253709908574819,341,0.4,E5b_subtraction
59,12,subtraction,cleaned_up,12000,1.0,0.0244135949760675,47.25975567150362,int,10,1.0,0.0239348970353603,341,0.4,E5b_subtraction
59,12,subtraction,cleaned_up,12000,1.0,0.0244135949760675,47.25975567150362,int,12,1.0,0.0244135949760675,341,0.4,E5b_subtraction
59,12,subtraction,cleaned_up,12000,1.0,0.0244135949760675,47.25975567150362,int,16,1.0,0.0244135949760675,341,0.4,E5b_subtraction
59,12,subtraction,cleaned_up,12000,1.0,0.0244135949760675,47.25975567150362,int,23,1.0,0.0244135949760675,341,0.4,E5b_subtraction
59,12,subtraction,cleaned_up,12000,1.0,0.0244135949760675,47.25975567150362,mantissa,2,1.0,0.0224988032132387,341,0.4,E5b_subtraction
59,12,subtraction,cleaned_up,12000,1.0,0.0244135949760675,47.25975567150362,mantissa,3,1.0,0.0244135949760675,341,0.4,E5b_subtraction
59,12,subtraction,cleaned_up,12000,1.0,0.0244135949760675,47.25975567150362,mantissa,4,1.0,0.0244135949760675,341,0.4,E5b_subtraction
59,12,subtraction,cleaned_up,12000,1.0,0.0244135949760675,47.25975567150362,mantissa,5,1.0,0.0244135949760675,341,0.4,E5b_subtraction
59,12,subtraction,cleaned_up,12000,1.0,0.0244135949760675,47.25975567150362,mantissa,6,1.0,0.0239348970353603,341,0.4,E5b_subtraction
59,12,subtraction,cleaned_up,12000,1.0,0.0244135949760675,47.25975567150362,mantissa,8,1.0,0.0244135949760675,341,0.4,E5b_subtraction
59,12,subtraction,cleaned_up,12000,1.0,0.0244135949760675,47.25975567150362,mantissa,10,1.0,0.0244135949760675,341,0.4,E5b_subtraction
59,12,subtraction,cleaned_up,12000,1.0,0.0244135949760675,47.25975567150362,mantissa,12,1.0,0.0244135949760675,341,0.4,E5b_subtraction
59,12,subtraction,cleaned_up,12000,1.0,0.0244135949760675,47.25975567150362,mantissa,16,1.0,0.0244135949760675,341,0.4,E5b_subtraction
59,12,subtraction,cleaned_up,12000,1.0,0.0244135949760675,47.25975567150362,mantissa,23,1.0,0.0244135949760675,341,0.4,E5b_subtraction
59,12,subtraction,cleaned_up,12000,1.0,0.0244135949760675,47.25975567150362,nf,2,0.0517241358757019,0.0148396361619234,341,0.4,E5b_subtraction
59,12,subtraction,cleaned_up,12000,1.0,0.0244135949760675,47.25975567150362,nf,3,0.2147988528013229,0.0143609382212162,341,0.4,E5b_subtraction
59,12,subtraction,cleaned_up,12000,1.0,0.0244135949760675,47.25975567150362,nf,4,0.5035919547080994,0.0253709908574819,341,0.4,E5b_subtraction
59,12,subtraction,cleaned_up,12000,1.0,0.0244135949760675,47.25975567150362,nf,5,0.6997126340866089,0.0191479176282882,341,0.4,E5b_subtraction
59,12,subtraction,cleaned_up,12000,1.0,0.0244135949760675,47.25975567150362,nf,6,0.8268678188323975,0.0229775011539459,341,0.4,E5b_subtraction
59,12,subtraction,cleaned_up,12000,1.0,0.0244135949760675,47.25975567150362,nf,8,0.9446839094161988,0.0234561990946531,341,0.4,E5b_subtraction
59,12,subtraction,cleaned_up,12000,1.0,0.0244135949760675,47.25975567150362,nf,10,0.9446839094161988,0.0234561990946531,341,0.4,E5b_subtraction
59,12,subtraction,cleaned_up,12000,1.0,0.0244135949760675,47.25975567150362,nf,12,0.9446839094161988,0.0234561990946531,341,0.4,E5b_subtraction
59,12,subtraction,cleaned_up,12000,1.0,0.0244135949760675,47.25975567150362,nf,16,0.9446839094161988,0.0234561990946531,341,0.4,E5b_subtraction
59,12,subtraction,cleaned_up,12000,1.0,0.0244135949760675,47.25975567150362,nf,23,1.0,0.0244135949760675,341,0.4,E5b_subtraction
59,13,subtraction,pre_grok,200,1.0,0.0086165629327297,41.39961504768765,int,2,0.0847701132297515,0.0167544279247522,341,0.4,E5b_subtraction
59,13,subtraction,pre_grok,200,1.0,0.0086165629327297,41.39961504768765,int,3,0.5531609058380127,0.0100526567548513,341,0.4,E5b_subtraction
59,13,subtraction,pre_grok,200,1.0,0.0086165629327297,41.39961504768765,int,4,0.897988498210907,0.0086165629327297,341,0.4,E5b_subtraction
59,13,subtraction,pre_grok,200,1.0,0.0086165629327297,41.39961504768765,int,5,0.9964080452919006,0.0090952608734369,341,0.4,E5b_subtraction
59,13,subtraction,pre_grok,200,1.0,0.0086165629327297,41.39961504768765,int,6,1.0,0.0086165629327297,341,0.4,E5b_subtraction
59,13,subtraction,pre_grok,200,1.0,0.0086165629327297,41.39961504768765,int,8,1.0,0.0081378649920225,341,0.4,E5b_subtraction
59,13,subtraction,pre_grok,200,1.0,0.0086165629327297,41.39961504768765,int,10,1.0,0.0086165629327297,341,0.4,E5b_subtraction
59,13,subtraction,pre_grok,200,1.0,0.0086165629327297,41.39961504768765,int,12,1.0,0.0086165629327297,341,0.4,E5b_subtraction
59,13,subtraction,pre_grok,200,1.0,0.0086165629327297,41.39961504768765,int,16,1.0,0.0086165629327297,341,0.4,E5b_subtraction
59,13,subtraction,pre_grok,200,1.0,0.0086165629327297,41.39961504768765,int,23,1.0,0.0086165629327297,341,0.4,E5b_subtraction
59,13,subtraction,pre_grok,200,1.0,0.0086165629327297,41.39961504768765,mantissa,2,0.9928160905838012,0.0081378649920225,341,0.4,E5b_subtraction
59,13,subtraction,pre_grok,200,1.0,0.0086165629327297,41.39961504768765,mantissa,3,1.0,0.0086165629327297,341,0.4,E5b_subtraction
59,13,subtraction,pre_grok,200,1.0,0.0086165629327297,41.39961504768765,mantissa,4,1.0,0.0090952608734369,341,0.4,E5b_subtraction
59,13,subtraction,pre_grok,200,1.0,0.0086165629327297,41.39961504768765,mantissa,5,1.0,0.0081378649920225,341,0.4,E5b_subtraction
59,13,subtraction,pre_grok,200,1.0,0.0086165629327297,41.39961504768765,mantissa,6,1.0,0.0081378649920225,341,0.4,E5b_subtraction
59,13,subtraction,pre_grok,200,1.0,0.0086165629327297,41.39961504768765,mantissa,8,1.0,0.0086165629327297,341,0.4,E5b_subtraction
59,13,subtraction,pre_grok,200,1.0,0.0086165629327297,41.39961504768765,mantissa,10,1.0,0.0086165629327297,341,0.4,E5b_subtraction
59,13,subtraction,pre_grok,200,1.0,0.0086165629327297,41.39961504768765,mantissa,12,1.0,0.0086165629327297,341,0.4,E5b_subtraction
59,13,subtraction,pre_grok,200,1.0,0.0086165629327297,41.39961504768765,mantissa,16,1.0,0.0086165629327297,341,0.4,E5b_subtraction
59,13,subtraction,pre_grok,200,1.0,0.0086165629327297,41.39961504768765,mantissa,23,1.0,0.0086165629327297,341,0.4,E5b_subtraction
59,13,subtraction,pre_grok,200,1.0,0.0086165629327297,41.39961504768765,nf,2,0.3204022943973541,0.0119674485176801,341,0.4,E5b_subtraction
59,13,subtraction,pre_grok,200,1.0,0.0086165629327297,41.39961504768765,nf,3,0.6760057210922241,0.0119674485176801,341,0.4,E5b_subtraction
59,13,subtraction,pre_grok,200,1.0,0.0086165629327297,41.39961504768765,nf,4,0.9051724076271056,0.0090952608734369,341,0.4,E5b_subtraction
59,13,subtraction,pre_grok,200,1.0,0.0086165629327297,41.39961504768765,nf,5,0.989224135875702,0.0090952608734369,341,0.4,E5b_subtraction
59,13,subtraction,pre_grok,200,1.0,0.0086165629327297,41.39961504768765,nf,6,1.0,0.0086165629327297,341,0.4,E5b_subtraction
59,13,subtraction,pre_grok,200,1.0,0.0086165629327297,41.39961504768765,nf,8,1.0,0.0090952608734369,341,0.4,E5b_subtraction
59,13,subtraction,pre_grok,200,1.0,0.0086165629327297,41.39961504768765,nf,10,1.0,0.0090952608734369,341,0.4,E5b_subtraction
59,13,subtraction,pre_grok,200,1.0,0.0086165629327297,41.39961504768765,nf,12,1.0,0.0090952608734369,341,0.4,E5b_subtraction
59,13,subtraction,pre_grok,200,1.0,0.0086165629327297,41.39961504768765,nf,16,1.0,0.0090952608734369,341,0.4,E5b_subtraction
59,13,subtraction,pre_grok,200,1.0,0.0086165629327297,41.39961504768765,nf,23,1.0,0.0086165629327297,341,0.4,E5b_subtraction
59,13,subtraction,cleaned_up,12000,1.0,0.0119674485176801,49.62146010853333,int,2,0.0186781603842973,0.0153183341026306,341,0.4,E5b_subtraction
59,13,subtraction,cleaned_up,12000,1.0,0.0119674485176801,49.62146010853333,int,3,0.0668103471398353,0.0191479176282882,341,0.4,E5b_subtraction
59,13,subtraction,cleaned_up,12000,1.0,0.0119674485176801,49.62146010853333,int,4,0.3498563170433044,0.0153183341026306,341,0.4,E5b_subtraction
59,13,subtraction,cleaned_up,12000,1.0,0.0119674485176801,49.62146010853333,int,5,0.727729856967926,0.0105313546955585,341,0.4,E5b_subtraction
59,13,subtraction,cleaned_up,12000,1.0,0.0119674485176801,49.62146010853333,int,6,0.9849137663841248,0.0124461464583873,341,0.4,E5b_subtraction
59,13,subtraction,cleaned_up,12000,1.0,0.0119674485176801,49.62146010853333,int,8,1.0,0.0124461464583873,341,0.4,E5b_subtraction
59,13,subtraction,cleaned_up,12000,1.0,0.0119674485176801,49.62146010853333,int,10,1.0,0.0119674485176801,341,0.4,E5b_subtraction
59,13,subtraction,cleaned_up,12000,1.0,0.0119674485176801,49.62146010853333,int,12,1.0,0.0119674485176801,341,0.4,E5b_subtraction
59,13,subtraction,cleaned_up,12000,1.0,0.0119674485176801,49.62146010853333,int,16,1.0,0.0119674485176801,341,0.4,E5b_subtraction
59,13,subtraction,cleaned_up,12000,1.0,0.0119674485176801,49.62146010853333,int,23,1.0,0.0119674485176801,341,0.4,E5b_subtraction
59,13,subtraction,cleaned_up,12000,1.0,0.0119674485176801,49.62146010853333,mantissa,2,1.0,0.0124461464583873,341,0.4,E5b_subtraction
59,13,subtraction,cleaned_up,12000,1.0,0.0119674485176801,49.62146010853333,mantissa,3,1.0,0.0114887505769729,341,0.4,E5b_subtraction
59,13,subtraction,cleaned_up,12000,1.0,0.0119674485176801,49.62146010853333,mantissa,4,1.0,0.0124461464583873,341,0.4,E5b_subtraction
59,13,subtraction,cleaned_up,12000,1.0,0.0119674485176801,49.62146010853333,mantissa,5,1.0,0.0119674485176801,341,0.4,E5b_subtraction
59,13,subtraction,cleaned_up,12000,1.0,0.0119674485176801,49.62146010853333,mantissa,6,1.0,0.0114887505769729,341,0.4,E5b_subtraction
59,13,subtraction,cleaned_up,12000,1.0,0.0119674485176801,49.62146010853333,mantissa,8,1.0,0.0119674485176801,341,0.4,E5b_subtraction
59,13,subtraction,cleaned_up,12000,1.0,0.0119674485176801,49.62146010853333,mantissa,10,1.0,0.0119674485176801,341,0.4,E5b_subtraction
59,13,subtraction,cleaned_up,12000,1.0,0.0119674485176801,49.62146010853333,mantissa,12,1.0,0.0119674485176801,341,0.4,E5b_subtraction
59,13,subtraction,cleaned_up,12000,1.0,0.0119674485176801,49.62146010853333,mantissa,16,1.0,0.0119674485176801,341,0.4,E5b_subtraction
59,13,subtraction,cleaned_up,12000,1.0,0.0119674485176801,49.62146010853333,mantissa,23,1.0,0.0119674485176801,341,0.4,E5b_subtraction
59,13,subtraction,cleaned_up,12000,1.0,0.0119674485176801,49.62146010853333,nf,2,0.0431034490466117,0.0157970320433378,341,0.4,E5b_subtraction
59,13,subtraction,cleaned_up,12000,1.0,0.0119674485176801,49.62146010853333,nf,3,0.1795977056026458,0.0172331258654594,341,0.4,E5b_subtraction
59,13,subtraction,cleaned_up,12000,1.0,0.0119674485176801,49.62146010853333,nf,4,0.4267241358757019,0.0191479176282882,341,0.4,E5b_subtraction
59,13,subtraction,cleaned_up,12000,1.0,0.0119674485176801,49.62146010853333,nf,5,0.6436781883239746,0.0167544279247522,341,0.4,E5b_subtraction
59,13,subtraction,cleaned_up,12000,1.0,0.0119674485176801,49.62146010853333,nf,6,0.8010057210922241,0.0177118238061666,341,0.4,E5b_subtraction
59,13,subtraction,cleaned_up,12000,1.0,0.0119674485176801,49.62146010853333,nf,8,0.9238505959510804,0.0153183341026306,341,0.4,E5b_subtraction
59,13,subtraction,cleaned_up,12000,1.0,0.0119674485176801,49.62146010853333,nf,10,0.9238505959510804,0.0153183341026306,341,0.4,E5b_subtraction
59,13,subtraction,cleaned_up,12000,1.0,0.0119674485176801,49.62146010853333,nf,12,0.9238505959510804,0.0153183341026306,341,0.4,E5b_subtraction
59,13,subtraction,cleaned_up,12000,1.0,0.0119674485176801,49.62146010853333,nf,16,0.9238505959510804,0.0153183341026306,341,0.4,E5b_subtraction
59,13,subtraction,cleaned_up,12000,1.0,0.0119674485176801,49.62146010853333,nf,23,1.0,0.0119674485176801,341,0.4,E5b_subtraction
59,14,subtraction,pre_grok,200,1.0,0.0119674485176801,40.99234636471185,int,2,0.0696839094161987,0.0181905217468738,341,0.4,E5b_subtraction
59,14,subtraction,pre_grok,200,1.0,0.0119674485176801,40.99234636471185,int,3,0.5186781883239746,0.0143609382212162,341,0.4,E5b_subtraction
59,14,subtraction,pre_grok,200,1.0,0.0119674485176801,40.99234636471185,int,4,0.8376436829566956,0.0129248443990945,341,0.4,E5b_subtraction
59,14,subtraction,pre_grok,200,1.0,0.0119674485176801,40.99234636471185,int,5,0.9906609058380128,0.0134035423398017,341,0.4,E5b_subtraction
59,14,subtraction,pre_grok,200,1.0,0.0119674485176801,40.99234636471185,int,6,1.0,0.0119674485176801,341,0.4,E5b_subtraction
59,14,subtraction,pre_grok,200,1.0,0.0119674485176801,40.99234636471185,int,8,1.0,0.0119674485176801,341,0.4,E5b_subtraction
59,14,subtraction,pre_grok,200,1.0,0.0119674485176801,40.99234636471185,int,10,1.0,0.0119674485176801,341,0.4,E5b_subtraction
59,14,subtraction,pre_grok,200,1.0,0.0119674485176801,40.99234636471185,int,12,1.0,0.0119674485176801,341,0.4,E5b_subtraction
59,14,subtraction,pre_grok,200,1.0,0.0119674485176801,40.99234636471185,int,16,1.0,0.0119674485176801,341,0.4,E5b_subtraction
59,14,subtraction,pre_grok,200,1.0,0.0119674485176801,40.99234636471185,int,23,1.0,0.0119674485176801,341,0.4,E5b_subtraction
59,14,subtraction,pre_grok,200,1.0,0.0119674485176801,40.99234636471185,mantissa,2,0.9856321811676024,0.0105313546955585,341,0.4,E5b_subtraction
59,14,subtraction,pre_grok,200,1.0,0.0119674485176801,40.99234636471185,mantissa,3,1.0,0.0119674485176801,341,0.4,E5b_subtraction
59,14,subtraction,pre_grok,200,1.0,0.0119674485176801,40.99234636471185,mantissa,4,1.0,0.0114887505769729,341,0.4,E5b_subtraction
59,14,subtraction,pre_grok,200,1.0,0.0119674485176801,40.99234636471185,mantissa,5,1.0,0.0119674485176801,341,0.4,E5b_subtraction
59,14,subtraction,pre_grok,200,1.0,0.0119674485176801,40.99234636471185,mantissa,6,1.0,0.0119674485176801,341,0.4,E5b_subtraction
59,14,subtraction,pre_grok,200,1.0,0.0119674485176801,40.99234636471185,mantissa,8,1.0,0.0119674485176801,341,0.4,E5b_subtraction
59,14,subtraction,pre_grok,200,1.0,0.0119674485176801,40.99234636471185,mantissa,10,1.0,0.0119674485176801,341,0.4,E5b_subtraction
59,14,subtraction,pre_grok,200,1.0,0.0119674485176801,40.99234636471185,mantissa,12,1.0,0.0119674485176801,341,0.4,E5b_subtraction
59,14,subtraction,pre_grok,200,1.0,0.0119674485176801,40.99234636471185,mantissa,16,1.0,0.0119674485176801,341,0.4,E5b_subtraction
59,14,subtraction,pre_grok,200,1.0,0.0119674485176801,40.99234636471185,mantissa,23,1.0,0.0119674485176801,341,0.4,E5b_subtraction
59,14,subtraction,pre_grok,200,1.0,0.0119674485176801,40.99234636471185,nf,2,0.2830459773540497,0.0134035423398017,341,0.4,E5b_subtraction
59,14,subtraction,pre_grok,200,1.0,0.0119674485176801,40.99234636471185,nf,3,0.5739942789077759,0.0134035423398017,341,0.4,E5b_subtraction
59,14,subtraction,pre_grok,200,1.0,0.0119674485176801,40.99234636471185,nf,4,0.8879310488700867,0.0110100526362657,341,0.4,E5b_subtraction
59,14,subtraction,pre_grok,200,1.0,0.0119674485176801,40.99234636471185,nf,5,0.9870689511299132,0.0110100526362657,341,0.4,E5b_subtraction
59,14,subtraction,pre_grok,200,1.0,0.0119674485176801,40.99234636471185,nf,6,0.9992815852165222,0.0114887505769729,341,0.4,E5b_subtraction
59,14,subtraction,pre_grok,200,1.0,0.0119674485176801,40.99234636471185,nf,8,1.0,0.0119674485176801,341,0.4,E5b_subtraction
59,14,subtraction,pre_grok,200,1.0,0.0119674485176801,40.99234636471185,nf,10,1.0,0.0119674485176801,341,0.4,E5b_subtraction
59,14,subtraction,pre_grok,200,1.0,0.0119674485176801,40.99234636471185,nf,12,1.0,0.0119674485176801,341,0.4,E5b_subtraction
59,14,subtraction,pre_grok,200,1.0,0.0119674485176801,40.99234636471185,nf,16,1.0,0.0119674485176801,341,0.4,E5b_subtraction
59,14,subtraction,pre_grok,200,1.0,0.0119674485176801,40.99234636471185,nf,23,1.0,0.0119674485176801,341,0.4,E5b_subtraction
59,14,subtraction,cleaned_up,12000,1.0,0.0689325034618377,48.823396685127214,int,2,0.0143678160384297,0.0148396361619234,341,0.4,E5b_subtraction
59,14,subtraction,cleaned_up,12000,1.0,0.0689325034618377,48.823396685127214,int,3,0.0725574716925621,0.0248922929167747,341,0.4,E5b_subtraction
59,14,subtraction,cleaned_up,12000,1.0,0.0689325034618377,48.823396685127214,int,4,0.2816092073917389,0.0435615107417106,341,0.4,E5b_subtraction
59,14,subtraction,cleaned_up,12000,1.0,0.0689325034618377,48.823396685127214,int,5,0.7370689511299133,0.0579224526882171,341,0.4,E5b_subtraction
59,14,subtraction,cleaned_up,12000,1.0,0.0689325034618377,48.823396685127214,int,6,0.9949712753295898,0.0670177116990089,341,0.4,E5b_subtraction
59,14,subtraction,cleaned_up,12000,1.0,0.0689325034618377,48.823396685127214,int,8,1.0,0.0741981789469719,341,0.4,E5b_subtraction
59,14,subtraction,cleaned_up,12000,1.0,0.0689325034618377,48.823396685127214,int,10,1.0,0.0698899030685424,341,0.4,E5b_subtraction
59,14,subtraction,cleaned_up,12000,1.0,0.0689325034618377,48.823396685127214,int,12,1.0,0.0689325034618377,341,0.4,E5b_subtraction
59,14,subtraction,cleaned_up,12000,1.0,0.0689325034618377,48.823396685127214,int,16,1.0,0.0689325034618377,341,0.4,E5b_subtraction
59,14,subtraction,cleaned_up,12000,1.0,0.0689325034618377,48.823396685127214,int,23,1.0,0.0689325034618377,341,0.4,E5b_subtraction
59,14,subtraction,cleaned_up,12000,1.0,0.0689325034618377,48.823396685127214,mantissa,2,0.9992815852165222,0.0746768787503242,341,0.4,E5b_subtraction
59,14,subtraction,cleaned_up,12000,1.0,0.0689325034618377,48.823396685127214,mantissa,3,1.0,0.0708472952246666,341,0.4,E5b_subtraction
59,14,subtraction,cleaned_up,12000,1.0,0.0689325034618377,48.823396685127214,mantissa,4,1.0,0.067975103855133,341,0.4,E5b_subtraction
59,14,subtraction,cleaned_up,12000,1.0,0.0689325034618377,48.823396685127214,mantissa,5,1.0,0.0689325034618377,341,0.4,E5b_subtraction
59,14,subtraction,cleaned_up,12000,1.0,0.0689325034618377,48.823396685127214,mantissa,6,1.0,0.0684538036584854,341,0.4,E5b_subtraction
59,14,subtraction,cleaned_up,12000,1.0,0.0689325034618377,48.823396685127214,mantissa,8,1.0,0.0689325034618377,341,0.4,E5b_subtraction
59,14,subtraction,cleaned_up,12000,1.0,0.0689325034618377,48.823396685127214,mantissa,10,1.0,0.0689325034618377,341,0.4,E5b_subtraction
59,14,subtraction,cleaned_up,12000,1.0,0.0689325034618377,48.823396685127214,mantissa,12,1.0,0.0689325034618377,341,0.4,E5b_subtraction
59,14,subtraction,cleaned_up,12000,1.0,0.0689325034618377,48.823396685127214,mantissa,16,1.0,0.0689325034618377,341,0.4,E5b_subtraction
59,14,subtraction,cleaned_up,12000,1.0,0.0689325034618377,48.823396685127214,mantissa,23,1.0,0.0689325034618377,341,0.4,E5b_subtraction
59,14,subtraction,cleaned_up,12000,1.0,0.0689325034618377,48.823396685127214,nf,2,0.0718390792608261,0.0244135949760675,341,0.4,E5b_subtraction
59,14,subtraction,cleaned_up,12000,1.0,0.0689325034618377,48.823396685127214,nf,3,0.1278735697269439,0.0392532311379909,341,0.4,E5b_subtraction
59,14,subtraction,cleaned_up,12000,1.0,0.0689325034618377,48.823396685127214,nf,4,0.2931034564971924,0.0555289611220359,341,0.4,E5b_subtraction
59,14,subtraction,cleaned_up,12000,1.0,0.0689325034618377,48.823396685127214,nf,5,0.4712643623352051,0.0536141693592071,341,0.4,E5b_subtraction
59,14,subtraction,cleaned_up,12000,1.0,0.0689325034618377,48.823396685127214,nf,6,0.6178160905838013,0.0579224526882171,341,0.4,E5b_subtraction
59,14,subtraction,cleaned_up,12000,1.0,0.0689325034618377,48.823396685127214,nf,8,0.8426724076271057,0.0684538036584854,341,0.4,E5b_subtraction
59,14,subtraction,cleaned_up,12000,1.0,0.0689325034618377,48.823396685127214,nf,10,0.8426724076271057,0.0684538036584854,341,0.4,E5b_subtraction
59,14,subtraction,cleaned_up,12000,1.0,0.0689325034618377,48.823396685127214,nf,12,0.8426724076271057,0.0684538036584854,341,0.4,E5b_subtraction
59,14,subtraction,cleaned_up,12000,1.0,0.0689325034618377,48.823396685127214,nf,16,0.8426724076271057,0.0684538036584854,341,0.4,E5b_subtraction
59,14,subtraction,cleaned_up,12000,1.0,0.0689325034618377,48.823396685127214,nf,23,1.0,0.0689325034618377,341,0.4,E5b_subtraction
59,15,subtraction,pre_grok,200,1.0,0.0086165629327297,41.04704704146966,int,2,0.0962643697857856,0.0167544279247522,341,0.4,E5b_subtraction
59,15,subtraction,pre_grok,200,1.0,0.0086165629327297,41.04704704146966,int,3,0.6228448152542114,0.0100526567548513,341,0.4,E5b_subtraction
59,15,subtraction,pre_grok,200,1.0,0.0086165629327297,41.04704704146966,int,4,0.9281609058380128,0.0110100526362657,341,0.4,E5b_subtraction
59,15,subtraction,pre_grok,200,1.0,0.0086165629327297,41.04704704146966,int,5,0.993534505367279,0.0095739588141441,341,0.4,E5b_subtraction
59,15,subtraction,pre_grok,200,1.0,0.0086165629327297,41.04704704146966,int,6,1.0,0.0095739588141441,341,0.4,E5b_subtraction
59,15,subtraction,pre_grok,200,1.0,0.0086165629327297,41.04704704146966,int,8,1.0,0.0086165629327297,341,0.4,E5b_subtraction
59,15,subtraction,pre_grok,200,1.0,0.0086165629327297,41.04704704146966,int,10,1.0,0.0086165629327297,341,0.4,E5b_subtraction
59,15,subtraction,pre_grok,200,1.0,0.0086165629327297,41.04704704146966,int,12,1.0,0.0086165629327297,341,0.4,E5b_subtraction
59,15,subtraction,pre_grok,200,1.0,0.0086165629327297,41.04704704146966,int,16,1.0,0.0086165629327297,341,0.4,E5b_subtraction
59,15,subtraction,pre_grok,200,1.0,0.0086165629327297,41.04704704146966,int,23,1.0,0.0086165629327297,341,0.4,E5b_subtraction
59,15,subtraction,pre_grok,200,1.0,0.0086165629327297,41.04704704146966,mantissa,2,0.9978448152542114,0.0105313546955585,341,0.4,E5b_subtraction
59,15,subtraction,pre_grok,200,1.0,0.0086165629327297,41.04704704146966,mantissa,3,1.0,0.0095739588141441,341,0.4,E5b_subtraction
59,15,subtraction,pre_grok,200,1.0,0.0086165629327297,41.04704704146966,mantissa,4,1.0,0.0086165629327297,341,0.4,E5b_subtraction
59,15,subtraction,pre_grok,200,1.0,0.0086165629327297,41.04704704146966,mantissa,5,1.0,0.0090952608734369,341,0.4,E5b_subtraction
59,15,subtraction,pre_grok,200,1.0,0.0086165629327297,41.04704704146966,mantissa,6,1.0,0.0086165629327297,341,0.4,E5b_subtraction
59,15,subtraction,pre_grok,200,1.0,0.0086165629327297,41.04704704146966,mantissa,8,1.0,0.0086165629327297,341,0.4,E5b_subtraction
59,15,subtraction,pre_grok,200,1.0,0.0086165629327297,41.04704704146966,mantissa,10,1.0,0.0086165629327297,341,0.4,E5b_subtraction
59,15,subtraction,pre_grok,200,1.0,0.0086165629327297,41.04704704146966,mantissa,12,1.0,0.0086165629327297,341,0.4,E5b_subtraction
59,15,subtraction,pre_grok,200,1.0,0.0086165629327297,41.04704704146966,mantissa,16,1.0,0.0086165629327297,341,0.4,E5b_subtraction
59,15,subtraction,pre_grok,200,1.0,0.0086165629327297,41.04704704146966,mantissa,23,1.0,0.0086165629327297,341,0.4,E5b_subtraction
59,15,subtraction,pre_grok,200,1.0,0.0086165629327297,41.04704704146966,nf,2,0.3699712753295898,0.0086165629327297,341,0.4,E5b_subtraction
59,15,subtraction,pre_grok,200,1.0,0.0086165629327297,41.04704704146966,nf,3,0.7349137663841248,0.0086165629327297,341,0.4,E5b_subtraction
59,15,subtraction,pre_grok,200,1.0,0.0086165629327297,41.04704704146966,nf,4,0.9504310488700868,0.0100526567548513,341,0.4,E5b_subtraction
59,15,subtraction,pre_grok,200,1.0,0.0086165629327297,41.04704704146966,nf,5,0.9971264600753784,0.0076591670513153,341,0.4,E5b_subtraction
59,15,subtraction,pre_grok,200,1.0,0.0086165629327297,41.04704704146966,nf,6,1.0,0.0090952608734369,341,0.4,E5b_subtraction
59,15,subtraction,pre_grok,200,1.0,0.0086165629327297,41.04704704146966,nf,8,1.0,0.0090952608734369,341,0.4,E5b_subtraction
59,15,subtraction,pre_grok,200,1.0,0.0086165629327297,41.04704704146966,nf,10,1.0,0.0090952608734369,341,0.4,E5b_subtraction
59,15,subtraction,pre_grok,200,1.0,0.0086165629327297,41.04704704146966,nf,12,1.0,0.0090952608734369,341,0.4,E5b_subtraction
59,15,subtraction,pre_grok,200,1.0,0.0086165629327297,41.04704704146966,nf,16,1.0,0.0090952608734369,341,0.4,E5b_subtraction
59,15,subtraction,pre_grok,200,1.0,0.0086165629327297,41.04704704146966,nf,23,1.0,0.0086165629327297,341,0.4,E5b_subtraction
59,15,subtraction,cleaned_up,12000,1.0,0.0086165629327297,51.77400485583132,int,2,0.0215517245233058,0.0153183341026306,341,0.4,E5b_subtraction
59,15,subtraction,cleaned_up,12000,1.0,0.0086165629327297,51.77400485583132,int,3,0.0330459773540496,0.0172331258654594,341,0.4,E5b_subtraction
59,15,subtraction,cleaned_up,12000,1.0,0.0086165629327297,51.77400485583132,int,4,0.1623563170433044,0.016275729984045,341,0.4,E5b_subtraction
59,15,subtraction,cleaned_up,12000,1.0,0.0086165629327297,51.77400485583132,int,5,0.4454022943973541,0.0143609382212162,341,0.4,E5b_subtraction
59,15,subtraction,cleaned_up,12000,1.0,0.0086165629327297,51.77400485583132,int,6,0.8247126340866089,0.0095739588141441,341,0.4,E5b_subtraction
59,15,subtraction,cleaned_up,12000,1.0,0.0086165629327297,51.77400485583132,int,8,1.0,0.0081378649920225,341,0.4,E5b_subtraction
59,15,subtraction,cleaned_up,12000,1.0,0.0086165629327297,51.77400485583132,int,10,1.0,0.0081378649920225,341,0.4,E5b_subtraction
59,15,subtraction,cleaned_up,12000,1.0,0.0086165629327297,51.77400485583132,int,12,1.0,0.0086165629327297,341,0.4,E5b_subtraction
59,15,subtraction,cleaned_up,12000,1.0,0.0086165629327297,51.77400485583132,int,16,1.0,0.0086165629327297,341,0.4,E5b_subtraction
59,15,subtraction,cleaned_up,12000,1.0,0.0086165629327297,51.77400485583132,int,23,1.0,0.0086165629327297,341,0.4,E5b_subtraction
59,15,subtraction,cleaned_up,12000,1.0,0.0086165629327297,51.77400485583132,mantissa,2,1.0,0.0076591670513153,341,0.4,E5b_subtraction
59,15,subtraction,cleaned_up,12000,1.0,0.0086165629327297,51.77400485583132,mantissa,3,1.0,0.0081378649920225,341,0.4,E5b_subtraction
59,15,subtraction,cleaned_up,12000,1.0,0.0086165629327297,51.77400485583132,mantissa,4,1.0,0.0090952608734369,341,0.4,E5b_subtraction
59,15,subtraction,cleaned_up,12000,1.0,0.0086165629327297,51.77400485583132,mantissa,5,1.0,0.0076591670513153,341,0.4,E5b_subtraction
59,15,subtraction,cleaned_up,12000,1.0,0.0086165629327297,51.77400485583132,mantissa,6,1.0,0.0086165629327297,341,0.4,E5b_subtraction
59,15,subtraction,cleaned_up,12000,1.0,0.0086165629327297,51.77400485583132,mantissa,8,1.0,0.0086165629327297,341,0.4,E5b_subtraction
59,15,subtraction,cleaned_up,12000,1.0,0.0086165629327297,51.77400485583132,mantissa,10,1.0,0.0086165629327297,341,0.4,E5b_subtraction
59,15,subtraction,cleaned_up,12000,1.0,0.0086165629327297,51.77400485583132,mantissa,12,1.0,0.0086165629327297,341,0.4,E5b_subtraction
59,15,subtraction,cleaned_up,12000,1.0,0.0086165629327297,51.77400485583132,mantissa,16,1.0,0.0086165629327297,341,0.4,E5b_subtraction
59,15,subtraction,cleaned_up,12000,1.0,0.0086165629327297,51.77400485583132,mantissa,23,1.0,0.0086165629327297,341,0.4,E5b_subtraction
59,15,subtraction,cleaned_up,12000,1.0,0.0086165629327297,51.77400485583132,nf,2,0.0337643660604953,0.018669219687581,341,0.4,E5b_subtraction
59,15,subtraction,cleaned_up,12000,1.0,0.0086165629327297,51.77400485583132,nf,3,0.158764362335205,0.0134035423398017,341,0.4,E5b_subtraction
59,15,subtraction,cleaned_up,12000,1.0,0.0086165629327297,51.77400485583132,nf,4,0.3678160905838012,0.0086165629327297,341,0.4,E5b_subtraction
59,15,subtraction,cleaned_up,12000,1.0,0.0086165629327297,51.77400485583132,nf,5,0.6178160905838013,0.0095739588141441,341,0.4,E5b_subtraction
59,15,subtraction,cleaned_up,12000,1.0,0.0086165629327297,51.77400485583132,nf,6,0.7701149582862854,0.0086165629327297,341,0.4,E5b_subtraction
59,15,subtraction,cleaned_up,12000,1.0,0.0086165629327297,51.77400485583132,nf,8,0.9231321811676024,0.0081378649920225,341,0.4,E5b_subtraction
59,15,subtraction,cleaned_up,12000,1.0,0.0086165629327297,51.77400485583132,nf,10,0.9231321811676024,0.0081378649920225,341,0.4,E5b_subtraction
59,15,subtraction,cleaned_up,12000,1.0,0.0086165629327297,51.77400485583132,nf,12,0.9231321811676024,0.0081378649920225,341,0.4,E5b_subtraction
59,15,subtraction,cleaned_up,12000,1.0,0.0086165629327297,51.77400485583132,nf,16,0.9231321811676024,0.0081378649920225,341,0.4,E5b_subtraction
59,15,subtraction,cleaned_up,12000,1.0,0.0086165629327297,51.77400485583132,nf,23,1.0,0.0086165629327297,341,0.4,E5b_subtraction
59,16,subtraction,pre_grok,200,1.0,0.0143609382212162,40.943998703298064,int,2,0.0747126415371894,0.0224988032132387,341,0.4,E5b_subtraction
59,16,subtraction,pre_grok,200,1.0,0.0143609382212162,40.943998703298064,int,3,0.5316091775894165,0.0138822402805089,341,0.4,E5b_subtraction
59,16,subtraction,pre_grok,200,1.0,0.0143609382212162,40.943998703298064,int,4,0.8778735399246216,0.0119674485176801,341,0.4,E5b_subtraction
59,16,subtraction,pre_grok,200,1.0,0.0143609382212162,40.943998703298064,int,5,0.9913793206214904,0.0134035423398017,341,0.4,E5b_subtraction
59,16,subtraction,pre_grok,200,1.0,0.0143609382212162,40.943998703298064,int,6,1.0,0.0153183341026306,341,0.4,E5b_subtraction
59,16,subtraction,pre_grok,200,1.0,0.0143609382212162,40.943998703298064,int,8,1.0,0.0138822402805089,341,0.4,E5b_subtraction
59,16,subtraction,pre_grok,200,1.0,0.0143609382212162,40.943998703298064,int,10,1.0,0.0143609382212162,341,0.4,E5b_subtraction
59,16,subtraction,pre_grok,200,1.0,0.0143609382212162,40.943998703298064,int,12,1.0,0.0143609382212162,341,0.4,E5b_subtraction
59,16,subtraction,pre_grok,200,1.0,0.0143609382212162,40.943998703298064,int,16,1.0,0.0143609382212162,341,0.4,E5b_subtraction
59,16,subtraction,pre_grok,200,1.0,0.0143609382212162,40.943998703298064,int,23,1.0,0.0143609382212162,341,0.4,E5b_subtraction
59,16,subtraction,pre_grok,200,1.0,0.0143609382212162,40.943998703298064,mantissa,2,0.9928160905838012,0.0134035423398017,341,0.4,E5b_subtraction
59,16,subtraction,pre_grok,200,1.0,0.0143609382212162,40.943998703298064,mantissa,3,1.0,0.0148396361619234,341,0.4,E5b_subtraction
59,16,subtraction,pre_grok,200,1.0,0.0143609382212162,40.943998703298064,mantissa,4,1.0,0.0153183341026306,341,0.4,E5b_subtraction
59,16,subtraction,pre_grok,200,1.0,0.0143609382212162,40.943998703298064,mantissa,5,1.0,0.0148396361619234,341,0.4,E5b_subtraction
59,16,subtraction,pre_grok,200,1.0,0.0143609382212162,40.943998703298064,mantissa,6,1.0,0.0143609382212162,341,0.4,E5b_subtraction
59,16,subtraction,pre_grok,200,1.0,0.0143609382212162,40.943998703298064,mantissa,8,1.0,0.0143609382212162,341,0.4,E5b_subtraction
59,16,subtraction,pre_grok,200,1.0,0.0143609382212162,40.943998703298064,mantissa,10,1.0,0.0143609382212162,341,0.4,E5b_subtraction
59,16,subtraction,pre_grok,200,1.0,0.0143609382212162,40.943998703298064,mantissa,12,1.0,0.0143609382212162,341,0.4,E5b_subtraction
59,16,subtraction,pre_grok,200,1.0,0.0143609382212162,40.943998703298064,mantissa,16,1.0,0.0143609382212162,341,0.4,E5b_subtraction
59,16,subtraction,pre_grok,200,1.0,0.0143609382212162,40.943998703298064,mantissa,23,1.0,0.0143609382212162,341,0.4,E5b_subtraction
59,16,subtraction,pre_grok,200,1.0,0.0143609382212162,40.943998703298064,nf,2,0.2959769964218139,0.0153183341026306,341,0.4,E5b_subtraction
59,16,subtraction,pre_grok,200,1.0,0.0143609382212162,40.943998703298064,nf,3,0.608476996421814,0.0153183341026306,341,0.4,E5b_subtraction
59,16,subtraction,pre_grok,200,1.0,0.0143609382212162,40.943998703298064,nf,4,0.8857758641242981,0.0143609382212162,341,0.4,E5b_subtraction
59,16,subtraction,pre_grok,200,1.0,0.0143609382212162,40.943998703298064,nf,5,0.9899425506591796,0.0138822402805089,341,0.4,E5b_subtraction
59,16,subtraction,pre_grok,200,1.0,0.0143609382212162,40.943998703298064,nf,6,1.0,0.0138822402805089,341,0.4,E5b_subtraction
59,16,subtraction,pre_grok,200,1.0,0.0143609382212162,40.943998703298064,nf,8,1.0,0.0143609382212162,341,0.4,E5b_subtraction
59,16,subtraction,pre_grok,200,1.0,0.0143609382212162,40.943998703298064,nf,10,1.0,0.0143609382212162,341,0.4,E5b_subtraction
59,16,subtraction,pre_grok,200,1.0,0.0143609382212162,40.943998703298064,nf,12,1.0,0.0143609382212162,341,0.4,E5b_subtraction
59,16,subtraction,pre_grok,200,1.0,0.0143609382212162,40.943998703298064,nf,16,1.0,0.0143609382212162,341,0.4,E5b_subtraction
59,16,subtraction,pre_grok,200,1.0,0.0143609382212162,40.943998703298064,nf,23,1.0,0.0143609382212162,341,0.4,E5b_subtraction
59,16,subtraction,cleaned_up,12000,0.9583333134651184,0.0335088558495044,53.97728963415438,int,2,0.0201149433851242,0.016275729984045,341,0.4,E5b_subtraction
59,16,subtraction,cleaned_up,12000,0.9583333134651184,0.0335088558495044,53.97728963415438,int,3,0.0431034490466117,0.0277644805610179,341,0.4,E5b_subtraction
59,16,subtraction,cleaned_up,12000,0.9583333134651184,0.0335088558495044,53.97728963415438,int,4,0.352011501789093,0.0234561990946531,341,0.4,E5b_subtraction
59,16,subtraction,cleaned_up,12000,0.9583333134651184,0.0335088558495044,53.97728963415438,int,5,0.733476996421814,0.030157970264554,341,0.4,E5b_subtraction
59,16,subtraction,cleaned_up,12000,0.9583333134651184,0.0335088558495044,53.97728963415438,int,6,0.9051724076271056,0.0277644805610179,341,0.4,E5b_subtraction
59,16,subtraction,cleaned_up,12000,0.9583333134651184,0.0335088558495044,53.97728963415438,int,8,0.9554597735404968,0.0330301597714424,341,0.4,E5b_subtraction
59,16,subtraction,cleaned_up,12000,0.9583333134651184,0.0335088558495044,53.97728963415438,int,10,0.9576149582862854,0.0335088558495044,341,0.4,E5b_subtraction
59,16,subtraction,cleaned_up,12000,0.9583333134651184,0.0335088558495044,53.97728963415438,int,12,0.9583333134651184,0.0339875519275665,341,0.4,E5b_subtraction
59,16,subtraction,cleaned_up,12000,0.9583333134651184,0.0335088558495044,53.97728963415438,int,16,0.9590517282485962,0.0335088558495044,341,0.4,E5b_subtraction
59,16,subtraction,cleaned_up,12000,0.9583333134651184,0.0335088558495044,53.97728963415438,int,23,0.9583333134651184,0.0335088558495044,341,0.4,E5b_subtraction
59,16,subtraction,cleaned_up,12000,0.9583333134651184,0.0335088558495044,53.97728963415438,mantissa,2,0.9403735399246216,0.0349449515342712,341,0.4,E5b_subtraction
59,16,subtraction,cleaned_up,12000,0.9583333134651184,0.0335088558495044,53.97728963415438,mantissa,3,0.9533045887947084,0.0320727601647377,341,0.4,E5b_subtraction
59,16,subtraction,cleaned_up,12000,0.9583333134651184,0.0335088558495044,53.97728963415438,mantissa,4,0.9576149582862854,0.0335088558495044,341,0.4,E5b_subtraction
59,16,subtraction,cleaned_up,12000,0.9583333134651184,0.0335088558495044,53.97728963415438,mantissa,5,0.9583333134651184,0.0344662517309188,341,0.4,E5b_subtraction
59,16,subtraction,cleaned_up,12000,0.9583333134651184,0.0335088558495044,53.97728963415438,mantissa,6,0.9597700834274292,0.0335088558495044,341,0.4,E5b_subtraction
59,16,subtraction,cleaned_up,12000,0.9583333134651184,0.0335088558495044,53.97728963415438,mantissa,8,0.9590517282485962,0.0335088558495044,341,0.4,E5b_subtraction
59,16,subtraction,cleaned_up,12000,0.9583333134651184,0.0335088558495044,53.97728963415438,mantissa,10,0.9583333134651184,0.0335088558495044,341,0.4,E5b_subtraction
59,16,subtraction,cleaned_up,12000,0.9583333134651184,0.0335088558495044,53.97728963415438,mantissa,12,0.9590517282485962,0.0335088558495044,341,0.4,E5b_subtraction
59,16,subtraction,cleaned_up,12000,0.9583333134651184,0.0335088558495044,53.97728963415438,mantissa,16,0.9583333134651184,0.0335088558495044,341,0.4,E5b_subtraction
59,16,subtraction,cleaned_up,12000,0.9583333134651184,0.0335088558495044,53.97728963415438,mantissa,23,0.9583333134651184,0.0335088558495044,341,0.4,E5b_subtraction
59,16,subtraction,cleaned_up,12000,0.9583333134651184,0.0335088558495044,53.97728963415438,nf,2,0.0574712641537189,0.0244135949760675,341,0.4,E5b_subtraction
59,16,subtraction,cleaned_up,12000,0.9583333134651184,0.0335088558495044,53.97728963415438,nf,3,0.1681034415960312,0.0268070846796035,341,0.4,E5b_subtraction
59,16,subtraction,cleaned_up,12000,0.9583333134651184,0.0335088558495044,53.97728963415438,nf,4,0.3714080452919006,0.0306366682052612,341,0.4,E5b_subtraction
59,16,subtraction,cleaned_up,12000,0.9583333134651184,0.0335088558495044,53.97728963415438,nf,5,0.539511501789093,0.03255145996809,341,0.4,E5b_subtraction
59,16,subtraction,cleaned_up,12000,0.9583333134651184,0.0335088558495044,53.97728963415438,nf,6,0.6508620381355286,0.0378171354532241,341,0.4,E5b_subtraction
59,16,subtraction,cleaned_up,12000,0.9583333134651184,0.0335088558495044,53.97728963415438,nf,8,0.772988498210907,0.0378171354532241,341,0.4,E5b_subtraction
59,16,subtraction,cleaned_up,12000,0.9583333134651184,0.0335088558495044,53.97728963415438,nf,10,0.772988498210907,0.0378171354532241,341,0.4,E5b_subtraction
59,16,subtraction,cleaned_up,12000,0.9583333134651184,0.0335088558495044,53.97728963415438,nf,12,0.772988498210907,0.0378171354532241,341,0.4,E5b_subtraction
59,16,subtraction,cleaned_up,12000,0.9583333134651184,0.0335088558495044,53.97728963415438,nf,16,0.772988498210907,0.0378171354532241,341,0.4,E5b_subtraction
59,16,subtraction,cleaned_up,12000,0.9583333134651184,0.0335088558495044,53.97728963415438,nf,23,0.9583333134651184,0.0335088558495044,341,0.4,E5b_subtraction
59,17,subtraction,pre_grok,200,1.0,0.0081378649920225,41.296708180627896,int,2,0.0876436755061149,0.0129248443990945,341,0.4,E5b_subtraction
59,17,subtraction,pre_grok,200,1.0,0.0081378649920225,41.296708180627896,int,3,0.5510057210922241,0.0110100526362657,341,0.4,E5b_subtraction
59,17,subtraction,pre_grok,200,1.0,0.0081378649920225,41.296708180627896,int,4,0.8972700834274292,0.0090952608734369,341,0.4,E5b_subtraction
59,17,subtraction,pre_grok,200,1.0,0.0081378649920225,41.296708180627896,int,5,0.9863505959510804,0.0076591670513153,341,0.4,E5b_subtraction
59,17,subtraction,pre_grok,200,1.0,0.0081378649920225,41.296708180627896,int,6,1.0,0.0071804691106081,341,0.4,E5b_subtraction
59,17,subtraction,pre_grok,200,1.0,0.0081378649920225,41.296708180627896,int,8,1.0,0.0081378649920225,341,0.4,E5b_subtraction
59,17,subtraction,pre_grok,200,1.0,0.0081378649920225,41.296708180627896,int,10,1.0,0.0081378649920225,341,0.4,E5b_subtraction
59,17,subtraction,pre_grok,200,1.0,0.0081378649920225,41.296708180627896,int,12,1.0,0.0081378649920225,341,0.4,E5b_subtraction
59,17,subtraction,pre_grok,200,1.0,0.0081378649920225,41.296708180627896,int,16,1.0,0.0081378649920225,341,0.4,E5b_subtraction
59,17,subtraction,pre_grok,200,1.0,0.0081378649920225,41.296708180627896,int,23,1.0,0.0081378649920225,341,0.4,E5b_subtraction
59,17,subtraction,pre_grok,200,1.0,0.0081378649920225,41.296708180627896,mantissa,2,0.994252860546112,0.0095739588141441,341,0.4,E5b_subtraction
59,17,subtraction,pre_grok,200,1.0,0.0081378649920225,41.296708180627896,mantissa,3,1.0,0.0086165629327297,341,0.4,E5b_subtraction
59,17,subtraction,pre_grok,200,1.0,0.0081378649920225,41.296708180627896,mantissa,4,1.0,0.0076591670513153,341,0.4,E5b_subtraction
59,17,subtraction,pre_grok,200,1.0,0.0081378649920225,41.296708180627896,mantissa,5,1.0,0.0081378649920225,341,0.4,E5b_subtraction
59,17,subtraction,pre_grok,200,1.0,0.0081378649920225,41.296708180627896,mantissa,6,1.0,0.0076591670513153,341,0.4,E5b_subtraction
59,17,subtraction,pre_grok,200,1.0,0.0081378649920225,41.296708180627896,mantissa,8,1.0,0.0081378649920225,341,0.4,E5b_subtraction
59,17,subtraction,pre_grok,200,1.0,0.0081378649920225,41.296708180627896,mantissa,10,1.0,0.0081378649920225,341,0.4,E5b_subtraction
59,17,subtraction,pre_grok,200,1.0,0.0081378649920225,41.296708180627896,mantissa,12,1.0,0.0081378649920225,341,0.4,E5b_subtraction
59,17,subtraction,pre_grok,200,1.0,0.0081378649920225,41.296708180627896,mantissa,16,1.0,0.0081378649920225,341,0.4,E5b_subtraction
59,17,subtraction,pre_grok,200,1.0,0.0081378649920225,41.296708180627896,mantissa,23,1.0,0.0081378649920225,341,0.4,E5b_subtraction
59,17,subtraction,pre_grok,200,1.0,0.0081378649920225,41.296708180627896,nf,2,0.3081896603107452,0.0057443752884864,341,0.4,E5b_subtraction
59,17,subtraction,pre_grok,200,1.0,0.0081378649920225,41.296708180627896,nf,3,0.6860632300376892,0.0100526567548513,341,0.4,E5b_subtraction
59,17,subtraction,pre_grok,200,1.0,0.0081378649920225,41.296708180627896,nf,4,0.9058908224105836,0.0071804691106081,341,0.4,E5b_subtraction
59,17,subtraction,pre_grok,200,1.0,0.0081378649920225,41.296708180627896,nf,5,0.9899425506591796,0.0105313546955585,341,0.4,E5b_subtraction
59,17,subtraction,pre_grok,200,1.0,0.0081378649920225,41.296708180627896,nf,6,0.9992815852165222,0.0086165629327297,341,0.4,E5b_subtraction
59,17,subtraction,pre_grok,200,1.0,0.0081378649920225,41.296708180627896,nf,8,1.0,0.0071804691106081,341,0.4,E5b_subtraction
59,17,subtraction,pre_grok,200,1.0,0.0081378649920225,41.296708180627896,nf,10,1.0,0.0071804691106081,341,0.4,E5b_subtraction
59,17,subtraction,pre_grok,200,1.0,0.0081378649920225,41.296708180627896,nf,12,1.0,0.0071804691106081,341,0.4,E5b_subtraction
59,17,subtraction,pre_grok,200,1.0,0.0081378649920225,41.296708180627896,nf,16,1.0,0.0071804691106081,341,0.4,E5b_subtraction
59,17,subtraction,pre_grok,200,1.0,0.0081378649920225,41.296708180627896,nf,23,1.0,0.0081378649920225,341,0.4,E5b_subtraction
59,17,subtraction,cleaned_up,12000,1.0,0.0138822402805089,38.67402151604736,int,2,0.0193965509533882,0.0153183341026306,341,0.4,E5b_subtraction
59,17,subtraction,cleaned_up,12000,1.0,0.0138822402805089,38.67402151604736,int,3,0.1379310339689254,0.0153183341026306,341,0.4,E5b_subtraction
59,17,subtraction,cleaned_up,12000,1.0,0.0138822402805089,38.67402151604736,int,4,0.6163793206214905,0.0148396361619234,341,0.4,E5b_subtraction
59,17,subtraction,cleaned_up,12000,1.0,0.0138822402805089,38.67402151604736,int,5,0.915229856967926,0.0157970320433378,341,0.4,E5b_subtraction
59,17,subtraction,cleaned_up,12000,1.0,0.0138822402805089,38.67402151604736,int,6,0.993534505367279,0.0124461464583873,341,0.4,E5b_subtraction
59,17,subtraction,cleaned_up,12000,1.0,0.0138822402805089,38.67402151604736,int,8,1.0,0.0143609382212162,341,0.4,E5b_subtraction
59,17,subtraction,cleaned_up,12000,1.0,0.0138822402805089,38.67402151604736,int,10,1.0,0.0138822402805089,341,0.4,E5b_subtraction
59,17,subtraction,cleaned_up,12000,1.0,0.0138822402805089,38.67402151604736,int,12,1.0,0.0138822402805089,341,0.4,E5b_subtraction
59,17,subtraction,cleaned_up,12000,1.0,0.0138822402805089,38.67402151604736,int,16,1.0,0.0138822402805089,341,0.4,E5b_subtraction
59,17,subtraction,cleaned_up,12000,1.0,0.0138822402805089,38.67402151604736,int,23,1.0,0.0138822402805089,341,0.4,E5b_subtraction
59,17,subtraction,cleaned_up,12000,1.0,0.0138822402805089,38.67402151604736,mantissa,2,0.9956896305084229,0.0134035423398017,341,0.4,E5b_subtraction
59,17,subtraction,cleaned_up,12000,1.0,0.0138822402805089,38.67402151604736,mantissa,3,1.0,0.0153183341026306,341,0.4,E5b_subtraction
59,17,subtraction,cleaned_up,12000,1.0,0.0138822402805089,38.67402151604736,mantissa,4,1.0,0.0138822402805089,341,0.4,E5b_subtraction
59,17,subtraction,cleaned_up,12000,1.0,0.0138822402805089,38.67402151604736,mantissa,5,1.0,0.0143609382212162,341,0.4,E5b_subtraction
59,17,subtraction,cleaned_up,12000,1.0,0.0138822402805089,38.67402151604736,mantissa,6,1.0,0.0138822402805089,341,0.4,E5b_subtraction
59,17,subtraction,cleaned_up,12000,1.0,0.0138822402805089,38.67402151604736,mantissa,8,1.0,0.0138822402805089,341,0.4,E5b_subtraction
59,17,subtraction,cleaned_up,12000,1.0,0.0138822402805089,38.67402151604736,mantissa,10,1.0,0.0138822402805089,341,0.4,E5b_subtraction
59,17,subtraction,cleaned_up,12000,1.0,0.0138822402805089,38.67402151604736,mantissa,12,1.0,0.0138822402805089,341,0.4,E5b_subtraction
59,17,subtraction,cleaned_up,12000,1.0,0.0138822402805089,38.67402151604736,mantissa,16,1.0,0.0138822402805089,341,0.4,E5b_subtraction
59,17,subtraction,cleaned_up,12000,1.0,0.0138822402805089,38.67402151604736,mantissa,23,1.0,0.0138822402805089,341,0.4,E5b_subtraction
59,17,subtraction,cleaned_up,12000,1.0,0.0138822402805089,38.67402151604736,nf,2,0.1027298867702484,0.0086165629327297,341,0.4,E5b_subtraction
59,17,subtraction,cleaned_up,12000,1.0,0.0138822402805089,38.67402151604736,nf,3,0.3584769964218139,0.0119674485176801,341,0.4,E5b_subtraction
59,17,subtraction,cleaned_up,12000,1.0,0.0138822402805089,38.67402151604736,nf,4,0.6329023241996765,0.0105313546955585,341,0.4,E5b_subtraction
59,17,subtraction,cleaned_up,12000,1.0,0.0138822402805089,38.67402151604736,nf,5,0.767241358757019,0.0129248443990945,341,0.4,E5b_subtraction
59,17,subtraction,cleaned_up,12000,1.0,0.0138822402805089,38.67402151604736,nf,6,0.8405172228813171,0.0148396361619234,341,0.4,E5b_subtraction
59,17,subtraction,cleaned_up,12000,1.0,0.0138822402805089,38.67402151604736,nf,8,0.9159482717514038,0.0143609382212162,341,0.4,E5b_subtraction
59,17,subtraction,cleaned_up,12000,1.0,0.0138822402805089,38.67402151604736,nf,10,0.9159482717514038,0.0143609382212162,341,0.4,E5b_subtraction
59,17,subtraction,cleaned_up,12000,1.0,0.0138822402805089,38.67402151604736,nf,12,0.9159482717514038,0.0143609382212162,341,0.4,E5b_subtraction
59,17,subtraction,cleaned_up,12000,1.0,0.0138822402805089,38.67402151604736,nf,16,0.9159482717514038,0.0143609382212162,341,0.4,E5b_subtraction
59,17,subtraction,cleaned_up,12000,1.0,0.0138822402805089,38.67402151604736,nf,23,1.0,0.0138822402805089,341,0.4,E5b_subtraction
59,18,subtraction,pre_grok,200,1.0,0.0100526567548513,40.85038121657231,int,2,0.1020114943385124,0.0205840114504098,341,0.4,E5b_subtraction
59,18,subtraction,pre_grok,200,1.0,0.0100526567548513,40.85038121657231,int,3,0.6005747318267822,0.0153183341026306,341,0.4,E5b_subtraction
59,18,subtraction,pre_grok,200,1.0,0.0100526567548513,40.85038121657231,int,4,0.9252873659133912,0.0138822402805089,341,0.4,E5b_subtraction
59,18,subtraction,pre_grok,200,1.0,0.0100526567548513,40.85038121657231,int,5,0.9992815852165222,0.0110100526362657,341,0.4,E5b_subtraction
59,18,subtraction,pre_grok,200,1.0,0.0100526567548513,40.85038121657231,int,6,1.0,0.0095739588141441,341,0.4,E5b_subtraction
59,18,subtraction,pre_grok,200,1.0,0.0100526567548513,40.85038121657231,int,8,1.0,0.0105313546955585,341,0.4,E5b_subtraction
59,18,subtraction,pre_grok,200,1.0,0.0100526567548513,40.85038121657231,int,10,1.0,0.0100526567548513,341,0.4,E5b_subtraction
59,18,subtraction,pre_grok,200,1.0,0.0100526567548513,40.85038121657231,int,12,1.0,0.0100526567548513,341,0.4,E5b_subtraction
59,18,subtraction,pre_grok,200,1.0,0.0100526567548513,40.85038121657231,int,16,1.0,0.0100526567548513,341,0.4,E5b_subtraction
59,18,subtraction,pre_grok,200,1.0,0.0100526567548513,40.85038121657231,int,23,1.0,0.0100526567548513,341,0.4,E5b_subtraction
59,18,subtraction,pre_grok,200,1.0,0.0100526567548513,40.85038121657231,mantissa,2,0.994252860546112,0.0119674485176801,341,0.4,E5b_subtraction
59,18,subtraction,pre_grok,200,1.0,0.0100526567548513,40.85038121657231,mantissa,3,1.0,0.0119674485176801,341,0.4,E5b_subtraction
59,18,subtraction,pre_grok,200,1.0,0.0100526567548513,40.85038121657231,mantissa,4,1.0,0.0105313546955585,341,0.4,E5b_subtraction
59,18,subtraction,pre_grok,200,1.0,0.0100526567548513,40.85038121657231,mantissa,5,1.0,0.0105313546955585,341,0.4,E5b_subtraction
59,18,subtraction,pre_grok,200,1.0,0.0100526567548513,40.85038121657231,mantissa,6,1.0,0.0105313546955585,341,0.4,E5b_subtraction
59,18,subtraction,pre_grok,200,1.0,0.0100526567548513,40.85038121657231,mantissa,8,1.0,0.0100526567548513,341,0.4,E5b_subtraction
59,18,subtraction,pre_grok,200,1.0,0.0100526567548513,40.85038121657231,mantissa,10,1.0,0.0100526567548513,341,0.4,E5b_subtraction
59,18,subtraction,pre_grok,200,1.0,0.0100526567548513,40.85038121657231,mantissa,12,1.0,0.0100526567548513,341,0.4,E5b_subtraction
59,18,subtraction,pre_grok,200,1.0,0.0100526567548513,40.85038121657231,mantissa,16,1.0,0.0100526567548513,341,0.4,E5b_subtraction
59,18,subtraction,pre_grok,200,1.0,0.0100526567548513,40.85038121657231,mantissa,23,1.0,0.0100526567548513,341,0.4,E5b_subtraction
59,18,subtraction,pre_grok,200,1.0,0.0100526567548513,40.85038121657231,nf,2,0.3570402264595032,0.0052656773477792,341,0.4,E5b_subtraction
59,18,subtraction,pre_grok,200,1.0,0.0100526567548513,40.85038121657231,nf,3,0.7399425506591797,0.0138822402805089,341,0.4,E5b_subtraction
59,18,subtraction,pre_grok,200,1.0,0.0100526567548513,40.85038121657231,nf,4,0.948994278907776,0.0134035423398017,341,0.4,E5b_subtraction
59,18,subtraction,pre_grok,200,1.0,0.0100526567548513,40.85038121657231,nf,5,0.9956896305084229,0.0114887505769729,341,0.4,E5b_subtraction
59,18,subtraction,pre_grok,200,1.0,0.0100526567548513,40.85038121657231,nf,6,1.0,0.0100526567548513,341,0.4,E5b_subtraction
59,18,subtraction,pre_grok,200,1.0,0.0100526567548513,40.85038121657231,nf,8,1.0,0.0110100526362657,341,0.4,E5b_subtraction
59,18,subtraction,pre_grok,200,1.0,0.0100526567548513,40.85038121657231,nf,10,1.0,0.0110100526362657,341,0.4,E5b_subtraction
59,18,subtraction,pre_grok,200,1.0,0.0100526567548513,40.85038121657231,nf,12,1.0,0.0110100526362657,341,0.4,E5b_subtraction
59,18,subtraction,pre_grok,200,1.0,0.0100526567548513,40.85038121657231,nf,16,1.0,0.0110100526362657,341,0.4,E5b_subtraction
59,18,subtraction,pre_grok,200,1.0,0.0100526567548513,40.85038121657231,nf,23,1.0,0.0100526567548513,341,0.4,E5b_subtraction
59,18,subtraction,just_grokked,10950,1.0,0.9243656992912292,37.90600144005252,int,2,0.0165229886770248,0.0157970320433378,341,0.4,E5b_subtraction
59,18,subtraction,just_grokked,10950,1.0,0.9243656992912292,37.90600144005252,int,3,0.0524425283074379,0.0564863570034503,341,0.4,E5b_subtraction
59,18,subtraction,just_grokked,10950,1.0,0.9243656992912292,37.90600144005252,int,4,0.1760057508945465,0.1402584910392761,341,0.4,E5b_subtraction
59,18,subtraction,just_grokked,10950,1.0,0.9243656992912292,37.90600144005252,int,5,0.3268678188323974,0.2388702780008316,341,0.4,E5b_subtraction
59,18,subtraction,just_grokked,10950,1.0,0.9243656992912292,37.90600144005252,int,6,0.9956896305084229,0.8434657454490662,341,0.4,E5b_subtraction
59,18,subtraction,just_grokked,10950,1.0,0.9243656992912292,37.90600144005252,int,8,1.0,0.9219722151756288,341,0.4,E5b_subtraction
59,18,subtraction,just_grokked,10950,1.0,0.9243656992912292,37.90600144005252,int,10,1.0,0.9253231287002563,341,0.4,E5b_subtraction
59,18,subtraction,just_grokked,10950,1.0,0.9243656992912292,37.90600144005252,int,12,1.0,0.923887014389038,341,0.4,E5b_subtraction
59,18,subtraction,just_grokked,10950,1.0,0.9243656992912292,37.90600144005252,int,16,1.0,0.9243656992912292,341,0.4,E5b_subtraction
59,18,subtraction,just_grokked,10950,1.0,0.9243656992912292,37.90600144005252,int,23,1.0,0.9243656992912292,341,0.4,E5b_subtraction
59,18,subtraction,just_grokked,10950,1.0,0.9243656992912292,37.90600144005252,mantissa,2,1.0,0.9162278771400452,341,0.4,E5b_subtraction
59,18,subtraction,just_grokked,10950,1.0,0.9243656992912292,37.90600144005252,mantissa,3,1.0,0.9229296445846558,341,0.4,E5b_subtraction
59,18,subtraction,just_grokked,10950,1.0,0.9243656992912292,37.90600144005252,mantissa,4,1.0,0.9234083294868468,341,0.4,E5b_subtraction
59,18,subtraction,just_grokked,10950,1.0,0.9243656992912292,37.90600144005252,mantissa,5,1.0,0.9229296445846558,341,0.4,E5b_subtraction
59,18,subtraction,just_grokked,10950,1.0,0.9243656992912292,37.90600144005252,mantissa,6,1.0,0.9243656992912292,341,0.4,E5b_subtraction
59,18,subtraction,just_grokked,10950,1.0,0.9243656992912292,37.90600144005252,mantissa,8,1.0,0.923887014389038,341,0.4,E5b_subtraction
59,18,subtraction,just_grokked,10950,1.0,0.9243656992912292,37.90600144005252,mantissa,10,1.0,0.9248444437980652,341,0.4,E5b_subtraction
59,18,subtraction,just_grokked,10950,1.0,0.9243656992912292,37.90600144005252,mantissa,12,1.0,0.9243656992912292,341,0.4,E5b_subtraction
59,18,subtraction,just_grokked,10950,1.0,0.9243656992912292,37.90600144005252,mantissa,16,1.0,0.9243656992912292,341,0.4,E5b_subtraction
59,18,subtraction,just_grokked,10950,1.0,0.9243656992912292,37.90600144005252,mantissa,23,1.0,0.9243656992912292,341,0.4,E5b_subtraction
59,18,subtraction,just_grokked,10950,1.0,0.9243656992912292,37.90600144005252,nf,2,0.0251436773687601,0.0177118238061666,341,0.4,E5b_subtraction
59,18,subtraction,just_grokked,10950,1.0,0.9243656992912292,37.90600144005252,nf,3,0.1465517282485962,0.0990904718637466,341,0.4,E5b_subtraction
59,18,subtraction,just_grokked,10950,1.0,0.9243656992912292,37.90600144005252,nf,4,0.3304597735404968,0.2302537113428115,341,0.4,E5b_subtraction
59,18,subtraction,just_grokked,10950,1.0,0.9243656992912292,37.90600144005252,nf,5,0.4920977056026459,0.3384394347667694,341,0.4,E5b_subtraction
59,18,subtraction,just_grokked,10950,1.0,0.9243656992912292,37.90600144005252,nf,6,0.6393678188323975,0.4169459044933319,341,0.4,E5b_subtraction
59,18,subtraction,just_grokked,10950,1.0,0.9243656992912292,37.90600144005252,nf,8,0.8419539928436279,0.6069889664649963,341,0.4,E5b_subtraction
59,18,subtraction,just_grokked,10950,1.0,0.9243656992912292,37.90600144005252,nf,10,0.8419539928436279,0.6069889664649963,341,0.4,E5b_subtraction
59,18,subtraction,just_grokked,10950,1.0,0.9243656992912292,37.90600144005252,nf,12,0.8419539928436279,0.6069889664649963,341,0.4,E5b_subtraction
59,18,subtraction,just_grokked,10950,1.0,0.9243656992912292,37.90600144005252,nf,16,0.8419539928436279,0.6069889664649963,341,0.4,E5b_subtraction
59,18,subtraction,just_grokked,10950,1.0,0.9243656992912292,37.90600144005252,nf,23,1.0,0.9243656992912292,341,0.4,E5b_subtraction
59,18,subtraction,post_grok_500,11450,1.0,0.9990426301956176,34.139914048253736,int,2,0.0122126433998346,0.0172331258654594,341,0.4,E5b_subtraction
59,18,subtraction,post_grok_500,11450,1.0,0.9990426301956176,34.139914048253736,int,3,0.0854885056614875,0.0703685954213142,341,0.4,E5b_subtraction
59,18,subtraction,post_grok_500,11450,1.0,0.9990426301956176,34.139914048253736,int,4,0.1479884982109069,0.1297271400690078,341,0.4,E5b_subtraction
59,18,subtraction,post_grok_500,11450,1.0,0.9990426301956176,34.139914048253736,int,5,0.4367816150188446,0.3891814351081848,341,0.4,E5b_subtraction
59,18,subtraction,post_grok_500,11450,1.0,0.9990426301956176,34.139914048253736,int,6,1.0,0.9779798984527588,341,0.4,E5b_subtraction
59,18,subtraction,post_grok_500,11450,1.0,0.9990426301956176,34.139914048253736,int,8,1.0,0.9990426301956176,341,0.4,E5b_subtraction
59,18,subtraction,post_grok_500,11450,1.0,0.9990426301956176,34.139914048253736,int,10,1.0,0.9995213150978088,341,0.4,E5b_subtraction
59,18,subtraction,post_grok_500,11450,1.0,0.9990426301956176,34.139914048253736,int,12,1.0,0.9995213150978088,341,0.4,E5b_subtraction
59,18,subtraction,post_grok_500,11450,1.0,0.9990426301956176,34.139914048253736,int,16,1.0,0.9990426301956176,341,0.4,E5b_subtraction
59,18,subtraction,post_grok_500,11450,1.0,0.9990426301956176,34.139914048253736,int,23,1.0,0.9990426301956176,341,0.4,E5b_subtraction
59,18,subtraction,post_grok_500,11450,1.0,0.9990426301956176,34.139914048253736,mantissa,2,1.0,0.9971278309822084,341,0.4,E5b_subtraction
59,18,subtraction,post_grok_500,11450,1.0,0.9990426301956176,34.139914048253736,mantissa,3,1.0,0.9985638856887816,341,0.4,E5b_subtraction
59,18,subtraction,post_grok_500,11450,1.0,0.9990426301956176,34.139914048253736,mantissa,4,1.0,0.9990426301956176,341,0.4,E5b_subtraction
59,18,subtraction,post_grok_500,11450,1.0,0.9990426301956176,34.139914048253736,mantissa,5,1.0,0.9995213150978088,341,0.4,E5b_subtraction
59,18,subtraction,post_grok_500,11450,1.0,0.9990426301956176,34.139914048253736,mantissa,6,1.0,0.9990426301956176,341,0.4,E5b_subtraction
59,18,subtraction,post_grok_500,11450,1.0,0.9990426301956176,34.139914048253736,mantissa,8,1.0,0.9990426301956176,341,0.4,E5b_subtraction
59,18,subtraction,post_grok_500,11450,1.0,0.9990426301956176,34.139914048253736,mantissa,10,1.0,0.9990426301956176,341,0.4,E5b_subtraction
59,18,subtraction,post_grok_500,11450,1.0,0.9990426301956176,34.139914048253736,mantissa,12,1.0,0.9990426301956176,341,0.4,E5b_subtraction
59,18,subtraction,post_grok_500,11450,1.0,0.9990426301956176,34.139914048253736,mantissa,16,1.0,0.9990426301956176,341,0.4,E5b_subtraction
59,18,subtraction,post_grok_500,11450,1.0,0.9990426301956176,34.139914048253736,mantissa,23,1.0,0.9990426301956176,341,0.4,E5b_subtraction
59,18,subtraction,post_grok_500,11450,1.0,0.9990426301956176,34.139914048253736,nf,2,0.0495689660310745,0.0373384393751621,341,0.4,E5b_subtraction
59,18,subtraction,post_grok_500,11450,1.0,0.9990426301956176,34.139914048253736,nf,3,0.1752873510122299,0.1469602733850479,341,0.4,E5b_subtraction
59,18,subtraction,post_grok_500,11450,1.0,0.9990426301956176,34.139914048253736,nf,4,0.3778735697269439,0.3130684494972229,341,0.4,E5b_subtraction
59,18,subtraction,post_grok_500,11450,1.0,0.9990426301956176,34.139914048253736,nf,5,0.6214080452919006,0.538056492805481,341,0.4,E5b_subtraction
59,18,subtraction,post_grok_500,11450,1.0,0.9990426301956176,34.139914048253736,nf,6,0.8024425506591797,0.7137386202812195,341,0.4,E5b_subtraction
59,18,subtraction,post_grok_500,11450,1.0,0.9990426301956176,34.139914048253736,nf,8,0.9533045887947084,0.8884633779525757,341,0.4,E5b_subtraction
59,18,subtraction,post_grok_500,11450,1.0,0.9990426301956176,34.139914048253736,nf,10,0.9533045887947084,0.8884633779525757,341,0.4,E5b_subtraction
59,18,subtraction,post_grok_500,11450,1.0,0.9990426301956176,34.139914048253736,nf,12,0.9533045887947084,0.8884633779525757,341,0.4,E5b_subtraction
59,18,subtraction,post_grok_500,11450,1.0,0.9990426301956176,34.139914048253736,nf,16,0.9533045887947084,0.8884633779525757,341,0.4,E5b_subtraction
59,18,subtraction,post_grok_500,11450,1.0,0.9990426301956176,34.139914048253736,nf,23,1.0,0.9990426301956176,341,0.4,E5b_subtraction
59,18,subtraction,post_grok_1500,12450,1.0,1.0,30.564861787526898,int,2,0.0179597698152065,0.0167544279247522,341,0.4,E5b_subtraction
59,18,subtraction,post_grok_1500,12450,1.0,1.0,30.564861787526898,int,3,0.0668103471398353,0.0627094283699989,341,0.4,E5b_subtraction
59,18,subtraction,post_grok_1500,12450,1.0,1.0,30.564861787526898,int,4,0.0761494264006614,0.0770703703165054,341,0.4,E5b_subtraction
59,18,subtraction,post_grok_1500,12450,1.0,1.0,30.564861787526898,int,5,0.1005747094750404,0.1005265712738037,341,0.4,E5b_subtraction
59,18,subtraction,post_grok_1500,12450,1.0,1.0,30.564861787526898,int,6,0.9985632300376892,0.9885112643241882,341,0.4,E5b_subtraction
59,18,subtraction,post_grok_1500,12450,1.0,1.0,30.564861787526898,int,8,1.0,1.0,341,0.4,E5b_subtraction
59,18,subtraction,post_grok_1500,12450,1.0,1.0,30.564861787526898,int,10,1.0,1.0,341,0.4,E5b_subtraction
59,18,subtraction,post_grok_1500,12450,1.0,1.0,30.564861787526898,int,12,1.0,1.0,341,0.4,E5b_subtraction
59,18,subtraction,post_grok_1500,12450,1.0,1.0,30.564861787526898,int,16,1.0,1.0,341,0.4,E5b_subtraction
59,18,subtraction,post_grok_1500,12450,1.0,1.0,30.564861787526898,int,23,1.0,1.0,341,0.4,E5b_subtraction
59,18,subtraction,post_grok_1500,12450,1.0,1.0,30.564861787526898,mantissa,2,1.0,1.0,341,0.4,E5b_subtraction
59,18,subtraction,post_grok_1500,12450,1.0,1.0,30.564861787526898,mantissa,3,1.0,1.0,341,0.4,E5b_subtraction
59,18,subtraction,post_grok_1500,12450,1.0,1.0,30.564861787526898,mantissa,4,1.0,1.0,341,0.4,E5b_subtraction
59,18,subtraction,post_grok_1500,12450,1.0,1.0,30.564861787526898,mantissa,5,1.0,1.0,341,0.4,E5b_subtraction
59,18,subtraction,post_grok_1500,12450,1.0,1.0,30.564861787526898,mantissa,6,1.0,1.0,341,0.4,E5b_subtraction
59,18,subtraction,post_grok_1500,12450,1.0,1.0,30.564861787526898,mantissa,8,1.0,1.0,341,0.4,E5b_subtraction
59,18,subtraction,post_grok_1500,12450,1.0,1.0,30.564861787526898,mantissa,10,1.0,1.0,341,0.4,E5b_subtraction
59,18,subtraction,post_grok_1500,12450,1.0,1.0,30.564861787526898,mantissa,12,1.0,1.0,341,0.4,E5b_subtraction
59,18,subtraction,post_grok_1500,12450,1.0,1.0,30.564861787526898,mantissa,16,1.0,1.0,341,0.4,E5b_subtraction
59,18,subtraction,post_grok_1500,12450,1.0,1.0,30.564861787526898,mantissa,23,1.0,1.0,341,0.4,E5b_subtraction
59,18,subtraction,post_grok_1500,12450,1.0,1.0,30.564861787526898,nf,2,0.0280172415077686,0.0201053135097026,341,0.4,E5b_subtraction
59,18,subtraction,post_grok_1500,12450,1.0,1.0,30.564861787526898,nf,3,0.1458333283662796,0.1110579222440719,341,0.4,E5b_subtraction
59,18,subtraction,post_grok_1500,12450,1.0,1.0,30.564861787526898,nf,4,0.2191091924905777,0.191957876086235,341,0.4,E5b_subtraction
59,18,subtraction,post_grok_1500,12450,1.0,1.0,30.564861787526898,nf,5,0.3764367699623108,0.3437051177024841,341,0.4,E5b_subtraction
59,18,subtraction,post_grok_1500,12450,1.0,1.0,30.564861787526898,nf,6,0.5646551847457886,0.5251316428184509,341,0.4,E5b_subtraction
59,18,subtraction,post_grok_1500,12450,1.0,1.0,30.564861787526898,nf,8,0.8448275923728943,0.8185734748840332,341,0.4,E5b_subtraction
59,18,subtraction,post_grok_1500,12450,1.0,1.0,30.564861787526898,nf,10,0.8448275923728943,0.8185734748840332,341,0.4,E5b_subtraction
59,18,subtraction,post_grok_1500,12450,1.0,1.0,30.564861787526898,nf,12,0.8448275923728943,0.8185734748840332,341,0.4,E5b_subtraction
59,18,subtraction,post_grok_1500,12450,1.0,1.0,30.564861787526898,nf,16,0.8448275923728943,0.8185734748840332,341,0.4,E5b_subtraction
59,18,subtraction,post_grok_1500,12450,1.0,1.0,30.564861787526898,nf,23,1.0,1.0,341,0.4,E5b_subtraction
59,18,subtraction,post_grok_4000,14950,1.0,1.0,30.40902479219221,int,2,0.0193965509533882,0.0148396361619234,341,0.4,E5b_subtraction
59,18,subtraction,post_grok_4000,14950,1.0,1.0,30.40902479219221,int,3,0.0675287321209907,0.0665390118956565,341,0.4,E5b_subtraction
59,18,subtraction,post_grok_4000,14950,1.0,1.0,30.40902479219221,int,4,0.3893678188323974,0.3843944370746612,341,0.4,E5b_subtraction
59,18,subtraction,post_grok_4000,14950,1.0,1.0,30.40902479219221,int,5,0.9798850417137146,0.9818094968795776,341,0.4,E5b_subtraction
59,18,subtraction,post_grok_4000,14950,1.0,1.0,30.40902479219221,int,6,1.0,1.0,341,0.4,E5b_subtraction
59,18,subtraction,post_grok_4000,14950,1.0,1.0,30.40902479219221,int,8,1.0,1.0,341,0.4,E5b_subtraction
59,18,subtraction,post_grok_4000,14950,1.0,1.0,30.40902479219221,int,10,1.0,1.0,341,0.4,E5b_subtraction
59,18,subtraction,post_grok_4000,14950,1.0,1.0,30.40902479219221,int,12,1.0,1.0,341,0.4,E5b_subtraction
59,18,subtraction,post_grok_4000,14950,1.0,1.0,30.40902479219221,int,16,1.0,1.0,341,0.4,E5b_subtraction
59,18,subtraction,post_grok_4000,14950,1.0,1.0,30.40902479219221,int,23,1.0,1.0,341,0.4,E5b_subtraction
59,18,subtraction,post_grok_4000,14950,1.0,1.0,30.40902479219221,mantissa,2,1.0,1.0,341,0.4,E5b_subtraction
59,18,subtraction,post_grok_4000,14950,1.0,1.0,30.40902479219221,mantissa,3,1.0,1.0,341,0.4,E5b_subtraction
59,18,subtraction,post_grok_4000,14950,1.0,1.0,30.40902479219221,mantissa,4,1.0,1.0,341,0.4,E5b_subtraction
59,18,subtraction,post_grok_4000,14950,1.0,1.0,30.40902479219221,mantissa,5,1.0,1.0,341,0.4,E5b_subtraction
59,18,subtraction,post_grok_4000,14950,1.0,1.0,30.40902479219221,mantissa,6,1.0,1.0,341,0.4,E5b_subtraction
59,18,subtraction,post_grok_4000,14950,1.0,1.0,30.40902479219221,mantissa,8,1.0,1.0,341,0.4,E5b_subtraction
59,18,subtraction,post_grok_4000,14950,1.0,1.0,30.40902479219221,mantissa,10,1.0,1.0,341,0.4,E5b_subtraction
59,18,subtraction,post_grok_4000,14950,1.0,1.0,30.40902479219221,mantissa,12,1.0,1.0,341,0.4,E5b_subtraction
59,18,subtraction,post_grok_4000,14950,1.0,1.0,30.40902479219221,mantissa,16,1.0,1.0,341,0.4,E5b_subtraction
59,18,subtraction,post_grok_4000,14950,1.0,1.0,30.40902479219221,mantissa,23,1.0,1.0,341,0.4,E5b_subtraction
59,18,subtraction,post_grok_4000,14950,1.0,1.0,30.40902479219221,nf,2,0.0244252867996692,0.0258496887981891,341,0.4,E5b_subtraction
59,18,subtraction,post_grok_4000,14950,1.0,1.0,30.40902479219221,nf,3,0.0272988509386777,0.0296792723238468,341,0.4,E5b_subtraction
59,18,subtraction,post_grok_4000,14950,1.0,1.0,30.40902479219221,nf,4,0.0524425283074379,0.0464337021112442,341,0.4,E5b_subtraction
59,18,subtraction,post_grok_4000,14950,1.0,1.0,30.40902479219221,nf,5,0.0567528717219829,0.0540928691625595,341,0.4,E5b_subtraction
59,18,subtraction,post_grok_4000,14950,1.0,1.0,30.40902479219221,nf,6,0.0718390792608261,0.060315940529108,341,0.4,E5b_subtraction
59,18,subtraction,post_grok_4000,14950,1.0,1.0,30.40902479219221,nf,8,0.1264367848634719,0.1072283387184143,341,0.4,E5b_subtraction
59,18,subtraction,post_grok_4000,14950,1.0,1.0,30.40902479219221,nf,10,0.1264367848634719,0.1072283387184143,341,0.4,E5b_subtraction
59,18,subtraction,post_grok_4000,14950,1.0,1.0,30.40902479219221,nf,12,0.1264367848634719,0.1072283387184143,341,0.4,E5b_subtraction
59,18,subtraction,post_grok_4000,14950,1.0,1.0,30.40902479219221,nf,16,0.1264367848634719,0.1072283387184143,341,0.4,E5b_subtraction
59,18,subtraction,post_grok_4000,14950,1.0,1.0,30.40902479219221,nf,23,1.0,1.0,341,0.4,E5b_subtraction
59,18,subtraction,cleaned_up,30000,1.0,1.0,30.091400359774862,int,2,0.0150862066075205,0.0196266155689954,341,0.4,E5b_subtraction
59,18,subtraction,cleaned_up,30000,1.0,1.0,30.091400359774862,int,3,0.1264367848634719,0.1263762563467025,341,0.4,E5b_subtraction
59,18,subtraction,cleaned_up,30000,1.0,1.0,30.091400359774862,int,4,0.1724137961864471,0.1584490239620208,341,0.4,E5b_subtraction
59,18,subtraction,cleaned_up,30000,1.0,1.0,30.091400359774862,int,5,0.665229856967926,0.618956446647644,341,0.4,E5b_subtraction
59,18,subtraction,cleaned_up,30000,1.0,1.0,30.091400359774862,int,6,1.0,1.0,341,0.4,E5b_subtraction
59,18,subtraction,cleaned_up,30000,1.0,1.0,30.091400359774862,int,8,1.0,1.0,341,0.4,E5b_subtraction
59,18,subtraction,cleaned_up,30000,1.0,1.0,30.091400359774862,int,10,1.0,1.0,341,0.4,E5b_subtraction
59,18,subtraction,cleaned_up,30000,1.0,1.0,30.091400359774862,int,12,1.0,1.0,341,0.4,E5b_subtraction
59,18,subtraction,cleaned_up,30000,1.0,1.0,30.091400359774862,int,16,1.0,1.0,341,0.4,E5b_subtraction
59,18,subtraction,cleaned_up,30000,1.0,1.0,30.091400359774862,int,23,1.0,1.0,341,0.4,E5b_subtraction
59,18,subtraction,cleaned_up,30000,1.0,1.0,30.091400359774862,mantissa,2,1.0,1.0,341,0.4,E5b_subtraction
59,18,subtraction,cleaned_up,30000,1.0,1.0,30.091400359774862,mantissa,3,1.0,1.0,341,0.4,E5b_subtraction
59,18,subtraction,cleaned_up,30000,1.0,1.0,30.091400359774862,mantissa,4,1.0,1.0,341,0.4,E5b_subtraction
59,18,subtraction,cleaned_up,30000,1.0,1.0,30.091400359774862,mantissa,5,1.0,1.0,341,0.4,E5b_subtraction
59,18,subtraction,cleaned_up,30000,1.0,1.0,30.091400359774862,mantissa,6,1.0,1.0,341,0.4,E5b_subtraction
59,18,subtraction,cleaned_up,30000,1.0,1.0,30.091400359774862,mantissa,8,1.0,1.0,341,0.4,E5b_subtraction
59,18,subtraction,cleaned_up,30000,1.0,1.0,30.091400359774862,mantissa,10,1.0,1.0,341,0.4,E5b_subtraction
59,18,subtraction,cleaned_up,30000,1.0,1.0,30.091400359774862,mantissa,12,1.0,1.0,341,0.4,E5b_subtraction
59,18,subtraction,cleaned_up,30000,1.0,1.0,30.091400359774862,mantissa,16,1.0,1.0,341,0.4,E5b_subtraction
59,18,subtraction,cleaned_up,30000,1.0,1.0,30.091400359774862,mantissa,23,1.0,1.0,341,0.4,E5b_subtraction
59,18,subtraction,cleaned_up,30000,1.0,1.0,30.091400359774862,nf,2,0.0301724132150411,0.0277644805610179,341,0.4,E5b_subtraction
59,18,subtraction,cleaned_up,30000,1.0,1.0,30.091400359774862,nf,3,0.0589080452919006,0.0631881281733512,341,0.4,E5b_subtraction
59,18,subtraction,cleaned_up,30000,1.0,1.0,30.091400359774862,nf,4,0.2011494189500808,0.1905217766761779,341,0.4,E5b_subtraction
59,18,subtraction,cleaned_up,30000,1.0,1.0,30.091400359774862,nf,5,0.4152298867702484,0.3901388347148895,341,0.4,E5b_subtraction
59,18,subtraction,cleaned_up,30000,1.0,1.0,30.091400359774862,nf,6,0.5589080452919006,0.5414073467254639,341,0.4,E5b_subtraction
59,18,subtraction,cleaned_up,30000,1.0,1.0,30.091400359774862,nf,8,0.891523003578186,0.8611776232719421,341,0.4,E5b_subtraction
59,18,subtraction,cleaned_up,30000,1.0,1.0,30.091400359774862,nf,10,0.891523003578186,0.8611776232719421,341,0.4,E5b_subtraction
59,18,subtraction,cleaned_up,30000,1.0,1.0,30.091400359774862,nf,12,0.891523003578186,0.8611776232719421,341,0.4,E5b_subtraction
59,18,subtraction,cleaned_up,30000,1.0,1.0,30.091400359774862,nf,16,0.891523003578186,0.8611776232719421,341,0.4,E5b_subtraction
59,18,subtraction,cleaned_up,30000,1.0,1.0,30.091400359774862,nf,23,1.0,1.0,341,0.4,E5b_subtraction
59,19,subtraction,pre_grok,200,1.0,0.0076591670513153,41.07443218964805,int,2,0.0933908075094223,0.0167544279247522,341,0.4,E5b_subtraction
59,19,subtraction,pre_grok,200,1.0,0.0076591670513153,41.07443218964805,int,3,0.5280172228813171,0.016275729984045,341,0.4,E5b_subtraction
59,19,subtraction,pre_grok,200,1.0,0.0076591670513153,41.07443218964805,int,4,0.8477011322975159,0.0100526567548513,341,0.4,E5b_subtraction
59,19,subtraction,pre_grok,200,1.0,0.0076591670513153,41.07443218964805,int,5,0.9964080452919006,0.0062230732291936,341,0.4,E5b_subtraction
59,19,subtraction,pre_grok,200,1.0,0.0076591670513153,41.07443218964805,int,6,1.0,0.0076591670513153,341,0.4,E5b_subtraction
59,19,subtraction,pre_grok,200,1.0,0.0076591670513153,41.07443218964805,int,8,1.0,0.0076591670513153,341,0.4,E5b_subtraction
59,19,subtraction,pre_grok,200,1.0,0.0076591670513153,41.07443218964805,int,10,1.0,0.0076591670513153,341,0.4,E5b_subtraction
59,19,subtraction,pre_grok,200,1.0,0.0076591670513153,41.07443218964805,int,12,1.0,0.0076591670513153,341,0.4,E5b_subtraction
59,19,subtraction,pre_grok,200,1.0,0.0076591670513153,41.07443218964805,int,16,1.0,0.0076591670513153,341,0.4,E5b_subtraction
59,19,subtraction,pre_grok,200,1.0,0.0076591670513153,41.07443218964805,int,23,1.0,0.0076591670513153,341,0.4,E5b_subtraction
59,19,subtraction,pre_grok,200,1.0,0.0076591670513153,41.07443218964805,mantissa,2,0.9920976758003236,0.0076591670513153,341,0.4,E5b_subtraction
59,19,subtraction,pre_grok,200,1.0,0.0076591670513153,41.07443218964805,mantissa,3,1.0,0.0081378649920225,341,0.4,E5b_subtraction
59,19,subtraction,pre_grok,200,1.0,0.0076591670513153,41.07443218964805,mantissa,4,1.0,0.0081378649920225,341,0.4,E5b_subtraction
59,19,subtraction,pre_grok,200,1.0,0.0076591670513153,41.07443218964805,mantissa,5,1.0,0.0071804691106081,341,0.4,E5b_subtraction
59,19,subtraction,pre_grok,200,1.0,0.0076591670513153,41.07443218964805,mantissa,6,1.0,0.0071804691106081,341,0.4,E5b_subtraction
59,19,subtraction,pre_grok,200,1.0,0.0076591670513153,41.07443218964805,mantissa,8,1.0,0.0076591670513153,341,0.4,E5b_subtraction
59,19,subtraction,pre_grok,200,1.0,0.0076591670513153,41.07443218964805,mantissa,10,1.0,0.0076591670513153,341,0.4,E5b_subtraction
59,19,subtraction,pre_grok,200,1.0,0.0076591670513153,41.07443218964805,mantissa,12,1.0,0.0076591670513153,341,0.4,E5b_subtraction
59,19,subtraction,pre_grok,200,1.0,0.0076591670513153,41.07443218964805,mantissa,16,1.0,0.0076591670513153,341,0.4,E5b_subtraction
59,19,subtraction,pre_grok,200,1.0,0.0076591670513153,41.07443218964805,mantissa,23,1.0,0.0076591670513153,341,0.4,E5b_subtraction
59,19,subtraction,pre_grok,200,1.0,0.0076591670513153,41.07443218964805,nf,2,0.3362068831920624,0.0134035423398017,341,0.4,E5b_subtraction
59,19,subtraction,pre_grok,200,1.0,0.0076591670513153,41.07443218964805,nf,3,0.7169539928436279,0.0062230732291936,341,0.4,E5b_subtraction
59,19,subtraction,pre_grok,200,1.0,0.0076591670513153,41.07443218964805,nf,4,0.9238505959510804,0.0067017711699008,341,0.4,E5b_subtraction
59,19,subtraction,pre_grok,200,1.0,0.0076591670513153,41.07443218964805,nf,5,0.993534505367279,0.0076591670513153,341,0.4,E5b_subtraction
59,19,subtraction,pre_grok,200,1.0,0.0076591670513153,41.07443218964805,nf,6,1.0,0.0071804691106081,341,0.4,E5b_subtraction
59,19,subtraction,pre_grok,200,1.0,0.0076591670513153,41.07443218964805,nf,8,1.0,0.0076591670513153,341,0.4,E5b_subtraction
59,19,subtraction,pre_grok,200,1.0,0.0076591670513153,41.07443218964805,nf,10,1.0,0.0076591670513153,341,0.4,E5b_subtraction
59,19,subtraction,pre_grok,200,1.0,0.0076591670513153,41.07443218964805,nf,12,1.0,0.0076591670513153,341,0.4,E5b_subtraction
59,19,subtraction,pre_grok,200,1.0,0.0076591670513153,41.07443218964805,nf,16,1.0,0.0076591670513153,341,0.4,E5b_subtraction
59,19,subtraction,pre_grok,200,1.0,0.0076591670513153,41.07443218964805,nf,23,1.0,0.0076591670513153,341,0.4,E5b_subtraction
59,19,subtraction,cleaned_up,12000,1.0,0.0248922929167747,43.77600187095212,int,2,0.0172413792461156,0.0143609382212162,341,0.4,E5b_subtraction
59,19,subtraction,cleaned_up,12000,1.0,0.0248922929167747,43.77600187095212,int,3,0.1393678188323974,0.0205840114504098,341,0.4,E5b_subtraction
59,19,subtraction,cleaned_up,12000,1.0,0.0248922929167747,43.77600187095212,int,4,0.4619252979755401,0.0268070846796035,341,0.4,E5b_subtraction
59,19,subtraction,cleaned_up,12000,1.0,0.0248922929167747,43.77600187095212,int,5,0.9037356376647948,0.0224988032132387,341,0.4,E5b_subtraction
59,19,subtraction,cleaned_up,12000,1.0,0.0248922929167747,43.77600187095212,int,6,0.9971264600753784,0.0253709908574819,341,0.4,E5b_subtraction
59,19,subtraction,cleaned_up,12000,1.0,0.0248922929167747,43.77600187095212,int,8,1.0,0.0248922929167747,341,0.4,E5b_subtraction
59,19,subtraction,cleaned_up,12000,1.0,0.0248922929167747,43.77600187095212,int,10,1.0,0.0248922929167747,341,0.4,E5b_subtraction
59,19,subtraction,cleaned_up,12000,1.0,0.0248922929167747,43.77600187095212,int,12,1.0,0.0244135949760675,341,0.4,E5b_subtraction
59,19,subtraction,cleaned_up,12000,1.0,0.0248922929167747,43.77600187095212,int,16,1.0,0.0248922929167747,341,0.4,E5b_subtraction
59,19,subtraction,cleaned_up,12000,1.0,0.0248922929167747,43.77600187095212,int,23,1.0,0.0248922929167747,341,0.4,E5b_subtraction
59,19,subtraction,cleaned_up,12000,1.0,0.0248922929167747,43.77600187095212,mantissa,2,1.0,0.0253709908574819,341,0.4,E5b_subtraction
59,19,subtraction,cleaned_up,12000,1.0,0.0248922929167747,43.77600187095212,mantissa,3,1.0,0.0268070846796035,341,0.4,E5b_subtraction
59,19,subtraction,cleaned_up,12000,1.0,0.0248922929167747,43.77600187095212,mantissa,4,1.0,0.0253709908574819,341,0.4,E5b_subtraction
59,19,subtraction,cleaned_up,12000,1.0,0.0248922929167747,43.77600187095212,mantissa,5,1.0,0.0248922929167747,341,0.4,E5b_subtraction
59,19,subtraction,cleaned_up,12000,1.0,0.0248922929167747,43.77600187095212,mantissa,6,1.0,0.0248922929167747,341,0.4,E5b_subtraction
59,19,subtraction,cleaned_up,12000,1.0,0.0248922929167747,43.77600187095212,mantissa,8,1.0,0.0248922929167747,341,0.4,E5b_subtraction
59,19,subtraction,cleaned_up,12000,1.0,0.0248922929167747,43.77600187095212,mantissa,10,1.0,0.0248922929167747,341,0.4,E5b_subtraction
59,19,subtraction,cleaned_up,12000,1.0,0.0248922929167747,43.77600187095212,mantissa,12,1.0,0.0248922929167747,341,0.4,E5b_subtraction
59,19,subtraction,cleaned_up,12000,1.0,0.0248922929167747,43.77600187095212,mantissa,16,1.0,0.0248922929167747,341,0.4,E5b_subtraction
59,19,subtraction,cleaned_up,12000,1.0,0.0248922929167747,43.77600187095212,mantissa,23,1.0,0.0248922929167747,341,0.4,E5b_subtraction
59,19,subtraction,cleaned_up,12000,1.0,0.0248922929167747,43.77600187095212,nf,2,0.0610632188618183,0.0167544279247522,341,0.4,E5b_subtraction
59,19,subtraction,cleaned_up,12000,1.0,0.0248922929167747,43.77600187095212,nf,3,0.2887931168079376,0.0220201052725315,341,0.4,E5b_subtraction
59,19,subtraction,cleaned_up,12000,1.0,0.0248922929167747,43.77600187095212,nf,4,0.6192528605461121,0.0263283867388963,341,0.4,E5b_subtraction
59,19,subtraction,cleaned_up,12000,1.0,0.0248922929167747,43.77600187095212,nf,5,0.8204023241996765,0.0234561990946531,341,0.4,E5b_subtraction
59,19,subtraction,cleaned_up,12000,1.0,0.0248922929167747,43.77600187095212,nf,6,0.9051724076271056,0.021062709391117,341,0.4,E5b_subtraction
59,19,subtraction,cleaned_up,12000,1.0,0.0248922929167747,43.77600187095212,nf,8,0.9705459475517272,0.0244135949760675,341,0.4,E5b_subtraction
59,19,subtraction,cleaned_up,12000,1.0,0.0248922929167747,43.77600187095212,nf,10,0.9705459475517272,0.0244135949760675,341,0.4,E5b_subtraction
59,19,subtraction,cleaned_up,12000,1.0,0.0248922929167747,43.77600187095212,nf,12,0.9705459475517272,0.0244135949760675,341,0.4,E5b_subtraction
59,19,subtraction,cleaned_up,12000,1.0,0.0248922929167747,43.77600187095212,nf,16,0.9705459475517272,0.0244135949760675,341,0.4,E5b_subtraction
59,19,subtraction,cleaned_up,12000,1.0,0.0248922929167747,43.77600187095212,nf,23,1.0,0.0248922929167747,341,0.4,E5b_subtraction
59,20,subtraction,pre_grok,200,1.0,0.0052656773477792,41.72341038536931,int,2,0.099137932062149,0.0114887505769729,341,0.4,E5b_subtraction
59,20,subtraction,pre_grok,200,1.0,0.0052656773477792,41.72341038536931,int,3,0.5912356376647949,0.0095739588141441,341,0.4,E5b_subtraction
59,20,subtraction,pre_grok,200,1.0,0.0052656773477792,41.72341038536931,int,4,0.8886494040489197,0.0076591670513153,341,0.4,E5b_subtraction
59,20,subtraction,pre_grok,200,1.0,0.0052656773477792,41.72341038536931,int,5,0.994252860546112,0.0052656773477792,341,0.4,E5b_subtraction
59,20,subtraction,pre_grok,200,1.0,0.0052656773477792,41.72341038536931,int,6,1.0,0.0057443752884864,341,0.4,E5b_subtraction
59,20,subtraction,pre_grok,200,1.0,0.0052656773477792,41.72341038536931,int,8,1.0,0.004786979407072,341,0.4,E5b_subtraction
59,20,subtraction,pre_grok,200,1.0,0.0052656773477792,41.72341038536931,int,10,1.0,0.0052656773477792,341,0.4,E5b_subtraction
59,20,subtraction,pre_grok,200,1.0,0.0052656773477792,41.72341038536931,int,12,1.0,0.0052656773477792,341,0.4,E5b_subtraction
59,20,subtraction,pre_grok,200,1.0,0.0052656773477792,41.72341038536931,int,16,1.0,0.0052656773477792,341,0.4,E5b_subtraction
59,20,subtraction,pre_grok,200,1.0,0.0052656773477792,41.72341038536931,int,23,1.0,0.0052656773477792,341,0.4,E5b_subtraction
59,20,subtraction,pre_grok,200,1.0,0.0052656773477792,41.72341038536931,mantissa,2,0.9949712753295898,0.0052656773477792,341,0.4,E5b_subtraction
59,20,subtraction,pre_grok,200,1.0,0.0052656773477792,41.72341038536931,mantissa,3,1.0,0.004786979407072,341,0.4,E5b_subtraction
59,20,subtraction,pre_grok,200,1.0,0.0052656773477792,41.72341038536931,mantissa,4,1.0,0.0052656773477792,341,0.4,E5b_subtraction
59,20,subtraction,pre_grok,200,1.0,0.0052656773477792,41.72341038536931,mantissa,5,1.0,0.0052656773477792,341,0.4,E5b_subtraction
59,20,subtraction,pre_grok,200,1.0,0.0052656773477792,41.72341038536931,mantissa,6,1.0,0.0052656773477792,341,0.4,E5b_subtraction
59,20,subtraction,pre_grok,200,1.0,0.0052656773477792,41.72341038536931,mantissa,8,1.0,0.0052656773477792,341,0.4,E5b_subtraction
59,20,subtraction,pre_grok,200,1.0,0.0052656773477792,41.72341038536931,mantissa,10,1.0,0.0052656773477792,341,0.4,E5b_subtraction
59,20,subtraction,pre_grok,200,1.0,0.0052656773477792,41.72341038536931,mantissa,12,1.0,0.0052656773477792,341,0.4,E5b_subtraction
59,20,subtraction,pre_grok,200,1.0,0.0052656773477792,41.72341038536931,mantissa,16,1.0,0.0052656773477792,341,0.4,E5b_subtraction
59,20,subtraction,pre_grok,200,1.0,0.0052656773477792,41.72341038536931,mantissa,23,1.0,0.0052656773477792,341,0.4,E5b_subtraction
59,20,subtraction,pre_grok,200,1.0,0.0052656773477792,41.72341038536931,nf,2,0.369252860546112,0.0067017711699008,341,0.4,E5b_subtraction
59,20,subtraction,pre_grok,200,1.0,0.0052656773477792,41.72341038536931,nf,3,0.7291666865348816,0.0057443752884864,341,0.4,E5b_subtraction
59,20,subtraction,pre_grok,200,1.0,0.0052656773477792,41.72341038536931,nf,4,0.9245689511299132,0.0043082814663648,341,0.4,E5b_subtraction
59,20,subtraction,pre_grok,200,1.0,0.0052656773477792,41.72341038536931,nf,5,0.9949712753295898,0.0062230732291936,341,0.4,E5b_subtraction
59,20,subtraction,pre_grok,200,1.0,0.0052656773477792,41.72341038536931,nf,6,1.0,0.0052656773477792,341,0.4,E5b_subtraction
59,20,subtraction,pre_grok,200,1.0,0.0052656773477792,41.72341038536931,nf,8,1.0,0.0052656773477792,341,0.4,E5b_subtraction
59,20,subtraction,pre_grok,200,1.0,0.0052656773477792,41.72341038536931,nf,10,1.0,0.0052656773477792,341,0.4,E5b_subtraction
59,20,subtraction,pre_grok,200,1.0,0.0052656773477792,41.72341038536931,nf,12,1.0,0.0052656773477792,341,0.4,E5b_subtraction
59,20,subtraction,pre_grok,200,1.0,0.0052656773477792,41.72341038536931,nf,16,1.0,0.0052656773477792,341,0.4,E5b_subtraction
59,20,subtraction,pre_grok,200,1.0,0.0052656773477792,41.72341038536931,nf,23,1.0,0.0052656773477792,341,0.4,E5b_subtraction
59,20,subtraction,cleaned_up,12000,1.0,0.0148396361619234,50.77022684032713,int,2,0.0215517245233058,0.0153183341026306,341,0.4,E5b_subtraction
59,20,subtraction,cleaned_up,12000,1.0,0.0148396361619234,50.77022684032713,int,3,0.0711206868290901,0.0177118238061666,341,0.4,E5b_subtraction
59,20,subtraction,cleaned_up,12000,1.0,0.0148396361619234,50.77022684032713,int,4,0.4008620679378509,0.018669219687581,341,0.4,E5b_subtraction
59,20,subtraction,cleaned_up,12000,1.0,0.0148396361619234,50.77022684032713,int,5,0.7622126340866089,0.0215414073318243,341,0.4,E5b_subtraction
59,20,subtraction,cleaned_up,12000,1.0,0.0148396361619234,50.77022684032713,int,6,0.994252860546112,0.0124461464583873,341,0.4,E5b_subtraction
59,20,subtraction,cleaned_up,12000,1.0,0.0148396361619234,50.77022684032713,int,8,1.0,0.016275729984045,341,0.4,E5b_subtraction
59,20,subtraction,cleaned_up,12000,1.0,0.0148396361619234,50.77022684032713,int,10,1.0,0.0143609382212162,341,0.4,E5b_subtraction
59,20,subtraction,cleaned_up,12000,1.0,0.0148396361619234,50.77022684032713,int,12,1.0,0.0148396361619234,341,0.4,E5b_subtraction
59,20,subtraction,cleaned_up,12000,1.0,0.0148396361619234,50.77022684032713,int,16,1.0,0.0148396361619234,341,0.4,E5b_subtraction
59,20,subtraction,cleaned_up,12000,1.0,0.0148396361619234,50.77022684032713,int,23,1.0,0.0148396361619234,341,0.4,E5b_subtraction
59,20,subtraction,cleaned_up,12000,1.0,0.0148396361619234,50.77022684032713,mantissa,2,1.0,0.0143609382212162,341,0.4,E5b_subtraction
59,20,subtraction,cleaned_up,12000,1.0,0.0148396361619234,50.77022684032713,mantissa,3,1.0,0.0148396361619234,341,0.4,E5b_subtraction
59,20,subtraction,cleaned_up,12000,1.0,0.0148396361619234,50.77022684032713,mantissa,4,1.0,0.0134035423398017,341,0.4,E5b_subtraction
59,20,subtraction,cleaned_up,12000,1.0,0.0148396361619234,50.77022684032713,mantissa,5,1.0,0.0148396361619234,341,0.4,E5b_subtraction
59,20,subtraction,cleaned_up,12000,1.0,0.0148396361619234,50.77022684032713,mantissa,6,1.0,0.0143609382212162,341,0.4,E5b_subtraction
59,20,subtraction,cleaned_up,12000,1.0,0.0148396361619234,50.77022684032713,mantissa,8,1.0,0.0148396361619234,341,0.4,E5b_subtraction
59,20,subtraction,cleaned_up,12000,1.0,0.0148396361619234,50.77022684032713,mantissa,10,1.0,0.0148396361619234,341,0.4,E5b_subtraction
59,20,subtraction,cleaned_up,12000,1.0,0.0148396361619234,50.77022684032713,mantissa,12,1.0,0.0148396361619234,341,0.4,E5b_subtraction
59,20,subtraction,cleaned_up,12000,1.0,0.0148396361619234,50.77022684032713,mantissa,16,1.0,0.0148396361619234,341,0.4,E5b_subtraction
59,20,subtraction,cleaned_up,12000,1.0,0.0148396361619234,50.77022684032713,mantissa,23,1.0,0.0148396361619234,341,0.4,E5b_subtraction
59,20,subtraction,cleaned_up,12000,1.0,0.0148396361619234,50.77022684032713,nf,2,0.0625,0.021062709391117,341,0.4,E5b_subtraction
59,20,subtraction,cleaned_up,12000,1.0,0.0148396361619234,50.77022684032713,nf,3,0.19971264898777,0.0177118238061666,341,0.4,E5b_subtraction
59,20,subtraction,cleaned_up,12000,1.0,0.0148396361619234,50.77022684032713,nf,4,0.4985632300376892,0.0153183341026306,341,0.4,E5b_subtraction
59,20,subtraction,cleaned_up,12000,1.0,0.0148396361619234,50.77022684032713,nf,5,0.7399425506591797,0.016275729984045,341,0.4,E5b_subtraction
59,20,subtraction,cleaned_up,12000,1.0,0.0148396361619234,50.77022684032713,nf,6,0.8771551847457886,0.0172331258654594,341,0.4,E5b_subtraction
59,20,subtraction,cleaned_up,12000,1.0,0.0148396361619234,50.77022684032713,nf,8,0.9683908224105836,0.0167544279247522,341,0.4,E5b_subtraction
59,20,subtraction,cleaned_up,12000,1.0,0.0148396361619234,50.77022684032713,nf,10,0.9683908224105836,0.0167544279247522,341,0.4,E5b_subtraction
59,20,subtraction,cleaned_up,12000,1.0,0.0148396361619234,50.77022684032713,nf,12,0.9683908224105836,0.0167544279247522,341,0.4,E5b_subtraction
59,20,subtraction,cleaned_up,12000,1.0,0.0148396361619234,50.77022684032713,nf,16,0.9683908224105836,0.0167544279247522,341,0.4,E5b_subtraction
59,20,subtraction,cleaned_up,12000,1.0,0.0148396361619234,50.77022684032713,nf,23,1.0,0.0148396361619234,341,0.4,E5b_subtraction
59,21,subtraction,pre_grok,150,0.9913793206214904,0.0100526567548513,40.53765856417482,int,2,0.0689655169844627,0.0129248443990945,341,0.4,E5b_subtraction
59,21,subtraction,pre_grok,150,0.9913793206214904,0.0100526567548513,40.53765856417482,int,3,0.5035919547080994,0.0114887505769729,341,0.4,E5b_subtraction
59,21,subtraction,pre_grok,150,0.9913793206214904,0.0100526567548513,40.53765856417482,int,4,0.8556034564971924,0.0129248443990945,341,0.4,E5b_subtraction
59,21,subtraction,pre_grok,150,0.9913793206214904,0.0100526567548513,40.53765856417482,int,5,0.9683908224105836,0.0100526567548513,341,0.4,E5b_subtraction
59,21,subtraction,pre_grok,150,0.9913793206214904,0.0100526567548513,40.53765856417482,int,6,0.9899425506591796,0.0100526567548513,341,0.4,E5b_subtraction
59,21,subtraction,pre_grok,150,0.9913793206214904,0.0100526567548513,40.53765856417482,int,8,0.9920976758003236,0.0100526567548513,341,0.4,E5b_subtraction
59,21,subtraction,pre_grok,150,0.9913793206214904,0.0100526567548513,40.53765856417482,int,10,0.9913793206214904,0.0095739588141441,341,0.4,E5b_subtraction
59,21,subtraction,pre_grok,150,0.9913793206214904,0.0100526567548513,40.53765856417482,int,12,0.9913793206214904,0.0100526567548513,341,0.4,E5b_subtraction
59,21,subtraction,pre_grok,150,0.9913793206214904,0.0100526567548513,40.53765856417482,int,16,0.9913793206214904,0.0100526567548513,341,0.4,E5b_subtraction
59,21,subtraction,pre_grok,150,0.9913793206214904,0.0100526567548513,40.53765856417482,int,23,0.9913793206214904,0.0100526567548513,341,0.4,E5b_subtraction
59,21,subtraction,pre_grok,150,0.9913793206214904,0.0100526567548513,40.53765856417482,mantissa,2,0.972701132297516,0.0076591670513153,341,0.4,E5b_subtraction
59,21,subtraction,pre_grok,150,0.9913793206214904,0.0100526567548513,40.53765856417482,mantissa,3,0.9906609058380128,0.0105313546955585,341,0.4,E5b_subtraction
59,21,subtraction,pre_grok,150,0.9913793206214904,0.0100526567548513,40.53765856417482,mantissa,4,0.9913793206214904,0.0095739588141441,341,0.4,E5b_subtraction
59,21,subtraction,pre_grok,150,0.9913793206214904,0.0100526567548513,40.53765856417482,mantissa,5,0.9899425506591796,0.0100526567548513,341,0.4,E5b_subtraction
59,21,subtraction,pre_grok,150,0.9913793206214904,0.0100526567548513,40.53765856417482,mantissa,6,0.9913793206214904,0.0095739588141441,341,0.4,E5b_subtraction
59,21,subtraction,pre_grok,150,0.9913793206214904,0.0100526567548513,40.53765856417482,mantissa,8,0.9913793206214904,0.0100526567548513,341,0.4,E5b_subtraction
59,21,subtraction,pre_grok,150,0.9913793206214904,0.0100526567548513,40.53765856417482,mantissa,10,0.9913793206214904,0.0100526567548513,341,0.4,E5b_subtraction
59,21,subtraction,pre_grok,150,0.9913793206214904,0.0100526567548513,40.53765856417482,mantissa,12,0.9913793206214904,0.0100526567548513,341,0.4,E5b_subtraction
59,21,subtraction,pre_grok,150,0.9913793206214904,0.0100526567548513,40.53765856417482,mantissa,16,0.9913793206214904,0.0100526567548513,341,0.4,E5b_subtraction
59,21,subtraction,pre_grok,150,0.9913793206214904,0.0100526567548513,40.53765856417482,mantissa,23,0.9913793206214904,0.0100526567548513,341,0.4,E5b_subtraction
59,21,subtraction,pre_grok,150,0.9913793206214904,0.0100526567548513,40.53765856417482,nf,2,0.2916666567325592,0.0105313546955585,341,0.4,E5b_subtraction
59,21,subtraction,pre_grok,150,0.9913793206214904,0.0100526567548513,40.53765856417482,nf,3,0.6034482717514038,0.0100526567548513,341,0.4,E5b_subtraction
59,21,subtraction,pre_grok,150,0.9913793206214904,0.0100526567548513,40.53765856417482,nf,4,0.8441091775894165,0.0110100526362657,341,0.4,E5b_subtraction
59,21,subtraction,pre_grok,150,0.9913793206214904,0.0100526567548513,40.53765856417482,nf,5,0.9576149582862854,0.0100526567548513,341,0.4,E5b_subtraction
59,21,subtraction,pre_grok,150,0.9913793206214904,0.0100526567548513,40.53765856417482,nf,6,0.9899425506591796,0.0100526567548513,341,0.4,E5b_subtraction
59,21,subtraction,pre_grok,150,0.9913793206214904,0.0100526567548513,40.53765856417482,nf,8,0.9913793206214904,0.0090952608734369,341,0.4,E5b_subtraction
59,21,subtraction,pre_grok,150,0.9913793206214904,0.0100526567548513,40.53765856417482,nf,10,0.9913793206214904,0.0090952608734369,341,0.4,E5b_subtraction
59,21,subtraction,pre_grok,150,0.9913793206214904,0.0100526567548513,40.53765856417482,nf,12,0.9913793206214904,0.0090952608734369,341,0.4,E5b_subtraction
59,21,subtraction,pre_grok,150,0.9913793206214904,0.0100526567548513,40.53765856417482,nf,16,0.9913793206214904,0.0090952608734369,341,0.4,E5b_subtraction
59,21,subtraction,pre_grok,150,0.9913793206214904,0.0100526567548513,40.53765856417482,nf,23,0.9913793206214904,0.0100526567548513,341,0.4,E5b_subtraction
59,21,subtraction,cleaned_up,12000,1.0,0.0052656773477792,51.37069147146968,int,2,0.0186781603842973,0.0167544279247522,341,0.4,E5b_subtraction
59,21,subtraction,cleaned_up,12000,1.0,0.0052656773477792,51.37069147146968,int,3,0.0545977018773555,0.0172331258654594,341,0.4,E5b_subtraction
59,21,subtraction,cleaned_up,12000,1.0,0.0052656773477792,51.37069147146968,int,4,0.272988498210907,0.0148396361619234,341,0.4,E5b_subtraction
59,21,subtraction,cleaned_up,12000,1.0,0.0052656773477792,51.37069147146968,int,5,0.7162356376647949,0.0105313546955585,341,0.4,E5b_subtraction
59,21,subtraction,cleaned_up,12000,1.0,0.0052656773477792,51.37069147146968,int,6,0.9863505959510804,0.0086165629327297,341,0.4,E5b_subtraction
59,21,subtraction,cleaned_up,12000,1.0,0.0052656773477792,51.37069147146968,int,8,1.0,0.0057443752884864,341,0.4,E5b_subtraction
59,21,subtraction,cleaned_up,12000,1.0,0.0052656773477792,51.37069147146968,int,10,1.0,0.0062230732291936,341,0.4,E5b_subtraction
59,21,subtraction,cleaned_up,12000,1.0,0.0052656773477792,51.37069147146968,int,12,1.0,0.0052656773477792,341,0.4,E5b_subtraction
59,21,subtraction,cleaned_up,12000,1.0,0.0052656773477792,51.37069147146968,int,16,1.0,0.0052656773477792,341,0.4,E5b_subtraction
59,21,subtraction,cleaned_up,12000,1.0,0.0052656773477792,51.37069147146968,int,23,1.0,0.0052656773477792,341,0.4,E5b_subtraction
59,21,subtraction,cleaned_up,12000,1.0,0.0052656773477792,51.37069147146968,mantissa,2,1.0,0.0057443752884864,341,0.4,E5b_subtraction
59,21,subtraction,cleaned_up,12000,1.0,0.0052656773477792,51.37069147146968,mantissa,3,1.0,0.0067017711699008,341,0.4,E5b_subtraction
59,21,subtraction,cleaned_up,12000,1.0,0.0052656773477792,51.37069147146968,mantissa,4,1.0,0.0052656773477792,341,0.4,E5b_subtraction
59,21,subtraction,cleaned_up,12000,1.0,0.0052656773477792,51.37069147146968,mantissa,5,1.0,0.0052656773477792,341,0.4,E5b_subtraction
59,21,subtraction,cleaned_up,12000,1.0,0.0052656773477792,51.37069147146968,mantissa,6,1.0,0.0052656773477792,341,0.4,E5b_subtraction
59,21,subtraction,cleaned_up,12000,1.0,0.0052656773477792,51.37069147146968,mantissa,8,1.0,0.0052656773477792,341,0.4,E5b_subtraction
59,21,subtraction,cleaned_up,12000,1.0,0.0052656773477792,51.37069147146968,mantissa,10,1.0,0.0052656773477792,341,0.4,E5b_subtraction
59,21,subtraction,cleaned_up,12000,1.0,0.0052656773477792,51.37069147146968,mantissa,12,1.0,0.0052656773477792,341,0.4,E5b_subtraction
59,21,subtraction,cleaned_up,12000,1.0,0.0052656773477792,51.37069147146968,mantissa,16,1.0,0.0052656773477792,341,0.4,E5b_subtraction
59,21,subtraction,cleaned_up,12000,1.0,0.0052656773477792,51.37069147146968,mantissa,23,1.0,0.0052656773477792,341,0.4,E5b_subtraction
59,21,subtraction,cleaned_up,12000,1.0,0.0052656773477792,51.37069147146968,nf,2,0.0653735622763633,0.0143609382212162,341,0.4,E5b_subtraction
59,21,subtraction,cleaned_up,12000,1.0,0.0052656773477792,51.37069147146968,nf,3,0.1724137961864471,0.0157970320433378,341,0.4,E5b_subtraction
59,21,subtraction,cleaned_up,12000,1.0,0.0052656773477792,51.37069147146968,nf,4,0.4504310190677643,0.0134035423398017,341,0.4,E5b_subtraction
59,21,subtraction,cleaned_up,12000,1.0,0.0052656773477792,51.37069147146968,nf,5,0.6954023241996765,0.0143609382212162,341,0.4,E5b_subtraction
59,21,subtraction,cleaned_up,12000,1.0,0.0052656773477792,51.37069147146968,nf,6,0.8448275923728943,0.0114887505769729,341,0.4,E5b_subtraction
59,21,subtraction,cleaned_up,12000,1.0,0.0052656773477792,51.37069147146968,nf,8,0.9461206793785096,0.0090952608734369,341,0.4,E5b_subtraction
59,21,subtraction,cleaned_up,12000,1.0,0.0052656773477792,51.37069147146968,nf,10,0.9461206793785096,0.0090952608734369,341,0.4,E5b_subtraction
59,21,subtraction,cleaned_up,12000,1.0,0.0052656773477792,51.37069147146968,nf,12,0.9461206793785096,0.0090952608734369,341,0.4,E5b_subtraction
59,21,subtraction,cleaned_up,12000,1.0,0.0052656773477792,51.37069147146968,nf,16,0.9461206793785096,0.0090952608734369,341,0.4,E5b_subtraction
59,21,subtraction,cleaned_up,12000,1.0,0.0052656773477792,51.37069147146968,nf,23,1.0,0.0052656773477792,341,0.4,E5b_subtraction
59,22,subtraction,pre_grok,200,1.0,0.0110100526362657,40.58589213041059,int,2,0.0826149433851242,0.0134035423398017,341,0.4,E5b_subtraction
59,22,subtraction,pre_grok,200,1.0,0.0110100526362657,40.58589213041059,int,3,0.5244252681732178,0.0105313546955585,341,0.4,E5b_subtraction
59,22,subtraction,pre_grok,200,1.0,0.0110100526362657,40.58589213041059,int,4,0.8857758641242981,0.0081378649920225,341,0.4,E5b_subtraction
59,22,subtraction,pre_grok,200,1.0,0.0110100526362657,40.58589213041059,int,5,0.9899425506591796,0.0110100526362657,341,0.4,E5b_subtraction
59,22,subtraction,pre_grok,200,1.0,0.0110100526362657,40.58589213041059,int,6,1.0,0.0095739588141441,341,0.4,E5b_subtraction
59,22,subtraction,pre_grok,200,1.0,0.0110100526362657,40.58589213041059,int,8,1.0,0.0105313546955585,341,0.4,E5b_subtraction
59,22,subtraction,pre_grok,200,1.0,0.0110100526362657,40.58589213041059,int,10,1.0,0.0105313546955585,341,0.4,E5b_subtraction
59,22,subtraction,pre_grok,200,1.0,0.0110100526362657,40.58589213041059,int,12,1.0,0.0110100526362657,341,0.4,E5b_subtraction
59,22,subtraction,pre_grok,200,1.0,0.0110100526362657,40.58589213041059,int,16,1.0,0.0110100526362657,341,0.4,E5b_subtraction
59,22,subtraction,pre_grok,200,1.0,0.0110100526362657,40.58589213041059,int,23,1.0,0.0110100526362657,341,0.4,E5b_subtraction
59,22,subtraction,pre_grok,200,1.0,0.0110100526362657,40.58589213041059,mantissa,2,0.994252860546112,0.0090952608734369,341,0.4,E5b_subtraction
59,22,subtraction,pre_grok,200,1.0,0.0110100526362657,40.58589213041059,mantissa,3,1.0,0.0105313546955585,341,0.4,E5b_subtraction
59,22,subtraction,pre_grok,200,1.0,0.0110100526362657,40.58589213041059,mantissa,4,1.0,0.0110100526362657,341,0.4,E5b_subtraction
59,22,subtraction,pre_grok,200,1.0,0.0110100526362657,40.58589213041059,mantissa,5,1.0,0.0105313546955585,341,0.4,E5b_subtraction
59,22,subtraction,pre_grok,200,1.0,0.0110100526362657,40.58589213041059,mantissa,6,1.0,0.0110100526362657,341,0.4,E5b_subtraction
59,22,subtraction,pre_grok,200,1.0,0.0110100526362657,40.58589213041059,mantissa,8,1.0,0.0110100526362657,341,0.4,E5b_subtraction
59,22,subtraction,pre_grok,200,1.0,0.0110100526362657,40.58589213041059,mantissa,10,1.0,0.0110100526362657,341,0.4,E5b_subtraction
59,22,subtraction,pre_grok,200,1.0,0.0110100526362657,40.58589213041059,mantissa,12,1.0,0.0110100526362657,341,0.4,E5b_subtraction
59,22,subtraction,pre_grok,200,1.0,0.0110100526362657,40.58589213041059,mantissa,16,1.0,0.0110100526362657,341,0.4,E5b_subtraction
59,22,subtraction,pre_grok,200,1.0,0.0110100526362657,40.58589213041059,mantissa,23,1.0,0.0110100526362657,341,0.4,E5b_subtraction
59,22,subtraction,pre_grok,200,1.0,0.0110100526362657,40.58589213041059,nf,2,0.2981321811676025,0.0114887505769729,341,0.4,E5b_subtraction
59,22,subtraction,pre_grok,200,1.0,0.0110100526362657,40.58589213041059,nf,3,0.6795976758003235,0.0052656773477792,341,0.4,E5b_subtraction
59,22,subtraction,pre_grok,200,1.0,0.0110100526362657,40.58589213041059,nf,4,0.9216954112052916,0.0076591670513153,341,0.4,E5b_subtraction
59,22,subtraction,pre_grok,200,1.0,0.0110100526362657,40.58589213041059,nf,5,0.989224135875702,0.0110100526362657,341,0.4,E5b_subtraction
59,22,subtraction,pre_grok,200,1.0,0.0110100526362657,40.58589213041059,nf,6,1.0,0.0100526567548513,341,0.4,E5b_subtraction
59,22,subtraction,pre_grok,200,1.0,0.0110100526362657,40.58589213041059,nf,8,1.0,0.0100526567548513,341,0.4,E5b_subtraction
59,22,subtraction,pre_grok,200,1.0,0.0110100526362657,40.58589213041059,nf,10,1.0,0.0100526567548513,341,0.4,E5b_subtraction
59,22,subtraction,pre_grok,200,1.0,0.0110100526362657,40.58589213041059,nf,12,1.0,0.0100526567548513,341,0.4,E5b_subtraction
59,22,subtraction,pre_grok,200,1.0,0.0110100526362657,40.58589213041059,nf,16,1.0,0.0100526567548513,341,0.4,E5b_subtraction
59,22,subtraction,pre_grok,200,1.0,0.0110100526362657,40.58589213041059,nf,23,1.0,0.0110100526362657,341,0.4,E5b_subtraction
59,22,subtraction,cleaned_up,12000,1.0,0.0153183341026306,52.71772695926965,int,2,0.0129310339689254,0.0196266155689954,341,0.4,E5b_subtraction
59,22,subtraction,cleaned_up,12000,1.0,0.0153183341026306,52.71772695926965,int,3,0.0689655169844627,0.0143609382212162,341,0.4,E5b_subtraction
59,22,subtraction,cleaned_up,12000,1.0,0.0153183341026306,52.71772695926965,int,4,0.3110632300376892,0.0167544279247522,341,0.4,E5b_subtraction
59,22,subtraction,cleaned_up,12000,1.0,0.0153183341026306,52.71772695926965,int,5,0.6558908224105835,0.0134035423398017,341,0.4,E5b_subtraction
59,22,subtraction,cleaned_up,12000,1.0,0.0153183341026306,52.71772695926965,int,6,0.964798867702484,0.0138822402805089,341,0.4,E5b_subtraction
59,22,subtraction,cleaned_up,12000,1.0,0.0153183341026306,52.71772695926965,int,8,1.0,0.016275729984045,341,0.4,E5b_subtraction
59,22,subtraction,cleaned_up,12000,1.0,0.0153183341026306,52.71772695926965,int,10,1.0,0.0148396361619234,341,0.4,E5b_subtraction
59,22,subtraction,cleaned_up,12000,1.0,0.0153183341026306,52.71772695926965,int,12,1.0,0.0153183341026306,341,0.4,E5b_subtraction
59,22,subtraction,cleaned_up,12000,1.0,0.0153183341026306,52.71772695926965,int,16,1.0,0.0153183341026306,341,0.4,E5b_subtraction
59,22,subtraction,cleaned_up,12000,1.0,0.0153183341026306,52.71772695926965,int,23,1.0,0.0153183341026306,341,0.4,E5b_subtraction
59,22,subtraction,cleaned_up,12000,1.0,0.0153183341026306,52.71772695926965,mantissa,2,1.0,0.0167544279247522,341,0.4,E5b_subtraction
59,22,subtraction,cleaned_up,12000,1.0,0.0153183341026306,52.71772695926965,mantissa,3,1.0,0.0157970320433378,341,0.4,E5b_subtraction
59,22,subtraction,cleaned_up,12000,1.0,0.0153183341026306,52.71772695926965,mantissa,4,1.0,0.0153183341026306,341,0.4,E5b_subtraction
59,22,subtraction,cleaned_up,12000,1.0,0.0153183341026306,52.71772695926965,mantissa,5,1.0,0.0148396361619234,341,0.4,E5b_subtraction
59,22,subtraction,cleaned_up,12000,1.0,0.0153183341026306,52.71772695926965,mantissa,6,1.0,0.0153183341026306,341,0.4,E5b_subtraction
59,22,subtraction,cleaned_up,12000,1.0,0.0153183341026306,52.71772695926965,mantissa,8,1.0,0.0148396361619234,341,0.4,E5b_subtraction
59,22,subtraction,cleaned_up,12000,1.0,0.0153183341026306,52.71772695926965,mantissa,10,1.0,0.0153183341026306,341,0.4,E5b_subtraction
59,22,subtraction,cleaned_up,12000,1.0,0.0153183341026306,52.71772695926965,mantissa,12,1.0,0.0153183341026306,341,0.4,E5b_subtraction
59,22,subtraction,cleaned_up,12000,1.0,0.0153183341026306,52.71772695926965,mantissa,16,1.0,0.0153183341026306,341,0.4,E5b_subtraction
59,22,subtraction,cleaned_up,12000,1.0,0.0153183341026306,52.71772695926965,mantissa,23,1.0,0.0153183341026306,341,0.4,E5b_subtraction
59,22,subtraction,cleaned_up,12000,1.0,0.0153183341026306,52.71772695926965,nf,2,0.0344827584922313,0.0157970320433378,341,0.4,E5b_subtraction
59,22,subtraction,cleaned_up,12000,1.0,0.0153183341026306,52.71772695926965,nf,3,0.1400862038135528,0.0134035423398017,341,0.4,E5b_subtraction
59,22,subtraction,cleaned_up,12000,1.0,0.0153183341026306,52.71772695926965,nf,4,0.3469827473163605,0.0129248443990945,341,0.4,E5b_subtraction
59,22,subtraction,cleaned_up,12000,1.0,0.0153183341026306,52.71772695926965,nf,5,0.6443965435028076,0.0138822402805089,341,0.4,E5b_subtraction
59,22,subtraction,cleaned_up,12000,1.0,0.0153183341026306,52.71772695926965,nf,6,0.8146551847457886,0.0119674485176801,341,0.4,E5b_subtraction
59,22,subtraction,cleaned_up,12000,1.0,0.0153183341026306,52.71772695926965,nf,8,0.948994278907776,0.0138822402805089,341,0.4,E5b_subtraction
59,22,subtraction,cleaned_up,12000,1.0,0.0153183341026306,52.71772695926965,nf,10,0.948994278907776,0.0138822402805089,341,0.4,E5b_subtraction
59,22,subtraction,cleaned_up,12000,1.0,0.0153183341026306,52.71772695926965,nf,12,0.948994278907776,0.0138822402805089,341,0.4,E5b_subtraction
59,22,subtraction,cleaned_up,12000,1.0,0.0153183341026306,52.71772695926965,nf,16,0.948994278907776,0.0138822402805089,341,0.4,E5b_subtraction
59,22,subtraction,cleaned_up,12000,1.0,0.0153183341026306,52.71772695926965,nf,23,1.0,0.0153183341026306,341,0.4,E5b_subtraction
59,23,subtraction,pre_grok,200,1.0,0.0157970320433378,41.26786791170579,int,2,0.0797413811087608,0.0201053135097026,341,0.4,E5b_subtraction
59,23,subtraction,pre_grok,200,1.0,0.0157970320433378,41.26786791170579,int,3,0.517241358757019,0.0148396361619234,341,0.4,E5b_subtraction
59,23,subtraction,pre_grok,200,1.0,0.0157970320433378,41.26786791170579,int,4,0.8785919547080994,0.0153183341026306,341,0.4,E5b_subtraction
59,23,subtraction,pre_grok,200,1.0,0.0157970320433378,41.26786791170579,int,5,0.9913793206214904,0.0148396361619234,341,0.4,E5b_subtraction
59,23,subtraction,pre_grok,200,1.0,0.0157970320433378,41.26786791170579,int,6,0.9992815852165222,0.0143609382212162,341,0.4,E5b_subtraction
59,23,subtraction,pre_grok,200,1.0,0.0157970320433378,41.26786791170579,int,8,1.0,0.0153183341026306,341,0.4,E5b_subtraction
59,23,subtraction,pre_grok,200,1.0,0.0157970320433378,41.26786791170579,int,10,1.0,0.0157970320433378,341,0.4,E5b_subtraction
59,23,subtraction,pre_grok,200,1.0,0.0157970320433378,41.26786791170579,int,12,1.0,0.0157970320433378,341,0.4,E5b_subtraction
59,23,subtraction,pre_grok,200,1.0,0.0157970320433378,41.26786791170579,int,16,1.0,0.0157970320433378,341,0.4,E5b_subtraction
59,23,subtraction,pre_grok,200,1.0,0.0157970320433378,41.26786791170579,int,23,1.0,0.0157970320433378,341,0.4,E5b_subtraction
59,23,subtraction,pre_grok,200,1.0,0.0157970320433378,41.26786791170579,mantissa,2,0.994252860546112,0.0157970320433378,341,0.4,E5b_subtraction
59,23,subtraction,pre_grok,200,1.0,0.0157970320433378,41.26786791170579,mantissa,3,1.0,0.0153183341026306,341,0.4,E5b_subtraction
59,23,subtraction,pre_grok,200,1.0,0.0157970320433378,41.26786791170579,mantissa,4,1.0,0.0153183341026306,341,0.4,E5b_subtraction
59,23,subtraction,pre_grok,200,1.0,0.0157970320433378,41.26786791170579,mantissa,5,1.0,0.0153183341026306,341,0.4,E5b_subtraction
59,23,subtraction,pre_grok,200,1.0,0.0157970320433378,41.26786791170579,mantissa,6,1.0,0.0157970320433378,341,0.4,E5b_subtraction
59,23,subtraction,pre_grok,200,1.0,0.0157970320433378,41.26786791170579,mantissa,8,1.0,0.0157970320433378,341,0.4,E5b_subtraction
59,23,subtraction,pre_grok,200,1.0,0.0157970320433378,41.26786791170579,mantissa,10,1.0,0.0157970320433378,341,0.4,E5b_subtraction
59,23,subtraction,pre_grok,200,1.0,0.0157970320433378,41.26786791170579,mantissa,12,1.0,0.0157970320433378,341,0.4,E5b_subtraction
59,23,subtraction,pre_grok,200,1.0,0.0157970320433378,41.26786791170579,mantissa,16,1.0,0.0157970320433378,341,0.4,E5b_subtraction
59,23,subtraction,pre_grok,200,1.0,0.0157970320433378,41.26786791170579,mantissa,23,1.0,0.0157970320433378,341,0.4,E5b_subtraction
59,23,subtraction,pre_grok,200,1.0,0.0157970320433378,41.26786791170579,nf,2,0.3383620679378509,0.0129248443990945,341,0.4,E5b_subtraction
59,23,subtraction,pre_grok,200,1.0,0.0157970320433378,41.26786791170579,nf,3,0.6573275923728943,0.0134035423398017,341,0.4,E5b_subtraction
59,23,subtraction,pre_grok,200,1.0,0.0157970320433378,41.26786791170579,nf,4,0.9058908224105836,0.0148396361619234,341,0.4,E5b_subtraction
59,23,subtraction,pre_grok,200,1.0,0.0157970320433378,41.26786791170579,nf,5,0.983476996421814,0.0153183341026306,341,0.4,E5b_subtraction
59,23,subtraction,pre_grok,200,1.0,0.0157970320433378,41.26786791170579,nf,6,0.9992815852165222,0.0167544279247522,341,0.4,E5b_subtraction
59,23,subtraction,pre_grok,200,1.0,0.0157970320433378,41.26786791170579,nf,8,1.0,0.0153183341026306,341,0.4,E5b_subtraction
59,23,subtraction,pre_grok,200,1.0,0.0157970320433378,41.26786791170579,nf,10,1.0,0.0153183341026306,341,0.4,E5b_subtraction
59,23,subtraction,pre_grok,200,1.0,0.0157970320433378,41.26786791170579,nf,12,1.0,0.0153183341026306,341,0.4,E5b_subtraction
59,23,subtraction,pre_grok,200,1.0,0.0157970320433378,41.26786791170579,nf,16,1.0,0.0153183341026306,341,0.4,E5b_subtraction
59,23,subtraction,pre_grok,200,1.0,0.0157970320433378,41.26786791170579,nf,23,1.0,0.0157970320433378,341,0.4,E5b_subtraction
59,23,subtraction,cleaned_up,12000,1.0,0.1665868759155273,41.27537178851773,int,2,0.0215517245233058,0.0181905217468738,341,0.4,E5b_subtraction
59,23,subtraction,cleaned_up,12000,1.0,0.1665868759155273,41.27537178851773,int,3,0.097701147198677,0.0473910942673683,341,0.4,E5b_subtraction
59,23,subtraction,cleaned_up,12000,1.0,0.1665868759155273,41.27537178851773,int,4,0.4791666567325592,0.1019626632332801,341,0.4,E5b_subtraction
59,23,subtraction,cleaned_up,12000,1.0,0.1665868759155273,41.27537178851773,int,5,0.8570402264595032,0.1335567235946655,341,0.4,E5b_subtraction
59,23,subtraction,cleaned_up,12000,1.0,0.1665868759155273,41.27537178851773,int,6,0.9992815852165222,0.1661081910133361,341,0.4,E5b_subtraction
59,23,subtraction,cleaned_up,12000,1.0,0.1665868759155273,41.27537178851773,int,8,1.0,0.1661081910133361,341,0.4,E5b_subtraction
59,23,subtraction,cleaned_up,12000,1.0,0.1665868759155273,41.27537178851773,int,10,1.0,0.167544275522232,341,0.4,E5b_subtraction
59,23,subtraction,cleaned_up,12000,1.0,0.1665868759155273,41.27537178851773,int,12,1.0,0.1670655757188797,341,0.4,E5b_subtraction
59,23,subtraction,cleaned_up,12000,1.0,0.1665868759155273,41.27537178851773,int,16,1.0,0.1665868759155273,341,0.4,E5b_subtraction
59,23,subtraction,cleaned_up,12000,1.0,0.1665868759155273,41.27537178851773,int,23,1.0,0.1665868759155273,341,0.4,E5b_subtraction
59,23,subtraction,cleaned_up,12000,1.0,0.1665868759155273,41.27537178851773,mantissa,2,1.0,0.1656294912099838,341,0.4,E5b_subtraction
59,23,subtraction,cleaned_up,12000,1.0,0.1665868759155273,41.27537178851773,mantissa,3,1.0,0.1670655757188797,341,0.4,E5b_subtraction
59,23,subtraction,cleaned_up,12000,1.0,0.1665868759155273,41.27537178851773,mantissa,4,1.0,0.167544275522232,341,0.4,E5b_subtraction
59,23,subtraction,cleaned_up,12000,1.0,0.1665868759155273,41.27537178851773,mantissa,5,1.0,0.167544275522232,341,0.4,E5b_subtraction
59,23,subtraction,cleaned_up,12000,1.0,0.1665868759155273,41.27537178851773,mantissa,6,1.0,0.1661081910133361,341,0.4,E5b_subtraction
59,23,subtraction,cleaned_up,12000,1.0,0.1665868759155273,41.27537178851773,mantissa,8,1.0,0.1665868759155273,341,0.4,E5b_subtraction
59,23,subtraction,cleaned_up,12000,1.0,0.1665868759155273,41.27537178851773,mantissa,10,1.0,0.1665868759155273,341,0.4,E5b_subtraction
59,23,subtraction,cleaned_up,12000,1.0,0.1665868759155273,41.27537178851773,mantissa,12,1.0,0.1665868759155273,341,0.4,E5b_subtraction
59,23,subtraction,cleaned_up,12000,1.0,0.1665868759155273,41.27537178851773,mantissa,16,1.0,0.1665868759155273,341,0.4,E5b_subtraction
59,23,subtraction,cleaned_up,12000,1.0,0.1665868759155273,41.27537178851773,mantissa,23,1.0,0.1665868759155273,341,0.4,E5b_subtraction
59,23,subtraction,cleaned_up,12000,1.0,0.1665868759155273,41.27537178851773,nf,2,0.0538793094456195,0.0282431785017251,341,0.4,E5b_subtraction
59,23,subtraction,cleaned_up,12000,1.0,0.1665868759155273,41.27537178851773,nf,3,0.1472701132297516,0.0540928691625595,341,0.4,E5b_subtraction
59,23,subtraction,cleaned_up,12000,1.0,0.1665868759155273,41.27537178851773,nf,4,0.3929597735404968,0.1014839634299278,341,0.4,E5b_subtraction
59,23,subtraction,cleaned_up,12000,1.0,0.1665868759155273,41.27537178851773,nf,5,0.6321839094161987,0.1235040724277496,341,0.4,E5b_subtraction
59,23,subtraction,cleaned_up,12000,1.0,0.1665868759155273,41.27537178851773,nf,6,0.8053160905838013,0.1364289075136184,341,0.4,E5b_subtraction
59,23,subtraction,cleaned_up,12000,1.0,0.1665868759155273,41.27537178851773,nf,8,0.9360632300376892,0.1498324573040008,341,0.4,E5b_subtraction
59,23,subtraction,cleaned_up,12000,1.0,0.1665868759155273,41.27537178851773,nf,10,0.9360632300376892,0.1498324573040008,341,0.4,E5b_subtraction
59,23,subtraction,cleaned_up,12000,1.0,0.1665868759155273,41.27537178851773,nf,12,0.9360632300376892,0.1498324573040008,341,0.4,E5b_subtraction
59,23,subtraction,cleaned_up,12000,1.0,0.1665868759155273,41.27537178851773,nf,16,0.9360632300376892,0.1498324573040008,341,0.4,E5b_subtraction
59,23,subtraction,cleaned_up,12000,1.0,0.1665868759155273,41.27537178851773,nf,23,1.0,0.1665868759155273,341,0.4,E5b_subtraction
59,24,subtraction,pre_grok,200,1.0,0.0119674485176801,40.46395852875093,int,2,0.0761494264006614,0.0229775011539459,341,0.4,E5b_subtraction
59,24,subtraction,pre_grok,200,1.0,0.0119674485176801,40.46395852875093,int,3,0.4877873659133911,0.0148396361619234,341,0.4,E5b_subtraction
59,24,subtraction,pre_grok,200,1.0,0.0119674485176801,40.46395852875093,int,4,0.8829023241996765,0.0138822402805089,341,0.4,E5b_subtraction
59,24,subtraction,pre_grok,200,1.0,0.0119674485176801,40.46395852875093,int,5,0.9913793206214904,0.0110100526362657,341,0.4,E5b_subtraction
59,24,subtraction,pre_grok,200,1.0,0.0119674485176801,40.46395852875093,int,6,1.0,0.0124461464583873,341,0.4,E5b_subtraction
59,24,subtraction,pre_grok,200,1.0,0.0119674485176801,40.46395852875093,int,8,1.0,0.0124461464583873,341,0.4,E5b_subtraction
59,24,subtraction,pre_grok,200,1.0,0.0119674485176801,40.46395852875093,int,10,1.0,0.0119674485176801,341,0.4,E5b_subtraction
59,24,subtraction,pre_grok,200,1.0,0.0119674485176801,40.46395852875093,int,12,1.0,0.0119674485176801,341,0.4,E5b_subtraction
59,24,subtraction,pre_grok,200,1.0,0.0119674485176801,40.46395852875093,int,16,1.0,0.0119674485176801,341,0.4,E5b_subtraction
59,24,subtraction,pre_grok,200,1.0,0.0119674485176801,40.46395852875093,int,23,1.0,0.0119674485176801,341,0.4,E5b_subtraction
59,24,subtraction,pre_grok,200,1.0,0.0119674485176801,40.46395852875093,mantissa,2,0.9920976758003236,0.0134035423398017,341,0.4,E5b_subtraction
59,24,subtraction,pre_grok,200,1.0,0.0119674485176801,40.46395852875093,mantissa,3,1.0,0.0114887505769729,341,0.4,E5b_subtraction
59,24,subtraction,pre_grok,200,1.0,0.0119674485176801,40.46395852875093,mantissa,4,1.0,0.0114887505769729,341,0.4,E5b_subtraction
59,24,subtraction,pre_grok,200,1.0,0.0119674485176801,40.46395852875093,mantissa,5,1.0,0.0119674485176801,341,0.4,E5b_subtraction
59,24,subtraction,pre_grok,200,1.0,0.0119674485176801,40.46395852875093,mantissa,6,1.0,0.0114887505769729,341,0.4,E5b_subtraction
59,24,subtraction,pre_grok,200,1.0,0.0119674485176801,40.46395852875093,mantissa,8,1.0,0.0119674485176801,341,0.4,E5b_subtraction
59,24,subtraction,pre_grok,200,1.0,0.0119674485176801,40.46395852875093,mantissa,10,1.0,0.0119674485176801,341,0.4,E5b_subtraction
59,24,subtraction,pre_grok,200,1.0,0.0119674485176801,40.46395852875093,mantissa,12,1.0,0.0119674485176801,341,0.4,E5b_subtraction
59,24,subtraction,pre_grok,200,1.0,0.0119674485176801,40.46395852875093,mantissa,16,1.0,0.0119674485176801,341,0.4,E5b_subtraction
59,24,subtraction,pre_grok,200,1.0,0.0119674485176801,40.46395852875093,mantissa,23,1.0,0.0119674485176801,341,0.4,E5b_subtraction
59,24,subtraction,pre_grok,200,1.0,0.0119674485176801,40.46395852875093,nf,2,0.2478448301553726,0.0215414073318243,341,0.4,E5b_subtraction
59,24,subtraction,pre_grok,200,1.0,0.0119674485176801,40.46395852875093,nf,3,0.6199712753295898,0.0167544279247522,341,0.4,E5b_subtraction
59,24,subtraction,pre_grok,200,1.0,0.0119674485176801,40.46395852875093,nf,4,0.8929597735404968,0.0148396361619234,341,0.4,E5b_subtraction
59,24,subtraction,pre_grok,200,1.0,0.0119674485176801,40.46395852875093,nf,5,0.9791666865348816,0.0124461464583873,341,0.4,E5b_subtraction
59,24,subtraction,pre_grok,200,1.0,0.0119674485176801,40.46395852875093,nf,6,1.0,0.0119674485176801,341,0.4,E5b_subtraction
59,24,subtraction,pre_grok,200,1.0,0.0119674485176801,40.46395852875093,nf,8,1.0,0.0119674485176801,341,0.4,E5b_subtraction
59,24,subtraction,pre_grok,200,1.0,0.0119674485176801,40.46395852875093,nf,10,1.0,0.0119674485176801,341,0.4,E5b_subtraction
59,24,subtraction,pre_grok,200,1.0,0.0119674485176801,40.46395852875093,nf,12,1.0,0.0119674485176801,341,0.4,E5b_subtraction
59,24,subtraction,pre_grok,200,1.0,0.0119674485176801,40.46395852875093,nf,16,1.0,0.0119674485176801,341,0.4,E5b_subtraction
59,24,subtraction,pre_grok,200,1.0,0.0119674485176801,40.46395852875093,nf,23,1.0,0.0119674485176801,341,0.4,E5b_subtraction
59,24,subtraction,just_grokked,6900,1.0,0.9133556485176086,35.65026885542536,int,2,0.0150862066075205,0.0181905217468738,341,0.4,E5b_subtraction
59,24,subtraction,just_grokked,6900,1.0,0.9133556485176086,35.65026885542536,int,3,0.0294540226459503,0.030157970264554,341,0.4,E5b_subtraction
59,24,subtraction,just_grokked,6900,1.0,0.9133556485176086,35.65026885542536,int,4,0.0790229886770248,0.0689325034618377,341,0.4,E5b_subtraction
59,24,subtraction,just_grokked,6900,1.0,0.9133556485176086,35.65026885542536,int,5,0.4030172526836395,0.2910483479499817,341,0.4,E5b_subtraction
59,24,subtraction,just_grokked,6900,1.0,0.9133556485176086,35.65026885542536,int,6,0.9985632300376892,0.8616563081741333,341,0.4,E5b_subtraction
59,24,subtraction,just_grokked,6900,1.0,0.9133556485176086,35.65026885542536,int,8,1.0,0.9114408493041992,341,0.4,E5b_subtraction
59,24,subtraction,just_grokked,6900,1.0,0.9133556485176086,35.65026885542536,int,10,1.0,0.9138343930244446,341,0.4,E5b_subtraction
59,24,subtraction,just_grokked,6900,1.0,0.9133556485176086,35.65026885542536,int,12,1.0,0.9138343930244446,341,0.4,E5b_subtraction
59,24,subtraction,just_grokked,6900,1.0,0.9133556485176086,35.65026885542536,int,16,1.0,0.9133556485176086,341,0.4,E5b_subtraction
59,24,subtraction,just_grokked,6900,1.0,0.9133556485176086,35.65026885542536,int,23,1.0,0.9133556485176086,341,0.4,E5b_subtraction
59,24,subtraction,just_grokked,6900,1.0,0.9133556485176086,35.65026885542536,mantissa,2,1.0,0.9013882279396056,341,0.4,E5b_subtraction
59,24,subtraction,just_grokked,6900,1.0,0.9133556485176086,35.65026885542536,mantissa,3,1.0,0.9128769636154176,341,0.4,E5b_subtraction
59,24,subtraction,just_grokked,6900,1.0,0.9133556485176086,35.65026885542536,mantissa,4,1.0,0.9128769636154176,341,0.4,E5b_subtraction
59,24,subtraction,just_grokked,6900,1.0,0.9133556485176086,35.65026885542536,mantissa,5,1.0,0.9138343930244446,341,0.4,E5b_subtraction
59,24,subtraction,just_grokked,6900,1.0,0.9133556485176086,35.65026885542536,mantissa,6,1.0,0.9123982787132264,341,0.4,E5b_subtraction
59,24,subtraction,just_grokked,6900,1.0,0.9133556485176086,35.65026885542536,mantissa,8,1.0,0.9138343930244446,341,0.4,E5b_subtraction
59,24,subtraction,just_grokked,6900,1.0,0.9133556485176086,35.65026885542536,mantissa,10,1.0,0.9133556485176086,341,0.4,E5b_subtraction
59,24,subtraction,just_grokked,6900,1.0,0.9133556485176086,35.65026885542536,mantissa,12,1.0,0.9133556485176086,341,0.4,E5b_subtraction
59,24,subtraction,just_grokked,6900,1.0,0.9133556485176086,35.65026885542536,mantissa,16,1.0,0.9133556485176086,341,0.4,E5b_subtraction
59,24,subtraction,just_grokked,6900,1.0,0.9133556485176086,35.65026885542536,mantissa,23,1.0,0.9133556485176086,341,0.4,E5b_subtraction
59,24,subtraction,just_grokked,6900,1.0,0.9133556485176086,35.65026885542536,nf,2,0.0402298867702484,0.0306366682052612,341,0.4,E5b_subtraction
59,24,subtraction,just_grokked,6900,1.0,0.9133556485176086,35.65026885542536,nf,3,0.0725574716925621,0.0536141693592071,341,0.4,E5b_subtraction
59,24,subtraction,just_grokked,6900,1.0,0.9133556485176086,35.65026885542536,nf,4,0.1824712604284286,0.1402584910392761,341,0.4,E5b_subtraction
59,24,subtraction,just_grokked,6900,1.0,0.9133556485176086,35.65026885542536,nf,5,0.3462643623352051,0.2776448130607605,341,0.4,E5b_subtraction
59,24,subtraction,just_grokked,6900,1.0,0.9133556485176086,35.65026885542536,nf,6,0.5610632300376892,0.4260411560535431,341,0.4,E5b_subtraction
59,24,subtraction,just_grokked,6900,1.0,0.9133556485176086,35.65026885542536,nf,8,0.8469827771186829,0.6740067005157471,341,0.4,E5b_subtraction
59,24,subtraction,just_grokked,6900,1.0,0.9133556485176086,35.65026885542536,nf,10,0.8469827771186829,0.6740067005157471,341,0.4,E5b_subtraction
59,24,subtraction,just_grokked,6900,1.0,0.9133556485176086,35.65026885542536,nf,12,0.8469827771186829,0.6740067005157471,341,0.4,E5b_subtraction
59,24,subtraction,just_grokked,6900,1.0,0.9133556485176086,35.65026885542536,nf,16,0.8469827771186829,0.6740067005157471,341,0.4,E5b_subtraction
59,24,subtraction,just_grokked,6900,1.0,0.9133556485176086,35.65026885542536,nf,23,1.0,0.9133556485176086,341,0.4,E5b_subtraction
59,24,subtraction,post_grok_500,7400,1.0,0.966491162776947,33.93280995525237,int,2,0.0193965509533882,0.016275729984045,341,0.4,E5b_subtraction
59,24,subtraction,post_grok_500,7400,1.0,0.966491162776947,33.93280995525237,int,3,0.0222701150923967,0.0234561990946531,341,0.4,E5b_subtraction
59,24,subtraction,post_grok_500,7400,1.0,0.966491162776947,33.93280995525237,int,4,0.0553160905838012,0.0469123981893062,341,0.4,E5b_subtraction
59,24,subtraction,post_grok_500,7400,1.0,0.966491162776947,33.93280995525237,int,5,0.1443965584039688,0.1345141232013702,341,0.4,E5b_subtraction
59,24,subtraction,post_grok_500,7400,1.0,0.966491162776947,33.93280995525237,int,6,0.9568965435028076,0.8487314581871033,341,0.4,E5b_subtraction
59,24,subtraction,post_grok_500,7400,1.0,0.966491162776947,33.93280995525237,int,8,1.0,0.966491162776947,341,0.4,E5b_subtraction
59,24,subtraction,post_grok_500,7400,1.0,0.966491162776947,33.93280995525237,int,10,1.0,0.9660124182701112,341,0.4,E5b_subtraction
59,24,subtraction,post_grok_500,7400,1.0,0.966491162776947,33.93280995525237,int,12,1.0,0.966491162776947,341,0.4,E5b_subtraction
59,24,subtraction,post_grok_500,7400,1.0,0.966491162776947,33.93280995525237,int,16,1.0,0.966491162776947,341,0.4,E5b_subtraction
59,24,subtraction,post_grok_500,7400,1.0,0.966491162776947,33.93280995525237,int,23,1.0,0.966491162776947,341,0.4,E5b_subtraction
59,24,subtraction,post_grok_500,7400,1.0,0.966491162776947,33.93280995525237,mantissa,2,1.0,0.94830060005188,341,0.4,E5b_subtraction
59,24,subtraction,post_grok_500,7400,1.0,0.966491162776947,33.93280995525237,mantissa,3,1.0,0.9636189341545104,341,0.4,E5b_subtraction
59,24,subtraction,post_grok_500,7400,1.0,0.966491162776947,33.93280995525237,mantissa,4,1.0,0.9660124182701112,341,0.4,E5b_subtraction
59,24,subtraction,post_grok_500,7400,1.0,0.966491162776947,33.93280995525237,mantissa,5,1.0,0.966491162776947,341,0.4,E5b_subtraction
59,24,subtraction,post_grok_500,7400,1.0,0.966491162776947,33.93280995525237,mantissa,6,1.0,0.966491162776947,341,0.4,E5b_subtraction
59,24,subtraction,post_grok_500,7400,1.0,0.966491162776947,33.93280995525237,mantissa,8,1.0,0.966491162776947,341,0.4,E5b_subtraction
59,24,subtraction,post_grok_500,7400,1.0,0.966491162776947,33.93280995525237,mantissa,10,1.0,0.966491162776947,341,0.4,E5b_subtraction
59,24,subtraction,post_grok_500,7400,1.0,0.966491162776947,33.93280995525237,mantissa,12,1.0,0.966491162776947,341,0.4,E5b_subtraction
59,24,subtraction,post_grok_500,7400,1.0,0.966491162776947,33.93280995525237,mantissa,16,1.0,0.966491162776947,341,0.4,E5b_subtraction
59,24,subtraction,post_grok_500,7400,1.0,0.966491162776947,33.93280995525237,mantissa,23,1.0,0.966491162776947,341,0.4,E5b_subtraction
59,24,subtraction,post_grok_500,7400,1.0,0.966491162776947,33.93280995525237,nf,2,0.0265804603695869,0.0177118238061666,341,0.4,E5b_subtraction
59,24,subtraction,post_grok_500,7400,1.0,0.966491162776947,33.93280995525237,nf,3,0.0646551698446273,0.0502632856369018,341,0.4,E5b_subtraction
59,24,subtraction,post_grok_500,7400,1.0,0.966491162776947,33.93280995525237,nf,4,0.1594827622175216,0.1211105808615684,341,0.4,E5b_subtraction
59,24,subtraction,post_grok_500,7400,1.0,0.966491162776947,33.93280995525237,nf,5,0.309626430273056,0.2513164281845093,341,0.4,E5b_subtraction
59,24,subtraction,post_grok_500,7400,1.0,0.966491162776947,33.93280995525237,nf,6,0.4992816150188446,0.4337003231048584,341,0.4,E5b_subtraction
59,24,subtraction,post_grok_500,7400,1.0,0.966491162776947,33.93280995525237,nf,8,0.8268678188323975,0.7118238210678101,341,0.4,E5b_subtraction
59,24,subtraction,post_grok_500,7400,1.0,0.966491162776947,33.93280995525237,nf,10,0.8268678188323975,0.7118238210678101,341,0.4,E5b_subtraction
59,24,subtraction,post_grok_500,7400,1.0,0.966491162776947,33.93280995525237,nf,12,0.8268678188323975,0.7118238210678101,341,0.4,E5b_subtraction
59,24,subtraction,post_grok_500,7400,1.0,0.966491162776947,33.93280995525237,nf,16,0.8268678188323975,0.7118238210678101,341,0.4,E5b_subtraction
59,24,subtraction,post_grok_500,7400,1.0,0.966491162776947,33.93280995525237,nf,23,1.0,0.966491162776947,341,0.4,E5b_subtraction
59,24,subtraction,post_grok_1500,8400,1.0,0.9971278309822084,32.20413318964128,int,2,0.0143678160384297,0.0138822402805089,341,0.4,E5b_subtraction
59,24,subtraction,post_grok_1500,8400,1.0,0.9971278309822084,32.20413318964128,int,3,0.0682471245527267,0.0741981789469719,341,0.4,E5b_subtraction
59,24,subtraction,post_grok_1500,8400,1.0,0.9971278309822084,32.20413318964128,int,4,0.2277298867702484,0.2091909945011139,341,0.4,E5b_subtraction
59,24,subtraction,post_grok_1500,8400,1.0,0.9971278309822084,32.20413318964128,int,5,0.6795976758003235,0.6381043791770935,341,0.4,E5b_subtraction
59,24,subtraction,post_grok_1500,8400,1.0,0.9971278309822084,32.20413318964128,int,6,1.0,0.9947343468666076,341,0.4,E5b_subtraction
59,24,subtraction,post_grok_1500,8400,1.0,0.9971278309822084,32.20413318964128,int,8,1.0,0.9966490864753724,341,0.4,E5b_subtraction
59,24,subtraction,post_grok_1500,8400,1.0,0.9971278309822084,32.20413318964128,int,10,1.0,0.9971278309822084,341,0.4,E5b_subtraction
59,24,subtraction,post_grok_1500,8400,1.0,0.9971278309822084,32.20413318964128,int,12,1.0,0.9971278309822084,341,0.4,E5b_subtraction
59,24,subtraction,post_grok_1500,8400,1.0,0.9971278309822084,32.20413318964128,int,16,1.0,0.9971278309822084,341,0.4,E5b_subtraction
59,24,subtraction,post_grok_1500,8400,1.0,0.9971278309822084,32.20413318964128,int,23,1.0,0.9971278309822084,341,0.4,E5b_subtraction
59,24,subtraction,post_grok_1500,8400,1.0,0.9971278309822084,32.20413318964128,mantissa,2,1.0,0.9942556023597716,341,0.4,E5b_subtraction
59,24,subtraction,post_grok_1500,8400,1.0,0.9971278309822084,32.20413318964128,mantissa,3,1.0,0.9961704015731812,341,0.4,E5b_subtraction
59,24,subtraction,post_grok_1500,8400,1.0,0.9971278309822084,32.20413318964128,mantissa,4,1.0,0.9961704015731812,341,0.4,E5b_subtraction
59,24,subtraction,post_grok_1500,8400,1.0,0.9971278309822084,32.20413318964128,mantissa,5,1.0,0.9971278309822084,341,0.4,E5b_subtraction
59,24,subtraction,post_grok_1500,8400,1.0,0.9971278309822084,32.20413318964128,mantissa,6,1.0,0.9971278309822084,341,0.4,E5b_subtraction
59,24,subtraction,post_grok_1500,8400,1.0,0.9971278309822084,32.20413318964128,mantissa,8,1.0,0.9971278309822084,341,0.4,E5b_subtraction
59,24,subtraction,post_grok_1500,8400,1.0,0.9971278309822084,32.20413318964128,mantissa,10,1.0,0.9971278309822084,341,0.4,E5b_subtraction
59,24,subtraction,post_grok_1500,8400,1.0,0.9971278309822084,32.20413318964128,mantissa,12,1.0,0.9971278309822084,341,0.4,E5b_subtraction
59,24,subtraction,post_grok_1500,8400,1.0,0.9971278309822084,32.20413318964128,mantissa,16,1.0,0.9971278309822084,341,0.4,E5b_subtraction
59,24,subtraction,post_grok_1500,8400,1.0,0.9971278309822084,32.20413318964128,mantissa,23,1.0,0.9971278309822084,341,0.4,E5b_subtraction
59,24,subtraction,post_grok_1500,8400,1.0,0.9971278309822084,32.20413318964128,nf,2,0.0316091962158679,0.021062709391117,341,0.4,E5b_subtraction
59,24,subtraction,post_grok_1500,8400,1.0,0.9971278309822084,32.20413318964128,nf,3,0.0732758641242981,0.0703685954213142,341,0.4,E5b_subtraction
59,24,subtraction,post_grok_1500,8400,1.0,0.9971278309822084,32.20413318964128,nf,4,0.1451149433851242,0.1349928230047226,341,0.4,E5b_subtraction
59,24,subtraction,post_grok_1500,8400,1.0,0.9971278309822084,32.20413318964128,nf,5,0.2966954112052917,0.2819530963897705,341,0.4,E5b_subtraction
59,24,subtraction,post_grok_1500,8400,1.0,0.9971278309822084,32.20413318964128,nf,6,0.4080459773540497,0.3767352700233459,341,0.4,E5b_subtraction
59,24,subtraction,post_grok_1500,8400,1.0,0.9971278309822084,32.20413318964128,nf,8,0.7298850417137146,0.6874102354049683,341,0.4,E5b_subtraction
59,24,subtraction,post_grok_1500,8400,1.0,0.9971278309822084,32.20413318964128,nf,10,0.7298850417137146,0.6874102354049683,341,0.4,E5b_subtraction
59,24,subtraction,post_grok_1500,8400,1.0,0.9971278309822084,32.20413318964128,nf,12,0.7298850417137146,0.6874102354049683,341,0.4,E5b_subtraction
59,24,subtraction,post_grok_1500,8400,1.0,0.9971278309822084,32.20413318964128,nf,16,0.7298850417137146,0.6874102354049683,341,0.4,E5b_subtraction
59,24,subtraction,post_grok_1500,8400,1.0,0.9971278309822084,32.20413318964128,nf,23,1.0,0.9971278309822084,341,0.4,E5b_subtraction
59,24,subtraction,post_grok_4000,10900,1.0,1.0,29.58673690952881,int,2,0.0143678160384297,0.018669219687581,341,0.4,E5b_subtraction
59,24,subtraction,post_grok_4000,10900,1.0,1.0,29.58673690952881,int,3,0.0517241358757019,0.0473910942673683,341,0.4,E5b_subtraction
59,24,subtraction,post_grok_4000,10900,1.0,1.0,29.58673690952881,int,4,0.3778735697269439,0.351842999458313,341,0.4,E5b_subtraction
59,24,subtraction,post_grok_4000,10900,1.0,1.0,29.58673690952881,int,5,0.7449712753295898,0.7304930686950684,341,0.4,E5b_subtraction
59,24,subtraction,post_grok_4000,10900,1.0,1.0,29.58673690952881,int,6,0.9849137663841248,0.9679272174835204,341,0.4,E5b_subtraction
59,24,subtraction,post_grok_4000,10900,1.0,1.0,29.58673690952881,int,8,1.0,1.0,341,0.4,E5b_subtraction
59,24,subtraction,post_grok_4000,10900,1.0,1.0,29.58673690952881,int,10,1.0,1.0,341,0.4,E5b_subtraction
59,24,subtraction,post_grok_4000,10900,1.0,1.0,29.58673690952881,int,12,1.0,1.0,341,0.4,E5b_subtraction
59,24,subtraction,post_grok_4000,10900,1.0,1.0,29.58673690952881,int,16,1.0,1.0,341,0.4,E5b_subtraction
59,24,subtraction,post_grok_4000,10900,1.0,1.0,29.58673690952881,int,23,1.0,1.0,341,0.4,E5b_subtraction
59,24,subtraction,post_grok_4000,10900,1.0,1.0,29.58673690952881,mantissa,2,1.0,1.0,341,0.4,E5b_subtraction
59,24,subtraction,post_grok_4000,10900,1.0,1.0,29.58673690952881,mantissa,3,1.0,1.0,341,0.4,E5b_subtraction
59,24,subtraction,post_grok_4000,10900,1.0,1.0,29.58673690952881,mantissa,4,1.0,1.0,341,0.4,E5b_subtraction
59,24,subtraction,post_grok_4000,10900,1.0,1.0,29.58673690952881,mantissa,5,1.0,1.0,341,0.4,E5b_subtraction
59,24,subtraction,post_grok_4000,10900,1.0,1.0,29.58673690952881,mantissa,6,1.0,1.0,341,0.4,E5b_subtraction
59,24,subtraction,post_grok_4000,10900,1.0,1.0,29.58673690952881,mantissa,8,1.0,1.0,341,0.4,E5b_subtraction
59,24,subtraction,post_grok_4000,10900,1.0,1.0,29.58673690952881,mantissa,10,1.0,1.0,341,0.4,E5b_subtraction
59,24,subtraction,post_grok_4000,10900,1.0,1.0,29.58673690952881,mantissa,12,1.0,1.0,341,0.4,E5b_subtraction
59,24,subtraction,post_grok_4000,10900,1.0,1.0,29.58673690952881,mantissa,16,1.0,1.0,341,0.4,E5b_subtraction
59,24,subtraction,post_grok_4000,10900,1.0,1.0,29.58673690952881,mantissa,23,1.0,1.0,341,0.4,E5b_subtraction
59,24,subtraction,post_grok_4000,10900,1.0,1.0,29.58673690952881,nf,2,0.0280172415077686,0.0253709908574819,341,0.4,E5b_subtraction
59,24,subtraction,post_grok_4000,10900,1.0,1.0,29.58673690952881,nf,3,0.0431034490466117,0.0473910942673683,341,0.4,E5b_subtraction
59,24,subtraction,post_grok_4000,10900,1.0,1.0,29.58673690952881,nf,4,0.0775862038135528,0.0732407867908477,341,0.4,E5b_subtraction
59,24,subtraction,post_grok_4000,10900,1.0,1.0,29.58673690952881,nf,5,0.1048850566148758,0.1077070385217666,341,0.4,E5b_subtraction
59,24,subtraction,post_grok_4000,10900,1.0,1.0,29.58673690952881,nf,6,0.1652298867702484,0.1680229753255844,341,0.4,E5b_subtraction
59,24,subtraction,post_grok_4000,10900,1.0,1.0,29.58673690952881,nf,8,0.3599137961864471,0.3398755490779876,341,0.4,E5b_subtraction
59,24,subtraction,post_grok_4000,10900,1.0,1.0,29.58673690952881,nf,10,0.3599137961864471,0.3398755490779876,341,0.4,E5b_subtraction
59,24,subtraction,post_grok_4000,10900,1.0,1.0,29.58673690952881,nf,12,0.3599137961864471,0.3398755490779876,341,0.4,E5b_subtraction
59,24,subtraction,post_grok_4000,10900,1.0,1.0,29.58673690952881,nf,16,0.3599137961864471,0.3398755490779876,341,0.4,E5b_subtraction
59,24,subtraction,post_grok_4000,10900,1.0,1.0,29.58673690952881,nf,23,1.0,1.0,341,0.4,E5b_subtraction
59,24,subtraction,cleaned_up,30000,1.0,0.9980852007865906,28.262467665065405,int,2,0.0222701150923967,0.0253709908574819,341,0.4,E5b_subtraction
59,24,subtraction,cleaned_up,30000,1.0,0.9980852007865906,28.262467665065405,int,3,0.0495689660310745,0.0502632856369018,341,0.4,E5b_subtraction
59,24,subtraction,cleaned_up,30000,1.0,0.9980852007865906,28.262467665065405,int,4,0.1487068980932235,0.1426519900560379,341,0.4,E5b_subtraction
59,24,subtraction,cleaned_up,30000,1.0,0.9980852007865906,28.262467665065405,int,5,0.8254310488700867,0.7812350392341614,341,0.4,E5b_subtraction
59,24,subtraction,cleaned_up,30000,1.0,0.9980852007865906,28.262467665065405,int,6,0.9985632300376892,0.9846816658973694,341,0.4,E5b_subtraction
59,24,subtraction,cleaned_up,30000,1.0,0.9980852007865906,28.262467665065405,int,8,1.0,0.9980852007865906,341,0.4,E5b_subtraction
59,24,subtraction,cleaned_up,30000,1.0,0.9980852007865906,28.262467665065405,int,10,1.0,0.9971278309822084,341,0.4,E5b_subtraction
59,24,subtraction,cleaned_up,30000,1.0,0.9980852007865906,28.262467665065405,int,12,1.0,0.9980852007865906,341,0.4,E5b_subtraction
59,24,subtraction,cleaned_up,30000,1.0,0.9980852007865906,28.262467665065405,int,16,1.0,0.9980852007865906,341,0.4,E5b_subtraction
59,24,subtraction,cleaned_up,30000,1.0,0.9980852007865906,28.262467665065405,int,23,1.0,0.9980852007865906,341,0.4,E5b_subtraction
59,24,subtraction,cleaned_up,30000,1.0,0.9980852007865906,28.262467665065405,mantissa,2,0.9985632300376892,0.9932982325553894,341,0.4,E5b_subtraction
59,24,subtraction,cleaned_up,30000,1.0,0.9980852007865906,28.262467665065405,mantissa,3,1.0,0.9932982325553894,341,0.4,E5b_subtraction
59,24,subtraction,cleaned_up,30000,1.0,0.9980852007865906,28.262467665065405,mantissa,4,1.0,0.99569171667099,341,0.4,E5b_subtraction
59,24,subtraction,cleaned_up,30000,1.0,0.9980852007865906,28.262467665065405,mantissa,5,1.0,0.9985638856887816,341,0.4,E5b_subtraction
59,24,subtraction,cleaned_up,30000,1.0,0.9980852007865906,28.262467665065405,mantissa,6,1.0,0.9980852007865906,341,0.4,E5b_subtraction
59,24,subtraction,cleaned_up,30000,1.0,0.9980852007865906,28.262467665065405,mantissa,8,1.0,0.9980852007865906,341,0.4,E5b_subtraction
59,24,subtraction,cleaned_up,30000,1.0,0.9980852007865906,28.262467665065405,mantissa,10,1.0,0.9980852007865906,341,0.4,E5b_subtraction
59,24,subtraction,cleaned_up,30000,1.0,0.9980852007865906,28.262467665065405,mantissa,12,1.0,0.9980852007865906,341,0.4,E5b_subtraction
59,24,subtraction,cleaned_up,30000,1.0,0.9980852007865906,28.262467665065405,mantissa,16,1.0,0.9980852007865906,341,0.4,E5b_subtraction
59,24,subtraction,cleaned_up,30000,1.0,0.9980852007865906,28.262467665065405,mantissa,23,1.0,0.9980852007865906,341,0.4,E5b_subtraction
59,24,subtraction,cleaned_up,30000,1.0,0.9980852007865906,28.262467665065405,nf,2,0.0179597698152065,0.0287218764424324,341,0.4,E5b_subtraction
59,24,subtraction,cleaned_up,30000,1.0,0.9980852007865906,28.262467665065405,nf,3,0.0718390792608261,0.0746768787503242,341,0.4,E5b_subtraction
59,24,subtraction,cleaned_up,30000,1.0,0.9980852007865906,28.262467665065405,nf,4,0.1558908075094223,0.1397798061370849,341,0.4,E5b_subtraction
59,24,subtraction,cleaned_up,30000,1.0,0.9980852007865906,28.262467665065405,nf,5,0.2119252830743789,0.187649592757225,341,0.4,E5b_subtraction
59,24,subtraction,cleaned_up,30000,1.0,0.9980852007865906,28.262467665065405,nf,6,0.3254310190677643,0.2857826650142669,341,0.4,E5b_subtraction
59,24,subtraction,cleaned_up,30000,1.0,0.9980852007865906,28.262467665065405,nf,8,0.5409482717514038,0.5098133087158203,341,0.4,E5b_subtraction
59,24,subtraction,cleaned_up,30000,1.0,0.9980852007865906,28.262467665065405,nf,10,0.5409482717514038,0.5098133087158203,341,0.4,E5b_subtraction
59,24,subtraction,cleaned_up,30000,1.0,0.9980852007865906,28.262467665065405,nf,12,0.5409482717514038,0.5098133087158203,341,0.4,E5b_subtraction
59,24,subtraction,cleaned_up,30000,1.0,0.9980852007865906,28.262467665065405,nf,16,0.5409482717514038,0.5098133087158203,341,0.4,E5b_subtraction
59,24,subtraction,cleaned_up,30000,1.0,0.9980852007865906,28.262467665065405,nf,23,1.0,0.9980852007865906,341,0.4,E5b_subtraction
