p,seed,task,phase,phase_step,fp32_train_acc,fp32_test_acc,weight_norm,scheme,bits,q_train_acc,q_test_acc,d_ff,train_frac,tag
97,0,addition,pre_grok,200,1.0,0.1028161495923996,43.18691390726014,int,2,0.0765550211071968,0.0189957488328218,341,0.2,E7_trainfrac
97,0,addition,pre_grok,200,1.0,0.1028161495923996,43.18691390726014,int,3,0.4885699152946472,0.0572529211640358,341,0.2,E7_trainfrac
97,0,addition,pre_grok,200,1.0,0.1028161495923996,43.18691390726014,int,4,0.8825092911720276,0.0888682231307029,341,0.2,E7_trainfrac
97,0,addition,pre_grok,200,1.0,0.1028161495923996,43.18691390726014,int,5,0.9851142764091492,0.0976354926824569,341,0.2,E7_trainfrac
97,0,addition,pre_grok,200,1.0,0.1028161495923996,43.18691390726014,int,6,1.0,0.1022848039865493,341,0.2,E7_trainfrac
97,0,addition,pre_grok,200,1.0,0.1028161495923996,43.18691390726014,int,8,1.0,0.102683313190937,341,0.2,E7_trainfrac
97,0,addition,pre_grok,200,1.0,0.1028161495923996,43.18691390726014,int,10,1.0,0.1022848039865493,341,0.2,E7_trainfrac
97,0,addition,pre_grok,200,1.0,0.1028161495923996,43.18691390726014,int,12,1.0,0.1025504767894744,341,0.2,E7_trainfrac
97,0,addition,pre_grok,200,1.0,0.1028161495923996,43.18691390726014,int,16,1.0,0.1028161495923996,341,0.2,E7_trainfrac
97,0,addition,pre_grok,200,1.0,0.1028161495923996,43.18691390726014,int,23,1.0,0.1028161495923996,341,0.2,E7_trainfrac
97,0,addition,cleaned_up,12000,1.0,0.1612646132707595,41.03636697093355,int,2,0.0106326416134834,0.007704569492489,341,0.2,E7_trainfrac
97,0,addition,cleaned_up,12000,1.0,0.1612646132707595,41.03636697093355,int,3,0.1345029175281524,0.0329436771571636,341,0.2,E7_trainfrac
97,0,addition,cleaned_up,12000,1.0,0.1612646132707595,41.03636697093355,int,4,0.616161584854126,0.098698191344738,341,0.2,E7_trainfrac
97,0,addition,cleaned_up,12000,1.0,0.1612646132707595,41.03636697093355,int,5,0.9548112750053406,0.1410733312368393,341,0.2,E7_trainfrac
97,0,addition,cleaned_up,12000,1.0,0.1612646132707595,41.03636697093355,int,6,1.0,0.1588735431432724,341,0.2,E7_trainfrac
97,0,addition,cleaned_up,12000,1.0,0.1612646132707595,41.03636697093355,int,8,1.0,0.160467579960823,341,0.2,E7_trainfrac
97,0,addition,cleaned_up,12000,1.0,0.1612646132707595,41.03636697093355,int,10,1.0,0.1613974422216415,341,0.2,E7_trainfrac
97,0,addition,cleaned_up,12000,1.0,0.1612646132707595,41.03636697093355,int,12,1.0,0.1612646132707595,341,0.2,E7_trainfrac
97,0,addition,cleaned_up,12000,1.0,0.1612646132707595,41.03636697093355,int,16,1.0,0.1612646132707595,341,0.2,E7_trainfrac
97,0,addition,cleaned_up,12000,1.0,0.1612646132707595,41.03636697093355,int,23,1.0,0.1612646132707595,341,0.2,E7_trainfrac
97,1,addition,pre_grok,250,1.0,0.1243358105421066,41.98349642925731,int,2,0.049441784620285,0.0144792776554822,341,0.2,E7_trainfrac
97,1,addition,pre_grok,250,1.0,0.1243358105421066,41.98349642925731,int,3,0.4412546455860138,0.0665515437722206,341,0.2,E7_trainfrac
97,1,addition,pre_grok,250,1.0,0.1243358105421066,41.98349642925731,int,4,0.7841573357582092,0.0967056304216384,341,0.2,E7_trainfrac
97,1,addition,pre_grok,250,1.0,0.1243358105421066,41.98349642925731,int,5,0.9824561476707458,0.1195536628365516,341,0.2,E7_trainfrac
97,1,addition,pre_grok,250,1.0,0.1243358105421066,41.98349642925731,int,6,1.0,0.1228746026754379,341,0.2,E7_trainfrac
97,1,addition,pre_grok,250,1.0,0.1243358105421066,41.98349642925731,int,8,1.0,0.1238044649362564,341,0.2,E7_trainfrac
97,1,addition,pre_grok,250,1.0,0.1243358105421066,41.98349642925731,int,10,1.0,0.124202974140644,341,0.2,E7_trainfrac
97,1,addition,pre_grok,250,1.0,0.1243358105421066,41.98349642925731,int,12,1.0,0.1246014833450317,341,0.2,E7_trainfrac
97,1,addition,pre_grok,250,1.0,0.1243358105421066,41.98349642925731,int,16,1.0,0.1243358105421066,341,0.2,E7_trainfrac
97,1,addition,pre_grok,250,1.0,0.1243358105421066,41.98349642925731,int,23,1.0,0.1243358105421066,341,0.2,E7_trainfrac
97,1,addition,cleaned_up,12000,1.0,0.2021785378456115,53.21461869498628,int,2,0.0127591704949736,0.0087672686204314,341,0.2,E7_trainfrac
97,1,addition,cleaned_up,12000,1.0,0.2021785378456115,53.21461869498628,int,3,0.0350877195596694,0.0164718385785818,341,0.2,E7_trainfrac
97,1,addition,cleaned_up,12000,1.0,0.2021785378456115,53.21461869498628,int,4,0.2025518268346786,0.0430393181741237,341,0.2,E7_trainfrac
97,1,addition,cleaned_up,12000,1.0,0.2021785378456115,53.21461869498628,int,5,0.728335976600647,0.1323060542345047,341,0.2,E7_trainfrac
97,1,addition,cleaned_up,12000,1.0,0.2021785378456115,53.21461869498628,int,6,0.9904305934906006,0.1924813985824585,341,0.2,E7_trainfrac
97,1,addition,cleaned_up,12000,1.0,0.2021785378456115,53.21461869498628,int,8,1.0,0.2008501589298248,341,0.2,E7_trainfrac
97,1,addition,cleaned_up,12000,1.0,0.2021785378456115,53.21461869498628,int,10,1.0,0.2019128501415252,341,0.2,E7_trainfrac
97,1,addition,cleaned_up,12000,1.0,0.2021785378456115,53.21461869498628,int,12,1.0,0.2023113667964935,341,0.2,E7_trainfrac
97,1,addition,cleaned_up,12000,1.0,0.2021785378456115,53.21461869498628,int,16,1.0,0.2021785378456115,341,0.2,E7_trainfrac
97,1,addition,cleaned_up,12000,1.0,0.2021785378456115,53.21461869498628,int,23,1.0,0.2021785378456115,341,0.2,E7_trainfrac
97,2,addition,pre_grok,200,0.9994683265686036,0.0864771530032157,42.82846309969586,int,2,0.0435938313603401,0.0132837407290935,341,0.2,E7_trainfrac
97,2,addition,pre_grok,200,0.9994683265686036,0.0864771530032157,42.82846309969586,int,3,0.4502923786640167,0.0547290109097957,341,0.2,E7_trainfrac
97,2,addition,pre_grok,200,0.9994683265686036,0.0864771530032157,42.82846309969586,int,4,0.8277511596679688,0.0777098834514617,341,0.2,E7_trainfrac
97,2,addition,pre_grok,200,0.9994683265686036,0.0864771530032157,42.82846309969586,int,5,0.9702286124229432,0.0812964886426925,341,0.2,E7_trainfrac
97,2,addition,pre_grok,200,0.9994683265686036,0.0864771530032157,42.82846309969586,int,6,0.9978734850883484,0.0867428258061409,341,0.2,E7_trainfrac
97,2,addition,pre_grok,200,0.9994683265686036,0.0864771530032157,42.82846309969586,int,8,0.9994683265686036,0.08621147274971,341,0.2,E7_trainfrac
97,2,addition,pre_grok,200,0.9994683265686036,0.0864771530032157,42.82846309969586,int,10,0.9994683265686036,0.0866099894046783,341,0.2,E7_trainfrac
97,2,addition,pre_grok,200,0.9994683265686036,0.0864771530032157,42.82846309969586,int,12,0.9994683265686036,0.0863443166017532,341,0.2,E7_trainfrac
97,2,addition,pre_grok,200,0.9994683265686036,0.0864771530032157,42.82846309969586,int,16,0.9994683265686036,0.0864771530032157,341,0.2,E7_trainfrac
97,2,addition,pre_grok,200,0.9994683265686036,0.0864771530032157,42.82846309969586,int,23,0.9994683265686036,0.0864771530032157,341,0.2,E7_trainfrac
97,2,addition,cleaned_up,12000,1.0,0.138947919011116,54.71667903116074,int,2,0.0106326416134834,0.0116896918043494,341,0.2,E7_trainfrac
97,2,addition,cleaned_up,12000,1.0,0.138947919011116,54.71667903116074,int,3,0.0515683144330978,0.0139479273930192,341,0.2,E7_trainfrac
97,2,addition,cleaned_up,12000,1.0,0.138947919011116,54.71667903116074,int,4,0.4375332295894623,0.0543304979801178,341,0.2,E7_trainfrac
97,2,addition,cleaned_up,12000,1.0,0.138947919011116,54.71667903116074,int,5,0.8724082708358765,0.1036131754517555,341,0.2,E7_trainfrac
97,2,addition,cleaned_up,12000,1.0,0.138947919011116,54.71667903116074,int,6,0.9946836829185486,0.1248671635985374,341,0.2,E7_trainfrac
97,2,addition,cleaned_up,12000,1.0,0.138947919011116,54.71667903116074,int,8,1.0,0.1361583471298217,341,0.2,E7_trainfrac
97,2,addition,cleaned_up,12000,1.0,0.138947919011116,54.71667903116074,int,10,1.0,0.1381509006023407,341,0.2,E7_trainfrac
97,2,addition,cleaned_up,12000,1.0,0.138947919011116,54.71667903116074,int,12,1.0,0.1392136067152023,341,0.2,E7_trainfrac
97,2,addition,cleaned_up,12000,1.0,0.138947919011116,54.71667903116074,int,16,1.0,0.138947919011116,341,0.2,E7_trainfrac
97,2,addition,cleaned_up,12000,1.0,0.138947919011116,54.71667903116074,int,23,1.0,0.138947919011116,341,0.2,E7_trainfrac
97,3,addition,pre_grok,200,0.9925571084022522,0.0781083926558494,43.2131752147894,int,2,0.0361509844660759,0.0103613175451755,341,0.2,E7_trainfrac
97,3,addition,pre_grok,200,0.9925571084022522,0.0781083926558494,43.2131752147894,int,3,0.4237107932567596,0.0439691804349422,341,0.2,E7_trainfrac
97,3,addition,pre_grok,200,0.9925571084022522,0.0781083926558494,43.2131752147894,int,4,0.8022328615188599,0.0666843801736831,341,0.2,E7_trainfrac
97,3,addition,pre_grok,200,0.9925571084022522,0.0781083926558494,43.2131752147894,int,5,0.9627857208251952,0.0746546238660812,341,0.2,E7_trainfrac
97,3,addition,pre_grok,200,0.9925571084022522,0.0781083926558494,43.2131752147894,int,6,0.988304078578949,0.0777098834514617,341,0.2,E7_trainfrac
97,3,addition,pre_grok,200,0.9925571084022522,0.0781083926558494,43.2131752147894,int,8,0.9914938807487488,0.0769128575921058,341,0.2,E7_trainfrac
97,3,addition,pre_grok,200,0.9925571084022522,0.0781083926558494,43.2131752147894,int,10,0.9925571084022522,0.0778427198529243,341,0.2,E7_trainfrac
97,3,addition,pre_grok,200,0.9925571084022522,0.0781083926558494,43.2131752147894,int,12,0.9925571084022522,0.0781083926558494,341,0.2,E7_trainfrac
97,3,addition,pre_grok,200,0.9925571084022522,0.0781083926558494,43.2131752147894,int,16,0.9925571084022522,0.0781083926558494,341,0.2,E7_trainfrac
97,3,addition,pre_grok,200,0.9925571084022522,0.0781083926558494,43.2131752147894,int,23,0.9925571084022522,0.0781083926558494,341,0.2,E7_trainfrac
97,3,addition,cleaned_up,12000,0.954279601573944,0.0965727940201759,61.18886235389152,int,2,0.0132908029481768,0.0103613175451755,341,0.2,E7_trainfrac
97,3,addition,cleaned_up,12000,0.954279601573944,0.0965727940201759,61.18886235389152,int,3,0.0292397662997245,0.0119553664699196,341,0.2,E7_trainfrac
97,3,addition,cleaned_up,12000,0.954279601573944,0.0965727940201759,61.18886235389152,int,4,0.2078681588172912,0.0297555793076753,341,0.2,E7_trainfrac
97,3,addition,cleaned_up,12000,0.954279601573944,0.0965727940201759,61.18886235389152,int,5,0.6788942217826843,0.0730605721473693,341,0.2,E7_trainfrac
97,3,addition,cleaned_up,12000,0.954279601573944,0.0965727940201759,61.18886235389152,int,6,0.8830409049987793,0.0888682231307029,341,0.2,E7_trainfrac
97,3,addition,cleaned_up,12000,0.954279601573944,0.0965727940201759,61.18886235389152,int,8,0.9532163739204408,0.0976354926824569,341,0.2,E7_trainfrac
97,3,addition,cleaned_up,12000,0.954279601573944,0.0965727940201759,61.18886235389152,int,10,0.9537479877471924,0.0964399576187133,341,0.2,E7_trainfrac
97,3,addition,cleaned_up,12000,0.954279601573944,0.0965727940201759,61.18886235389152,int,12,0.954279601573944,0.0964399576187133,341,0.2,E7_trainfrac
97,3,addition,cleaned_up,12000,0.954279601573944,0.0965727940201759,61.18886235389152,int,16,0.954279601573944,0.0965727940201759,341,0.2,E7_trainfrac
97,3,addition,cleaned_up,12000,0.954279601573944,0.0965727940201759,61.18886235389152,int,23,0.954279601573944,0.0965727940201759,341,0.2,E7_trainfrac
97,4,addition,pre_grok,200,0.9989367127418518,0.1138416528701782,42.979293443835225,int,2,0.0536948442459106,0.0150106269866228,341,0.2,E7_trainfrac
97,4,addition,pre_grok,200,0.9989367127418518,0.1138416528701782,42.979293443835225,int,3,0.4742158353328705,0.0660201907157898,341,0.2,E7_trainfrac
97,4,addition,pre_grok,200,0.9989367127418518,0.1138416528701782,42.979293443835225,int,4,0.8383838534355164,0.0993623808026313,341,0.2,E7_trainfrac
97,4,addition,pre_grok,200,0.9989367127418518,0.1138416528701782,42.979293443835225,int,5,0.9739500284194946,0.1091923490166664,341,0.2,E7_trainfrac
97,4,addition,pre_grok,200,0.9989367127418518,0.1138416528701782,42.979293443835225,int,6,0.9984050989151,0.109590858221054,341,0.2,E7_trainfrac
97,4,addition,pre_grok,200,0.9989367127418518,0.1138416528701782,42.979293443835225,int,8,0.9989367127418518,0.1126461178064346,341,0.2,E7_trainfrac
97,4,addition,pre_grok,200,0.9989367127418518,0.1138416528701782,42.979293443835225,int,10,0.9989367127418518,0.1134431436657905,341,0.2,E7_trainfrac
97,4,addition,pre_grok,200,0.9989367127418518,0.1138416528701782,42.979293443835225,int,12,0.9989367127418518,0.1137088164687156,341,0.2,E7_trainfrac
97,4,addition,pre_grok,200,0.9989367127418518,0.1138416528701782,42.979293443835225,int,16,0.9989367127418518,0.1138416528701782,341,0.2,E7_trainfrac
97,4,addition,pre_grok,200,0.9989367127418518,0.1138416528701782,42.979293443835225,int,23,0.9989367127418518,0.1138416528701782,341,0.2,E7_trainfrac
97,4,addition,cleaned_up,12000,1.0,0.1875664144754409,52.58581482200385,int,2,0.0138224344700574,0.0111583424732089,341,0.2,E7_trainfrac
97,4,addition,cleaned_up,12000,1.0,0.1875664144754409,52.58581482200385,int,3,0.0212652832269668,0.0104941548779606,341,0.2,E7_trainfrac
97,4,addition,cleaned_up,12000,1.0,0.1875664144754409,52.58581482200385,int,4,0.330143541097641,0.0688097774982452,341,0.2,E7_trainfrac
97,4,addition,cleaned_up,12000,1.0,0.1875664144754409,52.58581482200385,int,5,0.8075491786003113,0.1473166793584823,341,0.2,E7_trainfrac
97,4,addition,cleaned_up,12000,1.0,0.1875664144754409,52.58581482200385,int,6,0.9984050989151,0.1845111548900604,341,0.2,E7_trainfrac
97,4,addition,cleaned_up,12000,1.0,0.1875664144754409,52.58581482200385,int,8,1.0,0.1879649311304092,341,0.2,E7_trainfrac
97,4,addition,cleaned_up,12000,1.0,0.1875664144754409,52.58581482200385,int,10,1.0,0.1875664144754409,341,0.2,E7_trainfrac
97,4,addition,cleaned_up,12000,1.0,0.1875664144754409,52.58581482200385,int,12,1.0,0.1878320872783661,341,0.2,E7_trainfrac
97,4,addition,cleaned_up,12000,1.0,0.1875664144754409,52.58581482200385,int,16,1.0,0.1875664144754409,341,0.2,E7_trainfrac
97,4,addition,cleaned_up,12000,1.0,0.1875664144754409,52.58581482200385,int,23,1.0,0.1875664144754409,341,0.2,E7_trainfrac
97,5,addition,pre_grok,200,0.9989367127418518,0.1276567429304123,42.57891756212519,int,2,0.0388091430068016,0.0139479273930192,341,0.2,E7_trainfrac
97,5,addition,pre_grok,200,0.9989367127418518,0.1276567429304123,42.57891756212519,int,3,0.4534821808338165,0.0641604661941528,341,0.2,E7_trainfrac
97,5,addition,pre_grok,200,0.9989367127418518,0.1276567429304123,42.57891756212519,int,4,0.8447633981704712,0.1006907522678375,341,0.2,E7_trainfrac
97,5,addition,pre_grok,200,0.9989367127418518,0.1276567429304123,42.57891756212519,int,5,0.979266345500946,0.1238044649362564,341,0.2,E7_trainfrac
97,5,addition,pre_grok,200,0.9989367127418518,0.1276567429304123,42.57891756212519,int,6,0.9984050989151,0.124202974140644,341,0.2,E7_trainfrac
97,5,addition,pre_grok,200,0.9989367127418518,0.1276567429304123,42.57891756212519,int,8,0.9989367127418518,0.1260626912117004,341,0.2,E7_trainfrac
97,5,addition,pre_grok,200,0.9989367127418518,0.1276567429304123,42.57891756212519,int,10,0.9989367127418518,0.1272582411766052,341,0.2,E7_trainfrac
97,5,addition,pre_grok,200,0.9989367127418518,0.1276567429304123,42.57891756212519,int,12,0.9989367127418518,0.1272582411766052,341,0.2,E7_trainfrac
97,5,addition,pre_grok,200,0.9989367127418518,0.1276567429304123,42.57891756212519,int,16,0.9989367127418518,0.1276567429304123,341,0.2,E7_trainfrac
97,5,addition,pre_grok,200,0.9989367127418518,0.1276567429304123,42.57891756212519,int,23,0.9989367127418518,0.1276567429304123,341,0.2,E7_trainfrac
97,5,addition,cleaned_up,12000,1.0,0.2019128501415252,41.28373356177123,int,2,0.0106326416134834,0.0066418703645467,341,0.2,E7_trainfrac
97,5,addition,cleaned_up,12000,1.0,0.2019128501415252,41.28373356177123,int,3,0.2195640653371811,0.0490170009434223,341,0.2,E7_trainfrac
97,5,addition,cleaned_up,12000,1.0,0.2019128501415252,41.28373356177123,int,4,0.7506645321846008,0.142534539103508,341,0.2,E7_trainfrac
97,5,addition,cleaned_up,12000,1.0,0.2019128501415252,41.28373356177123,int,5,0.9888356924057008,0.1951381415128708,341,0.2,E7_trainfrac
97,5,addition,cleaned_up,12000,1.0,0.2019128501415252,41.28373356177123,int,6,0.9994683265686036,0.2028427124023437,341,0.2,E7_trainfrac
97,5,addition,cleaned_up,12000,1.0,0.2019128501415252,41.28373356177123,int,8,1.0,0.2021785378456115,341,0.2,E7_trainfrac
97,5,addition,cleaned_up,12000,1.0,0.2019128501415252,41.28373356177123,int,10,1.0,0.2020456939935684,341,0.2,E7_trainfrac
97,5,addition,cleaned_up,12000,1.0,0.2019128501415252,41.28373356177123,int,12,1.0,0.2019128501415252,341,0.2,E7_trainfrac
97,5,addition,cleaned_up,12000,1.0,0.2019128501415252,41.28373356177123,int,16,1.0,0.2019128501415252,341,0.2,E7_trainfrac
97,5,addition,cleaned_up,12000,1.0,0.2019128501415252,41.28373356177123,int,23,1.0,0.2019128501415252,341,0.2,E7_trainfrac
97,6,addition,pre_grok,200,1.0,0.1384165734052658,43.436797379224416,int,2,0.0425305664539337,0.0115568544715642,341,0.2,E7_trainfrac
97,6,addition,pre_grok,200,1.0,0.1384165734052658,43.436797379224416,int,3,0.4332801699638366,0.0617693923413753,341,0.2,E7_trainfrac
97,6,addition,pre_grok,200,1.0,0.1384165734052658,43.436797379224416,int,4,0.7926634550094604,0.1046758741140365,341,0.2,E7_trainfrac
97,6,addition,pre_grok,200,1.0,0.1384165734052658,43.436797379224416,int,5,0.9707602262496948,0.1315090358257293,341,0.2,E7_trainfrac
97,6,addition,pre_grok,200,1.0,0.1384165734052658,43.436797379224416,int,6,0.997341811656952,0.1370882093906402,341,0.2,E7_trainfrac
97,6,addition,pre_grok,200,1.0,0.1384165734052658,43.436797379224416,int,8,1.0,0.138947919011116,341,0.2,E7_trainfrac
97,6,addition,pre_grok,200,1.0,0.1384165734052658,43.436797379224416,int,10,1.0,0.1382837444543838,341,0.2,E7_trainfrac
97,6,addition,pre_grok,200,1.0,0.1384165734052658,43.436797379224416,int,12,1.0,0.1385494172573089,341,0.2,E7_trainfrac
97,6,addition,pre_grok,200,1.0,0.1384165734052658,43.436797379224416,int,16,1.0,0.1384165734052658,341,0.2,E7_trainfrac
97,6,addition,pre_grok,200,1.0,0.1384165734052658,43.436797379224416,int,23,1.0,0.1384165734052658,341,0.2,E7_trainfrac
97,6,addition,cleaned_up,12000,1.0,0.1984590888023376,51.0400120722598,int,2,0.0079744812101125,0.0087672686204314,341,0.2,E7_trainfrac
97,6,addition,cleaned_up,12000,1.0,0.1984590888023376,51.0400120722598,int,3,0.1254651695489883,0.0260361321270465,341,0.2,E7_trainfrac
97,6,addition,cleaned_up,12000,1.0,0.1984590888023376,51.0400120722598,int,4,0.5784157514572144,0.1070669516921043,341,0.2,E7_trainfrac
97,6,addition,cleaned_up,12000,1.0,0.1984590888023376,51.0400120722598,int,5,0.9590643048286438,0.1821200847625732,341,0.2,E7_trainfrac
97,6,addition,cleaned_up,12000,1.0,0.1984590888023376,51.0400120722598,int,6,0.9984050989151,0.195536658167839,341,0.2,E7_trainfrac
97,6,addition,cleaned_up,12000,1.0,0.1984590888023376,51.0400120722598,int,8,1.0,0.1979277282953262,341,0.2,E7_trainfrac
97,6,addition,cleaned_up,12000,1.0,0.1984590888023376,51.0400120722598,int,10,1.0,0.1984590888023376,341,0.2,E7_trainfrac
97,6,addition,cleaned_up,12000,1.0,0.1984590888023376,51.0400120722598,int,12,1.0,0.1985919177532196,341,0.2,E7_trainfrac
97,6,addition,cleaned_up,12000,1.0,0.1984590888023376,51.0400120722598,int,16,1.0,0.1984590888023376,341,0.2,E7_trainfrac
97,6,addition,cleaned_up,12000,1.0,0.1984590888023376,51.0400120722598,int,23,1.0,0.1984590888023376,341,0.2,E7_trainfrac
97,7,addition,pre_grok,200,1.0,0.1754782199859619,41.610221423007125,int,2,0.052099946886301,0.0224495213478803,341,0.2,E7_trainfrac
97,7,addition,pre_grok,200,1.0,0.1754782199859619,41.610221423007125,int,3,0.4518872797489166,0.0847502648830413,341,0.2,E7_trainfrac
97,7,addition,pre_grok,200,1.0,0.1754782199859619,41.610221423007125,int,4,0.8208399415016174,0.1377523839473724,341,0.2,E7_trainfrac
97,7,addition,pre_grok,200,1.0,0.1754782199859619,41.610221423007125,int,5,0.977671444416046,0.165913924574852,341,0.2,E7_trainfrac
97,7,addition,pre_grok,200,1.0,0.1754782199859619,41.610221423007125,int,6,0.9994683265686036,0.1730871349573135,341,0.2,E7_trainfrac
97,7,addition,pre_grok,200,1.0,0.1754782199859619,41.610221423007125,int,8,1.0,0.1748140305280685,341,0.2,E7_trainfrac
97,7,addition,pre_grok,200,1.0,0.1754782199859619,41.610221423007125,int,10,1.0,0.1753453761339187,341,0.2,E7_trainfrac
97,7,addition,pre_grok,200,1.0,0.1754782199859619,41.610221423007125,int,12,1.0,0.1756110489368438,341,0.2,E7_trainfrac
97,7,addition,pre_grok,200,1.0,0.1754782199859619,41.610221423007125,int,16,1.0,0.1754782199859619,341,0.2,E7_trainfrac
97,7,addition,pre_grok,200,1.0,0.1754782199859619,41.610221423007125,int,23,1.0,0.1754782199859619,341,0.2,E7_trainfrac
97,7,addition,cleaned_up,12000,1.0,0.2128055244684219,47.60933431154771,int,2,0.0090377461165189,0.0107598295435309,341,0.2,E7_trainfrac
97,7,addition,cleaned_up,12000,1.0,0.2128055244684219,47.60933431154771,int,3,0.0441254638135433,0.015674814581871,341,0.2,E7_trainfrac
97,7,addition,cleaned_up,12000,1.0,0.2128055244684219,47.60933431154771,int,4,0.2418926060199737,0.0626992583274841,341,0.2,E7_trainfrac
97,7,addition,cleaned_up,12000,1.0,0.2128055244684219,47.60933431154771,int,5,0.7363104820251465,0.1602019071578979,341,0.2,E7_trainfrac
97,7,addition,cleaned_up,12000,1.0,0.2128055244684219,47.60933431154771,int,6,0.980861246585846,0.2094845920801162,341,0.2,E7_trainfrac
97,7,addition,cleaned_up,12000,1.0,0.2128055244684219,47.60933431154771,int,8,1.0,0.2124070078134536,341,0.2,E7_trainfrac
97,7,addition,cleaned_up,12000,1.0,0.2128055244684219,47.60933431154771,int,10,1.0,0.2125398516654968,341,0.2,E7_trainfrac
97,7,addition,cleaned_up,12000,1.0,0.2128055244684219,47.60933431154771,int,12,1.0,0.2128055244684219,341,0.2,E7_trainfrac
97,7,addition,cleaned_up,12000,1.0,0.2128055244684219,47.60933431154771,int,16,1.0,0.2128055244684219,341,0.2,E7_trainfrac
97,7,addition,cleaned_up,12000,1.0,0.2128055244684219,47.60933431154771,int,23,1.0,0.2128055244684219,341,0.2,E7_trainfrac
97,8,addition,pre_grok,200,0.9994683265686036,0.1223432496190071,42.73765184576881,int,2,0.0675172805786132,0.0159404892474412,341,0.2,E7_trainfrac
97,8,addition,pre_grok,200,0.9994683265686036,0.1223432496190071,42.73765184576881,int,3,0.4396597445011139,0.0644261389970779,341,0.2,E7_trainfrac
97,8,addition,pre_grok,200,0.9994683265686036,0.1223432496190071,42.73765184576881,int,4,0.8054226636886597,0.096838466823101,341,0.2,E7_trainfrac
97,8,addition,pre_grok,200,0.9994683265686036,0.1223432496190071,42.73765184576881,int,5,0.9606592059135436,0.1159670576453208,341,0.2,E7_trainfrac
97,8,addition,pre_grok,200,0.9994683265686036,0.1223432496190071,42.73765184576881,int,6,0.9978734850883484,0.1196864992380142,341,0.2,E7_trainfrac
97,8,addition,pre_grok,200,0.9994683265686036,0.1223432496190071,42.73765184576881,int,8,0.9994683265686036,0.1216790601611137,341,0.2,E7_trainfrac
97,8,addition,pre_grok,200,0.9994683265686036,0.1223432496190071,42.73765184576881,int,10,0.9994683265686036,0.1224760860204696,341,0.2,E7_trainfrac
97,8,addition,pre_grok,200,0.9994683265686036,0.1223432496190071,42.73765184576881,int,12,0.9994683265686036,0.1223432496190071,341,0.2,E7_trainfrac
97,8,addition,pre_grok,200,0.9994683265686036,0.1223432496190071,42.73765184576881,int,16,0.9994683265686036,0.1223432496190071,341,0.2,E7_trainfrac
97,8,addition,pre_grok,200,0.9994683265686036,0.1223432496190071,42.73765184576881,int,23,0.9994683265686036,0.1223432496190071,341,0.2,E7_trainfrac
97,8,addition,cleaned_up,12000,1.0,0.1969978660345077,54.85284526646917,int,2,0.0053163208067417,0.0115568544715642,341,0.2,E7_trainfrac
97,8,addition,cleaned_up,12000,1.0,0.1969978660345077,54.85284526646917,int,3,0.0303030293434858,0.0162061639130115,341,0.2,E7_trainfrac
97,8,addition,cleaned_up,12000,1.0,0.1969978660345077,54.85284526646917,int,4,0.2413609772920608,0.0504782125353813,341,0.2,E7_trainfrac
97,8,addition,cleaned_up,12000,1.0,0.1969978660345077,54.85284526646917,int,5,0.6289207935333252,0.114373005926609,341,0.2,E7_trainfrac
97,8,addition,cleaned_up,12000,1.0,0.1969978660345077,54.85284526646917,int,6,0.9744816422462464,0.1777364462614059,341,0.2,E7_trainfrac
97,8,addition,cleaned_up,12000,1.0,0.1969978660345077,54.85284526646917,int,8,1.0,0.1959351748228073,341,0.2,E7_trainfrac
97,8,addition,cleaned_up,12000,1.0,0.1969978660345077,54.85284526646917,int,10,1.0,0.1968650370836258,341,0.2,E7_trainfrac
97,8,addition,cleaned_up,12000,1.0,0.1969978660345077,54.85284526646917,int,12,1.0,0.197263553738594,341,0.2,E7_trainfrac
97,8,addition,cleaned_up,12000,1.0,0.1969978660345077,54.85284526646917,int,16,1.0,0.1969978660345077,341,0.2,E7_trainfrac
97,8,addition,cleaned_up,12000,1.0,0.1969978660345077,54.85284526646917,int,23,1.0,0.1969978660345077,341,0.2,E7_trainfrac
97,9,addition,pre_grok,200,1.0,0.1292507946491241,43.15354278105861,int,2,0.0499734170734882,0.0176673755049705,341,0.2,E7_trainfrac
97,9,addition,pre_grok,200,1.0,0.1292507946491241,43.15354278105861,int,3,0.4114832580089569,0.0592454820871353,341,0.2,E7_trainfrac
97,9,addition,pre_grok,200,1.0,0.1292507946491241,43.15354278105861,int,4,0.7969165444374084,0.1005579158663749,341,0.2,E7_trainfrac
97,9,addition,pre_grok,200,1.0,0.1292507946491241,43.15354278105861,int,5,0.9797979593276978,0.1260626912117004,341,0.2,E7_trainfrac
97,9,addition,pre_grok,200,1.0,0.1292507946491241,43.15354278105861,int,6,0.9994683265686036,0.1261955350637436,341,0.2,E7_trainfrac
97,9,addition,pre_grok,200,1.0,0.1292507946491241,43.15354278105861,int,8,1.0,0.1297821402549743,341,0.2,E7_trainfrac
97,9,addition,pre_grok,200,1.0,0.1292507946491241,43.15354278105861,int,10,1.0,0.1288522779941558,341,0.2,E7_trainfrac
97,9,addition,pre_grok,200,1.0,0.1292507946491241,43.15354278105861,int,12,1.0,0.129117950797081,341,0.2,E7_trainfrac
97,9,addition,pre_grok,200,1.0,0.1292507946491241,43.15354278105861,int,16,1.0,0.1292507946491241,341,0.2,E7_trainfrac
97,9,addition,pre_grok,200,1.0,0.1292507946491241,43.15354278105861,int,23,1.0,0.1292507946491241,341,0.2,E7_trainfrac
97,9,addition,cleaned_up,12000,1.0,0.1903560012578964,54.16055445835934,int,2,0.0101010100916028,0.0095642935484647,341,0.2,E7_trainfrac
97,9,addition,cleaned_up,12000,1.0,0.1903560012578964,54.16055445835934,int,3,0.0366826169192791,0.012752391397953,341,0.2,E7_trainfrac
97,9,addition,cleaned_up,12000,1.0,0.1903560012578964,54.16055445835934,int,4,0.1850079745054245,0.0377258248627185,341,0.2,E7_trainfrac
97,9,addition,cleaned_up,12000,1.0,0.1903560012578964,54.16055445835934,int,5,0.5911749005317688,0.0988310277462005,341,0.2,E7_trainfrac
97,9,addition,cleaned_up,12000,1.0,0.1903560012578964,54.16055445835934,int,6,0.9835193753242492,0.1729543060064315,341,0.2,E7_trainfrac
97,9,addition,cleaned_up,12000,1.0,0.1903560012578964,54.16055445835934,int,8,1.0,0.1890276223421096,341,0.2,E7_trainfrac
97,9,addition,cleaned_up,12000,1.0,0.1903560012578964,54.16055445835934,int,10,1.0,0.1904888451099395,341,0.2,E7_trainfrac
97,9,addition,cleaned_up,12000,1.0,0.1903560012578964,54.16055445835934,int,12,1.0,0.1903560012578964,341,0.2,E7_trainfrac
97,9,addition,cleaned_up,12000,1.0,0.1903560012578964,54.16055445835934,int,16,1.0,0.1903560012578964,341,0.2,E7_trainfrac
97,9,addition,cleaned_up,12000,1.0,0.1903560012578964,54.16055445835934,int,23,1.0,0.1903560012578964,341,0.2,E7_trainfrac
97,10,addition,pre_grok,200,1.0,0.1301806569099426,43.027989357474006,int,2,0.0505050495266914,0.012752391397953,341,0.2,E7_trainfrac
97,10,addition,pre_grok,200,1.0,0.1301806569099426,43.027989357474006,int,3,0.4167995750904083,0.0626992583274841,341,0.2,E7_trainfrac
97,10,addition,pre_grok,200,1.0,0.1301806569099426,43.027989357474006,int,4,0.8144603967666626,0.1054728999733924,341,0.2,E7_trainfrac
97,10,addition,pre_grok,200,1.0,0.1301806569099426,43.027989357474006,int,5,0.9723551273345948,0.1230074390769004,341,0.2,E7_trainfrac
97,10,addition,pre_grok,200,1.0,0.1301806569099426,43.027989357474006,int,6,0.9978734850883484,0.1284537762403488,341,0.2,E7_trainfrac
97,10,addition,pre_grok,200,1.0,0.1301806569099426,43.027989357474006,int,8,1.0,0.1299149841070175,341,0.2,E7_trainfrac
97,10,addition,pre_grok,200,1.0,0.1301806569099426,43.027989357474006,int,10,1.0,0.1296493113040924,341,0.2,E7_trainfrac
97,10,addition,pre_grok,200,1.0,0.1301806569099426,43.027989357474006,int,12,1.0,0.1300478130578994,341,0.2,E7_trainfrac
97,10,addition,pre_grok,200,1.0,0.1301806569099426,43.027989357474006,int,16,1.0,0.1301806569099426,341,0.2,E7_trainfrac
97,10,addition,pre_grok,200,1.0,0.1301806569099426,43.027989357474006,int,23,1.0,0.1301806569099426,341,0.2,E7_trainfrac
97,10,addition,cleaned_up,12000,1.0,0.2007173150777816,43.75711942783477,int,2,0.0122275380417704,0.0087672686204314,341,0.2,E7_trainfrac
97,10,addition,cleaned_up,12000,1.0,0.2007173150777816,43.75711942783477,int,3,0.1137692704796791,0.0289585553109645,341,0.2,E7_trainfrac
97,10,addition,cleaned_up,12000,1.0,0.2007173150777816,43.75711942783477,int,4,0.6055289506912231,0.1236716210842132,341,0.2,E7_trainfrac
97,10,addition,cleaned_up,12000,1.0,0.2007173150777816,43.75711942783477,int,5,0.976608157157898,0.1946067959070205,341,0.2,E7_trainfrac
97,10,addition,cleaned_up,12000,1.0,0.2007173150777816,43.75711942783477,int,6,1.0,0.199123278260231,341,0.2,E7_trainfrac
97,10,addition,cleaned_up,12000,1.0,0.2007173150777816,43.75711942783477,int,8,1.0,0.2008501589298248,341,0.2,E7_trainfrac
97,10,addition,cleaned_up,12000,1.0,0.2007173150777816,43.75711942783477,int,10,1.0,0.2008501589298248,341,0.2,E7_trainfrac
97,10,addition,cleaned_up,12000,1.0,0.2007173150777816,43.75711942783477,int,12,1.0,0.2007173150777816,341,0.2,E7_trainfrac
97,10,addition,cleaned_up,12000,1.0,0.2007173150777816,43.75711942783477,int,16,1.0,0.2007173150777816,341,0.2,E7_trainfrac
97,10,addition,cleaned_up,12000,1.0,0.2007173150777816,43.75711942783477,int,23,1.0,0.2007173150777816,341,0.2,E7_trainfrac
97,11,addition,pre_grok,200,1.0,0.140807643532753,43.25059798687225,int,2,0.0568846352398395,0.0174017008394002,341,0.2,E7_trainfrac
97,11,addition,pre_grok,200,1.0,0.140807643532753,43.25059798687225,int,3,0.4359383285045624,0.0630977675318718,341,0.2,E7_trainfrac
97,11,addition,pre_grok,200,1.0,0.140807643532753,43.25059798687225,int,4,0.8373205661773682,0.112513281404972,341,0.2,E7_trainfrac
97,11,addition,pre_grok,200,1.0,0.140807643532753,43.25059798687225,int,5,0.979266345500946,0.1370882093906402,341,0.2,E7_trainfrac
97,11,addition,pre_grok,200,1.0,0.140807643532753,43.25059798687225,int,6,0.9994683265686036,0.1377523839473724,341,0.2,E7_trainfrac
97,11,addition,pre_grok,200,1.0,0.140807643532753,43.25059798687225,int,8,1.0,0.1402762979269027,341,0.2,E7_trainfrac
97,11,addition,pre_grok,200,1.0,0.140807643532753,43.25059798687225,int,10,1.0,0.1401434689760208,341,0.2,E7_trainfrac
97,11,addition,pre_grok,200,1.0,0.140807643532753,43.25059798687225,int,12,1.0,0.1405419707298278,341,0.2,E7_trainfrac
97,11,addition,pre_grok,200,1.0,0.140807643532753,43.25059798687225,int,16,1.0,0.140807643532753,341,0.2,E7_trainfrac
97,11,addition,pre_grok,200,1.0,0.140807643532753,43.25059798687225,int,23,1.0,0.140807643532753,341,0.2,E7_trainfrac
97,11,addition,cleaned_up,12000,1.0,0.1989904344081878,40.60409216811168,int,2,0.0138224344700574,0.0092986179515719,341,0.2,E7_trainfrac
97,11,addition,cleaned_up,12000,1.0,0.1989904344081878,40.60409216811168,int,3,0.1440722942352295,0.0321466512978076,341,0.2,E7_trainfrac
97,11,addition,cleaned_up,12000,1.0,0.1989904344081878,40.60409216811168,int,4,0.6969696879386902,0.1226089224219322,341,0.2,E7_trainfrac
97,11,addition,cleaned_up,12000,1.0,0.1989904344081878,40.60409216811168,int,5,0.9845826625823976,0.1829171031713485,341,0.2,E7_trainfrac
97,11,addition,cleaned_up,12000,1.0,0.1989904344081878,40.60409216811168,int,6,1.0,0.1958023309707641,341,0.2,E7_trainfrac
97,11,addition,cleaned_up,12000,1.0,0.1989904344081878,40.60409216811168,int,8,1.0,0.1989904344081878,341,0.2,E7_trainfrac
97,11,addition,cleaned_up,12000,1.0,0.1989904344081878,40.60409216811168,int,10,1.0,0.1988575905561447,341,0.2,E7_trainfrac
97,11,addition,cleaned_up,12000,1.0,0.1989904344081878,40.60409216811168,int,12,1.0,0.1989904344081878,341,0.2,E7_trainfrac
97,11,addition,cleaned_up,12000,1.0,0.1989904344081878,40.60409216811168,int,16,1.0,0.1989904344081878,341,0.2,E7_trainfrac
97,11,addition,cleaned_up,12000,1.0,0.1989904344081878,40.60409216811168,int,23,1.0,0.1989904344081878,341,0.2,E7_trainfrac
97,12,addition,pre_grok,200,0.9994683265686036,0.1316418647766113,42.92071384988166,int,2,0.0356193520128726,0.013815090060234,341,0.2,E7_trainfrac
97,12,addition,pre_grok,200,0.9994683265686036,0.1316418647766113,42.92071384988166,int,3,0.4231791496276855,0.0619022324681282,341,0.2,E7_trainfrac
97,12,addition,pre_grok,200,0.9994683265686036,0.1316418647766113,42.92071384988166,int,4,0.7910685539245605,0.1065355986356735,341,0.2,E7_trainfrac
97,12,addition,pre_grok,200,0.9994683265686036,0.1316418647766113,42.92071384988166,int,5,0.9564061760902404,0.1264612078666687,341,0.2,E7_trainfrac
97,12,addition,pre_grok,200,0.9994683265686036,0.1316418647766113,42.92071384988166,int,6,0.995746910572052,0.1295164674520492,341,0.2,E7_trainfrac
97,12,addition,pre_grok,200,0.9994683265686036,0.1316418647766113,42.92071384988166,int,8,0.9994683265686036,0.1324388980865478,341,0.2,E7_trainfrac
97,12,addition,pre_grok,200,0.9994683265686036,0.1316418647766113,42.92071384988166,int,10,0.9994683265686036,0.1320403814315796,341,0.2,E7_trainfrac
97,12,addition,pre_grok,200,0.9994683265686036,0.1316418647766113,42.92071384988166,int,12,0.9994683265686036,0.1317747086286544,341,0.2,E7_trainfrac
97,12,addition,pre_grok,200,0.9994683265686036,0.1316418647766113,42.92071384988166,int,16,0.9994683265686036,0.1316418647766113,341,0.2,E7_trainfrac
97,12,addition,pre_grok,200,0.9994683265686036,0.1316418647766113,42.92071384988166,int,23,0.9994683265686036,0.1316418647766113,341,0.2,E7_trainfrac
97,12,addition,cleaned_up,12000,1.0,0.1958023309707641,44.56340596266568,int,2,0.0101010100916028,0.0094314562156796,341,0.2,E7_trainfrac
97,12,addition,cleaned_up,12000,1.0,0.1958023309707641,44.56340596266568,int,3,0.179160013794899,0.0362646132707595,341,0.2,E7_trainfrac
97,12,addition,cleaned_up,12000,1.0,0.1958023309707641,44.56340596266568,int,4,0.7145135402679443,0.1239373013377189,341,0.2,E7_trainfrac
97,12,addition,cleaned_up,12000,1.0,0.1958023309707641,44.56340596266568,int,5,0.9670388102531432,0.1772051006555557,341,0.2,E7_trainfrac
97,12,addition,cleaned_up,12000,1.0,0.1958023309707641,44.56340596266568,int,6,0.9994683265686036,0.1928799152374267,341,0.2,E7_trainfrac
97,12,addition,cleaned_up,12000,1.0,0.1958023309707641,44.56340596266568,int,8,1.0,0.1958023309707641,341,0.2,E7_trainfrac
97,12,addition,cleaned_up,12000,1.0,0.1958023309707641,44.56340596266568,int,10,1.0,0.1958023309707641,341,0.2,E7_trainfrac
97,12,addition,cleaned_up,12000,1.0,0.1958023309707641,44.56340596266568,int,12,1.0,0.1958023309707641,341,0.2,E7_trainfrac
97,12,addition,cleaned_up,12000,1.0,0.1958023309707641,44.56340596266568,int,16,1.0,0.1958023309707641,341,0.2,E7_trainfrac
97,12,addition,cleaned_up,12000,1.0,0.1958023309707641,44.56340596266568,int,23,1.0,0.1958023309707641,341,0.2,E7_trainfrac
97,13,addition,pre_grok,200,1.0,0.1145058423280716,42.8544239017306,int,2,0.0526315793395042,0.0142136020585894,341,0.2,E7_trainfrac
97,13,addition,pre_grok,200,1.0,0.1145058423280716,42.8544239017306,int,3,0.4630515575408935,0.0572529211640358,341,0.2,E7_trainfrac
97,13,addition,pre_grok,200,1.0,0.1145058423280716,42.8544239017306,int,4,0.8107389807701111,0.0911264568567276,341,0.2,E7_trainfrac
97,13,addition,pre_grok,200,1.0,0.1145058423280716,42.8544239017306,int,5,0.9686337113380432,0.1054728999733924,341,0.2,E7_trainfrac
97,13,addition,pre_grok,200,1.0,0.1145058423280716,42.8544239017306,int,6,0.9984050989151,0.1110520735383033,341,0.2,E7_trainfrac
97,13,addition,pre_grok,200,1.0,0.1145058423280716,42.8544239017306,int,8,1.0,0.1127789542078971,341,0.2,E7_trainfrac
97,13,addition,pre_grok,200,1.0,0.1145058423280716,42.8544239017306,int,10,1.0,0.1142401695251464,341,0.2,E7_trainfrac
97,13,addition,pre_grok,200,1.0,0.1145058423280716,42.8544239017306,int,12,1.0,0.1145058423280716,341,0.2,E7_trainfrac
97,13,addition,pre_grok,200,1.0,0.1145058423280716,42.8544239017306,int,16,1.0,0.1145058423280716,341,0.2,E7_trainfrac
97,13,addition,pre_grok,200,1.0,0.1145058423280716,42.8544239017306,int,23,1.0,0.1145058423280716,341,0.2,E7_trainfrac
97,13,addition,cleaned_up,12000,1.0,0.158209353685379,45.838037526287295,int,2,0.0095693776383996,0.0099628055468201,341,0.2,E7_trainfrac
97,13,addition,cleaned_up,12000,1.0,0.158209353685379,45.838037526287295,int,3,0.1228070184588432,0.025504782795906,341,0.2,E7_trainfrac
97,13,addition,cleaned_up,12000,1.0,0.158209353685379,45.838037526287295,int,4,0.4646464586257934,0.0702709853649139,341,0.2,E7_trainfrac
97,13,addition,cleaned_up,12000,1.0,0.158209353685379,45.838037526287295,int,5,0.8484848141670227,0.1265940517187118,341,0.2,E7_trainfrac
97,13,addition,cleaned_up,12000,1.0,0.158209353685379,45.838037526287295,int,6,0.9920254945755004,0.1486450582742691,341,0.2,E7_trainfrac
97,13,addition,cleaned_up,12000,1.0,0.158209353685379,45.838037526287295,int,8,1.0,0.158209353685379,341,0.2,E7_trainfrac
97,13,addition,cleaned_up,12000,1.0,0.158209353685379,45.838037526287295,int,10,1.0,0.1586078554391861,341,0.2,E7_trainfrac
97,13,addition,cleaned_up,12000,1.0,0.158209353685379,45.838037526287295,int,12,1.0,0.158209353685379,341,0.2,E7_trainfrac
97,13,addition,cleaned_up,12000,1.0,0.158209353685379,45.838037526287295,int,16,1.0,0.158209353685379,341,0.2,E7_trainfrac
97,13,addition,cleaned_up,12000,1.0,0.158209353685379,45.838037526287295,int,23,1.0,0.158209353685379,341,0.2,E7_trainfrac
97,14,addition,pre_grok,200,1.0,0.119155153632164,42.31273376084728,int,2,0.0462519936263561,0.0176673755049705,341,0.2,E7_trainfrac
97,14,addition,pre_grok,200,1.0,0.119155153632164,42.31273376084728,int,3,0.4300903677940368,0.0620350688695907,341,0.2,E7_trainfrac
97,14,addition,pre_grok,200,1.0,0.119155153632164,42.31273376084728,int,4,0.8165869116783142,0.0969713032245636,341,0.2,E7_trainfrac
97,14,addition,pre_grok,200,1.0,0.119155153632164,42.31273376084728,int,5,0.9627857208251952,0.118358127772808,341,0.2,E7_trainfrac
97,14,addition,pre_grok,200,1.0,0.119155153632164,42.31273376084728,int,6,0.9978734850883484,0.1187566369771957,341,0.2,E7_trainfrac
97,14,addition,pre_grok,200,1.0,0.119155153632164,42.31273376084728,int,8,1.0,0.1198193430900573,341,0.2,E7_trainfrac
97,14,addition,pre_grok,200,1.0,0.119155153632164,42.31273376084728,int,10,1.0,0.1194208264350891,341,0.2,E7_trainfrac
97,14,addition,pre_grok,200,1.0,0.119155153632164,42.31273376084728,int,12,1.0,0.1192879900336265,341,0.2,E7_trainfrac
97,14,addition,pre_grok,200,1.0,0.119155153632164,42.31273376084728,int,16,1.0,0.119155153632164,341,0.2,E7_trainfrac
97,14,addition,pre_grok,200,1.0,0.119155153632164,42.31273376084728,int,23,1.0,0.119155153632164,341,0.2,E7_trainfrac
97,14,addition,cleaned_up,12000,1.0,0.2154622673988342,41.64756588228624,int,2,0.0154173308983445,0.0103613175451755,341,0.2,E7_trainfrac
97,14,addition,cleaned_up,12000,1.0,0.2154622673988342,41.64756588228624,int,3,0.0855927690863609,0.0265674814581871,341,0.2,E7_trainfrac
97,14,addition,cleaned_up,12000,1.0,0.2154622673988342,41.64756588228624,int,4,0.377458781003952,0.0911264568567276,341,0.2,E7_trainfrac
97,14,addition,cleaned_up,12000,1.0,0.2154622673988342,41.64756588228624,int,5,0.7309941649436951,0.1526301801204681,341,0.2,E7_trainfrac
97,14,addition,cleaned_up,12000,1.0,0.2154622673988342,41.64756588228624,int,6,0.9909622669219972,0.209086075425148,341,0.2,E7_trainfrac
97,14,addition,cleaned_up,12000,1.0,0.2154622673988342,41.64756588228624,int,8,1.0,0.2141339033842086,341,0.2,E7_trainfrac
97,14,addition,cleaned_up,12000,1.0,0.2154622673988342,41.64756588228624,int,10,1.0,0.2150637656450271,341,0.2,E7_trainfrac
97,14,addition,cleaned_up,12000,1.0,0.2154622673988342,41.64756588228624,int,12,1.0,0.2157279402017593,341,0.2,E7_trainfrac
97,14,addition,cleaned_up,12000,1.0,0.2154622673988342,41.64756588228624,int,16,1.0,0.2154622673988342,341,0.2,E7_trainfrac
97,14,addition,cleaned_up,12000,1.0,0.2154622673988342,41.64756588228624,int,23,1.0,0.2154622673988342,341,0.2,E7_trainfrac
97,15,addition,pre_grok,200,0.9968101978302002,0.0831562131643295,43.1192966158914,int,2,0.0366826169192791,0.0128852287307381,341,0.2,E7_trainfrac
97,15,addition,pre_grok,200,0.9968101978302002,0.0831562131643295,43.1192966158914,int,3,0.3609781861305237,0.0447662062942981,341,0.2,E7_trainfrac
97,15,addition,pre_grok,200,0.9968101978302002,0.0831562131643295,43.1192966158914,int,4,0.7309941649436951,0.0759829953312873,341,0.2,E7_trainfrac
97,15,addition,pre_grok,200,0.9968101978302002,0.0831562131643295,43.1192966158914,int,5,0.9510898590087892,0.0794367715716362,341,0.2,E7_trainfrac
97,15,addition,pre_grok,200,0.9968101978302002,0.0831562131643295,43.1192966158914,int,6,0.9898989796638488,0.0806323066353797,341,0.2,E7_trainfrac
97,15,addition,pre_grok,200,0.9968101978302002,0.0831562131643295,43.1192966158914,int,8,0.9968101978302002,0.0838204026222229,341,0.2,E7_trainfrac
97,15,addition,pre_grok,200,0.9968101978302002,0.0831562131643295,43.1192966158914,int,10,0.9968101978302002,0.083289049565792,341,0.2,E7_trainfrac
97,15,addition,pre_grok,200,0.9968101978302002,0.0831562131643295,43.1192966158914,int,12,0.9968101978302002,0.0830233767628669,341,0.2,E7_trainfrac
97,15,addition,pre_grok,200,0.9968101978302002,0.0831562131643295,43.1192966158914,int,16,0.9968101978302002,0.0831562131643295,341,0.2,E7_trainfrac
97,15,addition,pre_grok,200,0.9968101978302002,0.0831562131643295,43.1192966158914,int,23,0.9968101978302002,0.0831562131643295,341,0.2,E7_trainfrac
97,15,addition,cleaned_up,12000,1.0,0.1643198728561401,46.90300995719018,int,2,0.0148856993764638,0.0116896918043494,341,0.2,E7_trainfrac
97,15,addition,cleaned_up,12000,1.0,0.1643198728561401,46.90300995719018,int,3,0.1068580523133277,0.0247077569365501,341,0.2,E7_trainfrac
97,15,addition,cleaned_up,12000,1.0,0.1643198728561401,46.90300995719018,int,4,0.5619351267814636,0.0819606781005859,341,0.2,E7_trainfrac
97,15,addition,cleaned_up,12000,1.0,0.1643198728561401,46.90300995719018,int,5,0.9659755229949952,0.1417375057935714,341,0.2,E7_trainfrac
97,15,addition,cleaned_up,12000,1.0,0.1643198728561401,46.90300995719018,int,6,0.9994683265686036,0.1590063720941543,341,0.2,E7_trainfrac
97,15,addition,cleaned_up,12000,1.0,0.1643198728561401,46.90300995719018,int,8,1.0,0.1636556833982467,341,0.2,E7_trainfrac
97,15,addition,cleaned_up,12000,1.0,0.1643198728561401,46.90300995719018,int,10,1.0,0.1644527018070221,341,0.2,E7_trainfrac
97,15,addition,cleaned_up,12000,1.0,0.1643198728561401,46.90300995719018,int,12,1.0,0.1644527018070221,341,0.2,E7_trainfrac
97,15,addition,cleaned_up,12000,1.0,0.1643198728561401,46.90300995719018,int,16,1.0,0.1643198728561401,341,0.2,E7_trainfrac
97,15,addition,cleaned_up,12000,1.0,0.1643198728561401,46.90300995719018,int,23,1.0,0.1643198728561401,341,0.2,E7_trainfrac
97,16,addition,pre_grok,200,0.995746910572052,0.0794367715716362,42.30925432882943,int,2,0.0255183409899473,0.012752391397953,341,0.2,E7_trainfrac
97,16,addition,pre_grok,200,0.995746910572052,0.0794367715716362,42.30925432882943,int,3,0.3662945330142975,0.0414452701807022,341,0.2,E7_trainfrac
97,16,addition,pre_grok,200,0.995746910572052,0.0794367715716362,42.30925432882943,int,4,0.7575757503509521,0.0615037195384502,341,0.2,E7_trainfrac
97,16,addition,pre_grok,200,0.995746910572052,0.0794367715716362,42.30925432882943,int,5,0.9553428888320924,0.0742561072111129,341,0.2,E7_trainfrac
97,16,addition,pre_grok,200,0.995746910572052,0.0794367715716362,42.30925432882943,int,6,0.9920254945755004,0.0771785303950309,341,0.2,E7_trainfrac
97,16,addition,pre_grok,200,0.995746910572052,0.0794367715716362,42.30925432882943,int,8,0.995746910572052,0.0791710913181305,341,0.2,E7_trainfrac
97,16,addition,pre_grok,200,0.995746910572052,0.0794367715716362,42.30925432882943,int,10,0.995746910572052,0.0789054185152053,341,0.2,E7_trainfrac
97,16,addition,pre_grok,200,0.995746910572052,0.0794367715716362,42.30925432882943,int,12,0.995746910572052,0.0791710913181305,341,0.2,E7_trainfrac
97,16,addition,pre_grok,200,0.995746910572052,0.0794367715716362,42.30925432882943,int,16,0.995746910572052,0.0794367715716362,341,0.2,E7_trainfrac
97,16,addition,pre_grok,200,0.995746910572052,0.0794367715716362,42.30925432882943,int,23,0.995746910572052,0.0794367715716362,341,0.2,E7_trainfrac
97,16,addition,cleaned_up,12000,1.0,0.1511689722537994,52.13048872648532,int,2,0.0106326416134834,0.0104941548779606,341,0.2,E7_trainfrac
97,16,addition,cleaned_up,12000,1.0,0.1511689722537994,52.13048872648532,int,3,0.0462519936263561,0.015276301652193,341,0.2,E7_trainfrac
97,16,addition,cleaned_up,12000,1.0,0.1511689722537994,52.13048872648532,int,4,0.3014354109764099,0.0437035076320171,341,0.2,E7_trainfrac
97,16,addition,cleaned_up,12000,1.0,0.1511689722537994,52.13048872648532,int,5,0.6661350131034851,0.0913921371102333,341,0.2,E7_trainfrac
97,16,addition,cleaned_up,12000,1.0,0.1511689722537994,52.13048872648532,int,6,0.9904305934906006,0.1378852277994156,341,0.2,E7_trainfrac
97,16,addition,cleaned_up,12000,1.0,0.1511689722537994,52.13048872648532,int,8,1.0,0.1475823521614074,341,0.2,E7_trainfrac
97,16,addition,cleaned_up,12000,1.0,0.1511689722537994,52.13048872648532,int,10,1.0,0.1507704555988311,341,0.2,E7_trainfrac
97,16,addition,cleaned_up,12000,1.0,0.1511689722537994,52.13048872648532,int,12,1.0,0.1507704555988311,341,0.2,E7_trainfrac
97,16,addition,cleaned_up,12000,1.0,0.1511689722537994,52.13048872648532,int,16,1.0,0.1509032994508743,341,0.2,E7_trainfrac
97,16,addition,cleaned_up,12000,1.0,0.1511689722537994,52.13048872648532,int,23,1.0,0.1511689722537994,341,0.2,E7_trainfrac
97,17,addition,pre_grok,200,1.0,0.0868756622076034,43.13875975785324,int,2,0.0590111650526523,0.016737513244152,341,0.2,E7_trainfrac
97,17,addition,pre_grok,200,1.0,0.0868756622076034,43.13875975785324,int,3,0.4524189233779907,0.0531349629163742,341,0.2,E7_trainfrac
97,17,addition,pre_grok,200,1.0,0.0868756622076034,43.13875975785324,int,4,0.8224348425865173,0.0742561072111129,341,0.2,E7_trainfrac
97,17,addition,pre_grok,200,1.0,0.0868756622076034,43.13875975785324,int,5,0.9797979593276978,0.0838204026222229,341,0.2,E7_trainfrac
97,17,addition,pre_grok,200,1.0,0.0868756622076034,43.13875975785324,int,6,1.0,0.0864771530032157,341,0.2,E7_trainfrac
97,17,addition,pre_grok,200,1.0,0.0868756622076034,43.13875975785324,int,8,1.0,0.087008498609066,341,0.2,E7_trainfrac
97,17,addition,pre_grok,200,1.0,0.0868756622076034,43.13875975785324,int,10,1.0,0.087008498609066,341,0.2,E7_trainfrac
97,17,addition,pre_grok,200,1.0,0.0868756622076034,43.13875975785324,int,12,1.0,0.0867428258061409,341,0.2,E7_trainfrac
97,17,addition,pre_grok,200,1.0,0.0868756622076034,43.13875975785324,int,16,1.0,0.0868756622076034,341,0.2,E7_trainfrac
97,17,addition,pre_grok,200,1.0,0.0868756622076034,43.13875975785324,int,23,1.0,0.0868756622076034,341,0.2,E7_trainfrac
97,17,addition,cleaned_up,12000,1.0,0.1733528077602386,48.311373284194026,int,2,0.0079744812101125,0.0094314562156796,341,0.2,E7_trainfrac
97,17,addition,cleaned_up,12000,1.0,0.1733528077602386,48.311373284194026,int,3,0.0329611897468566,0.013815090060234,341,0.2,E7_trainfrac
97,17,addition,cleaned_up,12000,1.0,0.1733528077602386,48.311373284194026,int,4,0.1871345043182373,0.0431721583008766,341,0.2,E7_trainfrac
97,17,addition,cleaned_up,12000,1.0,0.1733528077602386,48.311373284194026,int,5,0.5656565427780151,0.0972369834780693,341,0.2,E7_trainfrac
97,17,addition,cleaned_up,12000,1.0,0.1733528077602386,48.311373284194026,int,6,0.9755449295043944,0.1578108370304107,341,0.2,E7_trainfrac
97,17,addition,cleaned_up,12000,1.0,0.1733528077602386,48.311373284194026,int,8,1.0,0.17388416826725,341,0.2,E7_trainfrac
97,17,addition,cleaned_up,12000,1.0,0.1733528077602386,48.311373284194026,int,10,1.0,0.1732199788093567,341,0.2,E7_trainfrac
97,17,addition,cleaned_up,12000,1.0,0.1733528077602386,48.311373284194026,int,12,1.0,0.1730871349573135,341,0.2,E7_trainfrac
97,17,addition,cleaned_up,12000,1.0,0.1733528077602386,48.311373284194026,int,16,1.0,0.1733528077602386,341,0.2,E7_trainfrac
97,17,addition,cleaned_up,12000,1.0,0.1733528077602386,48.311373284194026,int,23,1.0,0.1733528077602386,341,0.2,E7_trainfrac
97,18,addition,pre_grok,200,1.0,0.1033475026488304,42.87079518833343,int,2,0.0505050495266914,0.0151434643194079,341,0.2,E7_trainfrac
97,18,addition,pre_grok,200,1.0,0.1033475026488304,42.87079518833343,int,3,0.409888356924057,0.0557917095720768,341,0.2,E7_trainfrac
97,18,addition,pre_grok,200,1.0,0.1033475026488304,42.87079518833343,int,4,0.8048909902572632,0.0854144543409347,341,0.2,E7_trainfrac
97,18,addition,pre_grok,200,1.0,0.1033475026488304,42.87079518833343,int,5,0.9739500284194946,0.0994952172040939,341,0.2,E7_trainfrac
97,18,addition,pre_grok,200,1.0,0.1033475026488304,42.87079518833343,int,6,1.0,0.1036131754517555,341,0.2,E7_trainfrac
97,18,addition,pre_grok,200,1.0,0.1033475026488304,42.87079518833343,int,8,1.0,0.1032146662473678,341,0.2,E7_trainfrac
97,18,addition,pre_grok,200,1.0,0.1033475026488304,42.87079518833343,int,10,1.0,0.1036131754517555,341,0.2,E7_trainfrac
97,18,addition,pre_grok,200,1.0,0.1033475026488304,42.87079518833343,int,12,1.0,0.1034803390502929,341,0.2,E7_trainfrac
97,18,addition,pre_grok,200,1.0,0.1033475026488304,42.87079518833343,int,16,1.0,0.1033475026488304,341,0.2,E7_trainfrac
97,18,addition,pre_grok,200,1.0,0.1033475026488304,42.87079518833343,int,23,1.0,0.1033475026488304,341,0.2,E7_trainfrac
97,18,addition,cleaned_up,12000,1.0,0.1876992583274841,43.77701663584935,int,2,0.0101010100916028,0.010892666876316,341,0.2,E7_trainfrac
97,18,addition,cleaned_up,12000,1.0,0.1876992583274841,43.77701663584935,int,3,0.1233386471867561,0.0302869286388158,341,0.2,E7_trainfrac
97,18,addition,cleaned_up,12000,1.0,0.1876992583274841,43.77701663584935,int,4,0.595427930355072,0.0959086045622825,341,0.2,E7_trainfrac
97,18,addition,cleaned_up,12000,1.0,0.1876992583274841,43.77701663584935,int,5,0.9420520663261414,0.158342182636261,341,0.2,E7_trainfrac
97,18,addition,cleaned_up,12000,1.0,0.1876992583274841,43.77701663584935,int,6,1.0,0.1802603602409362,341,0.2,E7_trainfrac
97,18,addition,cleaned_up,12000,1.0,0.1876992583274841,43.77701663584935,int,8,1.0,0.187433585524559,341,0.2,E7_trainfrac
97,18,addition,cleaned_up,12000,1.0,0.1876992583274841,43.77701663584935,int,10,1.0,0.187433585524559,341,0.2,E7_trainfrac
97,18,addition,cleaned_up,12000,1.0,0.1876992583274841,43.77701663584935,int,12,1.0,0.1879649311304092,341,0.2,E7_trainfrac
97,18,addition,cleaned_up,12000,1.0,0.1876992583274841,43.77701663584935,int,16,1.0,0.1876992583274841,341,0.2,E7_trainfrac
97,18,addition,cleaned_up,12000,1.0,0.1876992583274841,43.77701663584935,int,23,1.0,0.1876992583274841,341,0.2,E7_trainfrac
97,19,addition,pre_grok,200,1.0,0.087008498609066,42.86900856317166,int,2,0.0435938313603401,0.0135494153946638,341,0.2,E7_trainfrac
97,19,addition,pre_grok,200,1.0,0.087008498609066,42.86900856317166,int,3,0.4821903109550476,0.0544633381068706,341,0.2,E7_trainfrac
97,19,addition,pre_grok,200,1.0,0.087008498609066,42.86900856317166,int,4,0.8229665160179138,0.0701381489634513,341,0.2,E7_trainfrac
97,19,addition,pre_grok,200,1.0,0.087008498609066,42.86900856317166,int,5,0.976608157157898,0.0824920311570167,341,0.2,E7_trainfrac
97,19,addition,pre_grok,200,1.0,0.087008498609066,42.86900856317166,int,6,0.9994683265686036,0.0842189118266105,341,0.2,E7_trainfrac
97,19,addition,pre_grok,200,1.0,0.087008498609066,42.86900856317166,int,8,1.0,0.0860786363482475,341,0.2,E7_trainfrac
97,19,addition,pre_grok,200,1.0,0.087008498609066,42.86900856317166,int,10,1.0,0.087008498609066,341,0.2,E7_trainfrac
97,19,addition,pre_grok,200,1.0,0.087008498609066,42.86900856317166,int,12,1.0,0.087008498609066,341,0.2,E7_trainfrac
97,19,addition,pre_grok,200,1.0,0.087008498609066,42.86900856317166,int,16,1.0,0.087008498609066,341,0.2,E7_trainfrac
97,19,addition,pre_grok,200,1.0,0.087008498609066,42.86900856317166,int,23,1.0,0.087008498609066,341,0.2,E7_trainfrac
97,19,addition,cleaned_up,12000,1.0,0.1944739669561386,53.33193235444749,int,2,0.0122275380417704,0.0096971308812499,341,0.2,E7_trainfrac
97,19,addition,cleaned_up,12000,1.0,0.1944739669561386,53.33193235444749,int,3,0.0425305664539337,0.0151434643194079,341,0.2,E7_trainfrac
97,19,addition,cleaned_up,12000,1.0,0.1944739669561386,53.33193235444749,int,4,0.2105263173580169,0.0496811904013156,341,0.2,E7_trainfrac
97,19,addition,cleaned_up,12000,1.0,0.1944739669561386,53.33193235444749,int,5,0.6618819832801819,0.1158342212438583,341,0.2,E7_trainfrac
97,19,addition,cleaned_up,12000,1.0,0.1944739669561386,53.33193235444749,int,6,0.9877724647521972,0.1830499470233917,341,0.2,E7_trainfrac
97,19,addition,cleaned_up,12000,1.0,0.1944739669561386,53.33193235444749,int,8,1.0,0.1940754503011703,341,0.2,E7_trainfrac
97,19,addition,cleaned_up,12000,1.0,0.1944739669561386,53.33193235444749,int,10,1.0,0.1944739669561386,341,0.2,E7_trainfrac
97,19,addition,cleaned_up,12000,1.0,0.1944739669561386,53.33193235444749,int,12,1.0,0.1948724687099456,341,0.2,E7_trainfrac
97,19,addition,cleaned_up,12000,1.0,0.1944739669561386,53.33193235444749,int,16,1.0,0.1944739669561386,341,0.2,E7_trainfrac
97,19,addition,cleaned_up,12000,1.0,0.1944739669561386,53.33193235444749,int,23,1.0,0.1944739669561386,341,0.2,E7_trainfrac
97,0,addition,pre_grok,200,1.0,0.2678002119064331,45.146282022473656,int,2,0.0605953224003315,0.0214057993143796,341,0.3,E7_trainfrac
97,0,addition,pre_grok,200,1.0,0.2678002119064331,45.146282022473656,int,3,0.4496810734272003,0.1121906787157058,341,0.3,E7_trainfrac
97,0,addition,pre_grok,200,1.0,0.2678002119064331,45.146282022473656,int,4,0.8603826761245728,0.2167906463146209,341,0.3,E7_trainfrac
97,0,addition,pre_grok,200,1.0,0.2678002119064331,45.146282022473656,int,5,0.9829908013343812,0.2547442018985748,341,0.3,E7_trainfrac
97,0,addition,pre_grok,200,1.0,0.2678002119064331,45.146282022473656,int,6,1.0,0.2624867260456085,341,0.3,E7_trainfrac
97,0,addition,pre_grok,200,1.0,0.2678002119064331,45.146282022473656,int,8,1.0,0.2668893337249756,341,0.3,E7_trainfrac
97,0,addition,pre_grok,200,1.0,0.2678002119064331,45.146282022473656,int,10,1.0,0.2678002119064331,341,0.3,E7_trainfrac
97,0,addition,pre_grok,200,1.0,0.2678002119064331,45.146282022473656,int,12,1.0,0.267952024936676,341,0.3,E7_trainfrac
97,0,addition,pre_grok,200,1.0,0.2678002119064331,45.146282022473656,int,16,1.0,0.2678002119064331,341,0.3,E7_trainfrac
97,0,addition,pre_grok,200,1.0,0.2678002119064331,45.146282022473656,int,23,1.0,0.2678002119064331,341,0.3,E7_trainfrac
97,0,addition,just_grokked,10650,1.0,0.9092151522636414,30.04689562276608,int,2,0.0088589647784829,0.0097161075100302,341,0.3,E7_trainfrac
97,0,addition,just_grokked,10650,1.0,0.9092151522636414,30.04689562276608,int,3,0.284195601940155,0.2392591536045074,341,0.3,E7_trainfrac
97,0,addition,just_grokked,10650,1.0,0.9092151522636414,30.04689562276608,int,4,0.8982990384101868,0.759222686290741,341,0.3,E7_trainfrac
97,0,addition,just_grokked,10650,1.0,0.9092151522636414,30.04689562276608,int,5,0.9982281923294068,0.8861393928527832,341,0.3,E7_trainfrac
97,0,addition,just_grokked,10650,1.0,0.9092151522636414,30.04689562276608,int,6,1.0,0.9061788320541382,341,0.3,E7_trainfrac
97,0,addition,just_grokked,10650,1.0,0.9092151522636414,30.04689562276608,int,8,1.0,0.90967059135437,341,0.3,E7_trainfrac
97,0,addition,just_grokked,10650,1.0,0.9092151522636414,30.04689562276608,int,10,1.0,0.9095187783241272,341,0.3,E7_trainfrac
97,0,addition,just_grokked,10650,1.0,0.9092151522636414,30.04689562276608,int,12,1.0,0.9095187783241272,341,0.3,E7_trainfrac
97,0,addition,just_grokked,10650,1.0,0.9092151522636414,30.04689562276608,int,16,1.0,0.9092151522636414,341,0.3,E7_trainfrac
97,0,addition,just_grokked,10650,1.0,0.9092151522636414,30.04689562276608,int,23,1.0,0.9092151522636414,341,0.3,E7_trainfrac
97,0,addition,post_grok_500,11150,1.0,0.9670563340187072,29.600300250270408,int,2,0.0070871720090508,0.0098679214715957,341,0.3,E7_trainfrac
97,0,addition,post_grok_500,11150,1.0,0.9670563340187072,29.600300250270408,int,3,0.1098511666059494,0.115226961672306,341,0.3,E7_trainfrac
97,0,addition,post_grok_500,11150,1.0,0.9670563340187072,29.600300250270408,int,4,0.8160878419876099,0.7601336240768433,341,0.3,E7_trainfrac
97,0,addition,post_grok_500,11150,1.0,0.9670563340187072,29.600300250270408,int,5,0.9964563846588136,0.95157128572464,341,0.3,E7_trainfrac
97,0,addition,post_grok_500,11150,1.0,0.9670563340187072,29.600300250270408,int,6,1.0,0.9632609486579896,341,0.3,E7_trainfrac
97,0,addition,post_grok_500,11150,1.0,0.9670563340187072,29.600300250270408,int,8,1.0,0.965841829776764,341,0.3,E7_trainfrac
97,0,addition,post_grok_500,11150,1.0,0.9670563340187072,29.600300250270408,int,10,1.0,0.9669045209884644,341,0.3,E7_trainfrac
97,0,addition,post_grok_500,11150,1.0,0.9670563340187072,29.600300250270408,int,12,1.0,0.9670563340187072,341,0.3,E7_trainfrac
97,0,addition,post_grok_500,11150,1.0,0.9670563340187072,29.600300250270408,int,16,1.0,0.9670563340187072,341,0.3,E7_trainfrac
97,0,addition,post_grok_500,11150,1.0,0.9670563340187072,29.600300250270408,int,23,1.0,0.9670563340187072,341,0.3,E7_trainfrac
97,0,addition,post_grok_1500,12150,1.0,0.9710034728050232,27.001770901884285,int,2,0.0106307584792375,0.0089570367708802,341,0.3,E7_trainfrac
97,0,addition,post_grok_1500,12150,1.0,0.9710034728050232,27.001770901884285,int,3,0.1155209019780159,0.1126461178064346,341,0.3,E7_trainfrac
97,0,addition,post_grok_1500,12150,1.0,0.9710034728050232,27.001770901884285,int,4,0.6654854416847229,0.6383786201477051,341,0.3,E7_trainfrac
97,0,addition,post_grok_1500,12150,1.0,0.9710034728050232,27.001770901884285,int,5,0.9936215281486512,0.956732988357544,341,0.3,E7_trainfrac
97,0,addition,post_grok_1500,12150,1.0,0.9710034728050232,27.001770901884285,int,6,1.0,0.9705480337142944,341,0.3,E7_trainfrac
97,0,addition,post_grok_1500,12150,1.0,0.9710034728050232,27.001770901884285,int,8,1.0,0.971307098865509,341,0.3,E7_trainfrac
97,0,addition,post_grok_1500,12150,1.0,0.9710034728050232,27.001770901884285,int,10,1.0,0.9710034728050232,341,0.3,E7_trainfrac
97,0,addition,post_grok_1500,12150,1.0,0.9710034728050232,27.001770901884285,int,12,1.0,0.9710034728050232,341,0.3,E7_trainfrac
97,0,addition,post_grok_1500,12150,1.0,0.9710034728050232,27.001770901884285,int,16,1.0,0.9710034728050232,341,0.3,E7_trainfrac
97,0,addition,post_grok_1500,12150,1.0,0.9710034728050232,27.001770901884285,int,23,1.0,0.9710034728050232,341,0.3,E7_trainfrac
97,0,addition,post_grok_4000,14650,1.0,0.9744952321052552,28.018112825308787,int,2,0.0067328135482966,0.0078943371772766,341,0.3,E7_trainfrac
97,0,addition,post_grok_4000,14650,1.0,0.9744952321052552,28.018112825308787,int,3,0.00850460678339,0.0092606646940112,341,0.3,E7_trainfrac
97,0,addition,post_grok_4000,14650,1.0,0.9744952321052552,28.018112825308787,int,4,0.3093550503253937,0.3086382150650024,341,0.3,E7_trainfrac
97,0,addition,post_grok_4000,14650,1.0,0.9744952321052552,28.018112825308787,int,5,0.9241672158241272,0.8917564749717712,341,0.3,E7_trainfrac
97,0,addition,post_grok_4000,14650,1.0,0.9744952321052552,28.018112825308787,int,6,0.998936891555786,0.9732807278633118,341,0.3,E7_trainfrac
97,0,addition,post_grok_4000,14650,1.0,0.9744952321052552,28.018112825308787,int,8,1.0,0.9741916060447692,341,0.3,E7_trainfrac
97,0,addition,post_grok_4000,14650,1.0,0.9744952321052552,28.018112825308787,int,10,1.0,0.9744952321052552,341,0.3,E7_trainfrac
97,0,addition,post_grok_4000,14650,1.0,0.9744952321052552,28.018112825308787,int,12,1.0,0.9744952321052552,341,0.3,E7_trainfrac
97,0,addition,post_grok_4000,14650,1.0,0.9744952321052552,28.018112825308787,int,16,1.0,0.9744952321052552,341,0.3,E7_trainfrac
97,0,addition,post_grok_4000,14650,1.0,0.9744952321052552,28.018112825308787,int,23,1.0,0.9744952321052552,341,0.3,E7_trainfrac
97,0,addition,cleaned_up,30000,1.0,0.9703962206840516,30.424742222150783,int,2,0.0159461367875337,0.0124487625434994,341,0.3,E7_trainfrac
97,0,addition,cleaned_up,30000,1.0,0.9703962206840516,30.424742222150783,int,3,0.006024096161127,0.0051616821438074,341,0.3,E7_trainfrac
97,0,addition,cleaned_up,30000,1.0,0.9703962206840516,30.424742222150783,int,4,0.0095676826313138,0.0086534079164266,341,0.3,E7_trainfrac
97,0,addition,cleaned_up,30000,1.0,0.9703962206840516,30.424742222150783,int,5,0.5531538128852844,0.5072111487388611,341,0.3,E7_trainfrac
97,0,addition,cleaned_up,30000,1.0,0.9703962206840516,30.424742222150783,int,6,0.9581856727600098,0.9020798802375792,341,0.3,E7_trainfrac
97,0,addition,cleaned_up,30000,1.0,0.9703962206840516,30.424742222150783,int,8,1.0,0.9706998467445374,341,0.3,E7_trainfrac
97,0,addition,cleaned_up,30000,1.0,0.9703962206840516,30.424742222150783,int,10,1.0,0.9705480337142944,341,0.3,E7_trainfrac
97,0,addition,cleaned_up,30000,1.0,0.9703962206840516,30.424742222150783,int,12,1.0,0.9703962206840516,341,0.3,E7_trainfrac
97,0,addition,cleaned_up,30000,1.0,0.9703962206840516,30.424742222150783,int,16,1.0,0.9703962206840516,341,0.3,E7_trainfrac
97,0,addition,cleaned_up,30000,1.0,0.9703962206840516,30.424742222150783,int,23,1.0,0.9703962206840516,341,0.3,E7_trainfrac
97,1,addition,pre_grok,200,1.0,0.2790344655513763,44.73239662733666,int,2,0.0584691688418388,0.0253529679030179,341,0.3,E7_trainfrac
97,1,addition,pre_grok,200,1.0,0.2790344655513763,44.73239662733666,int,3,0.3997164964675903,0.1156824082136154,341,0.3,E7_trainfrac
97,1,addition,pre_grok,200,1.0,0.2790344655513763,44.73239662733666,int,4,0.8727852702140808,0.2265067547559738,341,0.3,E7_trainfrac
97,1,addition,pre_grok,200,1.0,0.2790344655513763,44.73239662733666,int,5,0.9858256578445436,0.2688629031181335,341,0.3,E7_trainfrac
97,1,addition,pre_grok,200,1.0,0.2790344655513763,44.73239662733666,int,6,0.9992912411689758,0.2767572402954101,341,0.3,E7_trainfrac
97,1,addition,pre_grok,200,1.0,0.2790344655513763,44.73239662733666,int,8,1.0,0.2787308394908905,341,0.3,E7_trainfrac
97,1,addition,pre_grok,200,1.0,0.2790344655513763,44.73239662733666,int,10,1.0,0.2785790264606476,341,0.3,E7_trainfrac
97,1,addition,pre_grok,200,1.0,0.2790344655513763,44.73239662733666,int,12,1.0,0.2790344655513763,341,0.3,E7_trainfrac
97,1,addition,pre_grok,200,1.0,0.2790344655513763,44.73239662733666,int,16,1.0,0.2790344655513763,341,0.3,E7_trainfrac
97,1,addition,pre_grok,200,1.0,0.2790344655513763,44.73239662733666,int,23,1.0,0.2790344655513763,341,0.3,E7_trainfrac
97,1,addition,just_grokked,10650,1.0,0.9040534496307372,34.96554011389922,int,2,0.0095676826313138,0.0080461511388421,341,0.3,E7_trainfrac
97,1,addition,just_grokked,10650,1.0,0.9040534496307372,34.96554011389922,int,3,0.0751240253448486,0.0634583234786987,341,0.3,E7_trainfrac
97,1,addition,just_grokked,10650,1.0,0.9040534496307372,34.96554011389922,int,4,0.4691708087921142,0.382116287946701,341,0.3,E7_trainfrac
97,1,addition,just_grokked,10650,1.0,0.9040534496307372,34.96554011389922,int,5,0.9596031308174132,0.8050705790519714,341,0.3,E7_trainfrac
97,1,addition,just_grokked,10650,1.0,0.9040534496307372,34.96554011389922,int,6,1.0,0.8943373560905457,341,0.3,E7_trainfrac
97,1,addition,just_grokked,10650,1.0,0.9040534496307372,34.96554011389922,int,8,1.0,0.902535319328308,341,0.3,E7_trainfrac
97,1,addition,just_grokked,10650,1.0,0.9040534496307372,34.96554011389922,int,10,1.0,0.9034461975097656,341,0.3,E7_trainfrac
97,1,addition,just_grokked,10650,1.0,0.9040534496307372,34.96554011389922,int,12,1.0,0.9035980105400084,341,0.3,E7_trainfrac
97,1,addition,just_grokked,10650,1.0,0.9040534496307372,34.96554011389922,int,16,1.0,0.9040534496307372,341,0.3,E7_trainfrac
97,1,addition,just_grokked,10650,1.0,0.9040534496307372,34.96554011389922,int,23,1.0,0.9040534496307372,341,0.3,E7_trainfrac
97,1,addition,post_grok_500,11150,1.0,0.9710034728050232,31.053352540311064,int,2,0.0095676826313138,0.0100197354331612,341,0.3,E7_trainfrac
97,1,addition,post_grok_500,11150,1.0,0.9710034728050232,31.053352540311064,int,3,0.0719347968697547,0.0614847429096698,341,0.3,E7_trainfrac
97,1,addition,post_grok_500,11150,1.0,0.9710034728050232,31.053352540311064,int,4,0.1693834066390991,0.1553059071302414,341,0.3,E7_trainfrac
97,1,addition,post_grok_500,11150,1.0,0.9710034728050232,31.053352540311064,int,5,0.9457831382751464,0.8891756534576416,341,0.3,E7_trainfrac
97,1,addition,post_grok_500,11150,1.0,0.9710034728050232,31.053352540311064,int,6,1.0,0.9681190252304076,341,0.3,E7_trainfrac
97,1,addition,post_grok_500,11150,1.0,0.9710034728050232,31.053352540311064,int,8,1.0,0.9710034728050232,341,0.3,E7_trainfrac
97,1,addition,post_grok_500,11150,1.0,0.9710034728050232,31.053352540311064,int,10,1.0,0.9710034728050232,341,0.3,E7_trainfrac
97,1,addition,post_grok_500,11150,1.0,0.9710034728050232,31.053352540311064,int,12,1.0,0.9710034728050232,341,0.3,E7_trainfrac
97,1,addition,post_grok_500,11150,1.0,0.9710034728050232,31.053352540311064,int,16,1.0,0.9710034728050232,341,0.3,E7_trainfrac
97,1,addition,post_grok_500,11150,1.0,0.9710034728050232,31.053352540311064,int,23,1.0,0.9710034728050232,341,0.3,E7_trainfrac
97,1,addition,post_grok_1500,12150,1.0,0.9793532490730286,29.332857322262385,int,2,0.0109851164743304,0.0121451346203684,341,0.3,E7_trainfrac
97,1,addition,post_grok_1500,12150,1.0,0.9793532490730286,29.332857322262385,int,3,0.0219702329486608,0.0176104456186294,341,0.3,E7_trainfrac
97,1,addition,post_grok_1500,12150,1.0,0.9793532490730286,29.332857322262385,int,4,0.2746279239654541,0.2480643689632415,341,0.3,E7_trainfrac
97,1,addition,post_grok_1500,12150,1.0,0.9793532490730286,29.332857322262385,int,5,0.8897944688796997,0.841657817363739,341,0.3,E7_trainfrac
97,1,addition,post_grok_1500,12150,1.0,0.9793532490730286,29.332857322262385,int,6,0.9996456503868104,0.976620614528656,341,0.3,E7_trainfrac
97,1,addition,post_grok_1500,12150,1.0,0.9793532490730286,29.332857322262385,int,8,1.0,0.9792014360427856,341,0.3,E7_trainfrac
97,1,addition,post_grok_1500,12150,1.0,0.9793532490730286,29.332857322262385,int,10,1.0,0.9793532490730286,341,0.3,E7_trainfrac
97,1,addition,post_grok_1500,12150,1.0,0.9793532490730286,29.332857322262385,int,12,1.0,0.9793532490730286,341,0.3,E7_trainfrac
97,1,addition,post_grok_1500,12150,1.0,0.9793532490730286,29.332857322262385,int,16,1.0,0.9793532490730286,341,0.3,E7_trainfrac
97,1,addition,post_grok_1500,12150,1.0,0.9793532490730286,29.332857322262385,int,23,1.0,0.9793532490730286,341,0.3,E7_trainfrac
97,1,addition,post_grok_4000,14650,1.0,0.9839076995849608,31.53441386800247,int,2,0.0074415309354662,0.0083497799932956,341,0.3,E7_trainfrac
97,1,addition,post_grok_4000,14650,1.0,0.9839076995849608,31.53441386800247,int,3,0.0116938343271613,0.0129042053595185,341,0.3,E7_trainfrac
97,1,addition,post_grok_4000,14650,1.0,0.9839076995849608,31.53441386800247,int,4,0.5049610137939453,0.4742675125598907,341,0.3,E7_trainfrac
97,1,addition,post_grok_4000,14650,1.0,0.9839076995849608,31.53441386800247,int,5,0.998936891555786,0.9763169884681702,341,0.3,E7_trainfrac
97,1,addition,post_grok_4000,14650,1.0,0.9839076995849608,31.53441386800247,int,6,1.0,0.9842113256454468,341,0.3,E7_trainfrac
97,1,addition,post_grok_4000,14650,1.0,0.9839076995849608,31.53441386800247,int,8,1.0,0.9842113256454468,341,0.3,E7_trainfrac
97,1,addition,post_grok_4000,14650,1.0,0.9839076995849608,31.53441386800247,int,10,1.0,0.9839076995849608,341,0.3,E7_trainfrac
97,1,addition,post_grok_4000,14650,1.0,0.9839076995849608,31.53441386800247,int,12,1.0,0.9839076995849608,341,0.3,E7_trainfrac
97,1,addition,post_grok_4000,14650,1.0,0.9839076995849608,31.53441386800247,int,16,1.0,0.9839076995849608,341,0.3,E7_trainfrac
97,1,addition,post_grok_4000,14650,1.0,0.9839076995849608,31.53441386800247,int,23,1.0,0.9839076995849608,341,0.3,E7_trainfrac
97,1,addition,cleaned_up,30000,1.0,0.9842113256454468,40.19559194543679,int,2,0.0056697377003729,0.0066798240877687,341,0.3,E7_trainfrac
97,1,addition,cleaned_up,30000,1.0,0.9842113256454468,40.19559194543679,int,3,0.0024805101566016,0.0016699560219421,341,0.3,E7_trainfrac
97,1,addition,cleaned_up,30000,1.0,0.9842113256454468,40.19559194543679,int,4,0.0623671151697635,0.0582966431975364,341,0.3,E7_trainfrac
97,1,addition,cleaned_up,30000,1.0,0.9842113256454468,40.19559194543679,int,5,0.7434443831443787,0.7170183658599854,341,0.3,E7_trainfrac
97,1,addition,cleaned_up,30000,1.0,0.9842113256454468,40.19559194543679,int,6,1.0,0.9814786911010742,341,0.3,E7_trainfrac
97,1,addition,cleaned_up,30000,1.0,0.9842113256454468,40.19559194543679,int,8,1.0,0.9839076995849608,341,0.3,E7_trainfrac
97,1,addition,cleaned_up,30000,1.0,0.9842113256454468,40.19559194543679,int,10,1.0,0.984059512615204,341,0.3,E7_trainfrac
97,1,addition,cleaned_up,30000,1.0,0.9842113256454468,40.19559194543679,int,12,1.0,0.9842113256454468,341,0.3,E7_trainfrac
97,1,addition,cleaned_up,30000,1.0,0.9842113256454468,40.19559194543679,int,16,1.0,0.9842113256454468,341,0.3,E7_trainfrac
97,1,addition,cleaned_up,30000,1.0,0.9842113256454468,40.19559194543679,int,23,1.0,0.9842113256454468,341,0.3,E7_trainfrac
97,2,addition,pre_grok,200,1.0,0.258843183517456,45.378400275874014,int,2,0.0584691688418388,0.0166995599865913,341,0.3,E7_trainfrac
97,2,addition,pre_grok,200,1.0,0.258843183517456,45.378400275874014,int,3,0.4610205590724945,0.1103689074516296,341,0.3,E7_trainfrac
97,2,addition,pre_grok,200,1.0,0.258843183517456,45.378400275874014,int,4,0.8582565188407898,0.2181569784879684,341,0.3,E7_trainfrac
97,2,addition,pre_grok,200,1.0,0.258843183517456,45.378400275874014,int,5,0.988306164741516,0.2433581352233886,341,0.3,E7_trainfrac
97,2,addition,pre_grok,200,1.0,0.258843183517456,45.378400275874014,int,6,1.0,0.2570213973522186,341,0.3,E7_trainfrac
97,2,addition,pre_grok,200,1.0,0.258843183517456,45.378400275874014,int,8,1.0,0.2576286494731903,341,0.3,E7_trainfrac
97,2,addition,pre_grok,200,1.0,0.258843183517456,45.378400275874014,int,10,1.0,0.258843183517456,341,0.3,E7_trainfrac
97,2,addition,pre_grok,200,1.0,0.258843183517456,45.378400275874014,int,12,1.0,0.258994996547699,341,0.3,E7_trainfrac
97,2,addition,pre_grok,200,1.0,0.258843183517456,45.378400275874014,int,16,1.0,0.258843183517456,341,0.3,E7_trainfrac
97,2,addition,pre_grok,200,1.0,0.258843183517456,45.378400275874014,int,23,1.0,0.258843183517456,341,0.3,E7_trainfrac
97,2,addition,cleaned_up,12000,1.0,0.2942158877849579,42.359475653854886,int,2,0.0173635724931955,0.0107788071036338,341,0.3,E7_trainfrac
97,2,addition,cleaned_up,12000,1.0,0.2942158877849579,42.359475653854886,int,3,0.2583274245262146,0.0795506313443183,341,0.3,E7_trainfrac
97,2,addition,cleaned_up,12000,1.0,0.2942158877849579,42.359475653854886,int,4,0.8603826761245728,0.2503415942192077,341,0.3,E7_trainfrac
97,2,addition,cleaned_up,12000,1.0,0.2942158877849579,42.359475653854886,int,5,0.9982281923294068,0.2925459146499634,341,0.3,E7_trainfrac
97,2,addition,cleaned_up,12000,1.0,0.2942158877849579,42.359475653854886,int,6,1.0,0.2934568226337433,341,0.3,E7_trainfrac
97,2,addition,cleaned_up,12000,1.0,0.2942158877849579,42.359475653854886,int,8,1.0,0.2946713268756866,341,0.3,E7_trainfrac
97,2,addition,cleaned_up,12000,1.0,0.2942158877849579,42.359475653854886,int,10,1.0,0.2943677008152008,341,0.3,E7_trainfrac
97,2,addition,cleaned_up,12000,1.0,0.2942158877849579,42.359475653854886,int,12,1.0,0.2943677008152008,341,0.3,E7_trainfrac
97,2,addition,cleaned_up,12000,1.0,0.2942158877849579,42.359475653854886,int,16,1.0,0.2942158877849579,341,0.3,E7_trainfrac
97,2,addition,cleaned_up,12000,1.0,0.2942158877849579,42.359475653854886,int,23,1.0,0.2942158877849579,341,0.3,E7_trainfrac
97,3,addition,pre_grok,200,1.0,0.2753909230232239,44.72727981192077,int,2,0.0613040402531623,0.0212539844214916,341,0.3,E7_trainfrac
97,3,addition,pre_grok,200,1.0,0.2753909230232239,44.72727981192077,int,3,0.4964564144611358,0.1301047503948211,341,0.3,E7_trainfrac
97,3,addition,pre_grok,200,1.0,0.2753909230232239,44.72727981192077,int,4,0.8965272903442383,0.2340974658727646,341,0.3,E7_trainfrac
97,3,addition,pre_grok,200,1.0,0.2753909230232239,44.72727981192077,int,5,0.994684636592865,0.2673447728157043,341,0.3,E7_trainfrac
97,3,addition,pre_grok,200,1.0,0.2753909230232239,44.72727981192077,int,6,1.0,0.2735691666603088,341,0.3,E7_trainfrac
97,3,addition,pre_grok,200,1.0,0.2753909230232239,44.72727981192077,int,8,1.0,0.2752391099929809,341,0.3,E7_trainfrac
97,3,addition,pre_grok,200,1.0,0.2753909230232239,44.72727981192077,int,10,1.0,0.2755427360534668,341,0.3,E7_trainfrac
97,3,addition,pre_grok,200,1.0,0.2753909230232239,44.72727981192077,int,12,1.0,0.2755427360534668,341,0.3,E7_trainfrac
97,3,addition,pre_grok,200,1.0,0.2753909230232239,44.72727981192077,int,16,1.0,0.2753909230232239,341,0.3,E7_trainfrac
97,3,addition,pre_grok,200,1.0,0.2753909230232239,44.72727981192077,int,23,1.0,0.2753909230232239,341,0.3,E7_trainfrac
97,3,addition,cleaned_up,12000,1.0,0.3438591063022613,37.6496027924253,int,2,0.0120481923222541,0.0110824350267648,341,0.3,E7_trainfrac
97,3,addition,cleaned_up,12000,1.0,0.3438591063022613,37.6496027924253,int,3,0.2870304584503174,0.1111279800534248,341,0.3,E7_trainfrac
97,3,addition,cleaned_up,12000,1.0,0.3438591063022613,37.6496027924253,int,4,0.8217576146125793,0.2820707559585571,341,0.3,E7_trainfrac
97,3,addition,cleaned_up,12000,1.0,0.3438591063022613,37.6496027924253,int,5,0.9950389862060548,0.3438591063022613,341,0.3,E7_trainfrac
97,3,addition,cleaned_up,12000,1.0,0.3438591063022613,37.6496027924253,int,6,1.0,0.3444663882255554,341,0.3,E7_trainfrac
97,3,addition,cleaned_up,12000,1.0,0.3438591063022613,37.6496027924253,int,8,1.0,0.3444663882255554,341,0.3,E7_trainfrac
97,3,addition,cleaned_up,12000,1.0,0.3438591063022613,37.6496027924253,int,10,1.0,0.3432518541812897,341,0.3,E7_trainfrac
97,3,addition,cleaned_up,12000,1.0,0.3438591063022613,37.6496027924253,int,12,1.0,0.3438591063022613,341,0.3,E7_trainfrac
97,3,addition,cleaned_up,12000,1.0,0.3438591063022613,37.6496027924253,int,16,1.0,0.3438591063022613,341,0.3,E7_trainfrac
97,3,addition,cleaned_up,12000,1.0,0.3438591063022613,37.6496027924253,int,23,1.0,0.3438591063022613,341,0.3,E7_trainfrac
97,4,addition,just_grokked,10100,1.0,0.9032943844795228,31.53679604426953,int,2,0.0081502478569746,0.0115378778427839,341,0.3,E7_trainfrac
97,4,addition,just_grokked,10100,1.0,0.9032943844795228,31.53679604426953,int,3,0.0336640663444995,0.0311219077557325,341,0.3,E7_trainfrac
97,4,addition,just_grokked,10100,1.0,0.9032943844795228,31.53679604426953,int,4,0.5513820052146912,0.4574161171913147,341,0.3,E7_trainfrac
97,4,addition,just_grokked,10100,1.0,0.9032943844795228,31.53679604426953,int,5,0.9840538501739502,0.8660998940467834,341,0.3,E7_trainfrac
97,4,addition,just_grokked,10100,1.0,0.9032943844795228,31.53679604426953,int,6,1.0,0.8981326818466187,341,0.3,E7_trainfrac
97,4,addition,just_grokked,10100,1.0,0.9032943844795228,31.53679604426953,int,8,1.0,0.9040534496307372,341,0.3,E7_trainfrac
97,4,addition,just_grokked,10100,1.0,0.9032943844795228,31.53679604426953,int,10,1.0,0.9037498235702516,341,0.3,E7_trainfrac
97,4,addition,just_grokked,10100,1.0,0.9032943844795228,31.53679604426953,int,12,1.0,0.9035980105400084,341,0.3,E7_trainfrac
97,4,addition,just_grokked,10100,1.0,0.9032943844795228,31.53679604426953,int,16,1.0,0.9032943844795228,341,0.3,E7_trainfrac
97,4,addition,just_grokked,10100,1.0,0.9032943844795228,31.53679604426953,int,23,1.0,0.9032943844795228,341,0.3,E7_trainfrac
97,4,addition,post_grok_500,10600,1.0,0.9593138098716736,31.16954602406267,int,2,0.0081502478569746,0.0112342489883303,341,0.3,E7_trainfrac
97,4,addition,post_grok_500,10600,1.0,0.9593138098716736,31.16954602406267,int,3,0.0450035445392131,0.0415970869362354,341,0.3,E7_trainfrac
97,4,addition,post_grok_500,10600,1.0,0.9593138098716736,31.16954602406267,int,4,0.3352232277393341,0.3110672533512115,341,0.3,E7_trainfrac
97,4,addition,post_grok_500,10600,1.0,0.9593138098716736,31.16954602406267,int,5,0.9627923369407654,0.9014726281166076,341,0.3,E7_trainfrac
97,4,addition,post_grok_500,10600,1.0,0.9593138098716736,31.16954602406267,int,6,1.0,0.9540002942085266,341,0.3,E7_trainfrac
97,4,addition,post_grok_500,10600,1.0,0.9593138098716736,31.16954602406267,int,8,1.0,0.9576438665390016,341,0.3,E7_trainfrac
97,4,addition,post_grok_500,10600,1.0,0.9593138098716736,31.16954602406267,int,10,1.0,0.9588583707809448,341,0.3,E7_trainfrac
97,4,addition,post_grok_500,10600,1.0,0.9593138098716736,31.16954602406267,int,12,1.0,0.9594656229019164,341,0.3,E7_trainfrac
97,4,addition,post_grok_500,10600,1.0,0.9593138098716736,31.16954602406267,int,16,1.0,0.9593138098716736,341,0.3,E7_trainfrac
97,4,addition,post_grok_500,10600,1.0,0.9593138098716736,31.16954602406267,int,23,1.0,0.9593138098716736,341,0.3,E7_trainfrac
97,4,addition,post_grok_1500,11600,1.0,0.9799605011940002,28.40838539482069,int,2,0.0106307584792375,0.0103233642876148,341,0.3,E7_trainfrac
97,4,addition,post_grok_1500,11600,1.0,0.9799605011940002,28.40838539482069,int,3,0.0191353652626276,0.0180658865720033,341,0.3,E7_trainfrac
97,4,addition,post_grok_1500,11600,1.0,0.9799605011940002,28.40838539482069,int,4,0.4340893030166626,0.4018521308898926,341,0.3,E7_trainfrac
97,4,addition,post_grok_1500,11600,1.0,0.9799605011940002,28.40838539482069,int,5,0.9943302273750304,0.9643236994743348,341,0.3,E7_trainfrac
97,4,addition,post_grok_1500,11600,1.0,0.9799605011940002,28.40838539482069,int,6,1.0,0.9778351187705994,341,0.3,E7_trainfrac
97,4,addition,post_grok_1500,11600,1.0,0.9799605011940002,28.40838539482069,int,8,1.0,0.9787459969520568,341,0.3,E7_trainfrac
97,4,addition,post_grok_1500,11600,1.0,0.9799605011940002,28.40838539482069,int,10,1.0,0.9799605011940002,341,0.3,E7_trainfrac
97,4,addition,post_grok_1500,11600,1.0,0.9799605011940002,28.40838539482069,int,12,1.0,0.9799605011940002,341,0.3,E7_trainfrac
97,4,addition,post_grok_1500,11600,1.0,0.9799605011940002,28.40838539482069,int,16,1.0,0.9799605011940002,341,0.3,E7_trainfrac
97,4,addition,post_grok_1500,11600,1.0,0.9799605011940002,28.40838539482069,int,23,1.0,0.9799605011940002,341,0.3,E7_trainfrac
97,4,addition,post_grok_4000,14100,1.0,0.978290557861328,32.67470576585072,int,2,0.0070871720090508,0.0107788071036338,341,0.3,E7_trainfrac
97,4,addition,post_grok_4000,14100,1.0,0.978290557861328,32.67470576585072,int,3,0.0403968803584575,0.0361317731440067,341,0.3,E7_trainfrac
97,4,addition,post_grok_4000,14100,1.0,0.978290557861328,32.67470576585072,int,4,0.51063072681427,0.4850462973117828,341,0.3,E7_trainfrac
97,4,addition,post_grok_4000,14100,1.0,0.978290557861328,32.67470576585072,int,5,0.9879518151283264,0.9632609486579896,341,0.3,E7_trainfrac
97,4,addition,post_grok_4000,14100,1.0,0.978290557861328,32.67470576585072,int,6,1.0,0.9767724275588988,341,0.3,E7_trainfrac
97,4,addition,post_grok_4000,14100,1.0,0.978290557861328,32.67470576585072,int,8,1.0,0.9775314927101136,341,0.3,E7_trainfrac
97,4,addition,post_grok_4000,14100,1.0,0.978290557861328,32.67470576585072,int,10,1.0,0.978290557861328,341,0.3,E7_trainfrac
97,4,addition,post_grok_4000,14100,1.0,0.978290557861328,32.67470576585072,int,12,1.0,0.978290557861328,341,0.3,E7_trainfrac
97,4,addition,post_grok_4000,14100,1.0,0.978290557861328,32.67470576585072,int,16,1.0,0.978290557861328,341,0.3,E7_trainfrac
97,4,addition,post_grok_4000,14100,1.0,0.978290557861328,32.67470576585072,int,23,1.0,0.978290557861328,341,0.3,E7_trainfrac
97,4,addition,cleaned_up,30000,1.0,0.9758615493774414,37.06080394871828,int,2,0.0095676826313138,0.0074388948269188,341,0.3,E7_trainfrac
97,4,addition,cleaned_up,30000,1.0,0.9758615493774414,37.06080394871828,int,3,0.0088589647784829,0.0115378778427839,341,0.3,E7_trainfrac
97,4,addition,cleaned_up,30000,1.0,0.9758615493774414,37.06080394871828,int,4,0.364635020494461,0.3441627323627472,341,0.3,E7_trainfrac
97,4,addition,cleaned_up,30000,1.0,0.9758615493774414,37.06080394871828,int,5,0.8795180320739746,0.8419614434242249,341,0.3,E7_trainfrac
97,4,addition,cleaned_up,30000,1.0,0.9758615493774414,37.06080394871828,int,6,0.9996456503868104,0.9717625379562378,341,0.3,E7_trainfrac
97,4,addition,cleaned_up,30000,1.0,0.9758615493774414,37.06080394871828,int,8,1.0,0.9761651754379272,341,0.3,E7_trainfrac
97,4,addition,cleaned_up,30000,1.0,0.9758615493774414,37.06080394871828,int,10,1.0,0.9760133624076844,341,0.3,E7_trainfrac
97,4,addition,cleaned_up,30000,1.0,0.9758615493774414,37.06080394871828,int,12,1.0,0.9760133624076844,341,0.3,E7_trainfrac
97,4,addition,cleaned_up,30000,1.0,0.9758615493774414,37.06080394871828,int,16,1.0,0.9758615493774414,341,0.3,E7_trainfrac
97,4,addition,cleaned_up,30000,1.0,0.9758615493774414,37.06080394871828,int,23,1.0,0.9758615493774414,341,0.3,E7_trainfrac
97,5,addition,pre_grok,200,1.0,0.2503415942192077,45.14631914541353,int,2,0.0708717182278633,0.0245938971638679,341,0.3,E7_trainfrac
97,5,addition,pre_grok,200,1.0,0.2503415942192077,45.14631914541353,int,3,0.4897235929965973,0.1209959015250206,341,0.3,E7_trainfrac
97,5,addition,pre_grok,200,1.0,0.2503415942192077,45.14631914541353,int,4,0.8412473201751709,0.1923485696315765,341,0.3,E7_trainfrac
97,5,addition,pre_grok,200,1.0,0.2503415942192077,45.14631914541353,int,5,0.9868887066841124,0.2406254708766937,341,0.3,E7_trainfrac
97,5,addition,pre_grok,200,1.0,0.2503415942192077,45.14631914541353,int,6,0.9996456503868104,0.2463944107294082,341,0.3,E7_trainfrac
97,5,addition,pre_grok,200,1.0,0.2503415942192077,45.14631914541353,int,8,1.0,0.2498861402273178,341,0.3,E7_trainfrac
97,5,addition,pre_grok,200,1.0,0.2503415942192077,45.14631914541353,int,10,1.0,0.2498861402273178,341,0.3,E7_trainfrac
97,5,addition,pre_grok,200,1.0,0.2503415942192077,45.14631914541353,int,12,1.0,0.2501897811889648,341,0.3,E7_trainfrac
97,5,addition,pre_grok,200,1.0,0.2503415942192077,45.14631914541353,int,16,1.0,0.2503415942192077,341,0.3,E7_trainfrac
97,5,addition,pre_grok,200,1.0,0.2503415942192077,45.14631914541353,int,23,1.0,0.2503415942192077,341,0.3,E7_trainfrac
97,5,addition,cleaned_up,12000,1.0,0.3702747821807861,38.111286389104144,int,2,0.0187810063362121,0.0100197354331612,341,0.3,E7_trainfrac
97,5,addition,cleaned_up,12000,1.0,0.3702747821807861,38.111286389104144,int,3,0.4007795751094818,0.1621375381946563,341,0.3,E7_trainfrac
97,5,addition,cleaned_up,12000,1.0,0.3702747821807861,38.111286389104144,int,4,0.8632175922393799,0.3133444786071777,341,0.3,E7_trainfrac
97,5,addition,cleaned_up,12000,1.0,0.3702747821807861,38.111286389104144,int,5,0.9971651434898376,0.3717929124832153,341,0.3,E7_trainfrac
97,5,addition,cleaned_up,12000,1.0,0.3702747821807861,38.111286389104144,int,6,1.0,0.3717929124832153,341,0.3,E7_trainfrac
97,5,addition,cleaned_up,12000,1.0,0.3702747821807861,38.111286389104144,int,8,1.0,0.3713374733924866,341,0.3,E7_trainfrac
97,5,addition,cleaned_up,12000,1.0,0.3702747821807861,38.111286389104144,int,10,1.0,0.370426595211029,341,0.3,E7_trainfrac
97,5,addition,cleaned_up,12000,1.0,0.3702747821807861,38.111286389104144,int,12,1.0,0.370426595211029,341,0.3,E7_trainfrac
97,5,addition,cleaned_up,12000,1.0,0.3702747821807861,38.111286389104144,int,16,1.0,0.3702747821807861,341,0.3,E7_trainfrac
97,5,addition,cleaned_up,12000,1.0,0.3702747821807861,38.111286389104144,int,23,1.0,0.3702747821807861,341,0.3,E7_trainfrac
97,6,addition,just_grokked,5850,1.0,0.9014726281166076,33.07995305620758,int,2,0.0109851164743304,0.0071352664381265,341,0.3,E7_trainfrac
97,6,addition,just_grokked,5850,1.0,0.9014726281166076,33.07995305620758,int,3,0.100992202758789,0.0879004076123237,341,0.3,E7_trainfrac
97,6,addition,just_grokked,5850,1.0,0.9014726281166076,33.07995305620758,int,4,0.635719358921051,0.5123728513717651,341,0.3,E7_trainfrac
97,6,addition,just_grokked,5850,1.0,0.9014726281166076,33.07995305620758,int,5,0.9851168990135192,0.8456049561500549,341,0.3,E7_trainfrac
97,6,addition,just_grokked,5850,1.0,0.9014726281166076,33.07995305620758,int,6,0.9996456503868104,0.8829512596130371,341,0.3,E7_trainfrac
97,6,addition,just_grokked,5850,1.0,0.9014726281166076,33.07995305620758,int,8,1.0,0.8982844948768616,341,0.3,E7_trainfrac
97,6,addition,just_grokked,5850,1.0,0.9014726281166076,33.07995305620758,int,10,1.0,0.9005616903305054,341,0.3,E7_trainfrac
97,6,addition,just_grokked,5850,1.0,0.9014726281166076,33.07995305620758,int,12,1.0,0.9013208150863647,341,0.3,E7_trainfrac
97,6,addition,just_grokked,5850,1.0,0.9014726281166076,33.07995305620758,int,16,1.0,0.9014726281166076,341,0.3,E7_trainfrac
97,6,addition,just_grokked,5850,1.0,0.9014726281166076,33.07995305620758,int,23,1.0,0.9014726281166076,341,0.3,E7_trainfrac
97,6,addition,post_grok_500,6350,1.0,0.9822377562522888,30.2217982982569,int,2,0.0138199860230088,0.0077425232157111,341,0.3,E7_trainfrac
97,6,addition,post_grok_500,6350,1.0,0.9822377562522888,30.2217982982569,int,3,0.1693834066390991,0.1519659906625747,341,0.3,E7_trainfrac
97,6,addition,post_grok_500,6350,1.0,0.9822377562522888,30.2217982982569,int,4,0.7902196645736694,0.7311370968818665,341,0.3,E7_trainfrac
97,6,addition,post_grok_500,6350,1.0,0.9822377562522888,30.2217982982569,int,5,0.974840521812439,0.9266737699508668,341,0.3,E7_trainfrac
97,6,addition,post_grok_500,6350,1.0,0.9822377562522888,30.2217982982569,int,6,0.998936891555786,0.9775314927101136,341,0.3,E7_trainfrac
97,6,addition,post_grok_500,6350,1.0,0.9822377562522888,30.2217982982569,int,8,1.0,0.9810232520103456,341,0.3,E7_trainfrac
97,6,addition,post_grok_500,6350,1.0,0.9822377562522888,30.2217982982569,int,10,1.0,0.9822377562522888,341,0.3,E7_trainfrac
97,6,addition,post_grok_500,6350,1.0,0.9822377562522888,30.2217982982569,int,12,1.0,0.9822377562522888,341,0.3,E7_trainfrac
97,6,addition,post_grok_500,6350,1.0,0.9822377562522888,30.2217982982569,int,16,1.0,0.9822377562522888,341,0.3,E7_trainfrac
97,6,addition,post_grok_500,6350,1.0,0.9822377562522888,30.2217982982569,int,23,1.0,0.9822377562522888,341,0.3,E7_trainfrac
97,6,addition,post_grok_1500,7350,1.0,0.9940792322158812,29.290935954009555,int,2,0.0063784550875425,0.0109306210651993,341,0.3,E7_trainfrac
97,6,addition,post_grok_1500,7350,1.0,0.9940792322158812,29.290935954009555,int,3,0.1137491092085838,0.0927584618330001,341,0.3,E7_trainfrac
97,6,addition,post_grok_1500,7350,1.0,0.9940792322158812,29.290935954009555,int,4,0.9376328587532043,0.9306209087371826,341,0.3,E7_trainfrac
97,6,addition,post_grok_1500,7350,1.0,0.9940792322158812,29.290935954009555,int,5,0.9982281923294068,0.9901320934295654,341,0.3,E7_trainfrac
97,6,addition,post_grok_1500,7350,1.0,0.9940792322158812,29.290935954009555,int,6,1.0,0.9921056628227234,341,0.3,E7_trainfrac
97,6,addition,post_grok_1500,7350,1.0,0.9940792322158812,29.290935954009555,int,8,1.0,0.9942310452461244,341,0.3,E7_trainfrac
97,6,addition,post_grok_1500,7350,1.0,0.9940792322158812,29.290935954009555,int,10,1.0,0.9940792322158812,341,0.3,E7_trainfrac
97,6,addition,post_grok_1500,7350,1.0,0.9940792322158812,29.290935954009555,int,12,1.0,0.9940792322158812,341,0.3,E7_trainfrac
97,6,addition,post_grok_1500,7350,1.0,0.9940792322158812,29.290935954009555,int,16,1.0,0.9940792322158812,341,0.3,E7_trainfrac
97,6,addition,post_grok_1500,7350,1.0,0.9940792322158812,29.290935954009555,int,23,1.0,0.9940792322158812,341,0.3,E7_trainfrac
97,6,addition,post_grok_4000,9850,1.0,0.9942310452461244,39.6388183921856,int,2,0.0095676826313138,0.0112342489883303,341,0.3,E7_trainfrac
97,6,addition,post_grok_4000,9850,1.0,0.9942310452461244,39.6388183921856,int,3,0.0818568393588066,0.0860786363482475,341,0.3,E7_trainfrac
97,6,addition,post_grok_4000,9850,1.0,0.9942310452461244,39.6388183921856,int,4,0.527285635471344,0.5102474689483643,341,0.3,E7_trainfrac
97,6,addition,post_grok_4000,9850,1.0,0.9942310452461244,39.6388183921856,int,5,0.9975194931030272,0.9869439601898192,341,0.3,E7_trainfrac
97,6,addition,post_grok_4000,9850,1.0,0.9942310452461244,39.6388183921856,int,6,1.0,0.9942310452461244,341,0.3,E7_trainfrac
97,6,addition,post_grok_4000,9850,1.0,0.9942310452461244,39.6388183921856,int,8,1.0,0.9942310452461244,341,0.3,E7_trainfrac
97,6,addition,post_grok_4000,9850,1.0,0.9942310452461244,39.6388183921856,int,10,1.0,0.9942310452461244,341,0.3,E7_trainfrac
97,6,addition,post_grok_4000,9850,1.0,0.9942310452461244,39.6388183921856,int,12,1.0,0.9942310452461244,341,0.3,E7_trainfrac
97,6,addition,post_grok_4000,9850,1.0,0.9942310452461244,39.6388183921856,int,16,1.0,0.9942310452461244,341,0.3,E7_trainfrac
97,6,addition,post_grok_4000,9850,1.0,0.9942310452461244,39.6388183921856,int,23,1.0,0.9942310452461244,341,0.3,E7_trainfrac
97,6,addition,cleaned_up,30000,1.0,0.9933201670646667,33.79375551829391,int,2,0.00850460678339,0.0121451346203684,341,0.3,E7_trainfrac
97,6,addition,cleaned_up,30000,1.0,0.9933201670646667,33.79375551829391,int,3,0.0719347968697547,0.0658873543143272,341,0.3,E7_trainfrac
97,6,addition,cleaned_up,30000,1.0,0.9933201670646667,33.79375551829391,int,4,0.7168674468994141,0.7065432071685791,341,0.3,E7_trainfrac
97,6,addition,cleaned_up,30000,1.0,0.9933201670646667,33.79375551829391,int,5,0.9982281923294068,0.9927129149436952,341,0.3,E7_trainfrac
97,6,addition,cleaned_up,30000,1.0,0.9933201670646667,33.79375551829391,int,6,1.0,0.9933201670646667,341,0.3,E7_trainfrac
97,6,addition,cleaned_up,30000,1.0,0.9933201670646667,33.79375551829391,int,8,1.0,0.9933201670646667,341,0.3,E7_trainfrac
97,6,addition,cleaned_up,30000,1.0,0.9933201670646667,33.79375551829391,int,10,1.0,0.9933201670646667,341,0.3,E7_trainfrac
97,6,addition,cleaned_up,30000,1.0,0.9933201670646667,33.79375551829391,int,12,1.0,0.9933201670646667,341,0.3,E7_trainfrac
97,6,addition,cleaned_up,30000,1.0,0.9933201670646667,33.79375551829391,int,16,1.0,0.9933201670646667,341,0.3,E7_trainfrac
97,6,addition,cleaned_up,30000,1.0,0.9933201670646667,33.79375551829391,int,23,1.0,0.9933201670646667,341,0.3,E7_trainfrac
97,7,addition,pre_grok,200,1.0,0.2898132801055908,43.65741442558981,int,2,0.0549255833029747,0.0294519513845443,341,0.3,E7_trainfrac
97,7,addition,pre_grok,200,1.0,0.2898132801055908,43.65741442558981,int,3,0.4234585464000702,0.1187186911702156,341,0.3,E7_trainfrac
97,7,addition,pre_grok,200,1.0,0.2898132801055908,43.65741442558981,int,4,0.8139617443084717,0.2254440635442733,341,0.3,E7_trainfrac
97,7,addition,pre_grok,200,1.0,0.2898132801055908,43.65741442558981,int,5,0.9698795080184937,0.2728100717067718,341,0.3,E7_trainfrac
97,7,addition,pre_grok,200,1.0,0.2898132801055908,43.65741442558981,int,6,0.9985825419425964,0.2848033905029297,341,0.3,E7_trainfrac
97,7,addition,pre_grok,200,1.0,0.2898132801055908,43.65741442558981,int,8,1.0,0.2882951200008392,341,0.3,E7_trainfrac
97,7,addition,pre_grok,200,1.0,0.2898132801055908,43.65741442558981,int,10,1.0,0.2907241582870483,341,0.3,E7_trainfrac
97,7,addition,pre_grok,200,1.0,0.2898132801055908,43.65741442558981,int,12,1.0,0.2899650931358337,341,0.3,E7_trainfrac
97,7,addition,pre_grok,200,1.0,0.2898132801055908,43.65741442558981,int,16,1.0,0.2898132801055908,341,0.3,E7_trainfrac
97,7,addition,pre_grok,200,1.0,0.2898132801055908,43.65741442558981,int,23,1.0,0.2898132801055908,341,0.3,E7_trainfrac
97,7,addition,just_grokked,9550,1.0,0.9052679538726808,31.37236012223265,int,2,0.0106307584792375,0.0104751782491803,341,0.3,E7_trainfrac
97,7,addition,just_grokked,9550,1.0,0.9052679538726808,31.37236012223265,int,3,0.1289865374565124,0.1132533773779869,341,0.3,E7_trainfrac
97,7,addition,just_grokked,9550,1.0,0.9052679538726808,31.37236012223265,int,4,0.6449326872825623,0.536055862903595,341,0.3,E7_trainfrac
97,7,addition,just_grokked,9550,1.0,0.9052679538726808,31.37236012223265,int,5,0.9890148639678956,0.8651890158653259,341,0.3,E7_trainfrac
97,7,addition,just_grokked,9550,1.0,0.9052679538726808,31.37236012223265,int,6,1.0,0.8978290557861328,341,0.3,E7_trainfrac
97,7,addition,just_grokked,9550,1.0,0.9052679538726808,31.37236012223265,int,8,1.0,0.9052679538726808,341,0.3,E7_trainfrac
97,7,addition,just_grokked,9550,1.0,0.9052679538726808,31.37236012223265,int,10,1.0,0.904812514781952,341,0.3,E7_trainfrac
97,7,addition,just_grokked,9550,1.0,0.9052679538726808,31.37236012223265,int,12,1.0,0.9052679538726808,341,0.3,E7_trainfrac
97,7,addition,just_grokked,9550,1.0,0.9052679538726808,31.37236012223265,int,16,1.0,0.9052679538726808,341,0.3,E7_trainfrac
97,7,addition,just_grokked,9550,1.0,0.9052679538726808,31.37236012223265,int,23,1.0,0.9052679538726808,341,0.3,E7_trainfrac
97,7,addition,post_grok_500,10050,1.0,0.954911172389984,29.08542920533516,int,2,0.0113394754007458,0.0098679214715957,341,0.3,E7_trainfrac
97,7,addition,post_grok_500,10050,1.0,0.954911172389984,29.08542920533516,int,3,0.1102055236697197,0.0935175344347953,341,0.3,E7_trainfrac
97,7,addition,post_grok_500,10050,1.0,0.954911172389984,29.08542920533516,int,4,0.7317505478858948,0.6432366967201233,341,0.3,E7_trainfrac
97,7,addition,post_grok_500,10050,1.0,0.954911172389984,29.08542920533516,int,5,0.9734230637550354,0.9054197669029236,341,0.3,E7_trainfrac
97,7,addition,post_grok_500,10050,1.0,0.954911172389984,29.08542920533516,int,6,0.9985825419425964,0.9482313394546508,341,0.3,E7_trainfrac
97,7,addition,post_grok_500,10050,1.0,0.954911172389984,29.08542920533516,int,8,1.0,0.955062985420227,341,0.3,E7_trainfrac
97,7,addition,post_grok_500,10050,1.0,0.954911172389984,29.08542920533516,int,10,1.0,0.9547593593597412,341,0.3,E7_trainfrac
97,7,addition,post_grok_500,10050,1.0,0.954911172389984,29.08542920533516,int,12,1.0,0.954911172389984,341,0.3,E7_trainfrac
97,7,addition,post_grok_500,10050,1.0,0.954911172389984,29.08542920533516,int,16,1.0,0.954911172389984,341,0.3,E7_trainfrac
97,7,addition,post_grok_500,10050,1.0,0.954911172389984,29.08542920533516,int,23,1.0,0.954911172389984,341,0.3,E7_trainfrac
97,7,addition,post_grok_1500,11050,1.0,0.9770760536193848,27.79426229634001,int,2,0.0102763995528221,0.0100197354331612,341,0.3,E7_trainfrac
97,7,addition,post_grok_1500,11050,1.0,0.9770760536193848,27.79426229634001,int,3,0.0620127543807029,0.0541976615786552,341,0.3,E7_trainfrac
97,7,addition,post_grok_1500,11050,1.0,0.9770760536193848,27.79426229634001,int,4,0.4227498173713684,0.3831789791584015,341,0.3,E7_trainfrac
97,7,addition,post_grok_1500,11050,1.0,0.9770760536193848,27.79426229634001,int,5,0.9613748788833618,0.9268255829811096,341,0.3,E7_trainfrac
97,7,addition,post_grok_1500,11050,1.0,0.9770760536193848,27.79426229634001,int,6,0.9996456503868104,0.9737361669540404,341,0.3,E7_trainfrac
97,7,addition,post_grok_1500,11050,1.0,0.9770760536193848,27.79426229634001,int,8,1.0,0.9769242405891418,341,0.3,E7_trainfrac
97,7,addition,post_grok_1500,11050,1.0,0.9770760536193848,27.79426229634001,int,10,1.0,0.9770760536193848,341,0.3,E7_trainfrac
97,7,addition,post_grok_1500,11050,1.0,0.9770760536193848,27.79426229634001,int,12,1.0,0.9770760536193848,341,0.3,E7_trainfrac
97,7,addition,post_grok_1500,11050,1.0,0.9770760536193848,27.79426229634001,int,16,1.0,0.9770760536193848,341,0.3,E7_trainfrac
97,7,addition,post_grok_1500,11050,1.0,0.9770760536193848,27.79426229634001,int,23,1.0,0.9770760536193848,341,0.3,E7_trainfrac
97,7,addition,post_grok_4000,13550,1.0,0.9805678129196168,28.20807389563106,int,2,0.0095676826313138,0.0100197354331612,341,0.3,E7_trainfrac
97,7,addition,post_grok_4000,13550,1.0,0.9805678129196168,28.20807389563106,int,3,0.0233876686543226,0.0186731442809104,341,0.3,E7_trainfrac
97,7,addition,post_grok_4000,13550,1.0,0.9805678129196168,28.20807389563106,int,4,0.4344436526298523,0.4174889922142029,341,0.3,E7_trainfrac
97,7,addition,post_grok_4000,13550,1.0,0.9805678129196168,28.20807389563106,int,5,0.9911410212516784,0.9634127616882324,341,0.3,E7_trainfrac
97,7,addition,post_grok_4000,13550,1.0,0.9805678129196168,28.20807389563106,int,6,0.9996456503868104,0.9796568751335144,341,0.3,E7_trainfrac
97,7,addition,post_grok_4000,13550,1.0,0.9805678129196168,28.20807389563106,int,8,1.0,0.9808714389801024,341,0.3,E7_trainfrac
97,7,addition,post_grok_4000,13550,1.0,0.9805678129196168,28.20807389563106,int,10,1.0,0.9805678129196168,341,0.3,E7_trainfrac
97,7,addition,post_grok_4000,13550,1.0,0.9805678129196168,28.20807389563106,int,12,1.0,0.9805678129196168,341,0.3,E7_trainfrac
97,7,addition,post_grok_4000,13550,1.0,0.9805678129196168,28.20807389563106,int,16,1.0,0.9805678129196168,341,0.3,E7_trainfrac
97,7,addition,post_grok_4000,13550,1.0,0.9805678129196168,28.20807389563106,int,23,1.0,0.9805678129196168,341,0.3,E7_trainfrac
97,7,addition,cleaned_up,30000,0.9939758777618408,0.9717625379562378,36.38682990720093,int,2,0.00850460678339,0.0104751782491803,341,0.3,E7_trainfrac
97,7,addition,cleaned_up,30000,0.9939758777618408,0.9717625379562378,36.38682990720093,int,3,0.0063784550875425,0.003643540199846,341,0.3,E7_trainfrac
97,7,addition,cleaned_up,30000,0.9939758777618408,0.9717625379562378,36.38682990720093,int,4,0.16973777115345,0.1615302860736847,341,0.3,E7_trainfrac
97,7,addition,cleaned_up,30000,0.9939758777618408,0.9717625379562378,36.38682990720093,int,5,0.4762579798698425,0.4469409584999084,341,0.3,E7_trainfrac
97,7,addition,cleaned_up,30000,0.9939758777618408,0.9717625379562378,36.38682990720093,int,6,0.9312544465065002,0.8893274664878845,341,0.3,E7_trainfrac
97,7,addition,cleaned_up,30000,0.9939758777618408,0.9717625379562378,36.38682990720093,int,8,0.992558479309082,0.9700925946235656,341,0.3,E7_trainfrac
97,7,addition,cleaned_up,30000,0.9939758777618408,0.9717625379562378,36.38682990720093,int,10,0.9939758777618408,0.9716107249259948,341,0.3,E7_trainfrac
97,7,addition,cleaned_up,30000,0.9939758777618408,0.9717625379562378,36.38682990720093,int,12,0.9943302273750304,0.9717625379562378,341,0.3,E7_trainfrac
97,7,addition,cleaned_up,30000,0.9939758777618408,0.9717625379562378,36.38682990720093,int,16,0.9939758777618408,0.9717625379562378,341,0.3,E7_trainfrac
97,7,addition,cleaned_up,30000,0.9939758777618408,0.9717625379562378,36.38682990720093,int,23,0.9939758777618408,0.9717625379562378,341,0.3,E7_trainfrac
97,8,addition,just_grokked,2900,1.0,0.9130104780197144,28.27935269983434,int,2,0.0148830618709325,0.0121451346203684,341,0.3,E7_trainfrac
97,8,addition,just_grokked,2900,1.0,0.9130104780197144,28.27935269983434,int,3,0.3136073648929596,0.2638530433177948,341,0.3,E7_trainfrac
97,8,addition,just_grokked,2900,1.0,0.9130104780197144,28.27935269983434,int,4,0.88944011926651,0.771519660949707,341,0.3,E7_trainfrac
97,8,addition,just_grokked,2900,1.0,0.9130104780197144,28.27935269983434,int,5,0.9971651434898376,0.8941855430603027,341,0.3,E7_trainfrac
97,8,addition,just_grokked,2900,1.0,0.9130104780197144,28.27935269983434,int,6,1.0,0.9095187783241272,341,0.3,E7_trainfrac
97,8,addition,just_grokked,2900,1.0,0.9130104780197144,28.27935269983434,int,8,1.0,0.911644160747528,341,0.3,E7_trainfrac
97,8,addition,just_grokked,2900,1.0,0.9130104780197144,28.27935269983434,int,10,1.0,0.9125550389289856,341,0.3,E7_trainfrac
97,8,addition,just_grokked,2900,1.0,0.9130104780197144,28.27935269983434,int,12,1.0,0.9127068519592284,341,0.3,E7_trainfrac
97,8,addition,just_grokked,2900,1.0,0.9130104780197144,28.27935269983434,int,16,1.0,0.9130104780197144,341,0.3,E7_trainfrac
97,8,addition,just_grokked,2900,1.0,0.9130104780197144,28.27935269983434,int,23,1.0,0.9130104780197144,341,0.3,E7_trainfrac
97,8,addition,post_grok_500,3400,1.0,0.9802641868591307,27.79299803656552,int,2,0.0134656270965933,0.0098679214715957,341,0.3,E7_trainfrac
97,8,addition,post_grok_500,3400,1.0,0.9802641868591307,27.79299803656552,int,3,0.3185683786869049,0.2802489697933197,341,0.3,E7_trainfrac
97,8,addition,post_grok_500,3400,1.0,0.9802641868591307,27.79299803656552,int,4,0.8458539843559265,0.8008198142051697,341,0.3,E7_trainfrac
97,8,addition,post_grok_500,3400,1.0,0.9802641868591307,27.79299803656552,int,5,0.9805102348327636,0.948079526424408,341,0.3,E7_trainfrac
97,8,addition,post_grok_500,3400,1.0,0.9802641868591307,27.79299803656552,int,6,0.9996456503868104,0.9744952321052552,341,0.3,E7_trainfrac
97,8,addition,post_grok_500,3400,1.0,0.9802641868591307,27.79299803656552,int,8,1.0,0.9807196259498596,341,0.3,E7_trainfrac
97,8,addition,post_grok_500,3400,1.0,0.9802641868591307,27.79299803656552,int,10,1.0,0.9799605011940002,341,0.3,E7_trainfrac
97,8,addition,post_grok_500,3400,1.0,0.9802641868591307,27.79299803656552,int,12,1.0,0.9802641868591307,341,0.3,E7_trainfrac
97,8,addition,post_grok_500,3400,1.0,0.9802641868591307,27.79299803656552,int,16,1.0,0.9802641868591307,341,0.3,E7_trainfrac
97,8,addition,post_grok_500,3400,1.0,0.9802641868591307,27.79299803656552,int,23,1.0,0.9802641868591307,341,0.3,E7_trainfrac
97,8,addition,post_grok_1500,4400,1.0,0.987703025341034,27.95773619205024,int,2,0.0092133237048983,0.0101715503260493,341,0.3,E7_trainfrac
97,8,addition,post_grok_1500,4400,1.0,0.987703025341034,27.95773619205024,int,3,0.1899362057447433,0.1680582910776138,341,0.3,E7_trainfrac
97,8,addition,post_grok_1500,4400,1.0,0.987703025341034,27.95773619205024,int,4,0.8323883414268494,0.8012752532958984,341,0.3,E7_trainfrac
97,8,addition,post_grok_1500,4400,1.0,0.987703025341034,27.95773619205024,int,5,0.9922040700912476,0.974798858165741,341,0.3,E7_trainfrac
97,8,addition,post_grok_1500,4400,1.0,0.987703025341034,27.95773619205024,int,6,1.0,0.9863367080688475,341,0.3,E7_trainfrac
97,8,addition,post_grok_1500,4400,1.0,0.987703025341034,27.95773619205024,int,8,1.0,0.9880067110061646,341,0.3,E7_trainfrac
97,8,addition,post_grok_1500,4400,1.0,0.987703025341034,27.95773619205024,int,10,1.0,0.987703025341034,341,0.3,E7_trainfrac
97,8,addition,post_grok_1500,4400,1.0,0.987703025341034,27.95773619205024,int,12,1.0,0.987703025341034,341,0.3,E7_trainfrac
97,8,addition,post_grok_1500,4400,1.0,0.987703025341034,27.95773619205024,int,16,1.0,0.987703025341034,341,0.3,E7_trainfrac
97,8,addition,post_grok_1500,4400,1.0,0.987703025341034,27.95773619205024,int,23,1.0,0.987703025341034,341,0.3,E7_trainfrac
97,8,addition,post_grok_4000,6900,1.0,0.9867921471595764,29.23070550394737,int,2,0.0092133237048983,0.0107788071036338,341,0.3,E7_trainfrac
97,8,addition,post_grok_4000,6900,1.0,0.9867921471595764,29.23070550394737,int,3,0.0822111964225769,0.0857750102877616,341,0.3,E7_trainfrac
97,8,addition,post_grok_4000,6900,1.0,0.9867921471595764,29.23070550394737,int,4,0.6821402907371521,0.6663124561309814,341,0.3,E7_trainfrac
97,8,addition,post_grok_4000,6900,1.0,0.9867921471595764,29.23070550394737,int,5,0.9911410212516784,0.967663586139679,341,0.3,E7_trainfrac
97,8,addition,post_grok_4000,6900,1.0,0.9867921471595764,29.23070550394737,int,6,1.0,0.9858812689781188,341,0.3,E7_trainfrac
97,8,addition,post_grok_4000,6900,1.0,0.9867921471595764,29.23070550394737,int,8,1.0,0.9870957732200624,341,0.3,E7_trainfrac
97,8,addition,post_grok_4000,6900,1.0,0.9867921471595764,29.23070550394737,int,10,1.0,0.9867921471595764,341,0.3,E7_trainfrac
97,8,addition,post_grok_4000,6900,1.0,0.9867921471595764,29.23070550394737,int,12,1.0,0.9867921471595764,341,0.3,E7_trainfrac
97,8,addition,post_grok_4000,6900,1.0,0.9867921471595764,29.23070550394737,int,16,1.0,0.9867921471595764,341,0.3,E7_trainfrac
97,8,addition,post_grok_4000,6900,1.0,0.9867921471595764,29.23070550394737,int,23,1.0,0.9867921471595764,341,0.3,E7_trainfrac
97,8,addition,cleaned_up,30000,1.0,0.985729455947876,36.20627787381691,int,2,0.0095676826313138,0.0103233642876148,341,0.3,E7_trainfrac
97,8,addition,cleaned_up,30000,1.0,0.985729455947876,36.20627787381691,int,3,0.0223245918750762,0.0218612421303987,341,0.3,E7_trainfrac
97,8,addition,cleaned_up,30000,1.0,0.985729455947876,36.20627787381691,int,4,0.0258681774139404,0.0236830115318298,341,0.3,E7_trainfrac
97,8,addition,cleaned_up,30000,1.0,0.985729455947876,36.20627787381691,int,5,0.9355067014694214,0.9146804213523864,341,0.3,E7_trainfrac
97,8,addition,cleaned_up,30000,1.0,0.985729455947876,36.20627787381691,int,6,1.0,0.9846667647361756,341,0.3,E7_trainfrac
97,8,addition,cleaned_up,30000,1.0,0.985729455947876,36.20627787381691,int,8,1.0,0.9851222038269044,341,0.3,E7_trainfrac
97,8,addition,cleaned_up,30000,1.0,0.985729455947876,36.20627787381691,int,10,1.0,0.985729455947876,341,0.3,E7_trainfrac
97,8,addition,cleaned_up,30000,1.0,0.985729455947876,36.20627787381691,int,12,1.0,0.985729455947876,341,0.3,E7_trainfrac
97,8,addition,cleaned_up,30000,1.0,0.985729455947876,36.20627787381691,int,16,1.0,0.985729455947876,341,0.3,E7_trainfrac
97,8,addition,cleaned_up,30000,1.0,0.985729455947876,36.20627787381691,int,23,1.0,0.985729455947876,341,0.3,E7_trainfrac
97,9,addition,just_grokked,6650,1.0,0.9092151522636414,30.00644095339618,int,2,0.0095676826313138,0.0098679214715957,341,0.3,E7_trainfrac
97,9,addition,just_grokked,6650,1.0,0.9092151522636414,30.00644095339618,int,3,0.0535081513226032,0.0434188544750213,341,0.3,E7_trainfrac
97,9,addition,just_grokked,6650,1.0,0.9092151522636414,30.00644095339618,int,4,0.5269312262535095,0.430848628282547,341,0.3,E7_trainfrac
97,9,addition,just_grokked,6650,1.0,0.9092151522636414,30.00644095339618,int,5,0.9762579798698424,0.8621527552604675,341,0.3,E7_trainfrac
97,9,addition,just_grokked,6650,1.0,0.9092151522636414,30.00644095339618,int,6,0.9996456503868104,0.8982844948768616,341,0.3,E7_trainfrac
97,9,addition,just_grokked,6650,1.0,0.9092151522636414,30.00644095339618,int,8,1.0,0.9083042144775392,341,0.3,E7_trainfrac
97,9,addition,just_grokked,6650,1.0,0.9092151522636414,30.00644095339618,int,10,1.0,0.9093669652938844,341,0.3,E7_trainfrac
97,9,addition,just_grokked,6650,1.0,0.9092151522636414,30.00644095339618,int,12,1.0,0.9095187783241272,341,0.3,E7_trainfrac
97,9,addition,just_grokked,6650,1.0,0.9092151522636414,30.00644095339618,int,16,1.0,0.9092151522636414,341,0.3,E7_trainfrac
97,9,addition,just_grokked,6650,1.0,0.9092151522636414,30.00644095339618,int,23,1.0,0.9092151522636414,341,0.3,E7_trainfrac
97,9,addition,post_grok_500,7150,1.0,0.964171826839447,27.07238272365088,int,2,0.012756910175085,0.0119933206588029,341,0.3,E7_trainfrac
97,9,addition,post_grok_500,7150,1.0,0.964171826839447,27.07238272365088,int,3,0.0616583973169326,0.0727189928293228,341,0.3,E7_trainfrac
97,9,addition,post_grok_500,7150,1.0,0.964171826839447,27.07238272365088,int,4,0.5131112337112427,0.4809473156929016,341,0.3,E7_trainfrac
97,9,addition,post_grok_500,7150,1.0,0.964171826839447,27.07238272365088,int,5,0.9840538501739502,0.942310631275177,341,0.3,E7_trainfrac
97,9,addition,post_grok_500,7150,1.0,0.964171826839447,27.07238272365088,int,6,1.0,0.9611355662345886,341,0.3,E7_trainfrac
97,9,addition,post_grok_500,7150,1.0,0.964171826839447,27.07238272365088,int,8,1.0,0.9653863906860352,341,0.3,E7_trainfrac
97,9,addition,post_grok_500,7150,1.0,0.964171826839447,27.07238272365088,int,10,1.0,0.9643236994743348,341,0.3,E7_trainfrac
97,9,addition,post_grok_500,7150,1.0,0.964171826839447,27.07238272365088,int,12,1.0,0.964171826839447,341,0.3,E7_trainfrac
97,9,addition,post_grok_500,7150,1.0,0.964171826839447,27.07238272365088,int,16,1.0,0.964171826839447,341,0.3,E7_trainfrac
97,9,addition,post_grok_500,7150,1.0,0.964171826839447,27.07238272365088,int,23,1.0,0.964171826839447,341,0.3,E7_trainfrac
97,9,addition,post_grok_1500,8150,1.0,0.9808714389801024,26.255834530505982,int,2,0.0131112681701779,0.0094124795868992,341,0.3,E7_trainfrac
97,9,addition,post_grok_1500,8150,1.0,0.9808714389801024,26.255834530505982,int,3,0.0846917033195495,0.091847576200962,341,0.3,E7_trainfrac
97,9,addition,post_grok_1500,8150,1.0,0.9808714389801024,26.255834530505982,int,4,0.6187101006507874,0.582814633846283,341,0.3,E7_trainfrac
97,9,addition,post_grok_1500,8150,1.0,0.9808714389801024,26.255834530505982,int,5,0.9836995005607604,0.9533930420875548,341,0.3,E7_trainfrac
97,9,addition,post_grok_1500,8150,1.0,0.9808714389801024,26.255834530505982,int,6,1.0,0.9813268780708312,341,0.3,E7_trainfrac
97,9,addition,post_grok_1500,8150,1.0,0.9808714389801024,26.255834530505982,int,8,1.0,0.9810232520103456,341,0.3,E7_trainfrac
97,9,addition,post_grok_1500,8150,1.0,0.9808714389801024,26.255834530505982,int,10,1.0,0.9811750650405884,341,0.3,E7_trainfrac
97,9,addition,post_grok_1500,8150,1.0,0.9808714389801024,26.255834530505982,int,12,1.0,0.9808714389801024,341,0.3,E7_trainfrac
97,9,addition,post_grok_1500,8150,1.0,0.9808714389801024,26.255834530505982,int,16,1.0,0.9808714389801024,341,0.3,E7_trainfrac
97,9,addition,post_grok_1500,8150,1.0,0.9808714389801024,26.255834530505982,int,23,1.0,0.9808714389801024,341,0.3,E7_trainfrac
97,9,addition,post_grok_4000,10650,1.0,0.9764688014984132,24.2635078366288,int,2,0.0099220406264066,0.0106269922107458,341,0.3,E7_trainfrac
97,9,addition,post_grok_4000,10650,1.0,0.9764688014984132,24.2635078366288,int,3,0.0070871720090508,0.006528009660542,341,0.3,E7_trainfrac
97,9,addition,post_grok_4000,10650,1.0,0.9764688014984132,24.2635078366288,int,4,0.6860382556915283,0.6550781726837158,341,0.3,E7_trainfrac
97,9,addition,post_grok_4000,10650,1.0,0.9764688014984132,24.2635078366288,int,5,0.991849720478058,0.9568848013877868,341,0.3,E7_trainfrac
97,9,addition,post_grok_4000,10650,1.0,0.9764688014984132,24.2635078366288,int,6,1.0,0.9734325408935548,341,0.3,E7_trainfrac
97,9,addition,post_grok_4000,10650,1.0,0.9764688014984132,24.2635078366288,int,8,1.0,0.9764688014984132,341,0.3,E7_trainfrac
97,9,addition,post_grok_4000,10650,1.0,0.9764688014984132,24.2635078366288,int,10,1.0,0.9764688014984132,341,0.3,E7_trainfrac
97,9,addition,post_grok_4000,10650,1.0,0.9764688014984132,24.2635078366288,int,12,1.0,0.9764688014984132,341,0.3,E7_trainfrac
97,9,addition,post_grok_4000,10650,1.0,0.9764688014984132,24.2635078366288,int,16,1.0,0.9764688014984132,341,0.3,E7_trainfrac
97,9,addition,post_grok_4000,10650,1.0,0.9764688014984132,24.2635078366288,int,23,1.0,0.9764688014984132,341,0.3,E7_trainfrac
97,9,addition,cleaned_up,30000,1.0,0.9825413823127748,32.8263618398828,int,2,0.0106307584792375,0.0107788071036338,341,0.3,E7_trainfrac
97,9,addition,cleaned_up,30000,1.0,0.9825413823127748,32.8263618398828,int,3,0.0021261516958475,0.0013663276331499,341,0.3,E7_trainfrac
97,9,addition,cleaned_up,30000,1.0,0.9825413823127748,32.8263618398828,int,4,0.4968107640743255,0.4850462973117828,341,0.3,E7_trainfrac
97,9,addition,cleaned_up,30000,1.0,0.9825413823127748,32.8263618398828,int,5,0.9507441520690918,0.9230301976203918,341,0.3,E7_trainfrac
97,9,addition,cleaned_up,30000,1.0,0.9825413823127748,32.8263618398828,int,6,1.0,0.9816305041313172,341,0.3,E7_trainfrac
97,9,addition,cleaned_up,30000,1.0,0.9825413823127748,32.8263618398828,int,8,1.0,0.9823895692825316,341,0.3,E7_trainfrac
97,9,addition,cleaned_up,30000,1.0,0.9825413823127748,32.8263618398828,int,10,1.0,0.9825413823127748,341,0.3,E7_trainfrac
97,9,addition,cleaned_up,30000,1.0,0.9825413823127748,32.8263618398828,int,12,1.0,0.9825413823127748,341,0.3,E7_trainfrac
97,9,addition,cleaned_up,30000,1.0,0.9825413823127748,32.8263618398828,int,16,1.0,0.9825413823127748,341,0.3,E7_trainfrac
97,9,addition,cleaned_up,30000,1.0,0.9825413823127748,32.8263618398828,int,23,1.0,0.9825413823127748,341,0.3,E7_trainfrac
97,10,addition,pre_grok,200,1.0,0.2611203789710998,45.02794675869186,int,2,0.0453579016029834,0.0156368613243103,341,0.3,E7_trainfrac
97,10,addition,pre_grok,200,1.0,0.2611203789710998,45.02794675869186,int,3,0.4450744092464447,0.1120388656854629,341,0.3,E7_trainfrac
97,10,addition,pre_grok,200,1.0,0.2611203789710998,45.02794675869186,int,4,0.8334514498710632,0.2063154727220535,341,0.3,E7_trainfrac
97,10,addition,pre_grok,200,1.0,0.2611203789710998,45.02794675869186,int,5,0.9787384867668152,0.2435099482536316,341,0.3,E7_trainfrac
97,10,addition,pre_grok,200,1.0,0.2611203789710998,45.02794675869186,int,6,0.9996456503868104,0.2594504356384277,341,0.3,E7_trainfrac
97,10,addition,pre_grok,200,1.0,0.2611203789710998,45.02794675869186,int,8,1.0,0.2618794739246368,341,0.3,E7_trainfrac
97,10,addition,pre_grok,200,1.0,0.2611203789710998,45.02794675869186,int,10,1.0,0.2612721920013428,341,0.3,E7_trainfrac
97,10,addition,pre_grok,200,1.0,0.2611203789710998,45.02794675869186,int,12,1.0,0.2611203789710998,341,0.3,E7_trainfrac
97,10,addition,pre_grok,200,1.0,0.2611203789710998,45.02794675869186,int,16,1.0,0.2612721920013428,341,0.3,E7_trainfrac
97,10,addition,pre_grok,200,1.0,0.2611203789710998,45.02794675869186,int,23,1.0,0.2611203789710998,341,0.3,E7_trainfrac
97,10,addition,cleaned_up,12000,1.0,0.3081827759742737,39.92683034103951,int,2,0.0166548546403646,0.0150296036154031,341,0.3,E7_trainfrac
97,10,addition,cleaned_up,12000,1.0,0.3081827759742737,39.92683034103951,int,3,0.2859674096107483,0.0929102748632431,341,0.3,E7_trainfrac
97,10,addition,cleaned_up,12000,1.0,0.3081827759742737,39.92683034103951,int,4,0.8607370257377625,0.2643084824085235,341,0.3,E7_trainfrac
97,10,addition,cleaned_up,12000,1.0,0.3081827759742737,39.92683034103951,int,5,0.9968107342720032,0.3068164587020874,341,0.3,E7_trainfrac
97,10,addition,cleaned_up,12000,1.0,0.3081827759742737,39.92683034103951,int,6,1.0,0.3092454969882965,341,0.3,E7_trainfrac
97,10,addition,cleaned_up,12000,1.0,0.3081827759742737,39.92683034103951,int,8,1.0,0.3086382150650024,341,0.3,E7_trainfrac
97,10,addition,cleaned_up,12000,1.0,0.3081827759742737,39.92683034103951,int,10,1.0,0.3084864020347595,341,0.3,E7_trainfrac
97,10,addition,cleaned_up,12000,1.0,0.3081827759742737,39.92683034103951,int,12,1.0,0.3084864020347595,341,0.3,E7_trainfrac
97,10,addition,cleaned_up,12000,1.0,0.3081827759742737,39.92683034103951,int,16,1.0,0.3081827759742737,341,0.3,E7_trainfrac
97,10,addition,cleaned_up,12000,1.0,0.3081827759742737,39.92683034103951,int,23,1.0,0.3081827759742737,341,0.3,E7_trainfrac
97,11,addition,pre_grok,200,1.0,0.2454835325479507,44.72456339403919,int,2,0.0652019828557968,0.0252011530101299,341,0.3,E7_trainfrac
97,11,addition,pre_grok,200,1.0,0.2454835325479507,44.72456339403919,int,3,0.4369241595268249,0.1167451068758964,341,0.3,E7_trainfrac
97,11,addition,pre_grok,200,1.0,0.2454835325479507,44.72456339403919,int,4,0.8550673127174377,0.200546532869339,341,0.3,E7_trainfrac
97,11,addition,pre_grok,200,1.0,0.2454835325479507,44.72456339403919,int,5,0.9847625494003296,0.2348565310239792,341,0.3,E7_trainfrac
97,11,addition,pre_grok,200,1.0,0.2454835325479507,44.72456339403919,int,6,0.9992912411689758,0.2418399900197982,341,0.3,E7_trainfrac
97,11,addition,pre_grok,200,1.0,0.2454835325479507,44.72456339403919,int,8,1.0,0.2450280934572219,341,0.3,E7_trainfrac
97,11,addition,pre_grok,200,1.0,0.2454835325479507,44.72456339403919,int,10,1.0,0.2456353455781936,341,0.3,E7_trainfrac
97,11,addition,pre_grok,200,1.0,0.2454835325479507,44.72456339403919,int,12,1.0,0.2456353455781936,341,0.3,E7_trainfrac
97,11,addition,pre_grok,200,1.0,0.2454835325479507,44.72456339403919,int,16,1.0,0.2454835325479507,341,0.3,E7_trainfrac
97,11,addition,pre_grok,200,1.0,0.2454835325479507,44.72456339403919,int,23,1.0,0.2454835325479507,341,0.3,E7_trainfrac
97,11,addition,cleaned_up,12000,1.0,0.5081220865249634,34.68551357870643,int,2,0.0102763995528221,0.0103233642876148,341,0.3,E7_trainfrac
97,11,addition,cleaned_up,12000,1.0,0.5081220865249634,34.68551357870643,int,3,0.3830616474151611,0.2131471037864685,341,0.3,E7_trainfrac
97,11,addition,cleaned_up,12000,1.0,0.5081220865249634,34.68551357870643,int,4,0.7951807379722595,0.3927432894706726,341,0.3,E7_trainfrac
97,11,addition,cleaned_up,12000,1.0,0.5081220865249634,34.68551357870643,int,5,0.9819276928901672,0.4938515126705169,341,0.3,E7_trainfrac
97,11,addition,cleaned_up,12000,1.0,0.5081220865249634,34.68551357870643,int,6,1.0,0.5046303272247314,341,0.3,E7_trainfrac
97,11,addition,cleaned_up,12000,1.0,0.5081220865249634,34.68551357870643,int,8,1.0,0.508881151676178,341,0.3,E7_trainfrac
97,11,addition,cleaned_up,12000,1.0,0.5081220865249634,34.68551357870643,int,10,1.0,0.5084257125854492,341,0.3,E7_trainfrac
97,11,addition,cleaned_up,12000,1.0,0.5081220865249634,34.68551357870643,int,12,1.0,0.5076665878295898,341,0.3,E7_trainfrac
97,11,addition,cleaned_up,12000,1.0,0.5081220865249634,34.68551357870643,int,16,1.0,0.5081220865249634,341,0.3,E7_trainfrac
97,11,addition,cleaned_up,12000,1.0,0.5081220865249634,34.68551357870643,int,23,1.0,0.5081220865249634,341,0.3,E7_trainfrac
97,12,addition,pre_grok,200,1.0,0.2553514540195465,44.897465236180295,int,2,0.038979448378086,0.0174586307257413,341,0.3,E7_trainfrac
97,12,addition,pre_grok,200,1.0,0.2553514540195465,44.897465236180295,int,3,0.4227498173713684,0.1149233356118202,341,0.3,E7_trainfrac
97,12,addition,pre_grok,200,1.0,0.2553514540195465,44.897465236180295,int,4,0.8022679090499878,0.1861241906881332,341,0.3,E7_trainfrac
97,12,addition,pre_grok,200,1.0,0.2553514540195465,44.897465236180295,int,5,0.9762579798698424,0.2389555126428604,341,0.3,E7_trainfrac
97,12,addition,pre_grok,200,1.0,0.2553514540195465,44.897465236180295,int,6,0.9992912411689758,0.2491270750761032,341,0.3,E7_trainfrac
97,12,addition,pre_grok,200,1.0,0.2553514540195465,44.897465236180295,int,8,1.0,0.2547442018985748,341,0.3,E7_trainfrac
97,12,addition,pre_grok,200,1.0,0.2553514540195465,44.897465236180295,int,10,1.0,0.2547442018985748,341,0.3,E7_trainfrac
97,12,addition,pre_grok,200,1.0,0.2553514540195465,44.897465236180295,int,12,1.0,0.2558068931102752,341,0.3,E7_trainfrac
97,12,addition,pre_grok,200,1.0,0.2553514540195465,44.897465236180295,int,16,1.0,0.2553514540195465,341,0.3,E7_trainfrac
97,12,addition,pre_grok,200,1.0,0.2553514540195465,44.897465236180295,int,23,1.0,0.2553514540195465,341,0.3,E7_trainfrac
97,12,addition,cleaned_up,12000,1.0,0.3629876971244812,41.66627781527589,int,2,0.0092133237048983,0.0122969485819339,341,0.3,E7_trainfrac
97,12,addition,cleaned_up,12000,1.0,0.3629876971244812,41.66627781527589,int,3,0.1158752664923667,0.0564748756587505,341,0.3,E7_trainfrac
97,12,addition,cleaned_up,12000,1.0,0.3629876971244812,41.66627781527589,int,4,0.6293408870697021,0.230605736374855,341,0.3,E7_trainfrac
97,12,addition,cleaned_up,12000,1.0,0.3629876971244812,41.66627781527589,int,5,0.9617292284965516,0.3427964150905609,341,0.3,E7_trainfrac
97,12,addition,cleaned_up,12000,1.0,0.3629876971244812,41.66627781527589,int,6,1.0,0.3591923415660858,341,0.3,E7_trainfrac
97,12,addition,cleaned_up,12000,1.0,0.3629876971244812,41.66627781527589,int,8,1.0,0.3634431362152099,341,0.3,E7_trainfrac
97,12,addition,cleaned_up,12000,1.0,0.3629876971244812,41.66627781527589,int,10,1.0,0.3631395101547241,341,0.3,E7_trainfrac
97,12,addition,cleaned_up,12000,1.0,0.3629876971244812,41.66627781527589,int,12,1.0,0.363291323184967,341,0.3,E7_trainfrac
97,12,addition,cleaned_up,12000,1.0,0.3629876971244812,41.66627781527589,int,16,1.0,0.3629876971244812,341,0.3,E7_trainfrac
97,12,addition,cleaned_up,12000,1.0,0.3629876971244812,41.66627781527589,int,23,1.0,0.3629876971244812,341,0.3,E7_trainfrac
97,13,addition,pre_grok,200,1.0,0.2586913704872131,44.40596761217737,int,2,0.0460666194558143,0.0182177014648914,341,0.3,E7_trainfrac
97,13,addition,pre_grok,200,1.0,0.2586913704872131,44.40596761217737,int,3,0.4525159299373626,0.1170487329363823,341,0.3,E7_trainfrac
97,13,addition,pre_grok,200,1.0,0.2586913704872131,44.40596761217737,int,4,0.8256555795669556,0.2078336179256439,341,0.3,E7_trainfrac
97,13,addition,pre_grok,200,1.0,0.2586913704872131,44.40596761217737,int,5,0.9865343570709229,0.244572639465332,341,0.3,E7_trainfrac
97,13,addition,pre_grok,200,1.0,0.2586913704872131,44.40596761217737,int,6,0.9992912411689758,0.2555032670497894,341,0.3,E7_trainfrac
97,13,addition,pre_grok,200,1.0,0.2586913704872131,44.40596761217737,int,8,1.0,0.258843183517456,341,0.3,E7_trainfrac
97,13,addition,pre_grok,200,1.0,0.2586913704872131,44.40596761217737,int,10,1.0,0.2582359313964844,341,0.3,E7_trainfrac
97,13,addition,pre_grok,200,1.0,0.2586913704872131,44.40596761217737,int,12,1.0,0.2585395574569702,341,0.3,E7_trainfrac
97,13,addition,pre_grok,200,1.0,0.2586913704872131,44.40596761217737,int,16,1.0,0.2586913704872131,341,0.3,E7_trainfrac
97,13,addition,pre_grok,200,1.0,0.2586913704872131,44.40596761217737,int,23,1.0,0.2586913704872131,341,0.3,E7_trainfrac
97,13,addition,cleaned_up,12000,1.0,0.437983900308609,40.80379106039767,int,2,0.0099220406264066,0.012752391397953,341,0.3,E7_trainfrac
97,13,addition,cleaned_up,12000,1.0,0.437983900308609,40.80379106039767,int,3,0.1587526500225067,0.0859268233180046,341,0.3,E7_trainfrac
97,13,addition,cleaned_up,12000,1.0,0.437983900308609,40.80379106039767,int,4,0.4957476854324341,0.2429026812314987,341,0.3,E7_trainfrac
97,13,addition,cleaned_up,12000,1.0,0.437983900308609,40.80379106039767,int,5,0.9510985016822816,0.4109609723091125,341,0.3,E7_trainfrac
97,13,addition,cleaned_up,12000,1.0,0.437983900308609,40.80379106039767,int,6,1.0,0.4388948082923889,341,0.3,E7_trainfrac
97,13,addition,cleaned_up,12000,1.0,0.437983900308609,40.80379106039767,int,8,1.0,0.4361621439456939,341,0.3,E7_trainfrac
97,13,addition,cleaned_up,12000,1.0,0.437983900308609,40.80379106039767,int,10,1.0,0.4387429654598236,341,0.3,E7_trainfrac
97,13,addition,cleaned_up,12000,1.0,0.437983900308609,40.80379106039767,int,12,1.0,0.4382875263690948,341,0.3,E7_trainfrac
97,13,addition,cleaned_up,12000,1.0,0.437983900308609,40.80379106039767,int,16,1.0,0.4378320872783661,341,0.3,E7_trainfrac
97,13,addition,cleaned_up,12000,1.0,0.437983900308609,40.80379106039767,int,23,1.0,0.437983900308609,341,0.3,E7_trainfrac
97,14,addition,pre_grok,200,1.0,0.2640048563480377,45.116955758692754,int,2,0.0524450726807117,0.0177622586488723,341,0.3,E7_trainfrac
97,14,addition,pre_grok,200,1.0,0.2640048563480377,45.116955758692754,int,3,0.4266477525234222,0.1117352396249771,341,0.3,E7_trainfrac
97,14,addition,pre_grok,200,1.0,0.2640048563480377,45.116955758692754,int,4,0.8029766082763672,0.2085926830768585,341,0.3,E7_trainfrac
97,14,addition,pre_grok,200,1.0,0.2640048563480377,45.116955758692754,int,5,0.980864644050598,0.2515560984611511,341,0.3,E7_trainfrac
97,14,addition,pre_grok,200,1.0,0.2640048563480377,45.116955758692754,int,6,0.9996456503868104,0.2600576877593994,341,0.3,E7_trainfrac
97,14,addition,pre_grok,200,1.0,0.2640048563480377,45.116955758692754,int,8,1.0,0.263397604227066,341,0.3,E7_trainfrac
97,14,addition,pre_grok,200,1.0,0.2640048563480377,45.116955758692754,int,10,1.0,0.2640048563480377,341,0.3,E7_trainfrac
97,14,addition,pre_grok,200,1.0,0.2640048563480377,45.116955758692754,int,12,1.0,0.2638530433177948,341,0.3,E7_trainfrac
97,14,addition,pre_grok,200,1.0,0.2640048563480377,45.116955758692754,int,16,1.0,0.2640048563480377,341,0.3,E7_trainfrac
97,14,addition,pre_grok,200,1.0,0.2640048563480377,45.116955758692754,int,23,1.0,0.2640048563480377,341,0.3,E7_trainfrac
97,14,addition,cleaned_up,12000,1.0,0.3010475039482116,40.01457955969514,int,2,0.01700921356678,0.0110824350267648,341,0.3,E7_trainfrac
97,14,addition,cleaned_up,12000,1.0,0.3010475039482116,40.01457955969514,int,3,0.2200566977262497,0.0748443901538848,341,0.3,E7_trainfrac
97,14,addition,cleaned_up,12000,1.0,0.3010475039482116,40.01457955969514,int,4,0.8157334923744202,0.2474571168422699,341,0.3,E7_trainfrac
97,14,addition,cleaned_up,12000,1.0,0.3010475039482116,40.01457955969514,int,5,0.9953933358192444,0.2978594303131103,341,0.3,E7_trainfrac
97,14,addition,cleaned_up,12000,1.0,0.3010475039482116,40.01457955969514,int,6,1.0,0.3013511598110199,341,0.3,E7_trainfrac
97,14,addition,cleaned_up,12000,1.0,0.3010475039482116,40.01457955969514,int,8,1.0,0.30044025182724,341,0.3,E7_trainfrac
97,14,addition,cleaned_up,12000,1.0,0.3010475039482116,40.01457955969514,int,10,1.0,0.3008956909179687,341,0.3,E7_trainfrac
97,14,addition,cleaned_up,12000,1.0,0.3010475039482116,40.01457955969514,int,12,1.0,0.301199346780777,341,0.3,E7_trainfrac
97,14,addition,cleaned_up,12000,1.0,0.3010475039482116,40.01457955969514,int,16,1.0,0.3010475039482116,341,0.3,E7_trainfrac
97,14,addition,cleaned_up,12000,1.0,0.3010475039482116,40.01457955969514,int,23,1.0,0.3010475039482116,341,0.3,E7_trainfrac
97,15,addition,pre_grok,200,0.998936891555786,0.2709883153438568,44.68891201856229,int,2,0.0464209765195846,0.0165477450937032,341,0.3,E7_trainfrac
97,15,addition,pre_grok,200,0.998936891555786,0.2709883153438568,44.68891201856229,int,3,0.444720059633255,0.1191741302609443,341,0.3,E7_trainfrac
97,15,addition,pre_grok,200,0.998936891555786,0.2709883153438568,44.68891201856229,int,4,0.8224663138389587,0.2075299769639969,341,0.3,E7_trainfrac
97,15,addition,pre_grok,200,0.998936891555786,0.2709883153438568,44.68891201856229,int,5,0.9776753783226012,0.2535296678543091,341,0.3,E7_trainfrac
97,15,addition,pre_grok,200,0.998936891555786,0.2709883153438568,44.68891201856229,int,6,0.9985825419425964,0.2664338946342468,341,0.3,E7_trainfrac
97,15,addition,pre_grok,200,0.998936891555786,0.2709883153438568,44.68891201856229,int,8,0.998936891555786,0.2709883153438568,341,0.3,E7_trainfrac
97,15,addition,pre_grok,200,0.998936891555786,0.2709883153438568,44.68891201856229,int,10,0.998936891555786,0.2708365023136139,341,0.3,E7_trainfrac
97,15,addition,pre_grok,200,0.998936891555786,0.2709883153438568,44.68891201856229,int,12,0.998936891555786,0.2708365023136139,341,0.3,E7_trainfrac
97,15,addition,pre_grok,200,0.998936891555786,0.2709883153438568,44.68891201856229,int,16,0.998936891555786,0.2709883153438568,341,0.3,E7_trainfrac
97,15,addition,pre_grok,200,0.998936891555786,0.2709883153438568,44.68891201856229,int,23,0.998936891555786,0.2709883153438568,341,0.3,E7_trainfrac
97,15,addition,cleaned_up,12000,1.0,0.3563078939914703,40.457957439202026,int,2,0.0074415309354662,0.0109306210651993,341,0.3,E7_trainfrac
97,15,addition,cleaned_up,12000,1.0,0.3563078939914703,40.457957439202026,int,3,0.1094968095421791,0.0520722642540931,341,0.3,E7_trainfrac
97,15,addition,cleaned_up,12000,1.0,0.3563078939914703,40.457957439202026,int,4,0.5634301900863647,0.2146652489900589,341,0.3,E7_trainfrac
97,15,addition,cleaned_up,12000,1.0,0.3563078939914703,40.457957439202026,int,5,0.9720056653022766,0.3456808924674988,341,0.3,E7_trainfrac
97,15,addition,cleaned_up,12000,1.0,0.3563078939914703,40.457957439202026,int,6,0.9996456503868104,0.3567633330821991,341,0.3,E7_trainfrac
97,15,addition,cleaned_up,12000,1.0,0.3563078939914703,40.457957439202026,int,8,1.0,0.3572187721729278,341,0.3,E7_trainfrac
97,15,addition,cleaned_up,12000,1.0,0.3563078939914703,40.457957439202026,int,10,1.0,0.3563078939914703,341,0.3,E7_trainfrac
97,15,addition,cleaned_up,12000,1.0,0.3563078939914703,40.457957439202026,int,12,1.0,0.356156051158905,341,0.3,E7_trainfrac
97,15,addition,cleaned_up,12000,1.0,0.3563078939914703,40.457957439202026,int,16,1.0,0.3563078939914703,341,0.3,E7_trainfrac
97,15,addition,cleaned_up,12000,1.0,0.3563078939914703,40.457957439202026,int,23,1.0,0.3563078939914703,341,0.3,E7_trainfrac
97,16,addition,just_grokked,4550,1.0,0.9078487753868104,31.914899716549147,int,2,0.0099220406264066,0.0107788071036338,341,0.3,E7_trainfrac
97,16,addition,just_grokked,4550,1.0,0.9078487753868104,31.914899716549147,int,3,0.1814316064119339,0.1428571492433548,341,0.3,E7_trainfrac
97,16,addition,just_grokked,4550,1.0,0.9078487753868104,31.914899716549147,int,4,0.7682494521141052,0.6244117021560669,341,0.3,E7_trainfrac
97,16,addition,just_grokked,4550,1.0,0.9078487753868104,31.914899716549147,int,5,0.9922040700912476,0.8554729223251343,341,0.3,E7_trainfrac
97,16,addition,just_grokked,4550,1.0,0.9078487753868104,31.914899716549147,int,6,1.0,0.8961591124534607,341,0.3,E7_trainfrac
97,16,addition,just_grokked,4550,1.0,0.9078487753868104,31.914899716549147,int,8,1.0,0.9072415232658386,341,0.3,E7_trainfrac
97,16,addition,just_grokked,4550,1.0,0.9078487753868104,31.914899716549147,int,10,1.0,0.9075451493263244,341,0.3,E7_trainfrac
97,16,addition,just_grokked,4550,1.0,0.9078487753868104,31.914899716549147,int,12,1.0,0.908152401447296,341,0.3,E7_trainfrac
97,16,addition,just_grokked,4550,1.0,0.9078487753868104,31.914899716549147,int,16,1.0,0.9078487753868104,341,0.3,E7_trainfrac
97,16,addition,just_grokked,4550,1.0,0.9078487753868104,31.914899716549147,int,23,1.0,0.9078487753868104,341,0.3,E7_trainfrac
97,16,addition,post_grok_500,5050,1.0,0.9574920535087584,28.349316724317305,int,2,0.0134656270965933,0.0118415057659149,341,0.3,E7_trainfrac
97,16,addition,post_grok_500,5050,1.0,0.9574920535087584,28.349316724317305,int,3,0.1495393365621566,0.1284347921609878,341,0.3,E7_trainfrac
97,16,addition,post_grok_500,5050,1.0,0.9574920535087584,28.349316724317305,int,4,0.8199858069419861,0.7331106662750244,341,0.3,E7_trainfrac
97,16,addition,post_grok_500,5050,1.0,0.9574920535087584,28.349316724317305,int,5,0.9950389862060548,0.9300136566162108,341,0.3,E7_trainfrac
97,16,addition,post_grok_500,5050,1.0,0.9574920535087584,28.349316724317305,int,6,1.0,0.9521785378456116,341,0.3,E7_trainfrac
97,16,addition,post_grok_500,5050,1.0,0.9574920535087584,28.349316724317305,int,8,1.0,0.9558220505714417,341,0.3,E7_trainfrac
97,16,addition,post_grok_500,5050,1.0,0.9574920535087584,28.349316724317305,int,10,1.0,0.9576438665390016,341,0.3,E7_trainfrac
97,16,addition,post_grok_500,5050,1.0,0.9574920535087584,28.349316724317305,int,12,1.0,0.9574920535087584,341,0.3,E7_trainfrac
97,16,addition,post_grok_500,5050,1.0,0.9574920535087584,28.349316724317305,int,16,1.0,0.9574920535087584,341,0.3,E7_trainfrac
97,16,addition,post_grok_500,5050,1.0,0.9574920535087584,28.349316724317305,int,23,1.0,0.9574920535087584,341,0.3,E7_trainfrac
97,16,addition,post_grok_1500,6050,1.0,0.9767724275588988,26.05046418832612,int,2,0.00850460678339,0.007287080399692,341,0.3,E7_trainfrac
97,16,addition,post_grok_1500,6050,1.0,0.9767724275588988,26.05046418832612,int,3,0.1374911367893219,0.1255503296852111,341,0.3,E7_trainfrac
97,16,addition,post_grok_1500,6050,1.0,0.9767724275588988,26.05046418832612,int,4,0.8086463212966919,0.7633216977119446,341,0.3,E7_trainfrac
97,16,addition,post_grok_1500,6050,1.0,0.9767724275588988,26.05046418832612,int,5,0.9900779724121094,0.9547593593597412,341,0.3,E7_trainfrac
97,16,addition,post_grok_1500,6050,1.0,0.9767724275588988,26.05046418832612,int,6,1.0,0.9738879799842834,341,0.3,E7_trainfrac
97,16,addition,post_grok_1500,6050,1.0,0.9767724275588988,26.05046418832612,int,8,1.0,0.9770760536193848,341,0.3,E7_trainfrac
97,16,addition,post_grok_1500,6050,1.0,0.9767724275588988,26.05046418832612,int,10,1.0,0.9764688014984132,341,0.3,E7_trainfrac
97,16,addition,post_grok_1500,6050,1.0,0.9767724275588988,26.05046418832612,int,12,1.0,0.976620614528656,341,0.3,E7_trainfrac
97,16,addition,post_grok_1500,6050,1.0,0.9767724275588988,26.05046418832612,int,16,1.0,0.9769242405891418,341,0.3,E7_trainfrac
97,16,addition,post_grok_1500,6050,1.0,0.9767724275588988,26.05046418832612,int,23,1.0,0.9767724275588988,341,0.3,E7_trainfrac
97,16,addition,post_grok_4000,8550,1.0,0.9863367080688475,29.31036071860577,int,2,0.0113394754007458,0.0101715503260493,341,0.3,E7_trainfrac
97,16,addition,post_grok_4000,8550,1.0,0.9863367080688475,29.31036071860577,int,3,0.0124025512486696,0.0068316380493342,341,0.3,E7_trainfrac
97,16,addition,post_grok_4000,8550,1.0,0.9863367080688475,29.31036071860577,int,4,0.3610914051532745,0.326400488615036,341,0.3,E7_trainfrac
97,16,addition,post_grok_4000,8550,1.0,0.9863367080688475,29.31036071860577,int,5,0.9975194931030272,0.9813268780708312,341,0.3,E7_trainfrac
97,16,addition,post_grok_4000,8550,1.0,0.9863367080688475,29.31036071860577,int,6,1.0,0.9849703907966614,341,0.3,E7_trainfrac
97,16,addition,post_grok_4000,8550,1.0,0.9863367080688475,29.31036071860577,int,8,1.0,0.9864885210990906,341,0.3,E7_trainfrac
97,16,addition,post_grok_4000,8550,1.0,0.9863367080688475,29.31036071860577,int,10,1.0,0.9863367080688475,341,0.3,E7_trainfrac
97,16,addition,post_grok_4000,8550,1.0,0.9863367080688475,29.31036071860577,int,12,1.0,0.9863367080688475,341,0.3,E7_trainfrac
97,16,addition,post_grok_4000,8550,1.0,0.9863367080688475,29.31036071860577,int,16,1.0,0.9863367080688475,341,0.3,E7_trainfrac
97,16,addition,post_grok_4000,8550,1.0,0.9863367080688475,29.31036071860577,int,23,1.0,0.9863367080688475,341,0.3,E7_trainfrac
97,16,addition,cleaned_up,30000,1.0,0.9898284673690796,41.735472184486746,int,2,0.0113394754007458,0.0100197354331612,341,0.3,E7_trainfrac
97,16,addition,cleaned_up,30000,1.0,0.9898284673690796,41.735472184486746,int,3,0.0326009914278984,0.027174737304449,341,0.3,E7_trainfrac
97,16,addition,cleaned_up,30000,1.0,0.9898284673690796,41.735472184486746,int,4,0.268958181142807,0.2515560984611511,341,0.3,E7_trainfrac
97,16,addition,cleaned_up,30000,1.0,0.9898284673690796,41.735472184486746,int,5,0.9759036302566528,0.9611355662345886,341,0.3,E7_trainfrac
97,16,addition,cleaned_up,30000,1.0,0.9898284673690796,41.735472184486746,int,6,1.0,0.9896766543388368,341,0.3,E7_trainfrac
97,16,addition,cleaned_up,30000,1.0,0.9898284673690796,41.735472184486746,int,8,1.0,0.9898284673690796,341,0.3,E7_trainfrac
97,16,addition,cleaned_up,30000,1.0,0.9898284673690796,41.735472184486746,int,10,1.0,0.9898284673690796,341,0.3,E7_trainfrac
97,16,addition,cleaned_up,30000,1.0,0.9898284673690796,41.735472184486746,int,12,1.0,0.9898284673690796,341,0.3,E7_trainfrac
97,16,addition,cleaned_up,30000,1.0,0.9898284673690796,41.735472184486746,int,16,1.0,0.9898284673690796,341,0.3,E7_trainfrac
97,16,addition,cleaned_up,30000,1.0,0.9898284673690796,41.735472184486746,int,23,1.0,0.9898284673690796,341,0.3,E7_trainfrac
97,17,addition,pre_grok,200,1.0,0.2547442018985748,45.34889773771543,int,2,0.0613040402531623,0.0185213293880224,341,0.3,E7_trainfrac
97,17,addition,pre_grok,200,1.0,0.2547442018985748,45.34889773771543,int,3,0.475194901227951,0.1155305877327919,341,0.3,E7_trainfrac
97,17,addition,pre_grok,200,1.0,0.2547442018985748,45.34889773771543,int,4,0.8302622437477112,0.2052527666091919,341,0.3,E7_trainfrac
97,17,addition,pre_grok,200,1.0,0.2547442018985748,45.34889773771543,int,5,0.9890148639678956,0.2451799064874649,341,0.3,E7_trainfrac
97,17,addition,pre_grok,200,1.0,0.2547442018985748,45.34889773771543,int,6,0.998936891555786,0.251707911491394,341,0.3,E7_trainfrac
97,17,addition,pre_grok,200,1.0,0.2547442018985748,45.34889773771543,int,8,1.0,0.2548960149288177,341,0.3,E7_trainfrac
97,17,addition,pre_grok,200,1.0,0.2547442018985748,45.34889773771543,int,10,1.0,0.2550478279590606,341,0.3,E7_trainfrac
97,17,addition,pre_grok,200,1.0,0.2547442018985748,45.34889773771543,int,12,1.0,0.2547442018985748,341,0.3,E7_trainfrac
97,17,addition,pre_grok,200,1.0,0.2547442018985748,45.34889773771543,int,16,1.0,0.2547442018985748,341,0.3,E7_trainfrac
97,17,addition,pre_grok,200,1.0,0.2547442018985748,45.34889773771543,int,23,1.0,0.2547442018985748,341,0.3,E7_trainfrac
97,17,addition,cleaned_up,12000,1.0,0.3250341713428497,40.07606606353529,int,2,0.0155917787924408,0.0110824350267648,341,0.3,E7_trainfrac
97,17,addition,cleaned_up,12000,1.0,0.3250341713428497,40.07606606353529,int,3,0.2048192769289016,0.0793988183140754,341,0.3,E7_trainfrac
97,17,addition,cleaned_up,12000,1.0,0.3250341713428497,40.07606606353529,int,4,0.7827781438827515,0.254440575838089,341,0.3,E7_trainfrac
97,17,addition,cleaned_up,12000,1.0,0.3250341713428497,40.07606606353529,int,5,0.995747685432434,0.3245787024497986,341,0.3,E7_trainfrac
97,17,addition,cleaned_up,12000,1.0,0.3250341713428497,40.07606606353529,int,6,1.0,0.3265523016452789,341,0.3,E7_trainfrac
97,17,addition,cleaned_up,12000,1.0,0.3250341713428497,40.07606606353529,int,8,1.0,0.3259450495243072,341,0.3,E7_trainfrac
97,17,addition,cleaned_up,12000,1.0,0.3250341713428497,40.07606606353529,int,10,1.0,0.3247305452823639,341,0.3,E7_trainfrac
97,17,addition,cleaned_up,12000,1.0,0.3250341713428497,40.07606606353529,int,12,1.0,0.3250341713428497,341,0.3,E7_trainfrac
97,17,addition,cleaned_up,12000,1.0,0.3250341713428497,40.07606606353529,int,16,1.0,0.3250341713428497,341,0.3,E7_trainfrac
97,17,addition,cleaned_up,12000,1.0,0.3250341713428497,40.07606606353529,int,23,1.0,0.3250341713428497,341,0.3,E7_trainfrac
97,18,addition,pre_grok,200,1.0,0.2667375206947326,43.85833219587028,int,2,0.0627214759588241,0.0312737226486206,341,0.3,E7_trainfrac
97,18,addition,pre_grok,200,1.0,0.2667375206947326,43.85833219587028,int,3,0.467399001121521,0.1379990875720977,341,0.3,E7_trainfrac
97,18,addition,pre_grok,200,1.0,0.2667375206947326,43.85833219587028,int,4,0.8554216623306274,0.2199787497520446,341,0.3,E7_trainfrac
97,18,addition,pre_grok,200,1.0,0.2667375206947326,43.85833219587028,int,5,0.9833451509475708,0.2565659582614898,341,0.3,E7_trainfrac
97,18,addition,pre_grok,200,1.0,0.2667375206947326,43.85833219587028,int,6,1.0,0.263397604227066,341,0.3,E7_trainfrac
97,18,addition,pre_grok,200,1.0,0.2667375206947326,43.85833219587028,int,8,1.0,0.2662820816040039,341,0.3,E7_trainfrac
97,18,addition,pre_grok,200,1.0,0.2667375206947326,43.85833219587028,int,10,1.0,0.2668893337249756,341,0.3,E7_trainfrac
97,18,addition,pre_grok,200,1.0,0.2667375206947326,43.85833219587028,int,12,1.0,0.2667375206947326,341,0.3,E7_trainfrac
97,18,addition,pre_grok,200,1.0,0.2667375206947326,43.85833219587028,int,16,1.0,0.2667375206947326,341,0.3,E7_trainfrac
97,18,addition,pre_grok,200,1.0,0.2667375206947326,43.85833219587028,int,23,1.0,0.2667375206947326,341,0.3,E7_trainfrac
97,18,addition,just_grokked,4950,1.0,0.9184758067131042,30.31257991976869,int,2,0.0145287029445171,0.0148777896538376,341,0.3,E7_trainfrac
97,18,addition,just_grokked,4950,1.0,0.9184758067131042,30.31257991976869,int,3,0.2785258591175079,0.2385000735521316,341,0.3,E7_trainfrac
97,18,addition,just_grokked,4950,1.0,0.9184758067131042,30.31257991976869,int,4,0.7700212597846985,0.6537118554115295,341,0.3,E7_trainfrac
97,18,addition,just_grokked,4950,1.0,0.9184758067131042,30.31257991976869,int,5,0.9783841371536256,0.848944902420044,341,0.3,E7_trainfrac
97,18,addition,just_grokked,4950,1.0,0.9184758067131042,30.31257991976869,int,6,0.9992912411689758,0.904812514781952,341,0.3,E7_trainfrac
97,18,addition,just_grokked,4950,1.0,0.9184758067131042,30.31257991976869,int,8,1.0,0.9146804213523864,341,0.3,E7_trainfrac
97,18,addition,just_grokked,4950,1.0,0.9184758067131042,30.31257991976869,int,10,1.0,0.9186276197433472,341,0.3,E7_trainfrac
97,18,addition,just_grokked,4950,1.0,0.9184758067131042,30.31257991976869,int,12,1.0,0.9183239936828612,341,0.3,E7_trainfrac
97,18,addition,just_grokked,4950,1.0,0.9184758067131042,30.31257991976869,int,16,1.0,0.9184758067131042,341,0.3,E7_trainfrac
97,18,addition,just_grokked,4950,1.0,0.9184758067131042,30.31257991976869,int,23,1.0,0.9184758067131042,341,0.3,E7_trainfrac
97,18,addition,post_grok_500,5450,1.0,0.9886139631271362,29.685594634097924,int,2,0.0134656270965933,0.0132078332826495,341,0.3,E7_trainfrac
97,18,addition,post_grok_500,5450,1.0,0.9886139631271362,29.685594634097924,int,3,0.2239546328783035,0.2240777313709259,341,0.3,E7_trainfrac
97,18,addition,post_grok_500,5450,1.0,0.9886139631271362,29.685594634097924,int,4,0.683203399181366,0.6613025665283203,341,0.3,E7_trainfrac
97,18,addition,post_grok_500,5450,1.0,0.9886139631271362,29.685594634097924,int,5,0.9943302273750304,0.9716107249259948,341,0.3,E7_trainfrac
97,18,addition,post_grok_500,5450,1.0,0.9886139631271362,29.685594634097924,int,6,1.0,0.9866403341293336,341,0.3,E7_trainfrac
97,18,addition,post_grok_500,5450,1.0,0.9886139631271362,29.685594634097924,int,8,1.0,0.987399399280548,341,0.3,E7_trainfrac
97,18,addition,post_grok_500,5450,1.0,0.9886139631271362,29.685594634097924,int,10,1.0,0.9887657761573792,341,0.3,E7_trainfrac
97,18,addition,post_grok_500,5450,1.0,0.9886139631271362,29.685594634097924,int,12,1.0,0.9886139631271362,341,0.3,E7_trainfrac
97,18,addition,post_grok_500,5450,1.0,0.9886139631271362,29.685594634097924,int,16,1.0,0.9886139631271362,341,0.3,E7_trainfrac
97,18,addition,post_grok_500,5450,1.0,0.9886139631271362,29.685594634097924,int,23,1.0,0.9886139631271362,341,0.3,E7_trainfrac
97,18,addition,post_grok_1500,6450,1.0,0.9942310452461244,29.11749558097732,int,2,0.0113394754007458,0.0097161075100302,341,0.3,E7_trainfrac
97,18,addition,post_grok_1500,6450,1.0,0.9942310452461244,29.11749558097732,int,3,0.2321048825979232,0.2222559601068496,341,0.3,E7_trainfrac
97,18,addition,post_grok_1500,6450,1.0,0.9942310452461244,29.11749558097732,int,4,0.7873848080635071,0.789585530757904,341,0.3,E7_trainfrac
97,18,addition,post_grok_1500,6450,1.0,0.9942310452461244,29.11749558097732,int,5,0.9868887066841124,0.9807196259498596,341,0.3,E7_trainfrac
97,18,addition,post_grok_1500,6450,1.0,0.9942310452461244,29.11749558097732,int,6,1.0,0.9940792322158812,341,0.3,E7_trainfrac
97,18,addition,post_grok_1500,6450,1.0,0.9942310452461244,29.11749558097732,int,8,1.0,0.9942310452461244,341,0.3,E7_trainfrac
97,18,addition,post_grok_1500,6450,1.0,0.9942310452461244,29.11749558097732,int,10,1.0,0.9940792322158812,341,0.3,E7_trainfrac
97,18,addition,post_grok_1500,6450,1.0,0.9942310452461244,29.11749558097732,int,12,1.0,0.9942310452461244,341,0.3,E7_trainfrac
97,18,addition,post_grok_1500,6450,1.0,0.9942310452461244,29.11749558097732,int,16,1.0,0.9942310452461244,341,0.3,E7_trainfrac
97,18,addition,post_grok_1500,6450,1.0,0.9942310452461244,29.11749558097732,int,23,1.0,0.9942310452461244,341,0.3,E7_trainfrac
97,18,addition,post_grok_4000,8950,1.0,0.994686484336853,36.71599750023013,int,2,0.0099220406264066,0.013056019321084,341,0.3,E7_trainfrac
97,18,addition,post_grok_4000,8950,1.0,0.994686484336853,36.71599750023013,int,3,0.0818568393588066,0.0903294384479522,341,0.3,E7_trainfrac
97,18,addition,post_grok_4000,8950,1.0,0.994686484336853,36.71599750023013,int,4,0.4865343570709228,0.4933960735797882,341,0.3,E7_trainfrac
97,18,addition,post_grok_4000,8950,1.0,0.994686484336853,36.71599750023013,int,5,0.9865343570709229,0.976620614528656,341,0.3,E7_trainfrac
97,18,addition,post_grok_4000,8950,1.0,0.994686484336853,36.71599750023013,int,6,0.998936891555786,0.9939274191856384,341,0.3,E7_trainfrac
97,18,addition,post_grok_4000,8950,1.0,0.994686484336853,36.71599750023013,int,8,1.0,0.994686484336853,341,0.3,E7_trainfrac
97,18,addition,post_grok_4000,8950,1.0,0.994686484336853,36.71599750023013,int,10,1.0,0.994686484336853,341,0.3,E7_trainfrac
97,18,addition,post_grok_4000,8950,1.0,0.994686484336853,36.71599750023013,int,12,1.0,0.994686484336853,341,0.3,E7_trainfrac
97,18,addition,post_grok_4000,8950,1.0,0.994686484336853,36.71599750023013,int,16,1.0,0.994686484336853,341,0.3,E7_trainfrac
97,18,addition,post_grok_4000,8950,1.0,0.994686484336853,36.71599750023013,int,23,1.0,0.994686484336853,341,0.3,E7_trainfrac
97,18,addition,cleaned_up,30000,1.0,0.99453467130661,28.174795827658937,int,2,0.0049610203132033,0.006528009660542,341,0.3,E7_trainfrac
97,18,addition,cleaned_up,30000,1.0,0.99453467130661,28.174795827658937,int,3,0.0184266474097967,0.0232275687158107,341,0.3,E7_trainfrac
97,18,addition,cleaned_up,30000,1.0,0.99453467130661,28.174795827658937,int,4,0.2030474841594696,0.2013055980205536,341,0.3,E7_trainfrac
97,18,addition,cleaned_up,30000,1.0,0.99453467130661,28.174795827658937,int,5,0.409992903470993,0.4050402343273163,341,0.3,E7_trainfrac
97,18,addition,cleaned_up,30000,1.0,0.99453467130661,28.174795827658937,int,6,0.9581856727600098,0.942158818244934,341,0.3,E7_trainfrac
97,18,addition,cleaned_up,30000,1.0,0.99453467130661,28.174795827658937,int,8,1.0,0.99453467130661,341,0.3,E7_trainfrac
97,18,addition,cleaned_up,30000,1.0,0.99453467130661,28.174795827658937,int,10,1.0,0.99453467130661,341,0.3,E7_trainfrac
97,18,addition,cleaned_up,30000,1.0,0.99453467130661,28.174795827658937,int,12,1.0,0.99453467130661,341,0.3,E7_trainfrac
97,18,addition,cleaned_up,30000,1.0,0.99453467130661,28.174795827658937,int,16,1.0,0.99453467130661,341,0.3,E7_trainfrac
97,18,addition,cleaned_up,30000,1.0,0.99453467130661,28.174795827658937,int,23,1.0,0.99453467130661,341,0.3,E7_trainfrac
97,19,addition,pre_grok,200,1.0,0.2278730869293213,45.04045832010335,int,2,0.0538625083863735,0.0204949136823415,341,0.3,E7_trainfrac
97,19,addition,pre_grok,200,1.0,0.2278730869293213,45.04045832010335,int,3,0.5265768766403198,0.1146197021007537,341,0.3,E7_trainfrac
97,19,addition,pre_grok,200,1.0,0.2278730869293213,45.04045832010335,int,4,0.8986534476280212,0.184302419424057,341,0.3,E7_trainfrac
97,19,addition,pre_grok,200,1.0,0.2278730869293213,45.04045832010335,int,5,0.994684636592865,0.2172460854053497,341,0.3,E7_trainfrac
97,19,addition,pre_grok,200,1.0,0.2278730869293213,45.04045832010335,int,6,1.0,0.2258995026350021,341,0.3,E7_trainfrac
97,19,addition,pre_grok,200,1.0,0.2278730869293213,45.04045832010335,int,8,1.0,0.2280248999595642,341,0.3,E7_trainfrac
97,19,addition,pre_grok,200,1.0,0.2278730869293213,45.04045832010335,int,10,1.0,0.22832852602005,341,0.3,E7_trainfrac
97,19,addition,pre_grok,200,1.0,0.2278730869293213,45.04045832010335,int,12,1.0,0.2278730869293213,341,0.3,E7_trainfrac
97,19,addition,pre_grok,200,1.0,0.2278730869293213,45.04045832010335,int,16,1.0,0.2278730869293213,341,0.3,E7_trainfrac
97,19,addition,pre_grok,200,1.0,0.2278730869293213,45.04045832010335,int,23,1.0,0.2278730869293213,341,0.3,E7_trainfrac
97,19,addition,just_grokked,8900,1.0,0.911795973777771,32.915407759499054,int,2,0.0102763995528221,0.0095642935484647,341,0.3,E7_trainfrac
97,19,addition,just_grokked,8900,1.0,0.911795973777771,32.915407759499054,int,3,0.1509567648172378,0.1190223172307014,341,0.3,E7_trainfrac
97,19,addition,just_grokked,8900,1.0,0.911795973777771,32.915407759499054,int,4,0.8926293253898621,0.7378169298171997,341,0.3,E7_trainfrac
97,19,addition,just_grokked,8900,1.0,0.911795973777771,32.915407759499054,int,5,0.998936891555786,0.8814331293106079,341,0.3,E7_trainfrac
97,19,addition,just_grokked,8900,1.0,0.911795973777771,32.915407759499054,int,6,1.0,0.8985881209373474,341,0.3,E7_trainfrac
97,19,addition,just_grokked,8900,1.0,0.911795973777771,32.915407759499054,int,8,1.0,0.9105814695358276,341,0.3,E7_trainfrac
97,19,addition,just_grokked,8900,1.0,0.911795973777771,32.915407759499054,int,10,1.0,0.9128586649894714,341,0.3,E7_trainfrac
97,19,addition,just_grokked,8900,1.0,0.911795973777771,32.915407759499054,int,12,1.0,0.911644160747528,341,0.3,E7_trainfrac
97,19,addition,just_grokked,8900,1.0,0.911795973777771,32.915407759499054,int,16,1.0,0.911795973777771,341,0.3,E7_trainfrac
97,19,addition,just_grokked,8900,1.0,0.911795973777771,32.915407759499054,int,23,1.0,0.911795973777771,341,0.3,E7_trainfrac
97,19,addition,post_grok_500,9400,1.0,0.9740397930145264,30.58807519918292,int,2,0.0102763995528221,0.0089570367708802,341,0.3,E7_trainfrac
97,19,addition,post_grok_500,9400,1.0,0.9740397930145264,30.58807519918292,int,3,0.167611613869667,0.158645823597908,341,0.3,E7_trainfrac
97,19,addition,post_grok_500,9400,1.0,0.9740397930145264,30.58807519918292,int,4,0.7834869027137756,0.7118566632270813,341,0.3,E7_trainfrac
97,19,addition,post_grok_500,9400,1.0,0.9740397930145264,30.58807519918292,int,5,0.9992912411689758,0.9684226512908936,341,0.3,E7_trainfrac
97,19,addition,post_grok_500,9400,1.0,0.9740397930145264,30.58807519918292,int,6,1.0,0.9716107249259948,341,0.3,E7_trainfrac
97,19,addition,post_grok_500,9400,1.0,0.9740397930145264,30.58807519918292,int,8,1.0,0.9741916060447692,341,0.3,E7_trainfrac
97,19,addition,post_grok_500,9400,1.0,0.9740397930145264,30.58807519918292,int,10,1.0,0.9740397930145264,341,0.3,E7_trainfrac
97,19,addition,post_grok_500,9400,1.0,0.9740397930145264,30.58807519918292,int,12,1.0,0.9740397930145264,341,0.3,E7_trainfrac
97,19,addition,post_grok_500,9400,1.0,0.9740397930145264,30.58807519918292,int,16,1.0,0.9740397930145264,341,0.3,E7_trainfrac
97,19,addition,post_grok_500,9400,1.0,0.9740397930145264,30.58807519918292,int,23,1.0,0.9740397930145264,341,0.3,E7_trainfrac
97,19,addition,post_grok_1500,10400,1.0,0.9901320934295654,29.27177897698503,int,2,0.0092133237048983,0.0088052228093147,341,0.3,E7_trainfrac
97,19,addition,post_grok_1500,10400,1.0,0.9901320934295654,29.27177897698503,int,3,0.187101349234581,0.1798997968435287,341,0.3,E7_trainfrac
97,19,addition,post_grok_1500,10400,1.0,0.9901320934295654,29.27177897698503,int,4,0.9245216250419616,0.9004098773002625,341,0.3,E7_trainfrac
97,19,addition,post_grok_1500,10400,1.0,0.9901320934295654,29.27177897698503,int,5,0.9996456503868104,0.9886139631271362,341,0.3,E7_trainfrac
97,19,addition,post_grok_1500,10400,1.0,0.9901320934295654,29.27177897698503,int,6,1.0,0.9896766543388368,341,0.3,E7_trainfrac
97,19,addition,post_grok_1500,10400,1.0,0.9901320934295654,29.27177897698503,int,8,1.0,0.9902839064598083,341,0.3,E7_trainfrac
97,19,addition,post_grok_1500,10400,1.0,0.9901320934295654,29.27177897698503,int,10,1.0,0.9901320934295654,341,0.3,E7_trainfrac
97,19,addition,post_grok_1500,10400,1.0,0.9901320934295654,29.27177897698503,int,12,1.0,0.9901320934295654,341,0.3,E7_trainfrac
97,19,addition,post_grok_1500,10400,1.0,0.9901320934295654,29.27177897698503,int,16,1.0,0.9901320934295654,341,0.3,E7_trainfrac
97,19,addition,post_grok_1500,10400,1.0,0.9901320934295654,29.27177897698503,int,23,1.0,0.9901320934295654,341,0.3,E7_trainfrac
97,19,addition,post_grok_4000,12900,0.9961020350456238,0.9804159998893738,33.847642399982625,int,2,0.012756910175085,0.0094124795868992,341,0.3,E7_trainfrac
97,19,addition,post_grok_4000,12900,0.9961020350456238,0.9804159998893738,33.847642399982625,int,3,0.004252303391695,0.0019735842943191,341,0.3,E7_trainfrac
97,19,addition,post_grok_4000,12900,0.9961020350456238,0.9804159998893738,33.847642399982625,int,4,0.6155208945274353,0.5952634215354919,341,0.3,E7_trainfrac
97,19,addition,post_grok_4000,12900,0.9961020350456238,0.9804159998893738,33.847642399982625,int,5,0.9911410212516784,0.9741916060447692,341,0.3,E7_trainfrac
97,19,addition,post_grok_4000,12900,0.9961020350456238,0.9804159998893738,33.847642399982625,int,6,0.9968107342720032,0.9799605011940002,341,0.3,E7_trainfrac
97,19,addition,post_grok_4000,12900,0.9961020350456238,0.9804159998893738,33.847642399982625,int,8,0.9953933358192444,0.9810232520103456,341,0.3,E7_trainfrac
97,19,addition,post_grok_4000,12900,0.9961020350456238,0.9804159998893738,33.847642399982625,int,10,0.995747685432434,0.9807196259498596,341,0.3,E7_trainfrac
97,19,addition,post_grok_4000,12900,0.9961020350456238,0.9804159998893738,33.847642399982625,int,12,0.9961020350456238,0.9804159998893738,341,0.3,E7_trainfrac
97,19,addition,post_grok_4000,12900,0.9961020350456238,0.9804159998893738,33.847642399982625,int,16,0.9961020350456238,0.9804159998893738,341,0.3,E7_trainfrac
97,19,addition,post_grok_4000,12900,0.9961020350456238,0.9804159998893738,33.847642399982625,int,23,0.9961020350456238,0.9804159998893738,341,0.3,E7_trainfrac
97,19,addition,cleaned_up,30000,1.0,0.9869439601898192,39.574751002684486,int,2,0.0106307584792375,0.0089570367708802,341,0.3,E7_trainfrac
97,19,addition,cleaned_up,30000,1.0,0.9869439601898192,39.574751002684486,int,3,0.0131112681701779,0.0097161075100302,341,0.3,E7_trainfrac
97,19,addition,cleaned_up,30000,1.0,0.9869439601898192,39.574751002684486,int,4,0.0492558479309082,0.0438742972910404,341,0.3,E7_trainfrac
97,19,addition,cleaned_up,30000,1.0,0.9869439601898192,39.574751002684486,int,5,0.964209794998169,0.9429178833961488,341,0.3,E7_trainfrac
97,19,addition,cleaned_up,30000,1.0,0.9869439601898192,39.574751002684486,int,6,0.9982281923294068,0.97267347574234,341,0.3,E7_trainfrac
97,19,addition,cleaned_up,30000,1.0,0.9869439601898192,39.574751002684486,int,8,1.0,0.9861848950386048,341,0.3,E7_trainfrac
97,19,addition,cleaned_up,30000,1.0,0.9869439601898192,39.574751002684486,int,10,1.0,0.9867921471595764,341,0.3,E7_trainfrac
97,19,addition,cleaned_up,30000,1.0,0.9869439601898192,39.574751002684486,int,12,1.0,0.9869439601898192,341,0.3,E7_trainfrac
97,19,addition,cleaned_up,30000,1.0,0.9869439601898192,39.574751002684486,int,16,1.0,0.9869439601898192,341,0.3,E7_trainfrac
97,19,addition,cleaned_up,30000,1.0,0.9869439601898192,39.574751002684486,int,23,1.0,0.9869439601898192,341,0.3,E7_trainfrac
97,0,addition,just_grokked,1850,1.0,0.90240877866745,32.69213878400244,int,2,0.0159447249025106,0.0109812254086136,341,0.4,E7_trainfrac
97,0,addition,just_grokked,1850,1.0,0.90240877866745,32.69213878400244,int,3,0.1772521883249282,0.1411618888378143,341,0.4,E7_trainfrac
97,0,addition,just_grokked,1850,1.0,0.90240877866745,32.69213878400244,int,4,0.5437151193618774,0.44155153632164,341,0.4,E7_trainfrac
97,0,addition,just_grokked,1850,1.0,0.90240877866745,32.69213878400244,int,5,0.886260986328125,0.7318455576896667,341,0.4,E7_trainfrac
97,0,addition,just_grokked,1850,1.0,0.90240877866745,32.69213878400244,int,6,0.9978740215301514,0.8783209323883057,341,0.4,E7_trainfrac
97,0,addition,just_grokked,1850,1.0,0.90240877866745,32.69213878400244,int,8,1.0,0.9004604816436768,341,0.4,E7_trainfrac
97,0,addition,just_grokked,1850,1.0,0.90240877866745,32.69213878400244,int,10,1.0,0.9032943844795228,341,0.4,E7_trainfrac
97,0,addition,just_grokked,1850,1.0,0.90240877866745,32.69213878400244,int,12,1.0,0.9029401540756226,341,0.4,E7_trainfrac
97,0,addition,just_grokked,1850,1.0,0.90240877866745,32.69213878400244,int,16,1.0,0.90240877866745,341,0.4,E7_trainfrac
97,0,addition,just_grokked,1850,1.0,0.90240877866745,32.69213878400244,int,23,1.0,0.90240877866745,341,0.4,E7_trainfrac
97,0,addition,post_grok_500,2350,1.0,0.9447396397590636,29.90467849476984,int,2,0.0103640714660286,0.0106269922107458,341,0.4,E7_trainfrac
97,0,addition,post_grok_500,2350,1.0,0.9447396397590636,29.90467849476984,int,3,0.1182567104697227,0.1091037914156913,341,0.4,E7_trainfrac
97,0,addition,post_grok_500,2350,1.0,0.9447396397590636,29.90467849476984,int,4,0.593409538269043,0.5118668079376221,341,0.4,E7_trainfrac
97,0,addition,post_grok_500,2350,1.0,0.9447396397590636,29.90467849476984,int,5,0.9338293671607972,0.8517534732818604,341,0.4,E7_trainfrac
97,0,addition,post_grok_500,2350,1.0,0.9447396397590636,29.90467849476984,int,6,0.9962795972824096,0.924548327922821,341,0.4,E7_trainfrac
97,0,addition,post_grok_500,2350,1.0,0.9447396397590636,29.90467849476984,int,8,1.0,0.9445624947547911,341,0.4,E7_trainfrac
97,0,addition,post_grok_500,2350,1.0,0.9447396397590636,29.90467849476984,int,10,1.0,0.9449167251586914,341,0.4,E7_trainfrac
97,0,addition,post_grok_500,2350,1.0,0.9447396397590636,29.90467849476984,int,12,1.0,0.9447396397590636,341,0.4,E7_trainfrac
97,0,addition,post_grok_500,2350,1.0,0.9447396397590636,29.90467849476984,int,16,1.0,0.9447396397590636,341,0.4,E7_trainfrac
97,0,addition,post_grok_500,2350,1.0,0.9447396397590636,29.90467849476984,int,23,1.0,0.9447396397590636,341,0.4,E7_trainfrac
97,0,addition,post_grok_1500,3350,1.0,0.9831739068031312,26.27145309735652,int,2,0.0061121447943151,0.0065533118322491,341,0.4,E7_trainfrac
97,0,addition,post_grok_1500,3350,1.0,0.9831739068031312,26.27145309735652,int,3,0.0967313349246978,0.0853701755404472,341,0.4,E7_trainfrac
97,0,addition,post_grok_1500,3350,1.0,0.9831739068031312,26.27145309735652,int,4,0.8437417149543762,0.8179242014884949,341,0.4,E7_trainfrac
97,0,addition,post_grok_1500,3350,1.0,0.9831739068031312,26.27145309735652,int,5,0.9952166080474854,0.97343248128891,341,0.4,E7_trainfrac
97,0,addition,post_grok_1500,3350,1.0,0.9831739068031312,26.27145309735652,int,6,0.9994685053825378,0.982819676399231,341,0.4,E7_trainfrac
97,0,addition,post_grok_1500,3350,1.0,0.9831739068031312,26.27145309735652,int,8,1.0,0.982819676399231,341,0.4,E7_trainfrac
97,0,addition,post_grok_1500,3350,1.0,0.9831739068031312,26.27145309735652,int,10,1.0,0.9833510518074036,341,0.4,E7_trainfrac
97,0,addition,post_grok_1500,3350,1.0,0.9831739068031312,26.27145309735652,int,12,1.0,0.9831739068031312,341,0.4,E7_trainfrac
97,0,addition,post_grok_1500,3350,1.0,0.9831739068031312,26.27145309735652,int,16,1.0,0.9831739068031312,341,0.4,E7_trainfrac
97,0,addition,post_grok_1500,3350,1.0,0.9831739068031312,26.27145309735652,int,23,1.0,0.9831739068031312,341,0.4,E7_trainfrac
97,0,addition,post_grok_4000,5850,1.0,0.9891958832740784,25.960046712152984,int,2,0.0108955623582005,0.0085015939548611,341,0.4,E7_trainfrac
97,0,addition,post_grok_4000,5850,1.0,0.9891958832740784,25.960046712152984,int,3,0.0693595558404922,0.0664186999201774,341,0.4,E7_trainfrac
97,0,addition,post_grok_4000,5850,1.0,0.9891958832740784,25.960046712152984,int,4,0.800956666469574,0.7725823521614075,341,0.4,E7_trainfrac
97,0,addition,post_grok_4000,5850,1.0,0.9891958832740784,25.960046712152984,int,5,0.9989370107650756,0.9874247312545776,341,0.4,E7_trainfrac
97,0,addition,post_grok_4000,5850,1.0,0.9891958832740784,25.960046712152984,int,6,1.0,0.9883102774620056,341,0.4,E7_trainfrac
97,0,addition,post_grok_4000,5850,1.0,0.9891958832740784,25.960046712152984,int,8,1.0,0.9891958832740784,341,0.4,E7_trainfrac
97,0,addition,post_grok_4000,5850,1.0,0.9891958832740784,25.960046712152984,int,10,1.0,0.9891958832740784,341,0.4,E7_trainfrac
97,0,addition,post_grok_4000,5850,1.0,0.9891958832740784,25.960046712152984,int,12,1.0,0.9891958832740784,341,0.4,E7_trainfrac
97,0,addition,post_grok_4000,5850,1.0,0.9891958832740784,25.960046712152984,int,16,1.0,0.9891958832740784,341,0.4,E7_trainfrac
97,0,addition,post_grok_4000,5850,1.0,0.9891958832740784,25.960046712152984,int,23,1.0,0.9891958832740784,341,0.4,E7_trainfrac
97,0,addition,cleaned_up,30000,1.0,0.988133192062378,47.57318447876549,int,2,0.0138187613338232,0.0122210411354899,341,0.4,E7_trainfrac
97,0,addition,cleaned_up,30000,1.0,0.988133192062378,47.57318447876549,int,3,0.0069093806669116,0.0067304284311831,341,0.4,E7_trainfrac
97,0,addition,cleaned_up,30000,1.0,0.988133192062378,47.57318447876549,int,4,0.243688553571701,0.230605736374855,341,0.4,E7_trainfrac
97,0,addition,cleaned_up,30000,1.0,0.988133192062378,47.57318447876549,int,5,0.6446983814239502,0.6232731342315674,341,0.4,E7_trainfrac
97,0,addition,cleaned_up,30000,1.0,0.988133192062378,47.57318447876549,int,6,1.0,0.9870705008506776,341,0.4,E7_trainfrac
97,0,addition,cleaned_up,30000,1.0,0.988133192062378,47.57318447876549,int,8,1.0,0.988133192062378,341,0.4,E7_trainfrac
97,0,addition,cleaned_up,30000,1.0,0.988133192062378,47.57318447876549,int,10,1.0,0.988133192062378,341,0.4,E7_trainfrac
97,0,addition,cleaned_up,30000,1.0,0.988133192062378,47.57318447876549,int,12,1.0,0.988133192062378,341,0.4,E7_trainfrac
97,0,addition,cleaned_up,30000,1.0,0.988133192062378,47.57318447876549,int,16,1.0,0.988133192062378,341,0.4,E7_trainfrac
97,0,addition,cleaned_up,30000,1.0,0.988133192062378,47.57318447876549,int,23,1.0,0.988133192062378,341,0.4,E7_trainfrac
97,1,addition,just_grokked,3050,1.0,0.9001062512397766,31.157528735275136,int,2,0.0100983260199427,0.00991852581501,341,0.4,E7_trainfrac
97,1,addition,just_grokked,3050,1.0,0.9001062512397766,31.157528735275136,int,3,0.1007175147533416,0.0846617072820663,341,0.4,E7_trainfrac
97,1,addition,just_grokked,3050,1.0,0.9001062512397766,31.157528735275136,int,4,0.8129152059555054,0.6771165132522583,341,0.4,E7_trainfrac
97,1,addition,just_grokked,3050,1.0,0.9001062512397766,31.157528735275136,int,5,0.994950830936432,0.8795607686042786,341,0.4,E7_trainfrac
97,1,addition,just_grokked,3050,1.0,0.9001062512397766,31.157528735275136,int,6,0.9997342824935912,0.8955012559890747,341,0.4,E7_trainfrac
97,1,addition,just_grokked,3050,1.0,0.9001062512397766,31.157528735275136,int,8,1.0,0.8979808688163757,341,0.4,E7_trainfrac
97,1,addition,just_grokked,3050,1.0,0.9001062512397766,31.157528735275136,int,10,1.0,0.8999291658401489,341,0.4,E7_trainfrac
97,1,addition,just_grokked,3050,1.0,0.9001062512397766,31.157528735275136,int,12,1.0,0.8999291658401489,341,0.4,E7_trainfrac
97,1,addition,just_grokked,3050,1.0,0.9001062512397766,31.157528735275136,int,16,1.0,0.9001062512397766,341,0.4,E7_trainfrac
97,1,addition,just_grokked,3050,1.0,0.9001062512397766,31.157528735275136,int,23,1.0,0.9001062512397766,341,0.4,E7_trainfrac
97,1,addition,post_grok_500,3550,1.0,0.9679418802261353,28.543744955945723,int,2,0.0114270532503724,0.0115125747397542,341,0.4,E7_trainfrac
97,1,addition,post_grok_500,3550,1.0,0.9679418802261353,28.543744955945723,int,3,0.1482859402894973,0.1462982594966888,341,0.4,E7_trainfrac
97,1,addition,post_grok_500,3550,1.0,0.9679418802261353,28.543744955945723,int,4,0.8533085584640503,0.7920651435852051,341,0.4,E7_trainfrac
97,1,addition,post_grok_500,3550,1.0,0.9679418802261353,28.543744955945723,int,5,0.9957481026649476,0.96103435754776,341,0.4,E7_trainfrac
97,1,addition,post_grok_500,3550,1.0,0.9679418802261353,28.543744955945723,int,6,1.0,0.9665249586105348,341,0.4,E7_trainfrac
97,1,addition,post_grok_500,3550,1.0,0.9679418802261353,28.543744955945723,int,8,1.0,0.9679418802261353,341,0.4,E7_trainfrac
97,1,addition,post_grok_500,3550,1.0,0.9679418802261353,28.543744955945723,int,10,1.0,0.9677647948265076,341,0.4,E7_trainfrac
97,1,addition,post_grok_500,3550,1.0,0.9679418802261353,28.543744955945723,int,12,1.0,0.9679418802261353,341,0.4,E7_trainfrac
97,1,addition,post_grok_500,3550,1.0,0.9679418802261353,28.543744955945723,int,16,1.0,0.9679418802261353,341,0.4,E7_trainfrac
97,1,addition,post_grok_500,3550,1.0,0.9679418802261353,28.543744955945723,int,23,1.0,0.9679418802261353,341,0.4,E7_trainfrac
97,1,addition,post_grok_1500,4550,1.0,0.9785689115524292,25.293589891738083,int,2,0.0130215249955654,0.0106269922107458,341,0.4,E7_trainfrac
97,1,addition,post_grok_1500,4550,1.0,0.9785689115524292,25.293589891738083,int,3,0.126494824886322,0.1183138489723205,341,0.4,E7_trainfrac
97,1,addition,post_grok_1500,4550,1.0,0.9785689115524292,25.293589891738083,int,4,0.8671272993087769,0.8372299075126648,341,0.4,E7_trainfrac
97,1,addition,post_grok_1500,4550,1.0,0.9785689115524292,25.293589891738083,int,5,0.9989370107650756,0.9759121537208556,341,0.4,E7_trainfrac
97,1,addition,post_grok_1500,4550,1.0,0.9785689115524292,25.293589891738083,int,6,1.0,0.9801629185676576,341,0.4,E7_trainfrac
97,1,addition,post_grok_1500,4550,1.0,0.9785689115524292,25.293589891738083,int,8,1.0,0.9789231419563292,341,0.4,E7_trainfrac
97,1,addition,post_grok_1500,4550,1.0,0.9785689115524292,25.293589891738083,int,10,1.0,0.9785689115524292,341,0.4,E7_trainfrac
97,1,addition,post_grok_1500,4550,1.0,0.9785689115524292,25.293589891738083,int,12,1.0,0.9785689115524292,341,0.4,E7_trainfrac
97,1,addition,post_grok_1500,4550,1.0,0.9785689115524292,25.293589891738083,int,16,1.0,0.9785689115524292,341,0.4,E7_trainfrac
97,1,addition,post_grok_1500,4550,1.0,0.9785689115524292,25.293589891738083,int,23,1.0,0.9785689115524292,341,0.4,E7_trainfrac
97,1,addition,post_grok_4000,7050,1.0,0.9787459969520568,24.811577003857497,int,2,0.0098325805738568,0.0100956428796052,341,0.4,E7_trainfrac
97,1,addition,post_grok_4000,7050,1.0,0.9787459969520568,24.811577003857497,int,3,0.0093010896816849,0.0092100603505969,341,0.4,E7_trainfrac
97,1,addition,post_grok_4000,7050,1.0,0.9787459969520568,24.811577003857497,int,4,0.766941249370575,0.7399929165840149,341,0.4,E7_trainfrac
97,1,addition,post_grok_4000,7050,1.0,0.9787459969520568,24.811577003857497,int,5,0.9914961457252502,0.9626284241676332,341,0.4,E7_trainfrac
97,1,addition,post_grok_4000,7050,1.0,0.9787459969520568,24.811577003857497,int,6,0.9997342824935912,0.9787459969520568,341,0.4,E7_trainfrac
97,1,addition,post_grok_4000,7050,1.0,0.9787459969520568,24.811577003857497,int,8,1.0,0.9785689115524292,341,0.4,E7_trainfrac
97,1,addition,post_grok_4000,7050,1.0,0.9787459969520568,24.811577003857497,int,10,1.0,0.9787459969520568,341,0.4,E7_trainfrac
97,1,addition,post_grok_4000,7050,1.0,0.9787459969520568,24.811577003857497,int,12,1.0,0.9787459969520568,341,0.4,E7_trainfrac
97,1,addition,post_grok_4000,7050,1.0,0.9787459969520568,24.811577003857497,int,16,1.0,0.9787459969520568,341,0.4,E7_trainfrac
97,1,addition,post_grok_4000,7050,1.0,0.9787459969520568,24.811577003857497,int,23,1.0,0.9787459969520568,341,0.4,E7_trainfrac
97,1,addition,cleaned_up,30000,1.0,0.9849450588226318,24.061924271074467,int,2,0.0093010896816849,0.0092100603505969,341,0.4,E7_trainfrac
97,1,addition,cleaned_up,30000,1.0,0.9849450588226318,24.061924271074467,int,3,0.0087695987895131,0.0070846616290509,341,0.4,E7_trainfrac
97,1,addition,cleaned_up,30000,1.0,0.9849450588226318,24.061924271074467,int,4,0.1751262247562408,0.1562167853116989,341,0.4,E7_trainfrac
97,1,addition,cleaned_up,30000,1.0,0.9849450588226318,24.061924271074467,int,5,0.9239968061447144,0.8985121846199036,341,0.4,E7_trainfrac
97,1,addition,cleaned_up,30000,1.0,0.9849450588226318,24.061924271074467,int,6,1.0,0.986007809638977,341,0.4,E7_trainfrac
97,1,addition,cleaned_up,30000,1.0,0.9849450588226318,24.061924271074467,int,8,1.0,0.9849450588226318,341,0.4,E7_trainfrac
97,1,addition,cleaned_up,30000,1.0,0.9849450588226318,24.061924271074467,int,10,1.0,0.9849450588226318,341,0.4,E7_trainfrac
97,1,addition,cleaned_up,30000,1.0,0.9849450588226318,24.061924271074467,int,12,1.0,0.9849450588226318,341,0.4,E7_trainfrac
97,1,addition,cleaned_up,30000,1.0,0.9849450588226318,24.061924271074467,int,16,1.0,0.9849450588226318,341,0.4,E7_trainfrac
97,1,addition,cleaned_up,30000,1.0,0.9849450588226318,24.061924271074467,int,23,1.0,0.9849450588226318,341,0.4,E7_trainfrac
97,2,addition,just_grokked,1000,1.0,0.9140984416007996,31.78486635231339,int,2,0.0130215249955654,0.0113354586064815,341,0.4,E7_trainfrac
97,2,addition,just_grokked,1000,1.0,0.9140984416007996,31.78486635231339,int,3,0.1342014372348785,0.1094580218195915,341,0.4,E7_trainfrac
97,2,addition,just_grokked,1000,1.0,0.9140984416007996,31.78486635231339,int,4,0.3821419179439544,0.348033994436264,341,0.4,E7_trainfrac
97,2,addition,just_grokked,1000,1.0,0.9140984416007996,31.78486635231339,int,5,0.6492160558700562,0.556145966053009,341,0.4,E7_trainfrac
97,2,addition,just_grokked,1000,1.0,0.9140984416007996,31.78486635231339,int,6,0.9380813241004944,0.8055260181427002,341,0.4,E7_trainfrac
97,2,addition,just_grokked,1000,1.0,0.9140984416007996,31.78486635231339,int,8,1.0,0.9093163013458252,341,0.4,E7_trainfrac
97,2,addition,just_grokked,1000,1.0,0.9140984416007996,31.78486635231339,int,10,1.0,0.9135671257972716,341,0.4,E7_trainfrac
97,2,addition,just_grokked,1000,1.0,0.9140984416007996,31.78486635231339,int,12,1.0,0.9146298170089722,341,0.4,E7_trainfrac
97,2,addition,just_grokked,1000,1.0,0.9140984416007996,31.78486635231339,int,16,1.0,0.9140984416007996,341,0.4,E7_trainfrac
97,2,addition,just_grokked,1000,1.0,0.9140984416007996,31.78486635231339,int,23,1.0,0.9140984416007996,341,0.4,E7_trainfrac
97,2,addition,post_grok_500,1500,1.0,0.9521785378456116,30.066723413864967,int,2,0.0077066170051693,0.0060219625011086,341,0.4,E7_trainfrac
97,2,addition,post_grok_500,1500,1.0,0.9521785378456116,30.066723413864967,int,3,0.1695455759763717,0.162415862083435,341,0.4,E7_trainfrac
97,2,addition,post_grok_500,1500,1.0,0.9521785378456116,30.066723413864967,int,4,0.4682434201240539,0.4102019071578979,341,0.4,E7_trainfrac
97,2,addition,post_grok_500,1500,1.0,0.9521785378456116,30.066723413864967,int,5,0.7393037676811218,0.6710945963859558,341,0.4,E7_trainfrac
97,2,addition,post_grok_500,1500,1.0,0.9521785378456116,30.066723413864967,int,6,0.9577465057373048,0.8811547756195068,341,0.4,E7_trainfrac
97,2,addition,post_grok_500,1500,1.0,0.9521785378456116,30.066723413864967,int,8,1.0,0.9520013928413392,341,0.4,E7_trainfrac
97,2,addition,post_grok_500,1500,1.0,0.9521785378456116,30.066723413864967,int,10,1.0,0.952886998653412,341,0.4,E7_trainfrac
97,2,addition,post_grok_500,1500,1.0,0.9521785378456116,30.066723413864967,int,12,1.0,0.9527098536491394,341,0.4,E7_trainfrac
97,2,addition,post_grok_500,1500,1.0,0.9521785378456116,30.066723413864967,int,16,1.0,0.9521785378456116,341,0.4,E7_trainfrac
97,2,addition,post_grok_500,1500,1.0,0.9521785378456116,30.066723413864967,int,23,1.0,0.9521785378456116,341,0.4,E7_trainfrac
97,2,addition,post_grok_1500,2500,1.0,0.9466879367828368,28.306309391632404,int,2,0.0085038533434271,0.0081473607569932,341,0.4,E7_trainfrac
97,2,addition,post_grok_1500,2500,1.0,0.9466879367828368,28.306309391632404,int,3,0.1761892139911651,0.1574566066265106,341,0.4,E7_trainfrac
97,2,addition,post_grok_1500,2500,1.0,0.9466879367828368,28.306309391632404,int,4,0.5309593677520752,0.488310307264328,341,0.4,E7_trainfrac
97,2,addition,post_grok_1500,2500,1.0,0.9466879367828368,28.306309391632404,int,5,0.8017539381980896,0.7148423790931702,341,0.4,E7_trainfrac
97,2,addition,post_grok_1500,2500,1.0,0.9466879367828368,28.306309391632404,int,6,0.9766144156455994,0.9098476767539978,341,0.4,E7_trainfrac
97,2,addition,post_grok_1500,2500,1.0,0.9466879367828368,28.306309391632404,int,8,1.0,0.9459794163703918,341,0.4,E7_trainfrac
97,2,addition,post_grok_1500,2500,1.0,0.9466879367828368,28.306309391632404,int,10,1.0,0.9473963975906372,341,0.4,E7_trainfrac
97,2,addition,post_grok_1500,2500,1.0,0.9466879367828368,28.306309391632404,int,12,1.0,0.9470421671867372,341,0.4,E7_trainfrac
97,2,addition,post_grok_1500,2500,1.0,0.9466879367828368,28.306309391632404,int,16,1.0,0.9468650221824646,341,0.4,E7_trainfrac
97,2,addition,post_grok_1500,2500,1.0,0.9466879367828368,28.306309391632404,int,23,1.0,0.9466879367828368,341,0.4,E7_trainfrac
97,2,addition,post_grok_4000,5000,0.994153618812561,0.970421552658081,28.789425230393807,int,2,0.0082381078973412,0.0102727590128779,341,0.4,E7_trainfrac
97,2,addition,post_grok_4000,5000,0.994153618812561,0.970421552658081,28.789425230393807,int,3,0.0491629019379615,0.0490612834692001,341,0.4,E7_trainfrac
97,2,addition,post_grok_4000,5000,0.994153618812561,0.970421552658081,28.789425230393807,int,4,0.2511294186115265,0.238398864865303,341,0.4,E7_trainfrac
97,2,addition,post_grok_4000,5000,0.994153618812561,0.970421552658081,28.789425230393807,int,5,0.6901408433914185,0.6496634483337402,341,0.4,E7_trainfrac
97,2,addition,post_grok_4000,5000,0.994153618812561,0.970421552658081,28.789425230393807,int,6,0.980866312980652,0.952886998653412,341,0.4,E7_trainfrac
97,2,addition,post_grok_4000,5000,0.994153618812561,0.970421552658081,28.789425230393807,int,8,0.9944193363189696,0.9698901772499084,341,0.4,E7_trainfrac
97,2,addition,post_grok_4000,5000,0.994153618812561,0.970421552658081,28.789425230393807,int,10,0.994153618812561,0.9705986380577089,341,0.4,E7_trainfrac
97,2,addition,post_grok_4000,5000,0.994153618812561,0.970421552658081,28.789425230393807,int,12,0.994153618812561,0.970421552658081,341,0.4,E7_trainfrac
97,2,addition,post_grok_4000,5000,0.994153618812561,0.970421552658081,28.789425230393807,int,16,0.994153618812561,0.970421552658081,341,0.4,E7_trainfrac
97,2,addition,post_grok_4000,5000,0.994153618812561,0.970421552658081,28.789425230393807,int,23,0.994153618812561,0.970421552658081,341,0.4,E7_trainfrac
97,2,addition,cleaned_up,30000,1.0,0.982819676399231,28.888344622619165,int,2,0.0106298169121146,0.0100956428796052,341,0.4,E7_trainfrac
97,2,addition,cleaned_up,30000,1.0,0.982819676399231,28.888344622619165,int,3,0.0069093806669116,0.0070846616290509,341,0.4,E7_trainfrac
97,2,addition,cleaned_up,30000,1.0,0.982819676399231,28.888344622619165,int,4,0.0066436352208256,0.0058448459021747,341,0.4,E7_trainfrac
97,2,addition,cleaned_up,30000,1.0,0.982819676399231,28.888344622619165,int,5,0.0576667562127113,0.0545518957078456,341,0.4,E7_trainfrac
97,2,addition,cleaned_up,30000,1.0,0.982819676399231,28.888344622619165,int,6,0.1953228861093521,0.1842011958360672,341,0.4,E7_trainfrac
97,2,addition,cleaned_up,30000,1.0,0.982819676399231,28.888344622619165,int,8,0.9981397986412048,0.9794544577598572,341,0.4,E7_trainfrac
97,2,addition,cleaned_up,30000,1.0,0.982819676399231,28.888344622619165,int,10,1.0,0.982819676399231,341,0.4,E7_trainfrac
97,2,addition,cleaned_up,30000,1.0,0.982819676399231,28.888344622619165,int,12,1.0,0.982819676399231,341,0.4,E7_trainfrac
97,2,addition,cleaned_up,30000,1.0,0.982819676399231,28.888344622619165,int,16,1.0,0.982819676399231,341,0.4,E7_trainfrac
97,2,addition,cleaned_up,30000,1.0,0.982819676399231,28.888344622619165,int,23,1.0,0.982819676399231,341,0.4,E7_trainfrac
97,3,addition,just_grokked,2900,1.0,0.9032943844795228,34.16372617341853,int,2,0.0114270532503724,0.0109812254086136,341,0.4,E7_trainfrac
97,3,addition,just_grokked,2900,1.0,0.9032943844795228,34.16372617341853,int,3,0.0380015932023525,0.0269217137247324,341,0.4,E7_trainfrac
97,3,addition,just_grokked,2900,1.0,0.9032943844795228,34.16372617341853,int,4,0.336167961359024,0.2959617376327514,341,0.4,E7_trainfrac
97,3,addition,just_grokked,2900,1.0,0.9032943844795228,34.16372617341853,int,5,0.8203561305999756,0.6960679888725281,341,0.4,E7_trainfrac
97,3,addition,just_grokked,2900,1.0,0.9032943844795228,34.16372617341853,int,6,0.9922933578491212,0.8786751627922058,341,0.4,E7_trainfrac
97,3,addition,just_grokked,2900,1.0,0.9032943844795228,34.16372617341853,int,8,1.0,0.9025858640670776,341,0.4,E7_trainfrac
97,3,addition,just_grokked,2900,1.0,0.9032943844795228,34.16372617341853,int,10,1.0,0.9032943844795228,341,0.4,E7_trainfrac
97,3,addition,just_grokked,2900,1.0,0.9032943844795228,34.16372617341853,int,12,1.0,0.9034714698791504,341,0.4,E7_trainfrac
97,3,addition,just_grokked,2900,1.0,0.9032943844795228,34.16372617341853,int,16,1.0,0.9032943844795228,341,0.4,E7_trainfrac
97,3,addition,just_grokked,2900,1.0,0.9032943844795228,34.16372617341853,int,23,1.0,0.9032943844795228,341,0.4,E7_trainfrac
97,3,addition,post_grok_500,3400,1.0,0.9486361742019652,31.20970502002634,int,2,0.0119585441425442,0.0113354586064815,341,0.4,E7_trainfrac
97,3,addition,post_grok_500,3400,1.0,0.9486361742019652,31.20970502002634,int,3,0.0690938085317611,0.0596882738173007,341,0.4,E7_trainfrac
97,3,addition,post_grok_500,3400,1.0,0.9486361742019652,31.20970502002634,int,4,0.6489502787590027,0.5766914486885071,341,0.4,E7_trainfrac
97,3,addition,post_grok_500,3400,1.0,0.9486361742019652,31.20970502002634,int,5,0.990433156490326,0.9300389289855956,341,0.4,E7_trainfrac
97,3,addition,post_grok_500,3400,1.0,0.9486361742019652,31.20970502002634,int,6,1.0,0.9461565613746644,341,0.4,E7_trainfrac
97,3,addition,post_grok_500,3400,1.0,0.9486361742019652,31.20970502002634,int,8,1.0,0.9475734829902648,341,0.4,E7_trainfrac
97,3,addition,post_grok_500,3400,1.0,0.9486361742019652,31.20970502002634,int,10,1.0,0.9484590888023376,341,0.4,E7_trainfrac
97,3,addition,post_grok_500,3400,1.0,0.9486361742019652,31.20970502002634,int,12,1.0,0.9486361742019652,341,0.4,E7_trainfrac
97,3,addition,post_grok_500,3400,1.0,0.9486361742019652,31.20970502002634,int,16,1.0,0.9486361742019652,341,0.4,E7_trainfrac
97,3,addition,post_grok_500,3400,1.0,0.9486361742019652,31.20970502002634,int,23,1.0,0.9486361742019652,341,0.4,E7_trainfrac
97,3,addition,post_grok_1500,4400,1.0,0.986007809638977,27.755150093699463,int,2,0.0074408715590834,0.0106269922107458,341,0.4,E7_trainfrac
97,3,addition,post_grok_1500,4400,1.0,0.986007809638977,27.755150093699463,int,3,0.0932766422629356,0.0821820721030235,341,0.4,E7_trainfrac
97,3,addition,post_grok_1500,4400,1.0,0.986007809638977,27.755150093699463,int,4,0.8275312185287476,0.8005667924880981,341,0.4,E7_trainfrac
97,3,addition,post_grok_1500,4400,1.0,0.986007809638977,27.755150093699463,int,5,0.9989370107650756,0.9789231419563292,341,0.4,E7_trainfrac
97,3,addition,post_grok_1500,4400,1.0,0.986007809638977,27.755150093699463,int,6,1.0,0.9842365980148317,341,0.4,E7_trainfrac
97,3,addition,post_grok_1500,4400,1.0,0.986007809638977,27.755150093699463,int,8,1.0,0.985653519630432,341,0.4,E7_trainfrac
97,3,addition,post_grok_1500,4400,1.0,0.986007809638977,27.755150093699463,int,10,1.0,0.9858306646347046,341,0.4,E7_trainfrac
97,3,addition,post_grok_1500,4400,1.0,0.986007809638977,27.755150093699463,int,12,1.0,0.986007809638977,341,0.4,E7_trainfrac
97,3,addition,post_grok_1500,4400,1.0,0.986007809638977,27.755150093699463,int,16,1.0,0.986007809638977,341,0.4,E7_trainfrac
97,3,addition,post_grok_1500,4400,1.0,0.986007809638977,27.755150093699463,int,23,1.0,0.986007809638977,341,0.4,E7_trainfrac
97,3,addition,post_grok_4000,6900,1.0,0.986007809638977,25.219120739051714,int,2,0.0111613078042864,0.0109812254086136,341,0.4,E7_trainfrac
97,3,addition,post_grok_4000,6900,1.0,0.986007809638977,25.219120739051714,int,3,0.0079723624512553,0.0065533118322491,341,0.4,E7_trainfrac
97,3,addition,post_grok_4000,6900,1.0,0.986007809638977,25.219120739051714,int,4,0.2426255643367767,0.2447750568389892,341,0.4,E7_trainfrac
97,3,addition,post_grok_4000,6900,1.0,0.986007809638977,25.219120739051714,int,5,0.9978740215301514,0.981579840183258,341,0.4,E7_trainfrac
97,3,addition,post_grok_4000,6900,1.0,0.986007809638977,25.219120739051714,int,6,1.0,0.9858306646347046,341,0.4,E7_trainfrac
97,3,addition,post_grok_4000,6900,1.0,0.986007809638977,25.219120739051714,int,8,1.0,0.986007809638977,341,0.4,E7_trainfrac
97,3,addition,post_grok_4000,6900,1.0,0.986007809638977,25.219120739051714,int,10,1.0,0.986007809638977,341,0.4,E7_trainfrac
97,3,addition,post_grok_4000,6900,1.0,0.986007809638977,25.219120739051714,int,12,1.0,0.986007809638977,341,0.4,E7_trainfrac
97,3,addition,post_grok_4000,6900,1.0,0.986007809638977,25.219120739051714,int,16,1.0,0.986007809638977,341,0.4,E7_trainfrac
97,3,addition,post_grok_4000,6900,1.0,0.986007809638977,25.219120739051714,int,23,1.0,0.986007809638977,341,0.4,E7_trainfrac
97,3,addition,cleaned_up,30000,1.0,0.9886645078659058,24.32884479847035,int,2,0.0103640714660286,0.0109812254086136,341,0.4,E7_trainfrac
97,3,addition,cleaned_up,30000,1.0,0.9886645078659058,24.32884479847035,int,3,0.0132872704416513,0.0109812254086136,341,0.4,E7_trainfrac
97,3,addition,cleaned_up,30000,1.0,0.9886645078659058,24.32884479847035,int,4,0.4796704649925232,0.4787459969520569,341,0.4,E7_trainfrac
97,3,addition,cleaned_up,30000,1.0,0.9886645078659058,24.32884479847035,int,5,0.9899016618728638,0.9718384742736816,341,0.4,E7_trainfrac
97,3,addition,cleaned_up,30000,1.0,0.9886645078659058,24.32884479847035,int,6,1.0,0.9883102774620056,341,0.4,E7_trainfrac
97,3,addition,cleaned_up,30000,1.0,0.9886645078659058,24.32884479847035,int,8,1.0,0.9883102774620056,341,0.4,E7_trainfrac
97,3,addition,cleaned_up,30000,1.0,0.9886645078659058,24.32884479847035,int,10,1.0,0.9886645078659058,341,0.4,E7_trainfrac
97,3,addition,cleaned_up,30000,1.0,0.9886645078659058,24.32884479847035,int,12,1.0,0.9886645078659058,341,0.4,E7_trainfrac
97,3,addition,cleaned_up,30000,1.0,0.9886645078659058,24.32884479847035,int,16,1.0,0.9886645078659058,341,0.4,E7_trainfrac
97,3,addition,cleaned_up,30000,1.0,0.9886645078659058,24.32884479847035,int,23,1.0,0.9886645078659058,341,0.4,E7_trainfrac
97,4,addition,just_grokked,3600,1.0,0.911795973777771,32.70928601600626,int,2,0.0087695987895131,0.0074388948269188,341,0.4,E7_trainfrac
97,4,addition,just_grokked,3600,1.0,0.911795973777771,32.70928601600626,int,3,0.0294977407902479,0.031349629163742,341,0.4,E7_trainfrac
97,4,addition,just_grokked,3600,1.0,0.911795973777771,32.70928601600626,int,4,0.2359819263219833,0.2151965945959091,341,0.4,E7_trainfrac
97,4,addition,just_grokked,3600,1.0,0.911795973777771,32.70928601600626,int,5,0.6120116710662842,0.5494155287742615,341,0.4,E7_trainfrac
97,4,addition,just_grokked,3600,1.0,0.911795973777771,32.70928601600626,int,6,0.9099122881889344,0.7888770699501038,341,0.4,E7_trainfrac
97,4,addition,just_grokked,3600,1.0,0.911795973777771,32.70928601600626,int,8,1.0,0.9032943844795228,341,0.4,E7_trainfrac
97,4,addition,just_grokked,3600,1.0,0.911795973777771,32.70928601600626,int,10,1.0,0.9112645983695984,341,0.4,E7_trainfrac
97,4,addition,just_grokked,3600,1.0,0.911795973777771,32.70928601600626,int,12,1.0,0.9119730591773988,341,0.4,E7_trainfrac
97,4,addition,just_grokked,3600,1.0,0.911795973777771,32.70928601600626,int,16,1.0,0.9116188287734984,341,0.4,E7_trainfrac
97,4,addition,just_grokked,3600,1.0,0.911795973777771,32.70928601600626,int,23,1.0,0.911795973777771,341,0.4,E7_trainfrac
97,4,addition,post_grok_500,4100,0.9322349429130554,0.8028692603111267,30.229297966719045,int,2,0.0116927986964583,0.0115125747397542,341,0.4,E7_trainfrac
97,4,addition,post_grok_500,4100,0.9322349429130554,0.8028692603111267,30.229297966719045,int,3,0.0510231181979179,0.0474672317504882,341,0.4,E7_trainfrac
97,4,addition,post_grok_500,4100,0.9322349429130554,0.8028692603111267,30.229297966719045,int,4,0.2864735722541809,0.2608926594257355,341,0.4,E7_trainfrac
97,4,addition,post_grok_500,4100,0.9322349429130554,0.8028692603111267,30.229297966719045,int,5,0.687217652797699,0.6036131978034973,341,0.4,E7_trainfrac
97,4,addition,post_grok_500,4100,0.9322349429130554,0.8028692603111267,30.229297966719045,int,6,0.8639383316040039,0.7399929165840149,341,0.4,E7_trainfrac
97,4,addition,post_grok_500,4100,0.9322349429130554,0.8028692603111267,30.229297966719045,int,8,0.9290459752082824,0.7984413504600525,341,0.4,E7_trainfrac
97,4,addition,post_grok_500,4100,0.9322349429130554,0.8028692603111267,30.229297966719045,int,10,0.9314376711845398,0.8041090965270996,341,0.4,E7_trainfrac
97,4,addition,post_grok_500,4100,0.9322349429130554,0.8028692603111267,30.229297966719045,int,12,0.932500660419464,0.8034006357192993,341,0.4,E7_trainfrac
97,4,addition,post_grok_500,4100,0.9322349429130554,0.8028692603111267,30.229297966719045,int,16,0.9322349429130554,0.802692174911499,341,0.4,E7_trainfrac
97,4,addition,post_grok_500,4100,0.9322349429130554,0.8028692603111267,30.229297966719045,int,23,0.9322349429130554,0.8028692603111267,341,0.4,E7_trainfrac
97,4,addition,post_grok_1500,5100,1.0,0.9780375361442566,29.96909647513577,int,2,0.0122242895886302,0.0104498760774731,341,0.4,E7_trainfrac
97,4,addition,post_grok_1500,5100,1.0,0.9780375361442566,29.96909647513577,int,3,0.0178049430251121,0.0189514700323343,341,0.4,E7_trainfrac
97,4,addition,post_grok_1500,5100,1.0,0.9780375361442566,29.96909647513577,int,4,0.2617592215538025,0.2488487362861633,341,0.4,E7_trainfrac
97,4,addition,post_grok_1500,5100,1.0,0.9780375361442566,29.96909647513577,int,5,0.7584373950958252,0.7201558351516724,341,0.4,E7_trainfrac
97,4,addition,post_grok_1500,5100,1.0,0.9780375361442566,29.96909647513577,int,6,0.9848524928092957,0.9486361742019652,341,0.4,E7_trainfrac
97,4,addition,post_grok_1500,5100,1.0,0.9780375361442566,29.96909647513577,int,8,1.0,0.9780375361442566,341,0.4,E7_trainfrac
97,4,addition,post_grok_1500,5100,1.0,0.9780375361442566,29.96909647513577,int,10,1.0,0.9787459969520568,341,0.4,E7_trainfrac
97,4,addition,post_grok_1500,5100,1.0,0.9780375361442566,29.96909647513577,int,12,1.0,0.978214681148529,341,0.4,E7_trainfrac
97,4,addition,post_grok_1500,5100,1.0,0.9780375361442566,29.96909647513577,int,16,1.0,0.9780375361442566,341,0.4,E7_trainfrac
97,4,addition,post_grok_1500,5100,1.0,0.9780375361442566,29.96909647513577,int,23,1.0,0.9780375361442566,341,0.4,E7_trainfrac
97,4,addition,post_grok_4000,7600,1.0,0.997166097164154,30.51620192990763,int,2,0.0085038533434271,0.0086787100881338,341,0.4,E7_trainfrac
97,4,addition,post_grok_4000,7600,1.0,0.997166097164154,30.51620192990763,int,3,0.0029231996741145,0.0040736803784966,341,0.4,E7_trainfrac
97,4,addition,post_grok_4000,7600,1.0,0.997166097164154,30.51620192990763,int,4,0.1017804965376854,0.1103436052799224,341,0.4,E7_trainfrac
97,4,addition,post_grok_4000,7600,1.0,0.997166097164154,30.51620192990763,int,5,0.4031358063220978,0.3889479339122772,341,0.4,E7_trainfrac
97,4,addition,post_grok_4000,7600,1.0,0.997166097164154,30.51620192990763,int,6,0.8586234450340271,0.8459085822105408,341,0.4,E7_trainfrac
97,4,addition,post_grok_4000,7600,1.0,0.997166097164154,30.51620192990763,int,8,1.0,0.9964576363563538,341,0.4,E7_trainfrac
97,4,addition,post_grok_4000,7600,1.0,0.997166097164154,30.51620192990763,int,10,1.0,0.997166097164154,341,0.4,E7_trainfrac
97,4,addition,post_grok_4000,7600,1.0,0.997166097164154,30.51620192990763,int,12,1.0,0.997166097164154,341,0.4,E7_trainfrac
97,4,addition,post_grok_4000,7600,1.0,0.997166097164154,30.51620192990763,int,16,1.0,0.997166097164154,341,0.4,E7_trainfrac
97,4,addition,post_grok_4000,7600,1.0,0.997166097164154,30.51620192990763,int,23,1.0,0.997166097164154,341,0.4,E7_trainfrac
97,4,addition,cleaned_up,30000,1.0,0.9927381873130798,27.87709778217849,int,2,0.0103640714660286,0.0113354586064815,341,0.4,E7_trainfrac
97,4,addition,cleaned_up,30000,1.0,0.9927381873130798,27.87709778217849,int,3,0.0156789794564247,0.0162947215139865,341,0.4,E7_trainfrac
97,4,addition,cleaned_up,30000,1.0,0.9927381873130798,27.87709778217849,int,4,0.1623704433441162,0.1404534131288528,341,0.4,E7_trainfrac
97,4,addition,cleaned_up,30000,1.0,0.9927381873130798,27.87709778217849,int,5,0.531756579875946,0.5010626912117004,341,0.4,E7_trainfrac
97,4,addition,cleaned_up,30000,1.0,0.9927381873130798,27.87709778217849,int,6,0.91070955991745,0.898689329624176,341,0.4,E7_trainfrac
97,4,addition,cleaned_up,30000,1.0,0.9927381873130798,27.87709778217849,int,8,1.0,0.9932695627212524,341,0.4,E7_trainfrac
97,4,addition,cleaned_up,30000,1.0,0.9927381873130798,27.87709778217849,int,10,1.0,0.992561101913452,341,0.4,E7_trainfrac
97,4,addition,cleaned_up,30000,1.0,0.9927381873130798,27.87709778217849,int,12,1.0,0.9927381873130798,341,0.4,E7_trainfrac
97,4,addition,cleaned_up,30000,1.0,0.9927381873130798,27.87709778217849,int,16,1.0,0.9927381873130798,341,0.4,E7_trainfrac
97,4,addition,cleaned_up,30000,1.0,0.9927381873130798,27.87709778217849,int,23,1.0,0.9927381873130798,341,0.4,E7_trainfrac
97,5,addition,just_grokked,1350,1.0,0.9047113060951232,32.542942719751906,int,2,0.0241828337311744,0.0116896918043494,341,0.4,E7_trainfrac
97,5,addition,just_grokked,1350,1.0,0.9047113060951232,32.542942719751906,int,3,0.5875630974769592,0.5033652186393738,341,0.4,E7_trainfrac
97,5,addition,just_grokked,1350,1.0,0.9047113060951232,32.542942719751906,int,4,0.9168217182159424,0.777718722820282,341,0.4,E7_trainfrac
97,5,addition,just_grokked,1350,1.0,0.9047113060951232,32.542942719751906,int,5,0.998671293258667,0.8914275765419006,341,0.4,E7_trainfrac
97,5,addition,just_grokked,1350,1.0,0.9047113060951232,32.542942719751906,int,6,1.0,0.8979808688163757,341,0.4,E7_trainfrac
97,5,addition,just_grokked,1350,1.0,0.9047113060951232,32.542942719751906,int,8,1.0,0.904888391494751,341,0.4,E7_trainfrac
97,5,addition,just_grokked,1350,1.0,0.9047113060951232,32.542942719751906,int,10,1.0,0.9045341610908508,341,0.4,E7_trainfrac
97,5,addition,just_grokked,1350,1.0,0.9047113060951232,32.542942719751906,int,12,1.0,0.9047113060951232,341,0.4,E7_trainfrac
97,5,addition,just_grokked,1350,1.0,0.9047113060951232,32.542942719751906,int,16,1.0,0.9047113060951232,341,0.4,E7_trainfrac
97,5,addition,just_grokked,1350,1.0,0.9047113060951232,32.542942719751906,int,23,1.0,0.9047113060951232,341,0.4,E7_trainfrac
97,5,addition,post_grok_500,1850,1.0,0.996280550956726,31.65771538222627,int,2,0.0122242895886302,0.0100956428796052,341,0.4,E7_trainfrac
97,5,addition,post_grok_500,1850,1.0,0.996280550956726,31.65771538222627,int,3,0.4613340497016907,0.4396032392978668,341,0.4,E7_trainfrac
97,5,addition,post_grok_500,1850,1.0,0.996280550956726,31.65771538222627,int,4,0.8530427813529968,0.818278431892395,341,0.4,E7_trainfrac
97,5,addition,post_grok_500,1850,1.0,0.996280550956726,31.65771538222627,int,5,0.9989370107650756,0.9874247312545776,341,0.4,E7_trainfrac
97,5,addition,post_grok_500,1850,1.0,0.996280550956726,31.65771538222627,int,6,1.0,0.9955720901489258,341,0.4,E7_trainfrac
97,5,addition,post_grok_500,1850,1.0,0.996280550956726,31.65771538222627,int,8,1.0,0.996280550956726,341,0.4,E7_trainfrac
97,5,addition,post_grok_500,1850,1.0,0.996280550956726,31.65771538222627,int,10,1.0,0.9961034059524536,341,0.4,E7_trainfrac
97,5,addition,post_grok_500,1850,1.0,0.996280550956726,31.65771538222627,int,12,1.0,0.996280550956726,341,0.4,E7_trainfrac
97,5,addition,post_grok_500,1850,1.0,0.996280550956726,31.65771538222627,int,16,1.0,0.996280550956726,341,0.4,E7_trainfrac
97,5,addition,post_grok_500,1850,1.0,0.996280550956726,31.65771538222627,int,23,1.0,0.996280550956726,341,0.4,E7_trainfrac
97,5,addition,post_grok_1500,2850,1.0,1.0,29.686338789465488,int,2,0.0087695987895131,0.011866807937622,341,0.4,E7_trainfrac
97,5,addition,post_grok_1500,2850,1.0,1.0,29.686338789465488,int,3,0.3545043766498565,0.3469713032245636,341,0.4,E7_trainfrac
97,5,addition,post_grok_1500,2850,1.0,1.0,29.686338789465488,int,4,0.8591549396514893,0.86344313621521,341,0.4,E7_trainfrac
97,5,addition,post_grok_1500,2850,1.0,1.0,29.686338789465488,int,5,0.9914961457252502,0.9953949451446532,341,0.4,E7_trainfrac
97,5,addition,post_grok_1500,2850,1.0,1.0,29.686338789465488,int,6,1.0,1.0,341,0.4,E7_trainfrac
97,5,addition,post_grok_1500,2850,1.0,1.0,29.686338789465488,int,8,1.0,1.0,341,0.4,E7_trainfrac
97,5,addition,post_grok_1500,2850,1.0,1.0,29.686338789465488,int,10,1.0,1.0,341,0.4,E7_trainfrac
97,5,addition,post_grok_1500,2850,1.0,1.0,29.686338789465488,int,12,1.0,1.0,341,0.4,E7_trainfrac
97,5,addition,post_grok_1500,2850,1.0,1.0,29.686338789465488,int,16,1.0,1.0,341,0.4,E7_trainfrac
97,5,addition,post_grok_1500,2850,1.0,1.0,29.686338789465488,int,23,1.0,1.0,341,0.4,E7_trainfrac
97,5,addition,post_grok_4000,5350,1.0,1.0,38.88177440714611,int,2,0.0106298169121146,0.0100956428796052,341,0.4,E7_trainfrac
97,5,addition,post_grok_4000,5350,1.0,1.0,38.88177440714611,int,3,0.0576667562127113,0.0635848417878151,341,0.4,E7_trainfrac
97,5,addition,post_grok_4000,5350,1.0,1.0,38.88177440714611,int,4,0.7233590483665466,0.7297201752662659,341,0.4,E7_trainfrac
97,5,addition,post_grok_4000,5350,1.0,1.0,38.88177440714611,int,5,0.998671293258667,0.9989373087882996,341,0.4,E7_trainfrac
97,5,addition,post_grok_4000,5350,1.0,1.0,38.88177440714611,int,6,1.0,1.0,341,0.4,E7_trainfrac
97,5,addition,post_grok_4000,5350,1.0,1.0,38.88177440714611,int,8,1.0,1.0,341,0.4,E7_trainfrac
97,5,addition,post_grok_4000,5350,1.0,1.0,38.88177440714611,int,10,1.0,1.0,341,0.4,E7_trainfrac
97,5,addition,post_grok_4000,5350,1.0,1.0,38.88177440714611,int,12,1.0,1.0,341,0.4,E7_trainfrac
97,5,addition,post_grok_4000,5350,1.0,1.0,38.88177440714611,int,16,1.0,1.0,341,0.4,E7_trainfrac
97,5,addition,post_grok_4000,5350,1.0,1.0,38.88177440714611,int,23,1.0,1.0,341,0.4,E7_trainfrac
97,5,addition,cleaned_up,30000,1.0,1.0,30.827603563402818,int,2,0.0098325805738568,0.010804109275341,341,0.4,E7_trainfrac
97,5,addition,cleaned_up,30000,1.0,1.0,30.827603563402818,int,3,0.0417220294475555,0.0375487059354782,341,0.4,E7_trainfrac
97,5,addition,cleaned_up,30000,1.0,1.0,30.827603563402818,int,4,0.1607759743928909,0.1609989404678344,341,0.4,E7_trainfrac
97,5,addition,cleaned_up,30000,1.0,1.0,30.827603563402818,int,5,0.5197980403900146,0.5196599364280701,341,0.4,E7_trainfrac
97,5,addition,cleaned_up,30000,1.0,1.0,30.827603563402818,int,6,0.9992027878761292,0.9982288479804992,341,0.4,E7_trainfrac
97,5,addition,cleaned_up,30000,1.0,1.0,30.827603563402818,int,8,1.0,1.0,341,0.4,E7_trainfrac
97,5,addition,cleaned_up,30000,1.0,1.0,30.827603563402818,int,10,1.0,1.0,341,0.4,E7_trainfrac
97,5,addition,cleaned_up,30000,1.0,1.0,30.827603563402818,int,12,1.0,1.0,341,0.4,E7_trainfrac
97,5,addition,cleaned_up,30000,1.0,1.0,30.827603563402818,int,16,1.0,1.0,341,0.4,E7_trainfrac
97,5,addition,cleaned_up,30000,1.0,1.0,30.827603563402818,int,23,1.0,1.0,341,0.4,E7_trainfrac
97,6,addition,just_grokked,1500,1.0,0.9078993797302246,31.4075005752046,int,2,0.0127557795494794,0.0152320228517055,341,0.4,E7_trainfrac
97,6,addition,just_grokked,1500,1.0,0.9078993797302246,31.4075005752046,int,3,0.5862343907356262,0.4808714091777801,341,0.4,E7_trainfrac
97,6,addition,just_grokked,1500,1.0,0.9078993797302246,31.4075005752046,int,4,0.9675790667533876,0.836344301700592,341,0.4,E7_trainfrac
97,6,addition,just_grokked,1500,1.0,0.9078993797302246,31.4075005752046,int,5,0.9997342824935912,0.897095263004303,341,0.4,E7_trainfrac
97,6,addition,just_grokked,1500,1.0,0.9078993797302246,31.4075005752046,int,6,1.0,0.9059510827064514,341,0.4,E7_trainfrac
97,6,addition,just_grokked,1500,1.0,0.9078993797302246,31.4075005752046,int,8,1.0,0.9077222943305968,341,0.4,E7_trainfrac
97,6,addition,just_grokked,1500,1.0,0.9078993797302246,31.4075005752046,int,10,1.0,0.9086078405380248,341,0.4,E7_trainfrac
97,6,addition,just_grokked,1500,1.0,0.9078993797302246,31.4075005752046,int,12,1.0,0.9080765247344972,341,0.4,E7_trainfrac
97,6,addition,just_grokked,1500,1.0,0.9078993797302246,31.4075005752046,int,16,1.0,0.9077222943305968,341,0.4,E7_trainfrac
97,6,addition,just_grokked,1500,1.0,0.9078993797302246,31.4075005752046,int,23,1.0,0.9078993797302246,341,0.4,E7_trainfrac
97,6,addition,post_grok_500,2000,1.0,0.98069429397583,30.18364808680108,int,2,0.0124900350347161,0.0161176044493913,341,0.4,E7_trainfrac
97,6,addition,post_grok_500,2000,1.0,0.98069429397583,30.18364808680108,int,3,0.3239436745643616,0.2966701984405517,341,0.4,E7_trainfrac
97,6,addition,post_grok_500,2000,1.0,0.98069429397583,30.18364808680108,int,4,0.969705045223236,0.9341126084327698,341,0.4,E7_trainfrac
97,6,addition,post_grok_500,2000,1.0,0.98069429397583,30.18364808680108,int,5,0.9994685053825378,0.97378671169281,341,0.4,E7_trainfrac
97,6,addition,post_grok_500,2000,1.0,0.98069429397583,30.18364808680108,int,6,1.0,0.9792773723602296,341,0.4,E7_trainfrac
97,6,addition,post_grok_500,2000,1.0,0.98069429397583,30.18364808680108,int,8,1.0,0.9805171489715576,341,0.4,E7_trainfrac
97,6,addition,post_grok_500,2000,1.0,0.98069429397583,30.18364808680108,int,10,1.0,0.9808713793754578,341,0.4,E7_trainfrac
97,6,addition,post_grok_500,2000,1.0,0.98069429397583,30.18364808680108,int,12,1.0,0.9808713793754578,341,0.4,E7_trainfrac
97,6,addition,post_grok_500,2000,1.0,0.98069429397583,30.18364808680108,int,16,1.0,0.98069429397583,341,0.4,E7_trainfrac
97,6,addition,post_grok_500,2000,1.0,0.98069429397583,30.18364808680108,int,23,1.0,0.98069429397583,341,0.4,E7_trainfrac
97,6,addition,post_grok_1500,3000,1.0,0.995926320552826,27.270262389961285,int,2,0.0154132340103387,0.0139922071248292,341,0.4,E7_trainfrac
97,6,addition,post_grok_1500,3000,1.0,0.995926320552826,27.270262389961285,int,3,0.5102311968803406,0.5040736794471741,341,0.4,E7_trainfrac
97,6,addition,post_grok_1500,3000,1.0,0.995926320552826,27.270262389961285,int,4,0.9928248524665833,0.9837052822113036,341,0.4,E7_trainfrac
97,6,addition,post_grok_1500,3000,1.0,0.995926320552826,27.270262389961285,int,5,1.0,0.996280550956726,341,0.4,E7_trainfrac
97,6,addition,post_grok_1500,3000,1.0,0.995926320552826,27.270262389961285,int,6,1.0,0.996280550956726,341,0.4,E7_trainfrac
97,6,addition,post_grok_1500,3000,1.0,0.995926320552826,27.270262389961285,int,8,1.0,0.9961034059524536,341,0.4,E7_trainfrac
97,6,addition,post_grok_1500,3000,1.0,0.995926320552826,27.270262389961285,int,10,1.0,0.995926320552826,341,0.4,E7_trainfrac
97,6,addition,post_grok_1500,3000,1.0,0.995926320552826,27.270262389961285,int,12,1.0,0.995926320552826,341,0.4,E7_trainfrac
97,6,addition,post_grok_1500,3000,1.0,0.995926320552826,27.270262389961285,int,16,1.0,0.995926320552826,341,0.4,E7_trainfrac
97,6,addition,post_grok_1500,3000,1.0,0.995926320552826,27.270262389961285,int,23,1.0,0.995926320552826,341,0.4,E7_trainfrac
97,6,addition,post_grok_4000,5500,1.0,0.9982288479804992,36.00769797282298,int,2,0.0108955623582005,0.0109812254086136,341,0.4,E7_trainfrac
97,6,addition,post_grok_4000,5500,1.0,0.9982288479804992,36.00769797282298,int,3,0.073345735669136,0.0726177841424942,341,0.4,E7_trainfrac
97,6,addition,post_grok_4000,5500,1.0,0.9982288479804992,36.00769797282298,int,4,0.8099920153617859,0.8039319515228271,341,0.4,E7_trainfrac
97,6,addition,post_grok_4000,5500,1.0,0.9982288479804992,36.00769797282298,int,5,1.0,0.9978746175765992,341,0.4,E7_trainfrac
97,6,addition,post_grok_4000,5500,1.0,0.9982288479804992,36.00769797282298,int,6,1.0,0.9982288479804992,341,0.4,E7_trainfrac
97,6,addition,post_grok_4000,5500,1.0,0.9982288479804992,36.00769797282298,int,8,1.0,0.9982288479804992,341,0.4,E7_trainfrac
97,6,addition,post_grok_4000,5500,1.0,0.9982288479804992,36.00769797282298,int,10,1.0,0.9982288479804992,341,0.4,E7_trainfrac
97,6,addition,post_grok_4000,5500,1.0,0.9982288479804992,36.00769797282298,int,12,1.0,0.9982288479804992,341,0.4,E7_trainfrac
97,6,addition,post_grok_4000,5500,1.0,0.9982288479804992,36.00769797282298,int,16,1.0,0.9982288479804992,341,0.4,E7_trainfrac
97,6,addition,post_grok_4000,5500,1.0,0.9982288479804992,36.00769797282298,int,23,1.0,0.9982288479804992,341,0.4,E7_trainfrac
97,6,addition,cleaned_up,23850,1.0,0.9982288479804992,35.60522491823576,int,2,0.009035344235599,0.0083244778215885,341,0.4,E7_trainfrac
97,6,addition,cleaned_up,23850,1.0,0.9982288479804992,35.60522491823576,int,3,0.0061121447943151,0.0076160114258527,341,0.4,E7_trainfrac
97,6,addition,cleaned_up,23850,1.0,0.9982288479804992,35.60522491823576,int,4,0.1714057922363281,0.1556854397058487,341,0.4,E7_trainfrac
97,6,addition,cleaned_up,23850,1.0,0.9982288479804992,35.60522491823576,int,5,0.4475152790546417,0.4192348420619964,341,0.4,E7_trainfrac
97,6,addition,cleaned_up,23850,1.0,0.9982288479804992,35.60522491823576,int,6,0.9906989336013794,0.975026547908783,341,0.4,E7_trainfrac
97,6,addition,cleaned_up,23850,1.0,0.9982288479804992,35.60522491823576,int,8,1.0,0.9980517029762268,341,0.4,E7_trainfrac
97,6,addition,cleaned_up,23850,1.0,0.9982288479804992,35.60522491823576,int,10,1.0,0.9982288479804992,341,0.4,E7_trainfrac
97,6,addition,cleaned_up,23850,1.0,0.9982288479804992,35.60522491823576,int,12,1.0,0.9982288479804992,341,0.4,E7_trainfrac
97,6,addition,cleaned_up,23850,1.0,0.9982288479804992,35.60522491823576,int,16,1.0,0.9982288479804992,341,0.4,E7_trainfrac
97,6,addition,cleaned_up,23850,1.0,0.9982288479804992,35.60522491823576,int,23,1.0,0.9982288479804992,341,0.4,E7_trainfrac
97,7,addition,just_grokked,800,1.0,0.9156925082206726,36.27054017306544,int,2,0.0372043587267398,0.0288699958473444,341,0.4,E7_trainfrac
97,7,addition,just_grokked,800,1.0,0.9156925082206726,36.27054017306544,int,3,0.8014881610870361,0.6826071739196777,341,0.4,E7_trainfrac
97,7,addition,just_grokked,800,1.0,0.9156925082206726,36.27054017306544,int,4,0.994153618812561,0.8767268657684326,341,0.4,E7_trainfrac
97,7,addition,just_grokked,800,1.0,0.9156925082206726,36.27054017306544,int,5,1.0,0.9087849855422974,341,0.4,E7_trainfrac
97,7,addition,just_grokked,800,1.0,0.9156925082206726,36.27054017306544,int,6,1.0,0.9121502041816713,341,0.4,E7_trainfrac
97,7,addition,just_grokked,800,1.0,0.9156925082206726,36.27054017306544,int,8,1.0,0.9155154228210448,341,0.4,E7_trainfrac
97,7,addition,just_grokked,800,1.0,0.9156925082206726,36.27054017306544,int,10,1.0,0.9158696532249452,341,0.4,E7_trainfrac
97,7,addition,just_grokked,800,1.0,0.9156925082206726,36.27054017306544,int,12,1.0,0.9155154228210448,341,0.4,E7_trainfrac
97,7,addition,just_grokked,800,1.0,0.9156925082206726,36.27054017306544,int,16,1.0,0.9156925082206726,341,0.4,E7_trainfrac
97,7,addition,just_grokked,800,1.0,0.9156925082206726,36.27054017306544,int,23,1.0,0.9156925082206726,341,0.4,E7_trainfrac
97,7,addition,post_grok_500,1300,1.0,0.9895501136779784,31.038240400248707,int,2,0.0148817431181669,0.0122210411354899,341,0.4,E7_trainfrac
97,7,addition,post_grok_500,1300,1.0,0.9895501136779784,31.038240400248707,int,3,0.6914695501327515,0.6663123965263367,341,0.4,E7_trainfrac
97,7,addition,post_grok_500,1300,1.0,0.9895501136779784,31.038240400248707,int,4,0.9928248524665833,0.9622741937637328,341,0.4,E7_trainfrac
97,7,addition,post_grok_500,1300,1.0,0.9895501136779784,31.038240400248707,int,5,0.9997342824935912,0.985299289226532,341,0.4,E7_trainfrac
97,7,addition,post_grok_500,1300,1.0,0.9895501136779784,31.038240400248707,int,6,1.0,0.989727258682251,341,0.4,E7_trainfrac
97,7,addition,post_grok_500,1300,1.0,0.9895501136779784,31.038240400248707,int,8,1.0,0.989372968673706,341,0.4,E7_trainfrac
97,7,addition,post_grok_500,1300,1.0,0.9895501136779784,31.038240400248707,int,10,1.0,0.9895501136779784,341,0.4,E7_trainfrac
97,7,addition,post_grok_500,1300,1.0,0.9895501136779784,31.038240400248707,int,12,1.0,0.9895501136779784,341,0.4,E7_trainfrac
97,7,addition,post_grok_500,1300,1.0,0.9895501136779784,31.038240400248707,int,16,1.0,0.9895501136779784,341,0.4,E7_trainfrac
97,7,addition,post_grok_500,1300,1.0,0.9895501136779784,31.038240400248707,int,23,1.0,0.9895501136779784,341,0.4,E7_trainfrac
97,7,addition,post_grok_1500,2300,1.0,0.9943322539329528,27.234876506606675,int,2,0.0103640714660286,0.0085015939548611,341,0.4,E7_trainfrac
97,7,addition,post_grok_1500,2300,1.0,0.9943322539329528,27.234876506606675,int,3,0.2689343690872192,0.2741764187812805,341,0.4,E7_trainfrac
97,7,addition,post_grok_1500,2300,1.0,0.9943322539329528,27.234876506606675,int,4,0.9022057056427002,0.8751327991485596,341,0.4,E7_trainfrac
97,7,addition,post_grok_1500,2300,1.0,0.9943322539329528,27.234876506606675,int,5,0.9994685053825378,0.994686484336853,341,0.4,E7_trainfrac
97,7,addition,post_grok_1500,2300,1.0,0.9943322539329528,27.234876506606675,int,6,1.0,0.9939780235290528,341,0.4,E7_trainfrac
97,7,addition,post_grok_1500,2300,1.0,0.9943322539329528,27.234876506606675,int,8,1.0,0.9943322539329528,341,0.4,E7_trainfrac
97,7,addition,post_grok_1500,2300,1.0,0.9943322539329528,27.234876506606675,int,10,1.0,0.9943322539329528,341,0.4,E7_trainfrac
97,7,addition,post_grok_1500,2300,1.0,0.9943322539329528,27.234876506606675,int,12,1.0,0.9943322539329528,341,0.4,E7_trainfrac
97,7,addition,post_grok_1500,2300,1.0,0.9943322539329528,27.234876506606675,int,16,1.0,0.9943322539329528,341,0.4,E7_trainfrac
97,7,addition,post_grok_1500,2300,1.0,0.9943322539329528,27.234876506606675,int,23,1.0,0.9943322539329528,341,0.4,E7_trainfrac
97,7,addition,post_grok_4000,4800,1.0,0.9943322539329528,34.35748100872024,int,2,0.0082381078973412,0.0092100603505969,341,0.4,E7_trainfrac
97,7,addition,post_grok_4000,4800,1.0,0.9943322539329528,34.35748100872024,int,3,0.0919479131698608,0.0977683290839195,341,0.4,E7_trainfrac
97,7,addition,post_grok_4000,4800,1.0,0.9943322539329528,34.35748100872024,int,4,0.6489502787590027,0.6475380659103394,341,0.4,E7_trainfrac
97,7,addition,post_grok_4000,4800,1.0,0.9943322539329528,34.35748100872024,int,5,0.9989370107650756,0.9911441802978516,341,0.4,E7_trainfrac
97,7,addition,post_grok_4000,4800,1.0,0.9943322539329528,34.35748100872024,int,6,1.0,0.9939780235290528,341,0.4,E7_trainfrac
97,7,addition,post_grok_4000,4800,1.0,0.9943322539329528,34.35748100872024,int,8,1.0,0.9943322539329528,341,0.4,E7_trainfrac
97,7,addition,post_grok_4000,4800,1.0,0.9943322539329528,34.35748100872024,int,10,1.0,0.9943322539329528,341,0.4,E7_trainfrac
97,7,addition,post_grok_4000,4800,1.0,0.9943322539329528,34.35748100872024,int,12,1.0,0.9943322539329528,341,0.4,E7_trainfrac
97,7,addition,post_grok_4000,4800,1.0,0.9943322539329528,34.35748100872024,int,16,1.0,0.9943322539329528,341,0.4,E7_trainfrac
97,7,addition,post_grok_4000,4800,1.0,0.9943322539329528,34.35748100872024,int,23,1.0,0.9943322539329528,341,0.4,E7_trainfrac
97,7,addition,cleaned_up,30000,1.0,0.992206871509552,43.40223671861583,int,2,0.0061121447943151,0.0053134961053729,341,0.4,E7_trainfrac
97,7,addition,cleaned_up,30000,1.0,0.992206871509552,43.40223671861583,int,3,0.0095668351277709,0.0104498760774731,341,0.4,E7_trainfrac
97,7,addition,cleaned_up,30000,1.0,0.992206871509552,43.40223671861583,int,4,0.3311187922954559,0.337761253118515,341,0.4,E7_trainfrac
97,7,addition,cleaned_up,30000,1.0,0.992206871509552,43.40223671861583,int,5,0.96518737077713,0.9514700770378112,341,0.4,E7_trainfrac
97,7,addition,cleaned_up,30000,1.0,0.992206871509552,43.40223671861583,int,6,1.0,0.9929153323173524,341,0.4,E7_trainfrac
97,7,addition,cleaned_up,30000,1.0,0.992206871509552,43.40223671861583,int,8,1.0,0.992206871509552,341,0.4,E7_trainfrac
97,7,addition,cleaned_up,30000,1.0,0.992206871509552,43.40223671861583,int,10,1.0,0.992206871509552,341,0.4,E7_trainfrac
97,7,addition,cleaned_up,30000,1.0,0.992206871509552,43.40223671861583,int,12,1.0,0.992206871509552,341,0.4,E7_trainfrac
97,7,addition,cleaned_up,30000,1.0,0.992206871509552,43.40223671861583,int,16,1.0,0.992206871509552,341,0.4,E7_trainfrac
97,7,addition,cleaned_up,30000,1.0,0.992206871509552,43.40223671861583,int,23,1.0,0.992206871509552,341,0.4,E7_trainfrac
97,8,addition,just_grokked,1100,1.0,0.9169323444366456,33.794273681985416,int,2,0.0116927986964583,0.011866807937622,341,0.4,E7_trainfrac
97,8,addition,just_grokked,1100,1.0,0.9169323444366456,33.794273681985416,int,3,0.1953228861093521,0.1586964130401611,341,0.4,E7_trainfrac
97,8,addition,just_grokked,1100,1.0,0.9169323444366456,33.794273681985416,int,4,0.5665692090988159,0.4741409718990326,341,0.4,E7_trainfrac
97,8,addition,just_grokked,1100,1.0,0.9169323444366456,33.794273681985416,int,5,0.886260986328125,0.7732908129692078,341,0.4,E7_trainfrac
97,8,addition,just_grokked,1100,1.0,0.9169323444366456,33.794273681985416,int,6,0.9960138201713562,0.8907190561294556,341,0.4,E7_trainfrac
97,8,addition,just_grokked,1100,1.0,0.9169323444366456,33.794273681985416,int,8,1.0,0.9149840474128724,341,0.4,E7_trainfrac
97,8,addition,just_grokked,1100,1.0,0.9169323444366456,33.794273681985416,int,10,1.0,0.9171094298362732,341,0.4,E7_trainfrac
97,8,addition,just_grokked,1100,1.0,0.9169323444366456,33.794273681985416,int,12,1.0,0.9169323444366456,341,0.4,E7_trainfrac
97,8,addition,just_grokked,1100,1.0,0.9169323444366456,33.794273681985416,int,16,1.0,0.9169323444366456,341,0.4,E7_trainfrac
97,8,addition,just_grokked,1100,1.0,0.9169323444366456,33.794273681985416,int,23,1.0,0.9169323444366456,341,0.4,E7_trainfrac
97,8,addition,post_grok_500,1600,1.0,0.976266384124756,28.883917707161977,int,2,0.0135530158877372,0.0111583424732089,341,0.4,E7_trainfrac
97,8,addition,post_grok_500,1600,1.0,0.976266384124756,28.883917707161977,int,3,0.2256178557872772,0.2143110185861587,341,0.4,E7_trainfrac
97,8,addition,post_grok_500,1600,1.0,0.976266384124756,28.883917707161977,int,4,0.6152006387710571,0.5781083703041077,341,0.4,E7_trainfrac
97,8,addition,post_grok_500,1600,1.0,0.976266384124756,28.883917707161977,int,5,0.950571358203888,0.8928444981575012,341,0.4,E7_trainfrac
97,8,addition,post_grok_500,1600,1.0,0.976266384124756,28.883917707161977,int,6,0.9981397986412048,0.971307098865509,341,0.4,E7_trainfrac
97,8,addition,post_grok_500,1600,1.0,0.976266384124756,28.883917707161977,int,8,1.0,0.9755579233169556,341,0.4,E7_trainfrac
97,8,addition,post_grok_500,1600,1.0,0.976266384124756,28.883917707161977,int,10,1.0,0.9767976999282836,341,0.4,E7_trainfrac
97,8,addition,post_grok_500,1600,1.0,0.976266384124756,28.883917707161977,int,12,1.0,0.976266384124756,341,0.4,E7_trainfrac
97,8,addition,post_grok_500,1600,1.0,0.976266384124756,28.883917707161977,int,16,1.0,0.976266384124756,341,0.4,E7_trainfrac
97,8,addition,post_grok_500,1600,1.0,0.976266384124756,28.883917707161977,int,23,1.0,0.976266384124756,341,0.4,E7_trainfrac
97,8,addition,post_grok_1500,2600,1.0,0.9877789616584778,28.062148408450163,int,2,0.0162104703485965,0.0189514700323343,341,0.4,E7_trainfrac
97,8,addition,post_grok_1500,2600,1.0,0.9877789616584778,28.062148408450163,int,3,0.2128620743751526,0.220864325761795,341,0.4,E7_trainfrac
97,8,addition,post_grok_1500,2600,1.0,0.9877789616584778,28.062148408450163,int,4,0.6306138634681702,0.6145943999290466,341,0.4,E7_trainfrac
97,8,addition,post_grok_1500,2600,1.0,0.9877789616584778,28.062148408450163,int,5,0.954291820526123,0.9316329956054688,341,0.4,E7_trainfrac
97,8,addition,post_grok_1500,2600,1.0,0.9877789616584778,28.062148408450163,int,6,0.998671293258667,0.9829968214035034,341,0.4,E7_trainfrac
97,8,addition,post_grok_1500,2600,1.0,0.9877789616584778,28.062148408450163,int,8,1.0,0.9874247312545776,341,0.4,E7_trainfrac
97,8,addition,post_grok_1500,2600,1.0,0.9877789616584778,28.062148408450163,int,10,1.0,0.9877789616584778,341,0.4,E7_trainfrac
97,8,addition,post_grok_1500,2600,1.0,0.9877789616584778,28.062148408450163,int,12,1.0,0.9877789616584778,341,0.4,E7_trainfrac
97,8,addition,post_grok_1500,2600,1.0,0.9877789616584778,28.062148408450163,int,16,1.0,0.9877789616584778,341,0.4,E7_trainfrac
97,8,addition,post_grok_1500,2600,1.0,0.9877789616584778,28.062148408450163,int,23,1.0,0.9877789616584778,341,0.4,E7_trainfrac
97,8,addition,post_grok_4000,5100,1.0,0.989372968673706,28.714863191405247,int,2,0.0106298169121146,0.0106269922107458,341,0.4,E7_trainfrac
97,8,addition,post_grok_4000,5100,1.0,0.989372968673706,28.714863191405247,int,3,0.0566037744283676,0.0533120781183242,341,0.4,E7_trainfrac
97,8,addition,post_grok_4000,5100,1.0,0.989372968673706,28.714863191405247,int,4,0.5046505331993103,0.4918526411056518,341,0.4,E7_trainfrac
97,8,addition,post_grok_4000,5100,1.0,0.989372968673706,28.714863191405247,int,5,0.9348923563957214,0.9047113060951232,341,0.4,E7_trainfrac
97,8,addition,post_grok_4000,5100,1.0,0.989372968673706,28.714863191405247,int,6,0.9970768094062804,0.9799858331680298,341,0.4,E7_trainfrac
97,8,addition,post_grok_4000,5100,1.0,0.989372968673706,28.714863191405247,int,8,1.0,0.989018738269806,341,0.4,E7_trainfrac
97,8,addition,post_grok_4000,5100,1.0,0.989372968673706,28.714863191405247,int,10,1.0,0.989372968673706,341,0.4,E7_trainfrac
97,8,addition,post_grok_4000,5100,1.0,0.989372968673706,28.714863191405247,int,12,1.0,0.989372968673706,341,0.4,E7_trainfrac
97,8,addition,post_grok_4000,5100,1.0,0.989372968673706,28.714863191405247,int,16,1.0,0.989372968673706,341,0.4,E7_trainfrac
97,8,addition,post_grok_4000,5100,1.0,0.989372968673706,28.714863191405247,int,23,1.0,0.989372968673706,341,0.4,E7_trainfrac
97,8,addition,cleaned_up,30000,1.0,0.9909670352935792,31.4566168554702,int,2,0.0100983260199427,0.0122210411354899,341,0.4,E7_trainfrac
97,8,addition,cleaned_up,30000,1.0,0.9909670352935792,31.4566168554702,int,3,0.0236513428390026,0.0237336158752441,341,0.4,E7_trainfrac
97,8,addition,cleaned_up,30000,1.0,0.9909670352935792,31.4566168554702,int,4,0.0597927197813987,0.0704923868179321,341,0.4,E7_trainfrac
97,8,addition,cleaned_up,30000,1.0,0.9909670352935792,31.4566168554702,int,5,0.4278501272201538,0.4107332527637481,341,0.4,E7_trainfrac
97,8,addition,cleaned_up,30000,1.0,0.9909670352935792,31.4566168554702,int,6,0.932500660419464,0.928267776966095,341,0.4,E7_trainfrac
97,8,addition,cleaned_up,30000,1.0,0.9909670352935792,31.4566168554702,int,8,1.0,0.9913212656974792,341,0.4,E7_trainfrac
97,8,addition,cleaned_up,30000,1.0,0.9909670352935792,31.4566168554702,int,10,1.0,0.9909670352935792,341,0.4,E7_trainfrac
97,8,addition,cleaned_up,30000,1.0,0.9909670352935792,31.4566168554702,int,12,1.0,0.9909670352935792,341,0.4,E7_trainfrac
97,8,addition,cleaned_up,30000,1.0,0.9909670352935792,31.4566168554702,int,16,1.0,0.9909670352935792,341,0.4,E7_trainfrac
97,8,addition,cleaned_up,30000,1.0,0.9909670352935792,31.4566168554702,int,23,1.0,0.9909670352935792,341,0.4,E7_trainfrac
97,9,addition,just_grokked,3550,1.0,0.90240877866745,32.43409127496222,int,2,0.0119585441425442,0.0090329432860016,341,0.4,E7_trainfrac
97,9,addition,just_grokked,3550,1.0,0.90240877866745,32.43409127496222,int,3,0.1429710388183593,0.1436415165662765,341,0.4,E7_trainfrac
97,9,addition,just_grokked,3550,1.0,0.90240877866745,32.43409127496222,int,4,0.7656125426292419,0.6532058119773865,341,0.4,E7_trainfrac
97,9,addition,just_grokked,3550,1.0,0.90240877866745,32.43409127496222,int,5,0.9976083040237428,0.8823946118354797,341,0.4,E7_trainfrac
97,9,addition,just_grokked,3550,1.0,0.90240877866745,32.43409127496222,int,6,1.0,0.8939071893692017,341,0.4,E7_trainfrac
97,9,addition,just_grokked,3550,1.0,0.90240877866745,32.43409127496222,int,8,1.0,0.9020545482635498,341,0.4,E7_trainfrac
97,9,addition,just_grokked,3550,1.0,0.90240877866745,32.43409127496222,int,10,1.0,0.90240877866745,341,0.4,E7_trainfrac
97,9,addition,just_grokked,3550,1.0,0.90240877866745,32.43409127496222,int,12,1.0,0.90240877866745,341,0.4,E7_trainfrac
97,9,addition,just_grokked,3550,1.0,0.90240877866745,32.43409127496222,int,16,1.0,0.90240877866745,341,0.4,E7_trainfrac
97,9,addition,just_grokked,3550,1.0,0.90240877866745,32.43409127496222,int,23,1.0,0.90240877866745,341,0.4,E7_trainfrac
97,9,addition,post_grok_500,4050,1.0,0.950761616230011,30.182849644310625,int,2,0.0093010896816849,0.0115125747397542,341,0.4,E7_trainfrac
97,9,addition,post_grok_500,4050,1.0,0.950761616230011,30.182849644310625,int,3,0.2088758945465088,0.1967764794826507,341,0.4,E7_trainfrac
97,9,addition,post_grok_500,4050,1.0,0.950761616230011,30.182849644310625,int,4,0.8788201212882996,0.7886999845504761,341,0.4,E7_trainfrac
97,9,addition,post_grok_500,4050,1.0,0.950761616230011,30.182849644310625,int,5,0.9989370107650756,0.9383634328842164,341,0.4,E7_trainfrac
97,9,addition,post_grok_500,4050,1.0,0.950761616230011,30.182849644310625,int,6,1.0,0.947927713394165,341,0.4,E7_trainfrac
97,9,addition,post_grok_500,4050,1.0,0.950761616230011,30.182849644310625,int,8,1.0,0.951647162437439,341,0.4,E7_trainfrac
97,9,addition,post_grok_500,4050,1.0,0.950761616230011,30.182849644310625,int,10,1.0,0.9509387016296388,341,0.4,E7_trainfrac
97,9,addition,post_grok_500,4050,1.0,0.950761616230011,30.182849644310625,int,12,1.0,0.9505844712257384,341,0.4,E7_trainfrac
97,9,addition,post_grok_500,4050,1.0,0.950761616230011,30.182849644310625,int,16,1.0,0.9509387016296388,341,0.4,E7_trainfrac
97,9,addition,post_grok_500,4050,1.0,0.950761616230011,30.182849644310625,int,23,1.0,0.950761616230011,341,0.4,E7_trainfrac
97,9,addition,post_grok_1500,5050,1.0,0.9835281372070312,25.5089739828613,int,2,0.0132872704416513,0.0104498760774731,341,0.4,E7_trainfrac
97,9,addition,post_grok_1500,5050,1.0,0.9835281372070312,25.5089739828613,int,3,0.3757640123367309,0.3529932796955108,341,0.4,E7_trainfrac
97,9,addition,post_grok_1500,5050,1.0,0.9835281372070312,25.5089739828613,int,4,0.9141642451286316,0.8887708187103271,341,0.4,E7_trainfrac
97,9,addition,post_grok_1500,5050,1.0,0.9835281372070312,25.5089739828613,int,5,0.9944193363189696,0.9679418802261353,341,0.4,E7_trainfrac
97,9,addition,post_grok_1500,5050,1.0,0.9835281372070312,25.5089739828613,int,6,1.0,0.9805171489715576,341,0.4,E7_trainfrac
97,9,addition,post_grok_1500,5050,1.0,0.9835281372070312,25.5089739828613,int,8,1.0,0.9833510518074036,341,0.4,E7_trainfrac
97,9,addition,post_grok_1500,5050,1.0,0.9835281372070312,25.5089739828613,int,10,1.0,0.9835281372070312,341,0.4,E7_trainfrac
97,9,addition,post_grok_1500,5050,1.0,0.9835281372070312,25.5089739828613,int,12,1.0,0.9835281372070312,341,0.4,E7_trainfrac
97,9,addition,post_grok_1500,5050,1.0,0.9835281372070312,25.5089739828613,int,16,1.0,0.9835281372070312,341,0.4,E7_trainfrac
97,9,addition,post_grok_1500,5050,1.0,0.9835281372070312,25.5089739828613,int,23,1.0,0.9835281372070312,341,0.4,E7_trainfrac
97,9,addition,post_grok_4000,7550,1.0,0.989372968673706,28.69494638643044,int,2,0.0116927986964583,0.0132837407290935,341,0.4,E7_trainfrac
97,9,addition,post_grok_4000,7550,1.0,0.989372968673706,28.69494638643044,int,3,0.0348126478493213,0.0331207923591136,341,0.4,E7_trainfrac
97,9,addition,post_grok_4000,7550,1.0,0.989372968673706,28.69494638643044,int,4,0.3398883938789367,0.3308537006378174,341,0.4,E7_trainfrac
97,9,addition,post_grok_4000,7550,1.0,0.989372968673706,28.69494638643044,int,5,0.960138201713562,0.9330499172210692,341,0.4,E7_trainfrac
97,9,addition,post_grok_4000,7550,1.0,0.989372968673706,28.69494638643044,int,6,1.0,0.985653519630432,341,0.4,E7_trainfrac
97,9,addition,post_grok_4000,7550,1.0,0.989372968673706,28.69494638643044,int,8,1.0,0.988487422466278,341,0.4,E7_trainfrac
97,9,addition,post_grok_4000,7550,1.0,0.989372968673706,28.69494638643044,int,10,1.0,0.9891958832740784,341,0.4,E7_trainfrac
97,9,addition,post_grok_4000,7550,1.0,0.989372968673706,28.69494638643044,int,12,1.0,0.9891958832740784,341,0.4,E7_trainfrac
97,9,addition,post_grok_4000,7550,1.0,0.989372968673706,28.69494638643044,int,16,1.0,0.989372968673706,341,0.4,E7_trainfrac
97,9,addition,post_grok_4000,7550,1.0,0.989372968673706,28.69494638643044,int,23,1.0,0.989372968673706,341,0.4,E7_trainfrac
97,9,addition,cleaned_up,30000,1.0,0.989727258682251,43.52536843761266,int,2,0.0077066170051693,0.0065533118322491,341,0.4,E7_trainfrac
97,9,addition,cleaned_up,30000,1.0,0.989727258682251,43.52536843761266,int,3,0.0021259633358567,0.0012398157268762,341,0.4,E7_trainfrac
97,9,addition,cleaned_up,30000,1.0,0.989727258682251,43.52536843761266,int,4,0.1118788197636604,0.1191994324326515,341,0.4,E7_trainfrac
97,9,addition,cleaned_up,30000,1.0,0.989727258682251,43.52536843761266,int,5,0.2211001813411712,0.2238753139972686,341,0.4,E7_trainfrac
97,9,addition,cleaned_up,30000,1.0,0.989727258682251,43.52536843761266,int,6,0.8272655010223389,0.8099539279937744,341,0.4,E7_trainfrac
97,9,addition,cleaned_up,30000,1.0,0.989727258682251,43.52536843761266,int,8,1.0,0.989727258682251,341,0.4,E7_trainfrac
97,9,addition,cleaned_up,30000,1.0,0.989727258682251,43.52536843761266,int,10,1.0,0.989727258682251,341,0.4,E7_trainfrac
97,9,addition,cleaned_up,30000,1.0,0.989727258682251,43.52536843761266,int,12,1.0,0.989727258682251,341,0.4,E7_trainfrac
97,9,addition,cleaned_up,30000,1.0,0.989727258682251,43.52536843761266,int,16,1.0,0.989727258682251,341,0.4,E7_trainfrac
97,9,addition,cleaned_up,30000,1.0,0.989727258682251,43.52536843761266,int,23,1.0,0.989727258682251,341,0.4,E7_trainfrac
97,10,addition,just_grokked,550,1.0,0.9057739973068236,35.32027110785253,int,2,0.0225883610546588,0.0198370516300201,341,0.4,E7_trainfrac
97,10,addition,just_grokked,550,1.0,0.9057739973068236,35.32027110785253,int,3,0.3630082309246063,0.3101310729980469,341,0.4,E7_trainfrac
97,10,addition,just_grokked,550,1.0,0.9057739973068236,35.32027110785253,int,4,0.7318629026412964,0.6161884665489197,341,0.4,E7_trainfrac
97,10,addition,just_grokked,550,1.0,0.9057739973068236,35.32027110785253,int,5,0.9436619877815248,0.8313850164413452,341,0.4,E7_trainfrac
97,10,addition,just_grokked,550,1.0,0.9057739973068236,35.32027110785253,int,6,0.9976083040237428,0.8852284550666809,341,0.4,E7_trainfrac
97,10,addition,just_grokked,550,1.0,0.9057739973068236,35.32027110785253,int,8,1.0,0.9066595435142516,341,0.4,E7_trainfrac
97,10,addition,just_grokked,550,1.0,0.9057739973068236,35.32027110785253,int,10,1.0,0.9052426218986512,341,0.4,E7_trainfrac
97,10,addition,just_grokked,550,1.0,0.9057739973068236,35.32027110785253,int,12,1.0,0.9057739973068236,341,0.4,E7_trainfrac
97,10,addition,just_grokked,550,1.0,0.9057739973068236,35.32027110785253,int,16,1.0,0.9057739973068236,341,0.4,E7_trainfrac
97,10,addition,just_grokked,550,1.0,0.9057739973068236,35.32027110785253,int,23,1.0,0.9057739973068236,341,0.4,E7_trainfrac
97,10,addition,post_grok_500,1050,1.0,0.989372968673706,32.09517266854168,int,2,0.0087695987895131,0.0109812254086136,341,0.4,E7_trainfrac
97,10,addition,post_grok_500,1050,1.0,0.989372968673706,32.09517266854168,int,3,0.4653202295303345,0.4401346147060394,341,0.4,E7_trainfrac
97,10,addition,post_grok_500,1050,1.0,0.989372968673706,32.09517266854168,int,4,0.9091150760650636,0.8772582411766052,341,0.4,E7_trainfrac
97,10,addition,post_grok_500,1050,1.0,0.989372968673706,32.09517266854168,int,5,0.9997342824935912,0.9794544577598572,341,0.4,E7_trainfrac
97,10,addition,post_grok_500,1050,1.0,0.989372968673706,32.09517266854168,int,6,1.0,0.9870705008506776,341,0.4,E7_trainfrac
97,10,addition,post_grok_500,1050,1.0,0.989372968673706,32.09517266854168,int,8,1.0,0.9899043440818788,341,0.4,E7_trainfrac
97,10,addition,post_grok_500,1050,1.0,0.989372968673706,32.09517266854168,int,10,1.0,0.9895501136779784,341,0.4,E7_trainfrac
97,10,addition,post_grok_500,1050,1.0,0.989372968673706,32.09517266854168,int,12,1.0,0.989372968673706,341,0.4,E7_trainfrac
97,10,addition,post_grok_500,1050,1.0,0.989372968673706,32.09517266854168,int,16,1.0,0.989372968673706,341,0.4,E7_trainfrac
97,10,addition,post_grok_500,1050,1.0,0.989372968673706,32.09517266854168,int,23,1.0,0.989372968673706,341,0.4,E7_trainfrac
97,10,addition,post_grok_1500,2050,1.0,0.994686484336853,29.81801949195703,int,2,0.0124900350347161,0.0100956428796052,341,0.4,E7_trainfrac
97,10,addition,post_grok_1500,2050,1.0,0.994686484336853,29.81801949195703,int,3,0.3045442402362823,0.2950761616230011,341,0.4,E7_trainfrac
97,10,addition,post_grok_1500,2050,1.0,0.994686484336853,29.81801949195703,int,4,0.8796173334121704,0.8595466017723083,341,0.4,E7_trainfrac
97,10,addition,post_grok_1500,2050,1.0,0.994686484336853,29.81801949195703,int,5,0.9957481026649476,0.9888416528701782,341,0.4,E7_trainfrac
97,10,addition,post_grok_1500,2050,1.0,0.994686484336853,29.81801949195703,int,6,1.0,0.9927381873130798,341,0.4,E7_trainfrac
97,10,addition,post_grok_1500,2050,1.0,0.994686484336853,29.81801949195703,int,8,1.0,0.994686484336853,341,0.4,E7_trainfrac
97,10,addition,post_grok_1500,2050,1.0,0.994686484336853,29.81801949195703,int,10,1.0,0.994686484336853,341,0.4,E7_trainfrac
97,10,addition,post_grok_1500,2050,1.0,0.994686484336853,29.81801949195703,int,12,1.0,0.994686484336853,341,0.4,E7_trainfrac
97,10,addition,post_grok_1500,2050,1.0,0.994686484336853,29.81801949195703,int,16,1.0,0.994686484336853,341,0.4,E7_trainfrac
97,10,addition,post_grok_1500,2050,1.0,0.994686484336853,29.81801949195703,int,23,1.0,0.994686484336853,341,0.4,E7_trainfrac
97,10,addition,post_grok_4000,4550,1.0,0.9980517029762268,39.52094786373844,int,2,0.0124900350347161,0.0081473607569932,341,0.4,E7_trainfrac
97,10,addition,post_grok_4000,4550,1.0,0.9980517029762268,39.52094786373844,int,3,0.0693595558404922,0.0667729377746582,341,0.4,E7_trainfrac
97,10,addition,post_grok_4000,4550,1.0,0.9980517029762268,39.52094786373844,int,4,0.7749136090278625,0.772405207157135,341,0.4,E7_trainfrac
97,10,addition,post_grok_4000,4550,1.0,0.9980517029762268,39.52094786373844,int,5,1.0,0.9969890117645264,341,0.4,E7_trainfrac
97,10,addition,post_grok_4000,4550,1.0,0.9980517029762268,39.52094786373844,int,6,1.0,0.9980517029762268,341,0.4,E7_trainfrac
97,10,addition,post_grok_4000,4550,1.0,0.9980517029762268,39.52094786373844,int,8,1.0,0.9980517029762268,341,0.4,E7_trainfrac
97,10,addition,post_grok_4000,4550,1.0,0.9980517029762268,39.52094786373844,int,10,1.0,0.9980517029762268,341,0.4,E7_trainfrac
97,10,addition,post_grok_4000,4550,1.0,0.9980517029762268,39.52094786373844,int,12,1.0,0.9980517029762268,341,0.4,E7_trainfrac
97,10,addition,post_grok_4000,4550,1.0,0.9980517029762268,39.52094786373844,int,16,1.0,0.9980517029762268,341,0.4,E7_trainfrac
97,10,addition,post_grok_4000,4550,1.0,0.9980517029762268,39.52094786373844,int,23,1.0,0.9980517029762268,341,0.4,E7_trainfrac
97,10,addition,cleaned_up,20250,1.0,0.9980517029762268,31.66570280933825,int,2,0.0106298169121146,0.0093871764838695,341,0.4,E7_trainfrac
97,10,addition,cleaned_up,20250,1.0,0.9980517029762268,31.66570280933825,int,3,0.0042519266717135,0.0051363795064389,341,0.4,E7_trainfrac
97,10,addition,cleaned_up,20250,1.0,0.9980517029762268,31.66570280933825,int,4,0.1690140813589096,0.1723343878984451,341,0.4,E7_trainfrac
97,10,addition,cleaned_up,20250,1.0,0.9980517029762268,31.66570280933825,int,5,0.7124634385108948,0.6932341456413269,341,0.4,E7_trainfrac
97,10,addition,cleaned_up,20250,1.0,0.9980517029762268,31.66570280933825,int,6,1.0,0.9980517029762268,341,0.4,E7_trainfrac
97,10,addition,cleaned_up,20250,1.0,0.9980517029762268,31.66570280933825,int,8,1.0,0.9980517029762268,341,0.4,E7_trainfrac
97,10,addition,cleaned_up,20250,1.0,0.9980517029762268,31.66570280933825,int,10,1.0,0.9980517029762268,341,0.4,E7_trainfrac
97,10,addition,cleaned_up,20250,1.0,0.9980517029762268,31.66570280933825,int,12,1.0,0.9980517029762268,341,0.4,E7_trainfrac
97,10,addition,cleaned_up,20250,1.0,0.9980517029762268,31.66570280933825,int,16,1.0,0.9980517029762268,341,0.4,E7_trainfrac
97,10,addition,cleaned_up,20250,1.0,0.9980517029762268,31.66570280933825,int,23,1.0,0.9980517029762268,341,0.4,E7_trainfrac
97,11,addition,just_grokked,600,1.0,0.9165781140327454,35.658503691037595,int,2,0.0629816651344299,0.0465816520154476,341,0.4,E7_trainfrac
97,11,addition,just_grokked,600,1.0,0.9165781140327454,35.658503691037595,int,3,0.5102311968803406,0.4217144846916199,341,0.4,E7_trainfrac
97,11,addition,just_grokked,600,1.0,0.9165781140327454,35.658503691037595,int,4,0.9059261083602904,0.7743535041809082,341,0.4,E7_trainfrac
97,11,addition,just_grokked,600,1.0,0.9165781140327454,35.658503691037595,int,5,0.9869784712791444,0.8754870891571045,341,0.4,E7_trainfrac
97,11,addition,just_grokked,600,1.0,0.9165781140327454,35.658503691037595,int,6,0.9997342824935912,0.9084307551383972,341,0.4,E7_trainfrac
97,11,addition,just_grokked,600,1.0,0.9165781140327454,35.658503691037595,int,8,1.0,0.916755199432373,341,0.4,E7_trainfrac
97,11,addition,just_grokked,600,1.0,0.9165781140327454,35.658503691037595,int,10,1.0,0.9169323444366456,341,0.4,E7_trainfrac
97,11,addition,just_grokked,600,1.0,0.9165781140327454,35.658503691037595,int,12,1.0,0.9165781140327454,341,0.4,E7_trainfrac
97,11,addition,just_grokked,600,1.0,0.9165781140327454,35.658503691037595,int,16,1.0,0.9165781140327454,341,0.4,E7_trainfrac
97,11,addition,just_grokked,600,1.0,0.9165781140327454,35.658503691037595,int,23,1.0,0.9165781140327454,341,0.4,E7_trainfrac
97,11,addition,post_grok_500,1100,1.0,0.9752036929130554,30.25172600669212,int,2,0.0249800700694322,0.0223166849464178,341,0.4,E7_trainfrac
97,11,addition,post_grok_500,1100,1.0,0.9752036929130554,30.25172600669212,int,3,0.6330055594444275,0.5832447409629822,341,0.4,E7_trainfrac
97,11,addition,post_grok_500,1100,1.0,0.9752036929130554,30.25172600669212,int,4,0.9739569425582886,0.9286220073699952,341,0.4,E7_trainfrac
97,11,addition,post_grok_500,1100,1.0,0.9752036929130554,30.25172600669212,int,5,0.9989370107650756,0.9668791890144348,341,0.4,E7_trainfrac
97,11,addition,post_grok_500,1100,1.0,0.9752036929130554,30.25172600669212,int,6,1.0,0.9752036929130554,341,0.4,E7_trainfrac
97,11,addition,post_grok_500,1100,1.0,0.9752036929130554,30.25172600669212,int,8,1.0,0.9753807783126832,341,0.4,E7_trainfrac
97,11,addition,post_grok_500,1100,1.0,0.9752036929130554,30.25172600669212,int,10,1.0,0.975026547908783,341,0.4,E7_trainfrac
97,11,addition,post_grok_500,1100,1.0,0.9752036929130554,30.25172600669212,int,12,1.0,0.9752036929130554,341,0.4,E7_trainfrac
97,11,addition,post_grok_500,1100,1.0,0.9752036929130554,30.25172600669212,int,16,1.0,0.9752036929130554,341,0.4,E7_trainfrac
97,11,addition,post_grok_500,1100,1.0,0.9752036929130554,30.25172600669212,int,23,1.0,0.9752036929130554,341,0.4,E7_trainfrac
97,11,addition,post_grok_1500,2100,1.0,0.996280550956726,25.133943534068383,int,2,0.0138187613338232,0.0095642935484647,341,0.4,E7_trainfrac
97,11,addition,post_grok_1500,2100,1.0,0.996280550956726,25.133943534068383,int,3,0.3053414821624756,0.3120793402194977,341,0.4,E7_trainfrac
97,11,addition,post_grok_1500,2100,1.0,0.996280550956726,25.133943534068383,int,4,0.866330087184906,0.8552957773208618,341,0.4,E7_trainfrac
97,11,addition,post_grok_1500,2100,1.0,0.996280550956726,25.133943534068383,int,5,0.9973425269126892,0.9909670352935792,341,0.4,E7_trainfrac
97,11,addition,post_grok_1500,2100,1.0,0.996280550956726,25.133943534068383,int,6,0.9997342824935912,0.9955720901489258,341,0.4,E7_trainfrac
97,11,addition,post_grok_1500,2100,1.0,0.996280550956726,25.133943534068383,int,8,1.0,0.9964576363563538,341,0.4,E7_trainfrac
97,11,addition,post_grok_1500,2100,1.0,0.996280550956726,25.133943534068383,int,10,1.0,0.996280550956726,341,0.4,E7_trainfrac
97,11,addition,post_grok_1500,2100,1.0,0.996280550956726,25.133943534068383,int,12,1.0,0.996280550956726,341,0.4,E7_trainfrac
97,11,addition,post_grok_1500,2100,1.0,0.996280550956726,25.133943534068383,int,16,1.0,0.996280550956726,341,0.4,E7_trainfrac
97,11,addition,post_grok_1500,2100,1.0,0.996280550956726,25.133943534068383,int,23,1.0,0.996280550956726,341,0.4,E7_trainfrac
97,11,addition,post_grok_4000,4600,1.0,0.996280550956726,27.17308931011923,int,2,0.0087695987895131,0.0113354586064815,341,0.4,E7_trainfrac
97,11,addition,post_grok_4000,4600,1.0,0.996280550956726,27.17308931011923,int,3,0.0337496697902679,0.035246193408966,341,0.4,E7_trainfrac
97,11,addition,post_grok_4000,4600,1.0,0.996280550956726,27.17308931011923,int,4,0.3954291939735412,0.4063053429126739,341,0.4,E7_trainfrac
97,11,addition,post_grok_4000,4600,1.0,0.996280550956726,27.17308931011923,int,5,0.917884647846222,0.9192348718643188,341,0.4,E7_trainfrac
97,11,addition,post_grok_4000,4600,1.0,0.996280550956726,27.17308931011923,int,6,1.0,0.9957491755485536,341,0.4,E7_trainfrac
97,11,addition,post_grok_4000,4600,1.0,0.996280550956726,27.17308931011923,int,8,1.0,0.996280550956726,341,0.4,E7_trainfrac
97,11,addition,post_grok_4000,4600,1.0,0.996280550956726,27.17308931011923,int,10,1.0,0.996280550956726,341,0.4,E7_trainfrac
97,11,addition,post_grok_4000,4600,1.0,0.996280550956726,27.17308931011923,int,12,1.0,0.996280550956726,341,0.4,E7_trainfrac
97,11,addition,post_grok_4000,4600,1.0,0.996280550956726,27.17308931011923,int,16,1.0,0.996280550956726,341,0.4,E7_trainfrac
97,11,addition,post_grok_4000,4600,1.0,0.996280550956726,27.17308931011923,int,23,1.0,0.996280550956726,341,0.4,E7_trainfrac
97,11,addition,cleaned_up,30000,1.0,0.995926320552826,30.8246179587952,int,2,0.009035344235599,0.008855827152729,341,0.4,E7_trainfrac
97,11,addition,cleaned_up,30000,1.0,0.995926320552826,30.8246179587952,int,3,0.0047834175638854,0.0042507969774305,341,0.4,E7_trainfrac
97,11,addition,cleaned_up,30000,1.0,0.995926320552826,30.8246179587952,int,4,0.0406590476632118,0.0361317731440067,341,0.4,E7_trainfrac
97,11,addition,cleaned_up,30000,1.0,0.995926320552826,30.8246179587952,int,5,0.2814244031906128,0.281615287065506,341,0.4,E7_trainfrac
97,11,addition,cleaned_up,30000,1.0,0.995926320552826,30.8246179587952,int,6,0.9255912899971008,0.9080765247344972,341,0.4,E7_trainfrac
97,11,addition,cleaned_up,30000,1.0,0.995926320552826,30.8246179587952,int,8,1.0,0.9955720901489258,341,0.4,E7_trainfrac
97,11,addition,cleaned_up,30000,1.0,0.995926320552826,30.8246179587952,int,10,1.0,0.9955720901489258,341,0.4,E7_trainfrac
97,11,addition,cleaned_up,30000,1.0,0.995926320552826,30.8246179587952,int,12,1.0,0.995926320552826,341,0.4,E7_trainfrac
97,11,addition,cleaned_up,30000,1.0,0.995926320552826,30.8246179587952,int,16,1.0,0.995926320552826,341,0.4,E7_trainfrac
97,11,addition,cleaned_up,30000,1.0,0.995926320552826,30.8246179587952,int,23,1.0,0.995926320552826,341,0.4,E7_trainfrac
97,12,addition,just_grokked,1950,1.0,0.9045341610908508,32.947453979916226,int,2,0.0114270532503724,0.0116896918043494,341,0.4,E7_trainfrac
97,12,addition,just_grokked,1950,1.0,0.9045341610908508,32.947453979916226,int,3,0.161041721701622,0.1422245800495147,341,0.4,E7_trainfrac
97,12,addition,just_grokked,1950,1.0,0.9045341610908508,32.947453979916226,int,4,0.6266276836395264,0.5306411385536194,341,0.4,E7_trainfrac
97,12,addition,just_grokked,1950,1.0,0.9045341610908508,32.947453979916226,int,5,0.942864716053009,0.7998582720756531,341,0.4,E7_trainfrac
97,12,addition,just_grokked,1950,1.0,0.9045341610908508,32.947453979916226,int,6,0.996811032295227,0.8804463148117065,341,0.4,E7_trainfrac
97,12,addition,just_grokked,1950,1.0,0.9045341610908508,32.947453979916226,int,8,1.0,0.9047113060951232,341,0.4,E7_trainfrac
97,12,addition,just_grokked,1950,1.0,0.9045341610908508,32.947453979916226,int,10,1.0,0.9043570756912231,341,0.4,E7_trainfrac
97,12,addition,just_grokked,1950,1.0,0.9045341610908508,32.947453979916226,int,12,1.0,0.9043570756912231,341,0.4,E7_trainfrac
97,12,addition,just_grokked,1950,1.0,0.9045341610908508,32.947453979916226,int,16,1.0,0.9045341610908508,341,0.4,E7_trainfrac
97,12,addition,just_grokked,1950,1.0,0.9045341610908508,32.947453979916226,int,23,1.0,0.9045341610908508,341,0.4,E7_trainfrac
97,12,addition,post_grok_500,2450,1.0,0.975026547908783,29.231114094018395,int,2,0.0111613078042864,0.0092100603505969,341,0.4,E7_trainfrac
97,12,addition,post_grok_500,2450,1.0,0.975026547908783,29.231114094018395,int,3,0.1302152574062347,0.1222104132175445,341,0.4,E7_trainfrac
97,12,addition,post_grok_500,2450,1.0,0.975026547908783,29.231114094018395,int,4,0.8158384561538696,0.7484945058822632,341,0.4,E7_trainfrac
97,12,addition,post_grok_500,2450,1.0,0.975026547908783,29.231114094018395,int,5,0.9952166080474854,0.9523556232452391,341,0.4,E7_trainfrac
97,12,addition,post_grok_500,2450,1.0,0.975026547908783,29.231114094018395,int,6,1.0,0.969713032245636,341,0.4,E7_trainfrac
97,12,addition,post_grok_500,2450,1.0,0.975026547908783,29.231114094018395,int,8,1.0,0.9748494625091552,341,0.4,E7_trainfrac
97,12,addition,post_grok_500,2450,1.0,0.975026547908783,29.231114094018395,int,10,1.0,0.9748494625091552,341,0.4,E7_trainfrac
97,12,addition,post_grok_500,2450,1.0,0.975026547908783,29.231114094018395,int,12,1.0,0.975026547908783,341,0.4,E7_trainfrac
97,12,addition,post_grok_500,2450,1.0,0.975026547908783,29.231114094018395,int,16,1.0,0.975026547908783,341,0.4,E7_trainfrac
97,12,addition,post_grok_500,2450,1.0,0.975026547908783,29.231114094018395,int,23,1.0,0.975026547908783,341,0.4,E7_trainfrac
97,12,addition,post_grok_1500,3450,1.0,0.9950407147407532,25.65058050576973,int,2,0.0108955623582005,0.0092100603505969,341,0.4,E7_trainfrac
97,12,addition,post_grok_1500,3450,1.0,0.9950407147407532,25.65058050576973,int,3,0.1256975829601287,0.1285866051912307,341,0.4,E7_trainfrac
97,12,addition,post_grok_1500,3450,1.0,0.9950407147407532,25.65058050576973,int,4,0.9117725491523744,0.8903648257255554,341,0.4,E7_trainfrac
97,12,addition,post_grok_1500,3450,1.0,0.9950407147407532,25.65058050576973,int,5,0.994950830936432,0.9891958832740784,341,0.4,E7_trainfrac
97,12,addition,post_grok_1500,3450,1.0,0.9950407147407532,25.65058050576973,int,6,0.9997342824935912,0.9945093989372252,341,0.4,E7_trainfrac
97,12,addition,post_grok_1500,3450,1.0,0.9950407147407532,25.65058050576973,int,8,1.0,0.9950407147407532,341,0.4,E7_trainfrac
97,12,addition,post_grok_1500,3450,1.0,0.9950407147407532,25.65058050576973,int,10,1.0,0.9952178597450256,341,0.4,E7_trainfrac
97,12,addition,post_grok_1500,3450,1.0,0.9950407147407532,25.65058050576973,int,12,1.0,0.9950407147407532,341,0.4,E7_trainfrac
97,12,addition,post_grok_1500,3450,1.0,0.9950407147407532,25.65058050576973,int,16,1.0,0.9950407147407532,341,0.4,E7_trainfrac
97,12,addition,post_grok_1500,3450,1.0,0.9950407147407532,25.65058050576973,int,23,1.0,0.9950407147407532,341,0.4,E7_trainfrac
97,12,addition,post_grok_4000,5950,1.0,0.9964576363563538,33.33510307660551,int,2,0.0095668351277709,0.0092100603505969,341,0.4,E7_trainfrac
97,12,addition,post_grok_4000,5950,1.0,0.9964576363563538,33.33510307660551,int,3,0.0725485011935234,0.0814736112952232,341,0.4,E7_trainfrac
97,12,addition,post_grok_4000,5950,1.0,0.9964576363563538,33.33510307660551,int,4,0.8429444432258606,0.8294367790222168,341,0.4,E7_trainfrac
97,12,addition,post_grok_4000,5950,1.0,0.9964576363563538,33.33510307660551,int,5,1.0,0.9955720901489258,341,0.4,E7_trainfrac
97,12,addition,post_grok_4000,5950,1.0,0.9964576363563538,33.33510307660551,int,6,1.0,0.9964576363563538,341,0.4,E7_trainfrac
97,12,addition,post_grok_4000,5950,1.0,0.9964576363563538,33.33510307660551,int,8,1.0,0.9964576363563538,341,0.4,E7_trainfrac
97,12,addition,post_grok_4000,5950,1.0,0.9964576363563538,33.33510307660551,int,10,1.0,0.9964576363563538,341,0.4,E7_trainfrac
97,12,addition,post_grok_4000,5950,1.0,0.9964576363563538,33.33510307660551,int,12,1.0,0.9964576363563538,341,0.4,E7_trainfrac
97,12,addition,post_grok_4000,5950,1.0,0.9964576363563538,33.33510307660551,int,16,1.0,0.9964576363563538,341,0.4,E7_trainfrac
97,12,addition,post_grok_4000,5950,1.0,0.9964576363563538,33.33510307660551,int,23,1.0,0.9964576363563538,341,0.4,E7_trainfrac
97,12,addition,cleaned_up,30000,1.0,0.9964576363563538,50.38897566469226,int,2,0.0098325805738568,0.0109812254086136,341,0.4,E7_trainfrac
97,12,addition,cleaned_up,30000,1.0,0.9964576363563538,50.38897566469226,int,3,0.0946053713560104,0.0919234827160835,341,0.4,E7_trainfrac
97,12,addition,cleaned_up,30000,1.0,0.9964576363563538,50.38897566469226,int,4,0.5370714664459229,0.5278072953224182,341,0.4,E7_trainfrac
97,12,addition,cleaned_up,30000,1.0,0.9964576363563538,50.38897566469226,int,5,0.9739569425582886,0.9658164978027344,341,0.4,E7_trainfrac
97,12,addition,cleaned_up,30000,1.0,0.9964576363563538,50.38897566469226,int,6,1.0,0.9961034059524536,341,0.4,E7_trainfrac
97,12,addition,cleaned_up,30000,1.0,0.9964576363563538,50.38897566469226,int,8,1.0,0.9964576363563538,341,0.4,E7_trainfrac
97,12,addition,cleaned_up,30000,1.0,0.9964576363563538,50.38897566469226,int,10,1.0,0.9964576363563538,341,0.4,E7_trainfrac
97,12,addition,cleaned_up,30000,1.0,0.9964576363563538,50.38897566469226,int,12,1.0,0.9964576363563538,341,0.4,E7_trainfrac
97,12,addition,cleaned_up,30000,1.0,0.9964576363563538,50.38897566469226,int,16,1.0,0.9964576363563538,341,0.4,E7_trainfrac
97,12,addition,cleaned_up,30000,1.0,0.9964576363563538,50.38897566469226,int,23,1.0,0.9964576363563538,341,0.4,E7_trainfrac
97,13,addition,just_grokked,950,1.0,0.9206517934799194,34.084541092850294,int,2,0.0095668351277709,0.0081473607569932,341,0.4,E7_trainfrac
97,13,addition,just_grokked,950,1.0,0.9206517934799194,34.084541092850294,int,3,0.1671538650989532,0.1475380808115005,341,0.4,E7_trainfrac
97,13,addition,just_grokked,950,1.0,0.9206517934799194,34.084541092850294,int,4,0.4376826882362366,0.379206508398056,341,0.4,E7_trainfrac
97,13,addition,just_grokked,950,1.0,0.9206517934799194,34.084541092850294,int,5,0.7172468900680542,0.6025504469871521,341,0.4,E7_trainfrac
97,13,addition,just_grokked,950,1.0,0.9206517934799194,34.084541092850294,int,6,0.980069100856781,0.8795607686042786,341,0.4,E7_trainfrac
97,13,addition,just_grokked,950,1.0,0.9206517934799194,34.084541092850294,int,8,1.0,0.9185263514518738,341,0.4,E7_trainfrac
97,13,addition,just_grokked,950,1.0,0.9206517934799194,34.084541092850294,int,10,1.0,0.9206517934799194,341,0.4,E7_trainfrac
97,13,addition,just_grokked,950,1.0,0.9206517934799194,34.084541092850294,int,12,1.0,0.9208288788795472,341,0.4,E7_trainfrac
97,13,addition,just_grokked,950,1.0,0.9206517934799194,34.084541092850294,int,16,1.0,0.9206517934799194,341,0.4,E7_trainfrac
97,13,addition,just_grokked,950,1.0,0.9206517934799194,34.084541092850294,int,23,1.0,0.9206517934799194,341,0.4,E7_trainfrac
97,13,addition,post_grok_500,1450,1.0,0.985653519630432,29.063074430305747,int,2,0.0093010896816849,0.0061990791000425,341,0.4,E7_trainfrac
97,13,addition,post_grok_500,1450,1.0,0.985653519630432,29.063074430305747,int,3,0.1799096465110778,0.1664895415306091,341,0.4,E7_trainfrac
97,13,addition,post_grok_500,1450,1.0,0.985653519630432,29.063074430305747,int,4,0.4557533860206604,0.4187034964561462,341,0.4,E7_trainfrac
97,13,addition,post_grok_500,1450,1.0,0.985653519630432,29.063074430305747,int,5,0.8514482975006104,0.8124336004257202,341,0.4,E7_trainfrac
97,13,addition,post_grok_500,1450,1.0,0.985653519630432,29.063074430305747,int,6,0.9853839874267578,0.9652851223945618,341,0.4,E7_trainfrac
97,13,addition,post_grok_500,1450,1.0,0.985653519630432,29.063074430305747,int,8,1.0,0.9865391254425048,341,0.4,E7_trainfrac
97,13,addition,post_grok_500,1450,1.0,0.985653519630432,29.063074430305747,int,10,1.0,0.9863620400428772,341,0.4,E7_trainfrac
97,13,addition,post_grok_500,1450,1.0,0.985653519630432,29.063074430305747,int,12,1.0,0.985653519630432,341,0.4,E7_trainfrac
97,13,addition,post_grok_500,1450,1.0,0.985653519630432,29.063074430305747,int,16,1.0,0.985653519630432,341,0.4,E7_trainfrac
97,13,addition,post_grok_500,1450,1.0,0.985653519630432,29.063074430305747,int,23,1.0,0.985653519630432,341,0.4,E7_trainfrac
97,13,addition,post_grok_1500,2450,1.0,0.99344664812088,27.758823873452776,int,2,0.0055806539021432,0.0038965637795627,341,0.4,E7_trainfrac
97,13,addition,post_grok_1500,2450,1.0,0.99344664812088,27.758823873452776,int,3,0.1820356100797653,0.1870350688695907,341,0.4,E7_trainfrac
97,13,addition,post_grok_1500,2450,1.0,0.99344664812088,27.758823873452776,int,4,0.5585968494415283,0.5281615257263184,341,0.4,E7_trainfrac
97,13,addition,post_grok_1500,2450,1.0,0.99344664812088,27.758823873452776,int,5,0.883072018623352,0.8827488422393799,341,0.4,E7_trainfrac
97,13,addition,post_grok_1500,2450,1.0,0.99344664812088,27.758823873452776,int,6,0.9997342824935912,0.9923839569091796,341,0.4,E7_trainfrac
97,13,addition,post_grok_1500,2450,1.0,0.99344664812088,27.758823873452776,int,8,1.0,0.99309241771698,341,0.4,E7_trainfrac
97,13,addition,post_grok_1500,2450,1.0,0.99344664812088,27.758823873452776,int,10,1.0,0.99344664812088,341,0.4,E7_trainfrac
97,13,addition,post_grok_1500,2450,1.0,0.99344664812088,27.758823873452776,int,12,1.0,0.99344664812088,341,0.4,E7_trainfrac
97,13,addition,post_grok_1500,2450,1.0,0.99344664812088,27.758823873452776,int,16,1.0,0.99344664812088,341,0.4,E7_trainfrac
97,13,addition,post_grok_1500,2450,1.0,0.99344664812088,27.758823873452776,int,23,1.0,0.99344664812088,341,0.4,E7_trainfrac
97,13,addition,post_grok_4000,4950,1.0,0.996811866760254,30.22220630268908,int,2,0.0079723624512553,0.0115125747397542,341,0.4,E7_trainfrac
97,13,addition,post_grok_4000,4950,1.0,0.996811866760254,30.22220630268908,int,3,0.0536805726587772,0.0557917095720768,341,0.4,E7_trainfrac
97,13,addition,post_grok_4000,4950,1.0,0.996811866760254,30.22220630268908,int,4,0.4621312916278839,0.4564293324947357,341,0.4,E7_trainfrac
97,13,addition,post_grok_4000,4950,1.0,0.996811866760254,30.22220630268908,int,5,0.8974222540855408,0.8696421980857849,341,0.4,E7_trainfrac
97,13,addition,post_grok_4000,4950,1.0,0.996811866760254,30.22220630268908,int,6,1.0,0.9957491755485536,341,0.4,E7_trainfrac
97,13,addition,post_grok_4000,4950,1.0,0.996811866760254,30.22220630268908,int,8,1.0,0.996811866760254,341,0.4,E7_trainfrac
97,13,addition,post_grok_4000,4950,1.0,0.996811866760254,30.22220630268908,int,10,1.0,0.996811866760254,341,0.4,E7_trainfrac
97,13,addition,post_grok_4000,4950,1.0,0.996811866760254,30.22220630268908,int,12,1.0,0.996811866760254,341,0.4,E7_trainfrac
97,13,addition,post_grok_4000,4950,1.0,0.996811866760254,30.22220630268908,int,16,1.0,0.996811866760254,341,0.4,E7_trainfrac
97,13,addition,post_grok_4000,4950,1.0,0.996811866760254,30.22220630268908,int,23,1.0,0.996811866760254,341,0.4,E7_trainfrac
97,13,addition,cleaned_up,30000,1.0,0.9961034059524536,31.90448690357253,int,2,0.0108955623582005,0.0095642935484647,341,0.4,E7_trainfrac
97,13,addition,cleaned_up,30000,1.0,0.9961034059524536,31.90448690357253,int,3,0.0228541065007448,0.0232022665441036,341,0.4,E7_trainfrac
97,13,addition,cleaned_up,30000,1.0,0.9961034059524536,31.90448690357253,int,4,0.1219771429896354,0.1239815801382064,341,0.4,E7_trainfrac
97,13,addition,cleaned_up,30000,1.0,0.9961034059524536,31.90448690357253,int,5,0.3619452714920044,0.3366985321044922,341,0.4,E7_trainfrac
97,13,addition,cleaned_up,30000,1.0,0.9961034059524536,31.90448690357253,int,6,0.9404730200767516,0.9302160739898682,341,0.4,E7_trainfrac
97,13,addition,cleaned_up,30000,1.0,0.9961034059524536,31.90448690357253,int,8,1.0,0.9964576363563538,341,0.4,E7_trainfrac
97,13,addition,cleaned_up,30000,1.0,0.9961034059524536,31.90448690357253,int,10,1.0,0.9961034059524536,341,0.4,E7_trainfrac
97,13,addition,cleaned_up,30000,1.0,0.9961034059524536,31.90448690357253,int,12,1.0,0.9961034059524536,341,0.4,E7_trainfrac
97,13,addition,cleaned_up,30000,1.0,0.9961034059524536,31.90448690357253,int,16,1.0,0.9961034059524536,341,0.4,E7_trainfrac
97,13,addition,cleaned_up,30000,1.0,0.9961034059524536,31.90448690357253,int,23,1.0,0.9961034059524536,341,0.4,E7_trainfrac
97,14,addition,just_grokked,1650,1.0,0.916755199432373,32.17641580337326,int,2,0.0108955623582005,0.0081473607569932,341,0.4,E7_trainfrac
97,14,addition,just_grokked,1650,1.0,0.916755199432373,32.17641580337326,int,3,0.4342280030250549,0.3660998940467834,341,0.4,E7_trainfrac
97,14,addition,just_grokked,1650,1.0,0.916755199432373,32.17641580337326,int,4,0.8695189952850342,0.7272405028343201,341,0.4,E7_trainfrac
97,14,addition,just_grokked,1650,1.0,0.916755199432373,32.17641580337326,int,5,0.9981397986412048,0.8894792795181274,341,0.4,E7_trainfrac
97,14,addition,just_grokked,1650,1.0,0.916755199432373,32.17641580337326,int,6,1.0,0.9151611924171448,341,0.4,E7_trainfrac
97,14,addition,just_grokked,1650,1.0,0.916755199432373,32.17641580337326,int,8,1.0,0.9187034964561462,341,0.4,E7_trainfrac
97,14,addition,just_grokked,1650,1.0,0.916755199432373,32.17641580337326,int,10,1.0,0.9172865748405457,341,0.4,E7_trainfrac
97,14,addition,just_grokked,1650,1.0,0.916755199432373,32.17641580337326,int,12,1.0,0.916755199432373,341,0.4,E7_trainfrac
97,14,addition,just_grokked,1650,1.0,0.916755199432373,32.17641580337326,int,16,1.0,0.916755199432373,341,0.4,E7_trainfrac
97,14,addition,just_grokked,1650,1.0,0.916755199432373,32.17641580337326,int,23,1.0,0.916755199432373,341,0.4,E7_trainfrac
97,14,addition,post_grok_500,2150,1.0,0.9851222038269044,30.467717361557543,int,2,0.0093010896816849,0.00991852581501,341,0.4,E7_trainfrac
97,14,addition,post_grok_500,2150,1.0,0.9851222038269044,30.467717361557543,int,3,0.2298697829246521,0.2438894808292389,341,0.4,E7_trainfrac
97,14,addition,post_grok_500,2150,1.0,0.9851222038269044,30.467717361557543,int,4,0.7496678233146667,0.7244066596031189,341,0.4,E7_trainfrac
97,14,addition,post_grok_500,2150,1.0,0.9851222038269044,30.467717361557543,int,5,0.9891044497489928,0.965639352798462,341,0.4,E7_trainfrac
97,14,addition,post_grok_500,2150,1.0,0.9851222038269044,30.467717361557543,int,6,1.0,0.9838823676109314,341,0.4,E7_trainfrac
97,14,addition,post_grok_500,2150,1.0,0.9851222038269044,30.467717361557543,int,8,1.0,0.9847679734230042,341,0.4,E7_trainfrac
97,14,addition,post_grok_500,2150,1.0,0.9851222038269044,30.467717361557543,int,10,1.0,0.9849450588226318,341,0.4,E7_trainfrac
97,14,addition,post_grok_500,2150,1.0,0.9851222038269044,30.467717361557543,int,12,1.0,0.9851222038269044,341,0.4,E7_trainfrac
97,14,addition,post_grok_500,2150,1.0,0.9851222038269044,30.467717361557543,int,16,1.0,0.9851222038269044,341,0.4,E7_trainfrac
97,14,addition,post_grok_500,2150,1.0,0.9851222038269044,30.467717361557543,int,23,1.0,0.9851222038269044,341,0.4,E7_trainfrac
97,14,addition,post_grok_1500,3150,1.0,0.9966347813606262,30.0278319915504,int,2,0.0082381078973412,0.010804109275341,341,0.4,E7_trainfrac
97,14,addition,post_grok_1500,3150,1.0,0.9966347813606262,30.0278319915504,int,3,0.1602444797754287,0.1601133495569229,341,0.4,E7_trainfrac
97,14,addition,post_grok_1500,3150,1.0,0.9966347813606262,30.0278319915504,int,4,0.7108690142631531,0.6904003024101257,341,0.4,E7_trainfrac
97,14,addition,post_grok_1500,3150,1.0,0.9966347813606262,30.0278319915504,int,5,0.9856497645378112,0.9748494625091552,341,0.4,E7_trainfrac
97,14,addition,post_grok_1500,3150,1.0,0.9966347813606262,30.0278319915504,int,6,1.0,0.9953949451446532,341,0.4,E7_trainfrac
97,14,addition,post_grok_1500,3150,1.0,0.9966347813606262,30.0278319915504,int,8,1.0,0.9966347813606262,341,0.4,E7_trainfrac
97,14,addition,post_grok_1500,3150,1.0,0.9966347813606262,30.0278319915504,int,10,1.0,0.9966347813606262,341,0.4,E7_trainfrac
97,14,addition,post_grok_1500,3150,1.0,0.9966347813606262,30.0278319915504,int,12,1.0,0.9966347813606262,341,0.4,E7_trainfrac
97,14,addition,post_grok_1500,3150,1.0,0.9966347813606262,30.0278319915504,int,16,1.0,0.9966347813606262,341,0.4,E7_trainfrac
97,14,addition,post_grok_1500,3150,1.0,0.9966347813606262,30.0278319915504,int,23,1.0,0.9966347813606262,341,0.4,E7_trainfrac
97,14,addition,post_grok_4000,5650,1.0,0.995926320552826,37.84008419133351,int,2,0.0095668351277709,0.0097414096817374,341,0.4,E7_trainfrac
97,14,addition,post_grok_4000,5650,1.0,0.995926320552826,37.84008419133351,int,3,0.0956683531403541,0.0885582715272903,341,0.4,E7_trainfrac
97,14,addition,post_grok_4000,5650,1.0,0.995926320552826,37.84008419133351,int,4,0.4634599983692169,0.4587318301200866,341,0.4,E7_trainfrac
97,14,addition,post_grok_4000,5650,1.0,0.995926320552826,37.84008419133351,int,5,0.976880133152008,0.97343248128891,341,0.4,E7_trainfrac
97,14,addition,post_grok_4000,5650,1.0,0.995926320552826,37.84008419133351,int,6,1.0,0.9966347813606262,341,0.4,E7_trainfrac
97,14,addition,post_grok_4000,5650,1.0,0.995926320552826,37.84008419133351,int,8,1.0,0.9961034059524536,341,0.4,E7_trainfrac
97,14,addition,post_grok_4000,5650,1.0,0.995926320552826,37.84008419133351,int,10,1.0,0.995926320552826,341,0.4,E7_trainfrac
97,14,addition,post_grok_4000,5650,1.0,0.995926320552826,37.84008419133351,int,12,1.0,0.995926320552826,341,0.4,E7_trainfrac
97,14,addition,post_grok_4000,5650,1.0,0.995926320552826,37.84008419133351,int,16,1.0,0.995926320552826,341,0.4,E7_trainfrac
97,14,addition,post_grok_4000,5650,1.0,0.995926320552826,37.84008419133351,int,23,1.0,0.995926320552826,341,0.4,E7_trainfrac
97,14,addition,cleaned_up,30000,1.0,1.0,30.90596570924661,int,2,0.0098325805738568,0.0111583424732089,341,0.4,E7_trainfrac
97,14,addition,cleaned_up,30000,1.0,1.0,30.90596570924661,int,3,0.0132872704416513,0.0147006725892424,341,0.4,E7_trainfrac
97,14,addition,cleaned_up,30000,1.0,1.0,30.90596570924661,int,4,0.0842413008213043,0.0940488800406456,341,0.4,E7_trainfrac
97,14,addition,cleaned_up,30000,1.0,1.0,30.90596570924661,int,5,0.306670218706131,0.2897626459598541,341,0.4,E7_trainfrac
97,14,addition,cleaned_up,30000,1.0,1.0,30.90596570924661,int,6,0.7626893520355225,0.7451292872428894,341,0.4,E7_trainfrac
97,14,addition,cleaned_up,30000,1.0,1.0,30.90596570924661,int,8,1.0,1.0,341,0.4,E7_trainfrac
97,14,addition,cleaned_up,30000,1.0,1.0,30.90596570924661,int,10,1.0,1.0,341,0.4,E7_trainfrac
97,14,addition,cleaned_up,30000,1.0,1.0,30.90596570924661,int,12,1.0,1.0,341,0.4,E7_trainfrac
97,14,addition,cleaned_up,30000,1.0,1.0,30.90596570924661,int,16,1.0,1.0,341,0.4,E7_trainfrac
97,14,addition,cleaned_up,30000,1.0,1.0,30.90596570924661,int,23,1.0,1.0,341,0.4,E7_trainfrac
97,15,addition,just_grokked,2450,1.0,0.9038257002830504,31.96096075929454,int,2,0.0114270532503724,0.0120439250022172,341,0.4,E7_trainfrac
97,15,addition,just_grokked,2450,1.0,0.9038257002830504,31.96096075929454,int,3,0.2402338534593582,0.2114771455526352,341,0.4,E7_trainfrac
97,15,addition,just_grokked,2450,1.0,0.9038257002830504,31.96096075929454,int,4,0.7010363936424255,0.5688983201980591,341,0.4,E7_trainfrac
97,15,addition,just_grokked,2450,1.0,0.9038257002830504,31.96096075929454,int,5,0.9670475721359252,0.8407722115516663,341,0.4,E7_trainfrac
97,15,addition,just_grokked,2450,1.0,0.9038257002830504,31.96096075929454,int,6,0.9989370107650756,0.8976266384124756,341,0.4,E7_trainfrac
97,15,addition,just_grokked,2450,1.0,0.9038257002830504,31.96096075929454,int,8,1.0,0.9036486148834229,341,0.4,E7_trainfrac
97,15,addition,just_grokked,2450,1.0,0.9038257002830504,31.96096075929454,int,10,1.0,0.9045341610908508,341,0.4,E7_trainfrac
97,15,addition,just_grokked,2450,1.0,0.9038257002830504,31.96096075929454,int,12,1.0,0.9034714698791504,341,0.4,E7_trainfrac
97,15,addition,just_grokked,2450,1.0,0.9038257002830504,31.96096075929454,int,16,1.0,0.9038257002830504,341,0.4,E7_trainfrac
97,15,addition,just_grokked,2450,1.0,0.9038257002830504,31.96096075929454,int,23,1.0,0.9038257002830504,341,0.4,E7_trainfrac
97,15,addition,post_grok_500,2950,1.0,0.9523556232452391,30.434289175418428,int,2,0.0074408715590834,0.0086787100881338,341,0.4,E7_trainfrac
97,15,addition,post_grok_500,2950,1.0,0.9523556232452391,30.434289175418428,int,3,0.1631676852703094,0.1562167853116989,341,0.4,E7_trainfrac
97,15,addition,post_grok_500,2950,1.0,0.9523556232452391,30.434289175418428,int,4,0.6314111351966858,0.5642933249473572,341,0.4,E7_trainfrac
97,15,addition,post_grok_500,2950,1.0,0.9523556232452391,30.434289175418428,int,5,0.9553547501564026,0.8889479041099548,341,0.4,E7_trainfrac
97,15,addition,post_grok_500,2950,1.0,0.9523556232452391,30.434289175418428,int,6,0.9970768094062804,0.940134584903717,341,0.4,E7_trainfrac
97,15,addition,post_grok_500,2950,1.0,0.9523556232452391,30.434289175418428,int,8,1.0,0.9511158466339112,341,0.4,E7_trainfrac
97,15,addition,post_grok_500,2950,1.0,0.9523556232452391,30.434289175418428,int,10,1.0,0.9511158466339112,341,0.4,E7_trainfrac
97,15,addition,post_grok_500,2950,1.0,0.9523556232452391,30.434289175418428,int,12,1.0,0.9518243074417114,341,0.4,E7_trainfrac
97,15,addition,post_grok_500,2950,1.0,0.9523556232452391,30.434289175418428,int,16,1.0,0.9523556232452391,341,0.4,E7_trainfrac
97,15,addition,post_grok_500,2950,1.0,0.9523556232452391,30.434289175418428,int,23,1.0,0.9523556232452391,341,0.4,E7_trainfrac
97,15,addition,post_grok_1500,3950,1.0,0.9776833057403564,27.76016340062672,int,2,0.0100983260199427,0.0136379739269614,341,0.4,E7_trainfrac
97,15,addition,post_grok_1500,3950,1.0,0.9776833057403564,27.76016340062672,int,3,0.1456284821033477,0.1331916451454162,341,0.4,E7_trainfrac
97,15,addition,post_grok_1500,3950,1.0,0.9776833057403564,27.76016340062672,int,4,0.8073346018791199,0.7658519148826599,341,0.4,E7_trainfrac
97,15,addition,post_grok_1500,3950,1.0,0.9776833057403564,27.76016340062672,int,5,0.9965453147888184,0.9707757830619812,341,0.4,E7_trainfrac
97,15,addition,post_grok_1500,3950,1.0,0.9776833057403564,27.76016340062672,int,6,0.9997342824935912,0.9739638566970824,341,0.4,E7_trainfrac
97,15,addition,post_grok_1500,3950,1.0,0.9776833057403564,27.76016340062672,int,8,1.0,0.978214681148529,341,0.4,E7_trainfrac
97,15,addition,post_grok_1500,3950,1.0,0.9776833057403564,27.76016340062672,int,10,1.0,0.977506160736084,341,0.4,E7_trainfrac
97,15,addition,post_grok_1500,3950,1.0,0.9776833057403564,27.76016340062672,int,12,1.0,0.9780375361442566,341,0.4,E7_trainfrac
97,15,addition,post_grok_1500,3950,1.0,0.9776833057403564,27.76016340062672,int,16,1.0,0.9776833057403564,341,0.4,E7_trainfrac
97,15,addition,post_grok_1500,3950,1.0,0.9776833057403564,27.76016340062672,int,23,1.0,0.9776833057403564,341,0.4,E7_trainfrac
97,15,addition,post_grok_4000,6450,0.9997342824935912,0.9767976999282836,25.516740334236484,int,2,0.0111613078042864,0.0100956428796052,341,0.4,E7_trainfrac
97,15,addition,post_grok_4000,6450,0.9997342824935912,0.9767976999282836,25.516740334236484,int,3,0.0749402046203613,0.0651788860559463,341,0.4,E7_trainfrac
97,15,addition,post_grok_4000,6450,0.9997342824935912,0.9767976999282836,25.516740334236484,int,4,0.4116396605968475,0.4151611626148224,341,0.4,E7_trainfrac
97,15,addition,post_grok_4000,6450,0.9997342824935912,0.9767976999282836,25.516740334236484,int,5,0.929311752319336,0.9057739973068236,341,0.4,E7_trainfrac
97,15,addition,post_grok_4000,6450,0.9997342824935912,0.9767976999282836,25.516740334236484,int,6,0.9957481026649476,0.972546935081482,341,0.4,E7_trainfrac
97,15,addition,post_grok_4000,6450,0.9997342824935912,0.9767976999282836,25.516740334236484,int,8,0.9997342824935912,0.976620614528656,341,0.4,E7_trainfrac
97,15,addition,post_grok_4000,6450,0.9997342824935912,0.9767976999282836,25.516740334236484,int,10,0.9997342824935912,0.9767976999282836,341,0.4,E7_trainfrac
97,15,addition,post_grok_4000,6450,0.9997342824935912,0.9767976999282836,25.516740334236484,int,12,0.9997342824935912,0.9767976999282836,341,0.4,E7_trainfrac
97,15,addition,post_grok_4000,6450,0.9997342824935912,0.9767976999282836,25.516740334236484,int,16,0.9997342824935912,0.9767976999282836,341,0.4,E7_trainfrac
97,15,addition,post_grok_4000,6450,0.9997342824935912,0.9767976999282836,25.516740334236484,int,23,0.9997342824935912,0.9767976999282836,341,0.4,E7_trainfrac
97,15,addition,cleaned_up,30000,1.0,0.9876018166542052,23.638579928734565,int,2,0.0108955623582005,0.0100956428796052,341,0.4,E7_trainfrac
97,15,addition,cleaned_up,30000,1.0,0.9876018166542052,23.638579928734565,int,3,0.0023917087819427,0.0038965637795627,341,0.4,E7_trainfrac
97,15,addition,cleaned_up,30000,1.0,0.9876018166542052,23.638579928734565,int,4,0.0364071205258369,0.0368402414023876,341,0.4,E7_trainfrac
97,15,addition,cleaned_up,30000,1.0,0.9876018166542052,23.638579928734565,int,5,0.2479404807090759,0.2515054941177368,341,0.4,E7_trainfrac
97,15,addition,cleaned_up,30000,1.0,0.9876018166542052,23.638579928734565,int,6,0.9309061765670776,0.9194119572639464,341,0.4,E7_trainfrac
97,15,addition,cleaned_up,30000,1.0,0.9876018166542052,23.638579928734565,int,8,1.0,0.9872475862503052,341,0.4,E7_trainfrac
97,15,addition,cleaned_up,30000,1.0,0.9876018166542052,23.638579928734565,int,10,1.0,0.9876018166542052,341,0.4,E7_trainfrac
97,15,addition,cleaned_up,30000,1.0,0.9876018166542052,23.638579928734565,int,12,1.0,0.9876018166542052,341,0.4,E7_trainfrac
97,15,addition,cleaned_up,30000,1.0,0.9876018166542052,23.638579928734565,int,16,1.0,0.9876018166542052,341,0.4,E7_trainfrac
97,15,addition,cleaned_up,30000,1.0,0.9876018166542052,23.638579928734565,int,23,1.0,0.9876018166542052,341,0.4,E7_trainfrac
97,16,addition,just_grokked,1000,1.0,0.924548327922821,31.292682745920224,int,2,0.014350252225995,0.0102727590128779,341,0.4,E7_trainfrac
97,16,addition,just_grokked,1000,1.0,0.924548327922821,31.292682745920224,int,3,0.1668881177902221,0.1470067352056503,341,0.4,E7_trainfrac
97,16,addition,just_grokked,1000,1.0,0.924548327922821,31.292682745920224,int,4,0.3834706246852875,0.337761253118515,341,0.4,E7_trainfrac
97,16,addition,just_grokked,1000,1.0,0.924548327922821,31.292682745920224,int,5,0.6611745953559875,0.5749202966690063,341,0.4,E7_trainfrac
97,16,addition,just_grokked,1000,1.0,0.924548327922821,31.292682745920224,int,6,0.9455221891403198,0.8239461183547974,341,0.4,E7_trainfrac
97,16,addition,just_grokked,1000,1.0,0.924548327922821,31.292682745920224,int,8,1.0,0.9181721210479736,341,0.4,E7_trainfrac
97,16,addition,just_grokked,1000,1.0,0.924548327922821,31.292682745920224,int,10,1.0,0.9247254729270936,341,0.4,E7_trainfrac
97,16,addition,just_grokked,1000,1.0,0.924548327922821,31.292682745920224,int,12,1.0,0.9241940975189208,341,0.4,E7_trainfrac
97,16,addition,just_grokked,1000,1.0,0.924548327922821,31.292682745920224,int,16,1.0,0.9247254729270936,341,0.4,E7_trainfrac
97,16,addition,just_grokked,1000,1.0,0.924548327922821,31.292682745920224,int,23,1.0,0.924548327922821,341,0.4,E7_trainfrac
97,16,addition,post_grok_500,1500,1.0,0.9835281372070312,30.29799482018156,int,2,0.0095668351277709,0.008855827152729,341,0.4,E7_trainfrac
97,16,addition,post_grok_500,1500,1.0,0.9835281372070312,30.29799482018156,int,3,0.181238368153572,0.1755224913358688,341,0.4,E7_trainfrac
97,16,addition,post_grok_500,1500,1.0,0.9835281372070312,30.29799482018156,int,4,0.5612543225288391,0.5240878462791443,341,0.4,E7_trainfrac
97,16,addition,post_grok_500,1500,1.0,0.9835281372070312,30.29799482018156,int,5,0.92293381690979,0.8719447255134583,341,0.4,E7_trainfrac
97,16,addition,post_grok_500,1500,1.0,0.9835281372070312,30.29799482018156,int,6,0.9989370107650756,0.976266384124756,341,0.4,E7_trainfrac
97,16,addition,post_grok_500,1500,1.0,0.9835281372070312,30.29799482018156,int,8,1.0,0.981579840183258,341,0.4,E7_trainfrac
97,16,addition,post_grok_500,1500,1.0,0.9835281372070312,30.29799482018156,int,10,1.0,0.9835281372070312,341,0.4,E7_trainfrac
97,16,addition,post_grok_500,1500,1.0,0.9835281372070312,30.29799482018156,int,12,1.0,0.9835281372070312,341,0.4,E7_trainfrac
97,16,addition,post_grok_500,1500,1.0,0.9835281372070312,30.29799482018156,int,16,1.0,0.9835281372070312,341,0.4,E7_trainfrac
97,16,addition,post_grok_500,1500,1.0,0.9835281372070312,30.29799482018156,int,23,1.0,0.9835281372070312,341,0.4,E7_trainfrac
97,16,addition,post_grok_1500,2500,1.0,0.99309241771698,29.03707561617969,int,2,0.0058463993482291,0.0077931275591254,341,0.4,E7_trainfrac
97,16,addition,post_grok_1500,2500,1.0,0.99309241771698,29.03707561617969,int,3,0.0922136604785919,0.0975912138819694,341,0.4,E7_trainfrac
97,16,addition,post_grok_1500,2500,1.0,0.99309241771698,29.03707561617969,int,4,0.3909115195274353,0.3839886486530304,341,0.4,E7_trainfrac
97,16,addition,post_grok_1500,2500,1.0,0.99309241771698,29.03707561617969,int,5,0.917884647846222,0.8972724080085754,341,0.4,E7_trainfrac
97,16,addition,post_grok_1500,2500,1.0,0.99309241771698,29.03707561617969,int,6,0.9992027878761292,0.9863620400428772,341,0.4,E7_trainfrac
97,16,addition,post_grok_1500,2500,1.0,0.99309241771698,29.03707561617969,int,8,1.0,0.992561101913452,341,0.4,E7_trainfrac
97,16,addition,post_grok_1500,2500,1.0,0.99309241771698,29.03707561617969,int,10,1.0,0.99309241771698,341,0.4,E7_trainfrac
97,16,addition,post_grok_1500,2500,1.0,0.99309241771698,29.03707561617969,int,12,1.0,0.99309241771698,341,0.4,E7_trainfrac
97,16,addition,post_grok_1500,2500,1.0,0.99309241771698,29.03707561617969,int,16,1.0,0.99309241771698,341,0.4,E7_trainfrac
97,16,addition,post_grok_1500,2500,1.0,0.99309241771698,29.03707561617969,int,23,1.0,0.99309241771698,341,0.4,E7_trainfrac
97,16,addition,post_grok_4000,5000,1.0,0.992206871509552,28.273912120671188,int,2,0.0098325805738568,0.0085015939548611,341,0.4,E7_trainfrac
97,16,addition,post_grok_4000,5000,1.0,0.992206871509552,28.273912120671188,int,3,0.0696252956986427,0.0720864310860633,341,0.4,E7_trainfrac
97,16,addition,post_grok_4000,5000,1.0,0.992206871509552,28.273912120671188,int,4,0.4079192280769348,0.4034714698791504,341,0.4,E7_trainfrac
97,16,addition,post_grok_4000,5000,1.0,0.992206871509552,28.273912120671188,int,5,0.9503056406974792,0.9349982142448424,341,0.4,E7_trainfrac
97,16,addition,post_grok_4000,5000,1.0,0.992206871509552,28.273912120671188,int,6,1.0,0.992206871509552,341,0.4,E7_trainfrac
97,16,addition,post_grok_4000,5000,1.0,0.992206871509552,28.273912120671188,int,8,1.0,0.992206871509552,341,0.4,E7_trainfrac
97,16,addition,post_grok_4000,5000,1.0,0.992206871509552,28.273912120671188,int,10,1.0,0.992206871509552,341,0.4,E7_trainfrac
97,16,addition,post_grok_4000,5000,1.0,0.992206871509552,28.273912120671188,int,12,1.0,0.992206871509552,341,0.4,E7_trainfrac
97,16,addition,post_grok_4000,5000,1.0,0.992206871509552,28.273912120671188,int,16,1.0,0.992206871509552,341,0.4,E7_trainfrac
97,16,addition,post_grok_4000,5000,1.0,0.992206871509552,28.273912120671188,int,23,1.0,0.992206871509552,341,0.4,E7_trainfrac
97,16,addition,cleaned_up,30000,1.0,0.989727258682251,36.89755377517877,int,2,0.0103640714660286,0.0097414096817374,341,0.4,E7_trainfrac
97,16,addition,cleaned_up,30000,1.0,0.989727258682251,36.89755377517877,int,3,0.0146159976720809,0.013815090060234,341,0.4,E7_trainfrac
97,16,addition,cleaned_up,30000,1.0,0.989727258682251,36.89755377517877,int,4,0.0653733760118484,0.0547290109097957,341,0.4,E7_trainfrac
97,16,addition,cleaned_up,30000,1.0,0.989727258682251,36.89755377517877,int,5,0.1432367861270904,0.1312433630228042,341,0.4,E7_trainfrac
97,16,addition,cleaned_up,30000,1.0,0.989727258682251,36.89755377517877,int,6,0.7608291506767273,0.7385759949684143,341,0.4,E7_trainfrac
97,16,addition,cleaned_up,30000,1.0,0.989727258682251,36.89755377517877,int,8,1.0,0.989727258682251,341,0.4,E7_trainfrac
97,16,addition,cleaned_up,30000,1.0,0.989727258682251,36.89755377517877,int,10,1.0,0.989727258682251,341,0.4,E7_trainfrac
97,16,addition,cleaned_up,30000,1.0,0.989727258682251,36.89755377517877,int,12,1.0,0.989727258682251,341,0.4,E7_trainfrac
97,16,addition,cleaned_up,30000,1.0,0.989727258682251,36.89755377517877,int,16,1.0,0.989727258682251,341,0.4,E7_trainfrac
97,16,addition,cleaned_up,30000,1.0,0.989727258682251,36.89755377517877,int,23,1.0,0.989727258682251,341,0.4,E7_trainfrac
97,17,addition,just_grokked,4250,1.0,0.916755199432373,32.75723970268594,int,2,0.0111613078042864,0.0113354586064815,341,0.4,E7_trainfrac
97,17,addition,just_grokked,4250,1.0,0.916755199432373,32.75723970268594,int,3,0.0605899542570114,0.0497697480022907,341,0.4,E7_trainfrac
97,17,addition,just_grokked,4250,1.0,0.916755199432373,32.75723970268594,int,4,0.5492957830429077,0.4690046012401581,341,0.4,E7_trainfrac
97,17,addition,just_grokked,4250,1.0,0.916755199432373,32.75723970268594,int,5,0.8873239755630493,0.7577045559883118,341,0.4,E7_trainfrac
97,17,addition,just_grokked,4250,1.0,0.916755199432373,32.75723970268594,int,6,0.9997342824935912,0.8859369158744812,341,0.4,E7_trainfrac
97,17,addition,just_grokked,4250,1.0,0.916755199432373,32.75723970268594,int,8,1.0,0.9165781140327454,341,0.4,E7_trainfrac
97,17,addition,just_grokked,4250,1.0,0.916755199432373,32.75723970268594,int,10,1.0,0.9169323444366456,341,0.4,E7_trainfrac
97,17,addition,just_grokked,4250,1.0,0.916755199432373,32.75723970268594,int,12,1.0,0.916755199432373,341,0.4,E7_trainfrac
97,17,addition,just_grokked,4250,1.0,0.916755199432373,32.75723970268594,int,16,1.0,0.916755199432373,341,0.4,E7_trainfrac
97,17,addition,just_grokked,4250,1.0,0.916755199432373,32.75723970268594,int,23,1.0,0.916755199432373,341,0.4,E7_trainfrac
97,17,addition,post_grok_500,4750,1.0,0.9702444076538086,29.892777133641857,int,2,0.0124900350347161,0.0129295075312256,341,0.4,E7_trainfrac
97,17,addition,post_grok_500,4750,1.0,0.9702444076538086,29.892777133641857,int,3,0.0571352653205394,0.0527807287871837,341,0.4,E7_trainfrac
97,17,addition,post_grok_500,4750,1.0,0.9702444076538086,29.892777133641857,int,4,0.68137127161026,0.6110520362854004,341,0.4,E7_trainfrac
97,17,addition,post_grok_500,4750,1.0,0.9702444076538086,29.892777133641857,int,5,0.9744884371757508,0.9194119572639464,341,0.4,E7_trainfrac
97,17,addition,post_grok_500,4750,1.0,0.9702444076538086,29.892777133641857,int,6,0.9992027878761292,0.9643995761871338,341,0.4,E7_trainfrac
97,17,addition,post_grok_500,4750,1.0,0.9702444076538086,29.892777133641857,int,8,1.0,0.9705986380577089,341,0.4,E7_trainfrac
97,17,addition,post_grok_500,4750,1.0,0.9702444076538086,29.892777133641857,int,10,1.0,0.970421552658081,341,0.4,E7_trainfrac
97,17,addition,post_grok_500,4750,1.0,0.9702444076538086,29.892777133641857,int,12,1.0,0.9702444076538086,341,0.4,E7_trainfrac
97,17,addition,post_grok_500,4750,1.0,0.9702444076538086,29.892777133641857,int,16,1.0,0.9702444076538086,341,0.4,E7_trainfrac
97,17,addition,post_grok_500,4750,1.0,0.9702444076538086,29.892777133641857,int,23,1.0,0.9702444076538086,341,0.4,E7_trainfrac
97,17,addition,post_grok_1500,5750,0.9978740215301514,0.9845908284187316,26.46314312527725,int,2,0.0111613078042864,0.0092100603505969,341,0.4,E7_trainfrac
97,17,addition,post_grok_1500,5750,0.9978740215301514,0.9845908284187316,26.46314312527725,int,3,0.1203826740384101,0.1262840926647186,341,0.4,E7_trainfrac
97,17,addition,post_grok_1500,5750,0.9978740215301514,0.9845908284187316,26.46314312527725,int,4,0.810523509979248,0.7665603756904602,341,0.4,E7_trainfrac
97,17,addition,post_grok_1500,5750,0.9978740215301514,0.9845908284187316,26.46314312527725,int,5,0.9798033237457277,0.9525327682495116,341,0.4,E7_trainfrac
97,17,addition,post_grok_1500,5750,0.9978740215301514,0.9845908284187316,26.46314312527725,int,6,0.9976083040237428,0.98034006357193,341,0.4,E7_trainfrac
97,17,addition,post_grok_1500,5750,0.9978740215301514,0.9845908284187316,26.46314312527725,int,8,0.9978740215301514,0.9847679734230042,341,0.4,E7_trainfrac
97,17,addition,post_grok_1500,5750,0.9978740215301514,0.9845908284187316,26.46314312527725,int,10,0.9978740215301514,0.9845908284187316,341,0.4,E7_trainfrac
97,17,addition,post_grok_1500,5750,0.9978740215301514,0.9845908284187316,26.46314312527725,int,12,0.9981397986412048,0.9847679734230042,341,0.4,E7_trainfrac
97,17,addition,post_grok_1500,5750,0.9978740215301514,0.9845908284187316,26.46314312527725,int,16,0.9978740215301514,0.9845908284187316,341,0.4,E7_trainfrac
97,17,addition,post_grok_1500,5750,0.9978740215301514,0.9845908284187316,26.46314312527725,int,23,0.9978740215301514,0.9845908284187316,341,0.4,E7_trainfrac
97,17,addition,post_grok_4000,8250,1.0,0.9953949451446532,29.929640397264045,int,2,0.0111613078042864,0.0097414096817374,341,0.4,E7_trainfrac
97,17,addition,post_grok_4000,8250,1.0,0.9953949451446532,29.929640397264045,int,3,0.0380015932023525,0.0433935523033142,341,0.4,E7_trainfrac
97,17,addition,post_grok_4000,8250,1.0,0.9953949451446532,29.929640397264045,int,4,0.3000265657901764,0.2908253669738769,341,0.4,E7_trainfrac
97,17,addition,post_grok_4000,8250,1.0,0.9953949451446532,29.929640397264045,int,5,0.9311719536781312,0.914275586605072,341,0.4,E7_trainfrac
97,17,addition,post_grok_4000,8250,1.0,0.9953949451446532,29.929640397264045,int,6,0.9992027878761292,0.992561101913452,341,0.4,E7_trainfrac
97,17,addition,post_grok_4000,8250,1.0,0.9953949451446532,29.929640397264045,int,8,1.0,0.9950407147407532,341,0.4,E7_trainfrac
97,17,addition,post_grok_4000,8250,1.0,0.9953949451446532,29.929640397264045,int,10,1.0,0.9957491755485536,341,0.4,E7_trainfrac
97,17,addition,post_grok_4000,8250,1.0,0.9953949451446532,29.929640397264045,int,12,1.0,0.9953949451446532,341,0.4,E7_trainfrac
97,17,addition,post_grok_4000,8250,1.0,0.9953949451446532,29.929640397264045,int,16,1.0,0.9953949451446532,341,0.4,E7_trainfrac
97,17,addition,post_grok_4000,8250,1.0,0.9953949451446532,29.929640397264045,int,23,1.0,0.9953949451446532,341,0.4,E7_trainfrac
97,17,addition,cleaned_up,30000,1.0,0.996811866760254,29.97003067271509,int,2,0.0095668351277709,0.0123981582000851,341,0.4,E7_trainfrac
97,17,addition,cleaned_up,30000,1.0,0.996811866760254,29.97003067271509,int,3,0.0395960658788681,0.0402054563164711,341,0.4,E7_trainfrac
97,17,addition,cleaned_up,30000,1.0,0.996811866760254,29.97003067271509,int,4,0.0908849313855171,0.0828905403614044,341,0.4,E7_trainfrac
97,17,addition,cleaned_up,30000,1.0,0.996811866760254,29.97003067271509,int,5,0.2660111486911773,0.2713425457477569,341,0.4,E7_trainfrac
97,17,addition,cleaned_up,30000,1.0,0.996811866760254,29.97003067271509,int,6,0.8634068369865417,0.8620262145996094,341,0.4,E7_trainfrac
97,17,addition,cleaned_up,30000,1.0,0.996811866760254,29.97003067271509,int,8,1.0,0.996811866760254,341,0.4,E7_trainfrac
97,17,addition,cleaned_up,30000,1.0,0.996811866760254,29.97003067271509,int,10,1.0,0.996811866760254,341,0.4,E7_trainfrac
97,17,addition,cleaned_up,30000,1.0,0.996811866760254,29.97003067271509,int,12,1.0,0.996811866760254,341,0.4,E7_trainfrac
97,17,addition,cleaned_up,30000,1.0,0.996811866760254,29.97003067271509,int,16,1.0,0.996811866760254,341,0.4,E7_trainfrac
97,17,addition,cleaned_up,30000,1.0,0.996811866760254,29.97003067271509,int,23,1.0,0.996811866760254,341,0.4,E7_trainfrac
97,18,addition,just_grokked,1400,1.0,0.9078993797302246,31.3306571450826,int,2,0.0154132340103387,0.0141693232581019,341,0.4,E7_trainfrac
97,18,addition,just_grokked,1400,1.0,0.9078993797302246,31.3306571450826,int,3,0.2455487698316574,0.2123627364635467,341,0.4,E7_trainfrac
97,18,addition,just_grokked,1400,1.0,0.9078993797302246,31.3306571450826,int,4,0.6625033020973206,0.5722635388374329,341,0.4,E7_trainfrac
97,18,addition,just_grokked,1400,1.0,0.9078993797302246,31.3306571450826,int,5,0.9136327505111694,0.7773644924163818,341,0.4,E7_trainfrac
97,18,addition,just_grokked,1400,1.0,0.9078993797302246,31.3306571450826,int,6,0.9976083040237428,0.8869996070861816,341,0.4,E7_trainfrac
97,18,addition,just_grokked,1400,1.0,0.9078993797302246,31.3306571450826,int,8,1.0,0.9071909189224244,341,0.4,E7_trainfrac
97,18,addition,just_grokked,1400,1.0,0.9078993797302246,31.3306571450826,int,10,1.0,0.9070138335227966,341,0.4,E7_trainfrac
97,18,addition,just_grokked,1400,1.0,0.9078993797302246,31.3306571450826,int,12,1.0,0.9075451493263244,341,0.4,E7_trainfrac
97,18,addition,just_grokked,1400,1.0,0.9078993797302246,31.3306571450826,int,16,1.0,0.9078993797302246,341,0.4,E7_trainfrac
97,18,addition,just_grokked,1400,1.0,0.9078993797302246,31.3306571450826,int,23,1.0,0.9078993797302246,341,0.4,E7_trainfrac
97,18,addition,post_grok_500,1900,1.0,1.0,30.51383436020929,int,2,0.0162104703485965,0.013815090060234,341,0.4,E7_trainfrac
97,18,addition,post_grok_500,1900,1.0,1.0,30.51383436020929,int,3,0.306670218706131,0.3147360980510711,341,0.4,E7_trainfrac
97,18,addition,post_grok_500,1900,1.0,1.0,30.51383436020929,int,4,0.685888946056366,0.6702089905738831,341,0.4,E7_trainfrac
97,18,addition,post_grok_500,1900,1.0,1.0,30.51383436020929,int,5,0.9806005954742432,0.969713032245636,341,0.4,E7_trainfrac
97,18,addition,post_grok_500,1900,1.0,1.0,30.51383436020929,int,6,1.0,0.9996457695961,341,0.4,E7_trainfrac
97,18,addition,post_grok_500,1900,1.0,1.0,30.51383436020929,int,8,1.0,1.0,341,0.4,E7_trainfrac
97,18,addition,post_grok_500,1900,1.0,1.0,30.51383436020929,int,10,1.0,1.0,341,0.4,E7_trainfrac
97,18,addition,post_grok_500,1900,1.0,1.0,30.51383436020929,int,12,1.0,1.0,341,0.4,E7_trainfrac
97,18,addition,post_grok_500,1900,1.0,1.0,30.51383436020929,int,16,1.0,1.0,341,0.4,E7_trainfrac
97,18,addition,post_grok_500,1900,1.0,1.0,30.51383436020929,int,23,1.0,1.0,341,0.4,E7_trainfrac
97,18,addition,post_grok_1500,2900,1.0,1.0,28.79838018266257,int,2,0.0151474885642528,0.0162947215139865,341,0.4,E7_trainfrac
97,18,addition,post_grok_1500,2900,1.0,1.0,28.79838018266257,int,3,0.3385596573352813,0.3434289693832397,341,0.4,E7_trainfrac
97,18,addition,post_grok_1500,2900,1.0,1.0,28.79838018266257,int,4,0.8774913549423218,0.8696421980857849,341,0.4,E7_trainfrac
97,18,addition,post_grok_1500,2900,1.0,1.0,28.79838018266257,int,5,0.9989370107650756,0.9969890117645264,341,0.4,E7_trainfrac
97,18,addition,post_grok_1500,2900,1.0,1.0,28.79838018266257,int,6,1.0,1.0,341,0.4,E7_trainfrac
97,18,addition,post_grok_1500,2900,1.0,1.0,28.79838018266257,int,8,1.0,1.0,341,0.4,E7_trainfrac
97,18,addition,post_grok_1500,2900,1.0,1.0,28.79838018266257,int,10,1.0,1.0,341,0.4,E7_trainfrac
97,18,addition,post_grok_1500,2900,1.0,1.0,28.79838018266257,int,12,1.0,1.0,341,0.4,E7_trainfrac
97,18,addition,post_grok_1500,2900,1.0,1.0,28.79838018266257,int,16,1.0,1.0,341,0.4,E7_trainfrac
97,18,addition,post_grok_1500,2900,1.0,1.0,28.79838018266257,int,23,1.0,1.0,341,0.4,E7_trainfrac
97,18,addition,post_grok_4000,5400,1.0,1.0,37.940162431721625,int,2,0.0124900350347161,0.0129295075312256,341,0.4,E7_trainfrac
97,18,addition,post_grok_4000,5400,1.0,1.0,37.940162431721625,int,3,0.2179112434387207,0.213071197271347,341,0.4,E7_trainfrac
97,18,addition,post_grok_4000,5400,1.0,1.0,37.940162431721625,int,4,0.5992559194564819,0.602196216583252,341,0.4,E7_trainfrac
97,18,addition,post_grok_4000,5400,1.0,1.0,37.940162431721625,int,5,0.9981397986412048,0.9964576363563538,341,0.4,E7_trainfrac
97,18,addition,post_grok_4000,5400,1.0,1.0,37.940162431721625,int,6,1.0,1.0,341,0.4,E7_trainfrac
97,18,addition,post_grok_4000,5400,1.0,1.0,37.940162431721625,int,8,1.0,1.0,341,0.4,E7_trainfrac
97,18,addition,post_grok_4000,5400,1.0,1.0,37.940162431721625,int,10,1.0,1.0,341,0.4,E7_trainfrac
97,18,addition,post_grok_4000,5400,1.0,1.0,37.940162431721625,int,12,1.0,1.0,341,0.4,E7_trainfrac
97,18,addition,post_grok_4000,5400,1.0,1.0,37.940162431721625,int,16,1.0,1.0,341,0.4,E7_trainfrac
97,18,addition,post_grok_4000,5400,1.0,1.0,37.940162431721625,int,23,1.0,1.0,341,0.4,E7_trainfrac
97,18,addition,cleaned_up,30000,1.0,1.0,44.281005414504,int,2,0.0100983260199427,0.0122210411354899,341,0.4,E7_trainfrac
97,18,addition,cleaned_up,30000,1.0,1.0,44.281005414504,int,3,0.0411905385553836,0.0426850877702236,341,0.4,E7_trainfrac
97,18,addition,cleaned_up,30000,1.0,1.0,44.281005414504,int,4,0.1155992597341537,0.1165426820516586,341,0.4,E7_trainfrac
97,18,addition,cleaned_up,30000,1.0,1.0,44.281005414504,int,5,0.685888946056366,0.6712716817855835,341,0.4,E7_trainfrac
97,18,addition,cleaned_up,30000,1.0,1.0,44.281005414504,int,6,0.8434759378433228,0.8409493565559387,341,0.4,E7_trainfrac
97,18,addition,cleaned_up,30000,1.0,1.0,44.281005414504,int,8,1.0,1.0,341,0.4,E7_trainfrac
97,18,addition,cleaned_up,30000,1.0,1.0,44.281005414504,int,10,1.0,1.0,341,0.4,E7_trainfrac
97,18,addition,cleaned_up,30000,1.0,1.0,44.281005414504,int,12,1.0,1.0,341,0.4,E7_trainfrac
97,18,addition,cleaned_up,30000,1.0,1.0,44.281005414504,int,16,1.0,1.0,341,0.4,E7_trainfrac
97,18,addition,cleaned_up,30000,1.0,1.0,44.281005414504,int,23,1.0,1.0,341,0.4,E7_trainfrac
97,19,addition,just_grokked,1600,1.0,0.9015231728553772,30.68916214133897,int,2,0.0188679248094558,0.0109812254086136,341,0.4,E7_trainfrac
97,19,addition,just_grokked,1600,1.0,0.9015231728553772,30.68916214133897,int,3,0.7802285552024841,0.632483184337616,341,0.4,E7_trainfrac
97,19,addition,just_grokked,1600,1.0,0.9015231728553772,30.68916214133897,int,4,0.9944193363189696,0.8685795068740845,341,0.4,E7_trainfrac
97,19,addition,just_grokked,1600,1.0,0.9015231728553772,30.68916214133897,int,5,1.0,0.9004604816436768,341,0.4,E7_trainfrac
97,19,addition,just_grokked,1600,1.0,0.9015231728553772,30.68916214133897,int,6,1.0,0.901168942451477,341,0.4,E7_trainfrac
97,19,addition,just_grokked,1600,1.0,0.9015231728553772,30.68916214133897,int,8,1.0,0.9031172394752502,341,0.4,E7_trainfrac
97,19,addition,just_grokked,1600,1.0,0.9015231728553772,30.68916214133897,int,10,1.0,0.9017003178596495,341,0.4,E7_trainfrac
97,19,addition,just_grokked,1600,1.0,0.9015231728553772,30.68916214133897,int,12,1.0,0.9013460874557496,341,0.4,E7_trainfrac
97,19,addition,just_grokked,1600,1.0,0.9015231728553772,30.68916214133897,int,16,1.0,0.9015231728553772,341,0.4,E7_trainfrac
97,19,addition,just_grokked,1600,1.0,0.9015231728553772,30.68916214133897,int,23,1.0,0.9015231728553772,341,0.4,E7_trainfrac
97,19,addition,post_grok_500,2100,1.0,0.9601487517356871,31.84066931635073,int,2,0.0132872704416513,0.0111583424732089,341,0.4,E7_trainfrac
97,19,addition,post_grok_500,2100,1.0,0.9601487517356871,31.84066931635073,int,3,0.5519532561302185,0.5037194490432739,341,0.4,E7_trainfrac
97,19,addition,post_grok_500,2100,1.0,0.9601487517356871,31.84066931635073,int,4,0.9792718887329102,0.9160467386245728,341,0.4,E7_trainfrac
97,19,addition,post_grok_500,2100,1.0,0.9601487517356871,31.84066931635073,int,5,0.9994685053825378,0.9566064476966858,341,0.4,E7_trainfrac
97,19,addition,post_grok_500,2100,1.0,0.9601487517356871,31.84066931635073,int,6,1.0,0.9605029821395874,341,0.4,E7_trainfrac
97,19,addition,post_grok_500,2100,1.0,0.9601487517356871,31.84066931635073,int,8,1.0,0.9597945213317872,341,0.4,E7_trainfrac
97,19,addition,post_grok_500,2100,1.0,0.9601487517356871,31.84066931635073,int,10,1.0,0.9601487517356871,341,0.4,E7_trainfrac
97,19,addition,post_grok_500,2100,1.0,0.9601487517356871,31.84066931635073,int,12,1.0,0.9601487517356871,341,0.4,E7_trainfrac
97,19,addition,post_grok_500,2100,1.0,0.9601487517356871,31.84066931635073,int,16,1.0,0.9601487517356871,341,0.4,E7_trainfrac
97,19,addition,post_grok_500,2100,1.0,0.9601487517356871,31.84066931635073,int,23,1.0,0.9601487517356871,341,0.4,E7_trainfrac
97,19,addition,post_grok_1500,3100,1.0,0.9902585744857788,30.59553543663401,int,2,0.0095668351277709,0.0139922071248292,341,0.4,E7_trainfrac
97,19,addition,post_grok_1500,3100,1.0,0.9902585744857788,30.59553543663401,int,3,0.3956949114799499,0.3680481612682342,341,0.4,E7_trainfrac
97,19,addition,post_grok_1500,3100,1.0,0.9902585744857788,30.59553543663401,int,4,0.921605110168457,0.8937300443649292,341,0.4,E7_trainfrac
97,19,addition,post_grok_1500,3100,1.0,0.9902585744857788,30.59553543663401,int,5,0.9973425269126892,0.9810485243797302,341,0.4,E7_trainfrac
97,19,addition,post_grok_1500,3100,1.0,0.9902585744857788,30.59553543663401,int,6,1.0,0.9886645078659058,341,0.4,E7_trainfrac
97,19,addition,post_grok_1500,3100,1.0,0.9902585744857788,30.59553543663401,int,8,1.0,0.9902585744857788,341,0.4,E7_trainfrac
97,19,addition,post_grok_1500,3100,1.0,0.9902585744857788,30.59553543663401,int,10,1.0,0.9902585744857788,341,0.4,E7_trainfrac
97,19,addition,post_grok_1500,3100,1.0,0.9902585744857788,30.59553543663401,int,12,1.0,0.9904357194900512,341,0.4,E7_trainfrac
97,19,addition,post_grok_1500,3100,1.0,0.9902585744857788,30.59553543663401,int,16,1.0,0.9902585744857788,341,0.4,E7_trainfrac
97,19,addition,post_grok_1500,3100,1.0,0.9902585744857788,30.59553543663401,int,23,1.0,0.9902585744857788,341,0.4,E7_trainfrac
97,19,addition,post_grok_4000,5600,1.0,0.991852641105652,28.37979575100133,int,2,0.0108955623582005,0.0131066236644983,341,0.4,E7_trainfrac
97,19,addition,post_grok_4000,5600,1.0,0.991852641105652,28.37979575100133,int,3,0.0465054474771022,0.0384342893958091,341,0.4,E7_trainfrac
97,19,addition,post_grok_4000,5600,1.0,0.991852641105652,28.37979575100133,int,4,0.6388520002365112,0.6161884665489197,341,0.4,E7_trainfrac
97,19,addition,post_grok_4000,5600,1.0,0.991852641105652,28.37979575100133,int,5,0.9992027878761292,0.9902585744857788,341,0.4,E7_trainfrac
97,19,addition,post_grok_4000,5600,1.0,0.991852641105652,28.37979575100133,int,6,1.0,0.991852641105652,341,0.4,E7_trainfrac
97,19,addition,post_grok_4000,5600,1.0,0.991852641105652,28.37979575100133,int,8,1.0,0.991852641105652,341,0.4,E7_trainfrac
97,19,addition,post_grok_4000,5600,1.0,0.991852641105652,28.37979575100133,int,10,1.0,0.991852641105652,341,0.4,E7_trainfrac
97,19,addition,post_grok_4000,5600,1.0,0.991852641105652,28.37979575100133,int,12,1.0,0.991852641105652,341,0.4,E7_trainfrac
97,19,addition,post_grok_4000,5600,1.0,0.991852641105652,28.37979575100133,int,16,1.0,0.991852641105652,341,0.4,E7_trainfrac
97,19,addition,post_grok_4000,5600,1.0,0.991852641105652,28.37979575100133,int,23,1.0,0.991852641105652,341,0.4,E7_trainfrac
97,19,addition,cleaned_up,30000,1.0,0.9911441802978516,41.40842734028251,int,2,0.0079723624512553,0.00991852581501,341,0.4,E7_trainfrac
97,19,addition,cleaned_up,30000,1.0,0.9911441802978516,41.40842734028251,int,3,0.0026574542280286,0.0044279135763645,341,0.4,E7_trainfrac
97,19,addition,cleaned_up,30000,1.0,0.9911441802978516,41.40842734028251,int,4,0.2444857805967331,0.2369819283485412,341,0.4,E7_trainfrac
97,19,addition,cleaned_up,30000,1.0,0.9911441802978516,41.40842734028251,int,5,0.4996013939380646,0.5021253824234009,341,0.4,E7_trainfrac
97,19,addition,cleaned_up,30000,1.0,0.9911441802978516,41.40842734028251,int,6,0.9250597953796388,0.9043570756912231,341,0.4,E7_trainfrac
97,19,addition,cleaned_up,30000,1.0,0.9911441802978516,41.40842734028251,int,8,1.0,0.9911441802978516,341,0.4,E7_trainfrac
97,19,addition,cleaned_up,30000,1.0,0.9911441802978516,41.40842734028251,int,10,1.0,0.9907899498939514,341,0.4,E7_trainfrac
97,19,addition,cleaned_up,30000,1.0,0.9911441802978516,41.40842734028251,int,12,1.0,0.9907899498939514,341,0.4,E7_trainfrac
97,19,addition,cleaned_up,30000,1.0,0.9911441802978516,41.40842734028251,int,16,1.0,0.9911441802978516,341,0.4,E7_trainfrac
97,19,addition,cleaned_up,30000,1.0,0.9911441802978516,41.40842734028251,int,23,1.0,0.9911441802978516,341,0.4,E7_trainfrac
